tree_group,mag
1,FXJSW2.98
1,FQHXN94.78
1,FSHXWN13hun.75
1,FNXYCHL52.57
1,FXJWS22.88
1,FSHXBX156.70
1,FHuNHHMY77.80
1,FSHXBX159.1
1,FHNFQ43.58
1,FXJKS21.60
1,FHNFQ54.72
1,FJXSRPYG1.65
1,FSHXXA18.16
1,FSDQZ30.142
1,FBJ3.72
1,FGSYC8.57
1,FFJLY25.54
1,FGSYC75.5
1,FTJBH65.15
1,FSXLVLS2.39
2,FJXSRPY25.1
2,FXJWS4.26
1,FZJTZ33.74
1,FHNFQ56.98
1,FHNXY10.30
1,FHuBWH2.10
2,FHLJZD31.63
NA,FeceGuXi150111.35
2,FSHCM47.96
1,FNMHLBE32.70
2,FSDQZ8.9
1,FXJSW3.39
1,FAHBZ22_FDME220050702-1a.30
1,FCQHC8.55
2,FYNDL27hun.23
2,FJLHD25.42
1,FSDLZ09.22
1,FGSYC24.5
1,FSCDJY19.37
2,FJLHD10.47
2,L1EFC230238_FHLJZD22_S83_L001.33
1,FXJSW39.55
1,L1EFC230239_FHLJZD23_S84_L001.69
1,FNMHHHHT23.27
1,FGSYC33.75
1,FHNFQ59.64
NA,FHuNHHMY26.2
1,FXJKS16.8
1,L1EFC230264_FXJCJ23_S148_L002.125
1,FHBSJZ24.48
2,FSCDJY78.59
2,FSDLZ22.59
1,L1EFC230252_FXJCJ02_S137_L002.20
1,FGSYC85.54
1,L1EFC230363_FSHXBX41_S321_L004.33
1,FXJSW6.26
1,FZJJHD1.81
1,FSHXBX27.13
1,FSDLZ21.125
2,FJNDD17_FDME220051234-1a.13
1,FHNFQ25.30
1,FHLJYC34.87
1,FZJTZ12.55
1,FHBSJZ32.12
1,FNXYCHL35.97
1,FSXLL9.43
1,FXJKS40.115
2,FSCDJY92.90
2,FJLHD9.4
1,FSDQZ40.100
1,FGSYC3.46
1,FSCPS10.12
1,FCQJJ1.63
1,L1EFC230309_FXJWS39_S235_L003.29
1,FJLHD33.93
1,FHLJZD19.56
1,FXJKS19.129
2,FNXYCHL46.84
1,FXJKS50.103
1,L1EFC230246_FHLJZD42_S89_L001.76
1,FGDLZ74.9
1,FSXLL8.45
1,FXJSW42.27
1,FAHBZ24.39
1,FSHCM84.31
1,FSHXBX76.80
2,FJLHD7.97
NA,FHLJZD52.16
2,FHLJZD11.35
1,FXJKS39.104
1,FSHXXA27.79
1,FXJSW23.12
1,FGSYC87.41
1,FHNFQ26.61
1,L1EFC230367_FSHXBX51_S325_L004.75
1,FHLJZD27.48
NA,FJSWX72.20
1,FGSZY12.85
2,FJSNT62.33
1,FXJKS51.106
2,FSHXBX145.37
2,FJNDD16_FDME220051233-1a.104
1,FAHBZ25_FDME220050705-1a.70
1,FTJBH72.48
1,FSDLZ19.2
2,FCQNA16.46
1,FSHCM99.114
1,FQHXN10.95
1,FZJTZ40.26
2,SDHZD13.85
1,FGSYC25.55
1,FHuNHHMY69.15
2,FAHBZ61_FDME220050736-1a.31
2,FGZ29M_FDME220052027-1a.24
2,FXJYN11.106
2,FJLHD28.19
1,FSXLVLS1.60
2,FJLHD34.34
2,FYNLJ61.36
1,L1EFC230291_FXJWS11_S174_L002.1
1,FGSZY21.78
1,FXJKS24.116
2,FHLJZD41.134
1,FXJSW10.64
1,FGSZY2.20
NA,FHuNHHMY16.128
1,FHBSJZ54_FDME220052245-1a.73
2,FHLJZD15.49
1,FAHBZ20_FDME220050700-1a.29
2,FSHCM59.1
1,FeceHeNa17.31
1,FCQTY144_FDME220051184-1a.10
1,FSHXBX122.41
2,FJLHD21.92
2,FYNLJ70.109
1,FJLHD14.31
1,FGSYC70.52
1,FSDJN59.36
2,FXJWS10.70
1,FGSYC38.23
1,FXJKS45.49
1,FGSYC92.23
1,FSXTY44.41
1,FHNXY53.90
1,FHuNHHMY58.73
1,FXJKS15.77
2,FGSYC78.29
1,FXJSW7.114
1,FHuNHHMY3.108
2,FGDLZ31.8
1,FHNFQ32.112
1,FJNDD11_FDME220051228-1a.10
2,FHBSJZ43_FDME220052234-1a.50
1,FHLJZD18.25
2,FHLJZD53.52
1,FXJSW16.14
1,FHLJZD24.52
1,FGXGL61_FDME220052116-1a.3
1,FAHBZ59_FDME220050734-1a.52
2,FGXGL90_FDME220052145-1a.48
1,FSDJN56.13
2,FYNLJ20hun.75
1,FQHXN11.74
1,FSDLZ47.63
1,FSXLVWS4.44
1,FHuNHHMY59.12
1,FSHXXA38.29
1,FGZ25M_FDME220052017-1a.13
1,FSDLZ30.97
1,FSHXWN11hun.48
1,FGSYC80.46
1,FHLJZD3.44
1,FSHXBX173.27
1,FHNXY12.15
1,FQHXN33.121
2,FZJHZ9.5
1,FJSNT55.18
1,FSHXHZ14.78
1,L1EFC230280_FXJCJ46_S164_L002.30
1,FZJTZ20.32
1,FXJSW1.40
1,FSDLZ04.26
1,FSDJN1.40
1,FSDQZ29.11
2,FSHXXA49hun.68
2,FHBSJZ49_FDME220052240-1a.81
2,FHLJZD17.38
NA,FHuNHHMY10.31
1,FQHXN4.99
1,L1EFC230269_FXJCJ28_S153_L002.41
2,FHBSJZ6.25
2,FGXGL50_FDME220052105-1a.81
2,L1EFC230249_FHLJZD48_S134_L002.22
1,FNXYCHL72.70
1,FJXSRPYG28.31
2,FSDLZ37.23
1,FGSYC55.82
1,FXJSW11.3
1,FSDLZ05.107
1,FNMHHHHT37.66
1,FXJWS17.40
1,FSHXBX67.31
2,FYNDL6.17
1,FSCCD4.46
1,FHLJZD50.31
1,FHNXY36.99
2,FeceHeNa26.2
2,FJSNT18.185
2,FNXYCHL4hun.80
2,L1EFC230244_FHLJZD35_S87_L001.20
2,FYNDL18hun.15
