tree_group,mag
1,FGZ12M_FDME220051990-1a.41
1,FHBSJZ33.55
2,FSCPS50.52
2,FSXTY21.56
2,FSCCD3.36
1,FFJLY15_FDME220051249-1a.72
1,FSHCM37.1
1,FSHCM90.155
1,FXJYN34.61
1,L1EFC230328_FTJS0025_S254_L003.17
1,FSHCM12_FDME220054529-1a.56
1,FHLJYC22.52
2,FGXGL49.87
1,FSHXHZ10.86
1,FJSWX77.79
1,FSDJN23.36
2,FHLJZD16.85
2,FYNLJ26.14
1,FGD17M_FDME220052001-1a.98
2,FHLJZD28.98
2,FCQTY084_FDME220051155-1a.15
1,FSXTY28.13
1,FCQTY026_FDME220051122-1a.4
1,FYNDL18hun.36
1,FHLJYC36_FDME220052685-1a.100
1,FGXGL50_FDME220052105-1a.20
1,FCQTY009.34
1,FGZ3M_FDME220051970-1a.87
1,FJXSRPY12.110
2,FJLHD52.104
1,FGDLZ41_FDME220051924-1a.5
1,FSHXBX173.35
1,FHLJYC30.98
1,FSDLZ05.40
1,FNMHHHHT18.84
1,FHBSJZ19.40
2,L1EFC230338_FJXFC11_S264_L003.69
1,FHLJYC12.68
2,FJXSRPY45.51
2,FGDLZ82_FDME220051960-1a.13
1,FSHXBX108.81
2,FTJBH64.45
1,FHLJYC1.43
2,FSDLZ33.86
2,FGXGL29_FDME220052084-1a.71
1,FHuBWH33.41
1,FGDLZ62.90
1,FHBSJZ16.1
2,FHLJYC14.105
2,FJSWX91.32
1,FHBSJZ49_FDME220052240-1a.47
1,FCQTY156_FDME220051192-1a.12
2,FSCDJY94.76
2,FSHXWN22.25
2,FGXGL16_FDME220052071-1a.76
1,FeceHeNa21.12
2,FeceHuNa150134_FDME220052277-1a.6
1,FHuNHHMY3.78
2,FJLHD38.108
1,FSCPS92.70
1,FCQNA4.69
1,FXJWS7.38
2,FGXGL18_FDME220052073-1a.46
1,FTJBH72.72
1,FFJLY40_FDME220051269-1a.37
1,FNMHHHHT44.57
1,L1EFC230330_FTJS0027_S256_L003.41
1,FTJBH49.39
2,FQHXN27.18
2,FJNDD4_FDME220051221-1a.73
2,FZJTZ2.45
2,FQHXN6.62
1,FJLHD17.10
1,FSHCM8.41
2,FHNXY36.51
2,FGSZY43.45
1,FHLJYC3.52
1,FZJTZ38.9
1,FGZ7M.49
2,FFJLY38_FDME220051267-1a.73
1,FSHXWN30.45
2,FJLHD3.40
1,FCQTY109_FDME220051179-1a.19
1,L1EFC230305_FXJWS34_S231_L003.110
1,FeceHuBe150117_FDME220052839-1a.37
1,FNXYCHL25.67
2,FHNXY12.27
1,FGZ27M_FDME220052023-1a.24
1,FGXGL86_FDME220052141-1a.40
1,FGXGL13_FDME220052068-1a.66
1,FGXGL90_FDME220052145-1a.5
1,FZJTZ60.4
1,FHLJYC35_FDME220052684-1a.47
1,FFJLY20_FDME220051251-1a.45
1,FJNDD12_FDME220051229-1a.118
1,FJLHD21.18
2,FQHXN63hun.83
1,FBJ38.54
2,FJLHD45.96
1,FSDJN16.43
1,FHuBWH30.11
2,FHLJYC33_FDME220052682-1a.33
1,FHLJYC15.17
1,FJLHD20.14
1,FXJSW40.60
1,FHuNHHMY7.91
2,FGDLZ50_FDME220051930-1a.77
1,FHLJZD21.104
2,FJNDD2_FDME220051219-1a.54
1,FGXGL51_FDME220052106-1a.28
2,FSXTY20.80
1,FZJTZ61.56
1,FHuNHHMY9.5
1,FSXTY8hun.35
2,FXJSW8.4
2,FSHXWN20.43
2,FSXTY48hun.87
2,FHLJYC39_FDME220052688-1a.37
1,FHLJYC19.22
1,FSXTY29hun.51
1,FGZ2M.24
2,FHuNHHMY24.16
1,FGXGL45_FDME220052100-1a.21
1,FSCPS95.47
1,FNXYCHL53.158
2,FFJLY75.27
2,FSHXBX175.72
1,FNMHHHHT16.61
1,FSDJN9.81
2,FCQTY031_FDME220051125-1a.118
1,FFJLY3_FDME220051240-1a.90
1,FFJLY60.52
1,FSHCM99.43
2,FSXTY39.110
