tree_group,mag
1,FGXGL63_FDME220052118-1a.124
2,FGSZY16.65
1,FSHXBX12.109
1,FSCDJY69.20
1,FZJHZD6.33
1,FeceHeNa5.31
1,FZJHZD9hun.72
1,FGXGL23_FDME220052078-1a.11
1,FTJBH78.69
1,FSDQZ29.19
1,FHNXY1.66
1,FNXYCHL44.112
1,FNXYCHL56.189
2,FSHXBX139.42
1,FNXYCHL65.54
2,FHNXY38.21
1,FGSZY48.32
1,FHuNHHMY67.5
1,FSCPS95.21
1,FCQNA15.77
1,FHuNHHMY58.36
1,FCQTY145_FDME220051185-1a.111
1,FGDLZ85.14
1,FNXYCHL55.61
2,FHNXY34.5
2,FHNXY60.59
1,FHNFQ23.64
1,FCQTY147_FDME220051186-1a.59
1,L1EFC230372_FSHXBX62_S330_L004.66
1,FSDQZ21.158
1,FZJTZ36.89
1,FXJYN29.136
1,FJLHD7.41
2,FJLHD44.28
1,FHNXY48.111
1,FSCPS35.135
1,FGZ15M_FDME220051995-1a.54
2,FGSYC90.12
1,FAHBZ59_FDME220050734-1a.144
1,FZJJH11.82
1,FXJYN19.15
1,FNXYCHL46.70
