tree_group,mag
1,FHNFQ53.29
1,FSDLZ22.38
1,FHNFQ41.98
1,FXJSW48.78
1,FSDLZ20.42
1,FYNLJ56.82
1,FGSYC72.83
1,FHBSJZ54_FDME220052245-1a.36
1,FJXSRPY22.88
1,FSHHK47_FDME220054514-1a.64
1,FZJTZ48.14
1,SDHZD3.105
2,FSXLVLS9.27
2,FSDLZ25.4
2,FSHXBX57.36
2,FZJTZ55.88
1,FHNFQ43.44
1,FAHWH20_FDME220050742-1a.30
1,FJSWX96.85
1,FZJTZ8.113
1,FGD16I1_FDME220051999-1a.2
1,FGSYC62.54
2,FNMHLBE20.67
2,FSDJN15.41
1,FHLJZD28.33
1,FNMHHHHT45.35
1,FSXLVLS14.27
1,FQHXN72hun.18
1,FXJKS48.81
2,FAHBZ45_FDME220050722-1a.9
2,FTJBH93.89
1,FXJKS25.107
NA,FBJ13.90
1,FSHXBX170hun.31
2,FHNFQ21.110
1,FGXGL10_FDME220052065-1a.9
1,FAHBZ53.23
2,FZJTZ23.108
2,FNXYCHL33.100
2,FNMHHHHT31.83
1,FTJBH78.80
1,FGSZY11.108
2,FHNFQ39.99
2,FQHXN102.94
1,SDHZD17.1
1,FSDJN45.56
1,FTJBH73.17
2,FSHXBX175.71
1,FHBSJZ29.78
1,FXJSW14.33
1,FBJ22.78
1,FXJYN21.33
1,FGSZY54.8
1,FXJSW6.38
1,FSHXBX128.86
1,FSXLVLS2.63
1,FNMHLBE22.55
1,FGSZY57_FDME220051907-1a.55
1,FHNXY7.28
1,FGSYC33.17
1,FXJSW5hun.44
1,FXJYN31.48
1,FNXYCHL48.96
1,FXJWS43.37
1,FSHXWN12.4
1,FQHXN39.37
2,FSDQZ37.35
2,FGSZY39.27
2,FNMHHHHT10.12
1,FHLJYC32.99
2,FSHXWN6.87
1,FXJCJ29.77
2,FZJHZD22.58
1,FGSYC77.41
2,FGSZY28.24
1,FNMHLBE11hun.38
1,FNMHLBE2.52
1,FSDJN62.48
1,FXJCJ48.26
2,L1EFC230304_FXJWS33_S230_L003.80
1,FSHXBX121.108
1,FSDJN1.47
1,FGSZY32.60
1,FNMHLBE13.59
1,FXJYN36.22
1,FSHXWN27.53
2,FGSYC38.66
1,FGSZY50.31
2,FSXLVLS21.95
1,FSDLZ19.94
2,FNMHLBE23.97
2,FXJSW18.9
1,FNMHHHHT16.3
2,FSXLVWS2hun.84
2,FGSYC48.75
1,FZJHZD6.41
1,FSHCM22_FDME220054537-1a.14
1,FSCPS45.10
1,FSDLZ57.24
1,FSHHK12hun.6
1,FHNXY56.25
1,FHLJYC30.106
1,FGSYC8.40
1,FXJKS5.43
1,FSDLZ06.35
2,FSHXBX45.76
2,FNMHHHHT32.73
1,FHNFQ36.11
1,FAHBZ18_FDME220050698-1a.80
1,L1EFC230366_FSHXBX48_S324_L004.72
1,FXJYN10hun.62
1,FSHXXA42hun.18
1,FGSYC87.29
1,FHNFQ26.30
1,FGSYC90.88
1,FSHXBX9.83
2,FQHXN23.48
1,M1DZ05.26
1,FYNLJ69.23
1,FGZ5M.12
1,FSHXBX159.63
1,FSHXBX53.100
1,FHLJZD2.17
2,FHLJZD43.25
1,FXJKS39.75
1,FQHXN70hun.34
1,FHNXY53.51
2,L1EFC230247_FHLJZD44_S90_L001.50
1,L1EFC230349_FJXFC31_S307_L004.73
1,FSHHK27hun.71
2,FXJSW13.47
2,FGSYC86.16
1,FAHWH31.3
2,FSDJN51.90
2,FNMHLBE8.41
2,FSHXBX176.84
2,FHNXY50.51
1,FXJWS22.113
2,FXJKS24.12
2,FNXYCHL16.30
1,FNMHLBE18.131
2,FXJKS37.152
2,FSDLZ30.71
2,FXJKS46.2
2,FAHWH40_FDME220050757-1a.9
1,FSHXBX22.88
1,FSDLZ09.48
1,FHNFQ47.59
1,FSHHK28_FDME220054497-1a.50
1,FGXGL100.41
1,FSDJN11.31
1,FGSZY48.152
1,FSHXBX122.53
1,FHBSJZ57_FDME220052248-1a.115
2,FXJKS13.48
1,FGXGL12_FDME220052067-1a.60
1,FQHXN113.33
1,FSDLZ36.60
1,FSDLZ35.50
1,FGSYC59.71
1,FSDJN12.113
2,FZJTZ62.77
1,FAHWH44_FDME220050761-1a.3
1,FSHXBX67.39
1,FGXGL2_FDME220052057-1a.7
1,FSHXWN17.79
1,FSDJN42.33
1,FSHXBX155.98
1,FBJ60.52
2,FNXYCHL41.20
2,FSHXBX167.71
2,L1EFC230273_FXJCJ38_S157_L002.4
2,FTJS020.61
2,FNXYCHL25.69
2,FXJSW23.22
2,FAHBZ59_FDME220050734-1a.7
1,FSDQZ19.29
2,FXJSW9.77
1,L1EFC230286_FXJCJ60_S169_L002.81
1,FSHXBX106.82
1,FGSZY52.48
2,FSHXBX100hun.52
2,FSHXBX98.119
2,FAHBZ5_FDME220050687-1a.95
2,L1EFC230389_FSHXXA21_S347_L004.78
1,FHBSJZ42_FDME220052233-1a.10
1,SDHZ24.171
1,FGSZY13.53
1,L1EFC230368_FSHXBX52_S326_L004.52
2,FHLJYC10.34
1,SDHZD11.65
1,FHBSJZ25.52
1,FSXTY30.3
1,FXJWS41.44
1,FNMHLBE19.73
1,FGSZY15.53
1,FSCDJY69.143
1,FXJSW16.40
2,FGSYC55.76
1,FHBSJZ46_FDME220052237-1a.16
1,FSDQZ1.39
1,FSHXWN11hun.72
1,FXJSW10.29
1,FSXLVLS13.106
1,FXJSW17.159
1,FSHXWN20.1
1,FGSYC58.44
2,FSDJN57.15
1,FeceHuNa150136.80
1,FZJHZD30.102
2,FHNFQ56.83
1,FHNFQ27.10
1,FGSZY9.73
1,FGSZY41.46
1,FSDLZ53.30
1,FXJWS4.155
1,FSXTY42.5
2,FSXTY35.31
2,FSHHK33hun.91
1,FSHXBX38.8
1,FSDJN23.11
1,FSXTY33hun.85
2,FNMHLBE12.79
2,FXJCJ31.103
1,SHMX4_FDME220054478-1a.2
1,FCQNA11.103
2,FGSZY21.74
1,FHNXY51.49
2,LNSY4.25
1,FGSYC44.34
1,FSCPS92.91
1,FXJYN11.44
2,FNXYCHL37.93
1,FSHXXA24.52
1,L1EFC230274_FXJCJ39_S158_L002.3
1,FQHXN105.74
2,FBJ67.32
2,FBJ53.141
1,FAHWH40_FDME220050757-1a.27
2,L1EFC230324_FTJS0010_S250_L003.53
1,FXJKS11.29
1,SDHZD16.26
1,FCQTY165_FDME220051196-1a.63
1,FSCPS39.51
1,FSDLZ34.15
1,FXJYN39.6
1,FXJKS38.29
1,FHBSJZ55.25
2,FXJSW19.44
1,FHNFQ48.90
1,FXJKS14.15
1,FGSZY56.23
1,M1C7.136
1,FSHXBX153.6
1,FSDQZ9.26
1,FTJBH47.62
1,FeceHuNa150142_FDME220052285-1a.109
1,FSDJN3.27
1,FHNFQ33.89
1,FSXLVLS15.60
1,L1EFC230326_FTJS0013_S252_L003.51
1,FSXLVLS25.6
1,FTJBH57.52
1,FGSZY8.8
1,FHNXY32.43
1,FNMHHHHT13.32
1,FSXTY58hun.10
1,FGSZY42.9
1,FXJKS41.42
1,SDHZD4.90
2,FSHXBX27.69
1,FZJTZ52.63
1,FGSYC25.4
2,FSDQZ22.93
2,FSHXBX23.56
2,FNMHLBE15.109
1,FXJYN5.98
1,FZJTZ11.63
2,FSDQZ31.21
1,FQHXN55.65
1,FSHHK5hun.70
1,FeceHuNa15017.34
2,FJLHD52.77
1,FGSYC83.7
2,FXJCJ43.69
1,FTJBH2.112
1,FCQNA16.7
1,FTJBH38hun.11
1,FJSWX80.51
1,FNMHHHHT22.57
1,L1EFC230381_FSHXXA05_S339_L004.12
1,FGSZY10.15
1,FNMHLBE14.77
1,FeceHuNa150111_FDME220052262-1a.47
1,FSDQZ21.213
1,FNMHLBE26.64
1,FQHXN35.127
1,FSHXXA1.40
1,FSDLZ08.124
1,FJLHD18.85
2,FSHXBX63.99
2,SDHZD2.71
1,FSXLVLS3.50
2,FAHBZ52_FDME220050729-1a.6
1,FSHXBX103.39
1,M1C1.21
1,FXJSW8.58
1,FQHXN106.72
1,FGSYC68.37
2,FZJTZ49.34
1,FNXYCHL20.114
1,FHNFQ61hun.50
2,FHBSJZ60_FDME220052251-1a.59
1,L1EFC230239_FHLJZD23_S84_L001.101
1,FAHBZ40_FDME220050717-1a.140
1,FQHXN74.100
2,FNMHHHHT41.11
1,FSDQZ4.13
1,FSDLZ56.52
1,FSXLVLS12.59
2,L1EFC230327_FTJS0023_S253_L003.24
2,FSHXBX74.92
1,FGSZY53_FDME220051904-1a.104
2,FGSYC75.2
2,FSHXBX90.59
2,FNXYCHL52.97
2,FAHBZ47_FDME220050724-1a.40
2,FGSYC57.84
1,FSHXBX120.51
1,FSXLVWS2hun.73
1,FNMHHHHT27.99
1,FeceHeNa11.85
1,FHLJZD53.131
1,FAHBZ29_FDME220050709-1a.66
1,FSXTY31.41
2,FSXTY18hun.38
1,FSHXBX130.64
1,FAHBZ34.68
1,FSDLZ31.1
1,FBJ29.82
1,FSDLZ59.27
1,FCQTY063_FDME220051143-1a.53
1,FNMHLBE32.52
1,FGSZY38.42
2,L1EFC230272_FXJCJ36_S156_L002.25
1,FGSZY22.47
1,FGSZY25.40
2,FSXTY19.37
1,FGSZY40.36
1,FGSYC70.55
1,FXJSW15.99
1,FXJKS20.86
1,FSHXBX166.56
2,FGSYC69.25
1,FQHXN14.188
1,FNMHLBE30.96
2,FSXLVLS18.10
1,FGSZY14.23
1,FTJBH62hun.13
1,FNMHHHHT11.63
1,FSHXBX44.20
2,L1EFC230255_FXJCJ07_S140_L002.47
1,FSHXBX71.87
2,FNMHLBE27.33
2,L1EFC230377_FSHXBX72_S335_L004.77
2,L1EFC230393_FSHXXA37_S36_L003.56
