tree_group,mag
1,FJSWXJ2.51
2,FSHXBX57.126
1,FAHBZ25_FDME220050705-1a.29
NA,FAHBZ44_FDME220050721-1a.7
1,FXJKS24.120
1,FNXYCHL56.61
1,FHLJYC5.147
2,FeceHeNa7.81
2,FeceHuNa150117_FDME220052266-1a.72
2,FJSNT27.110
2,FSHXBX70.147
2,L1EFC230372_FSHXBX62_S330_L004.127
1,FZJTZ65.25
1,FGXGL34_FDME220052089-1a.24
1,FHLJYC38_FDME220052687-1a.131
2,FSXTY39.69
2,FSDQZ39.28
2,FQHXN69.142
2,FHLJZD16.25
1,FeceHuBe150121_FDME220052842-1a.54
1,FJSNT20.128
NA,FAHBZ12.70
1,FZJTZ62.57
2,FJLHD23.69
2,FNMHHHHT17.3
2,FNMHLBE15.116
2,FSHXBX20.125
2,FSCDJY22.25
1,FSHXBX120.41
2,FQHXN68.153
1,FeceGuXi15015.54
1,FHLJZD8.121
2,FSHXBX71.142
1,M1C8.176
1,FYNLJ52.161
1,FXJKS14.97
1,FSDLZ19.21
