tree_group,mag
1,FFJLY11_FDME220051248-1a.28
2,FSDQZ6.114
2,FHNFQ23.78
2,FHNFQ57.47
2,FSDJN3.41
1,FHuNHHMY56.54
2,FAHBZ56.25
2,FSHXHZ7.39
1,FSCPS54.22
1,FJLHD44.156
2,FHNFQ22.3
1,FSCPS33.22
2,FNXYCHL73.23
2,FSXLVLS4.4
2,FXJYN5.24
2,FSDQZ16.110
1,FSDLZ16.52
2,FSXLVWS4.62
2,FHLJZD58.90
1,FSCCD9.50
1,FHuNHHMY70.71
2,FSXTY60.9
1,FeceHuNa150135_FDME220052278-1a.1
2,FHBSJZ41_FDME220052232-1a.90
2,FSXLVLS20.3
2,FSHXBX111.80
2,FQHXN83.68
2,SDHZD15.63
2,FSCCD18hun.55
1,FHLJYC22.118
2,FHNFQ13.55
1,L1EFC230393_FSHXXA37_S36_L003.36
2,FXJYN37hun.77
2,FAHBZ11_FDME220050693-1a.36
1,FCQNA27.21
2,FXJWS13.92
1,FSCPS68.48
2,FSXLL17.9
1,FCQTY010.171
2,FSXLL18.61
