tree_group,mag
1,FNMHLBE14.21
1,FXJKS43.32
2,FZJTZ52.64
2,FXJKS23.123
2,FGSYC4.33
1,FQHXN70hun.83
1,FGXGL95.29
2,FYNLJ76.5
1,M2CF09.68
1,M1DZ04.12
2,FNMHLBE20.1
1,FXJSW17.64
1,FSHXBX98.40
1,FQHXN69.21
2,FSHXBX65.104
2,FGSZY55.10
2,FHLJYC23.89
1,M1C3.29
1,M115R01.56
1,FGXGL32_FDME220052087-1a.32
2,FAHBZ20_FDME220050700-1a.88
1,FQHXN61hun.7
2,FeceGuXi15013.77
2,FeceGuXi150117.38
2,FHNXY57.81
1,FXJKS27.41
2,FGXGL24_FDME220052079-1a.112
1,FGDLZ36.94
1,FJSNT23.180
2,FeceHuBe15017_FDME220052835-1a.39
1,FQHXN93.32
2,FSHXBX76.100
2,FZJTZ68.57
1,M1C7.36
2,FZJTZ54.58
1,FSDQZ42.125
1,FYNLJ37.29
2,FeceHuBe150127_FDME220052847-1a.69
2,FSHHK28_FDME220054497-1a.84
1,FXJKS4.143
1,FXJSW48.51
2,FZJTZ25.53
1,FJSNT5.47
1,FQHXN86.126
2,FCQTY144_FDME220051184-1a.89
1,FSDQZ46.83
1,FSHCM31.41
1,FSHXBX120.11
1,FXJYN11.33
2,FHNFQ2.31
2,FXJKS22.82
2,FSHXBX79.18
1,FQHXN98.86
2,FGSZY54.35
1,FYNLJ19hun.41
1,M1DZ05.2
1,L1EFC230359_FSHXBX16_S317_L004.44
2,FSHXHZ4.43
1,FXJSW49.6
1,FXJKS38.73
1,FQHXN109.113
1,M1C8.79
1,FQHXN68.119
1,FXJSW14.14
2,FNMHHHHT27.115
1,M1C5.56
1,FNMHLBE7.48
2,L1EFC230239_FHLJZD23_S84_L001.60
1,FXJSW46.14
1,FXJKS39.33
1,M2CF10.74
1,FXJKS35.141
1,FXJKS6.30
1,FYNLJ40.6
2,FNMHLBE24.151
2,FAHBZ31_FDME220050711-1a.30
1,FQHXN76.138
1,FSHXBX17.41
1,FQHXN106.27
1,FNMHHHHT18.41
1,FXJKS2.154
2,FZJTZ19.65
2,FHLJYC22.93
1,FYNLJ71.49
1,FSDQZ40.56
