tree_group,mag
1,L1EFC230347_FJXFC25_S305_L004.112
2,FXJKS22.128
2,M1C7.59
2,FXJKS27.109
1,FYNDL10hun.64
1,FGDLZ3.24
1,FJXSRPYG41.79
2,FYNLJ71.8
1,FGDLZ1.28
1,FSHCM58.76
1,FSDLZ57.47
1,FGDLZ2.8
1,FYNDL28hun.18
2,FGDLZ49.32
1,FSDQZ33.9
2,M1C10.16
1,FJNDD12_FDME220051229-1a.37
2,FQHXN112hun.50
1,FGSZY11.82
2,M128R01.30
1,L1EFC230336_FJXFC07_S262_L003.29
1,FSCDJY33.116
1,FYNLJ57.7
2,FNMHLBE11hun.50
1,L1EFC230343_FJXFC19_S301_L004.89
1,FYNLJ68.89
1,FZJTZ36.106
1,L1EFC230239_FHLJZD23_S84_L001.137
1,FHNFQ13.109
1,FHLJYC23.84
1,FJXSRPY40.56
2,FXJKS36.63
1,FYNLJ76.20
1,FXJWS13.63
1,FSDQZ29.193
1,FFJLY43_FDME220051271-1a.62
1,FYNLJ36.67
1,FZJTZ62.38
2,FXJKS48.50
1,FSDQZ42.119
1,FNMHLBE7.41
2,FQHXN86.54
2,M1DZ01.45
1,FZJTZ54.21
2,FQHXN93.16
1,FeceGuXi15013.72
1,FYNLJ46.41
1,FZJTZ69.28
1,FYNDL21hun.40
1,FSHXBX65.158
1,FSCPS39.12
1,FSHXHZ13.41
1,FZJTZ22.64
1,FAHBZ60_FDME220050735-1a.149
2,M119R01.128
2,M1C8.179
1,L1EFC230243_FHLJZD33_S86_L001.69
