tree_group,mag
1,FSHXBX27.45
2,FQHXN103.56
1,FHLJYC30.83
1,FAHBZ56.91
1,FSDJN26.91
1,FHLJZD43.58
2,FAHBZ43.113
1,FTJBH19.48
1,FSXTY60.89
1,FGSYC68.30
1,FSHXBX147.87
2,FSHXBX153.89
1,FFJLY66.58
1,FHNXY33.8
1,FSXLVLS17.65
1,FHLJZD2.37
1,FSHXBX150.49
1,FZJTZ2.92
1,FQHXN14.158
2,FXJYN36.140
1,FCQNA43.69
2,L1EFC230285_FXJCJ59_S168_L002.131
2,FSHXBX127.36
1,FCQNA40.88
1,FeceGuXi150110.70
2,FXJKS4.133
2,FSDQZ21.13
1,FQHXN106.54
2,FGSZY23.6
1,FSHXHZ18.44
2,FQHXN1.37
1,FSXTY1hun.14
1,FSDLZ21.69
1,FGXGL2_FDME220052057-1a.100
1,FJSNT23.15
1,FHNXY38.115
1,FHNFQ30.98
1,FSHXBX169.138
1,FAHBZ38.35
1,FGXGL1_FDME220052056-1a.129
1,FSCDJY69.106
1,FJSWX82.4
1,FSHXBX53.64
1,FHNXY34.89
2,FXJKS11.11
2,FSCPS41.42
1,M101R01.75
1,FSXTY2hun.59
2,FHLJZD58.28
1,FHuNHHMY60.99
2,FGSZY24.53
1,FHuNHHMY58.24
1,FGXGL10_FDME220052065-1a.143
2,FSDQZ19.46
1,FSHXBX9.28
2,FGSZY14.76
1,FAHBZ48_FDME220050725-1a.19
2,FHBSJZ42_FDME220052233-1a.54
2,FXJKS50.93
1,FHLJZD21.82
1,FQHXN98.14
1,FJLHD18.36
2,FHLJDQ7.66
1,FSCPS61.42
1,FHNXY22.89
2,FYNDL10hun.38
1,FSCDYJ7.96
2,FQHXN96.17
1,FHLJZD6.74
1,L1EFC230250_FHLJZD56_S135_L002.11
1,FSHHK7_FDME220054481-1a.10
1,FSCPS35.57
2,FHLJDQ10.29
1,FSHXWN15.43
1,FGXGL49.101
1,FHuBWH4.16
