tree_group,mag
1,FJSWX72.7
1,FJSWX71.16
2,FZJHZD1hun.63
2,FHNXY52hun.18
2,FSXTY26.13
1,FGXGL9_FDME220052064-1a.55
NA,M1C14.6
2,FGDLZ21.63
2,FJSNT8.17
1,FNMHLBE11hun.34
NA,FQHXN80.2
1,FJSNT40.15
2,FSHCM93.136
2,FAHWH24_FDME220050745-1a.36
1,FZJTZ46.31
1,FFJLY35.20
2,FQHXN70hun.109
2,FZJTZ56.43
1,FNMHHHHT31.45
2,FTJBH27.51
2,FHBSJZ23.34
1,FNMHHHHT28.22
2,FSHXBX112.77
2,FSHXBX133hun.52
2,FZJTZ50.52
1,FFJLY74.35
2,FHLJDQ5.13
2,FFJLY15_FDME220051249-1a.17
2,FSHXXA44hun.67
1,FSDJN7.11
1,FXJYN27.57
2,FSDQZ10.41
2,FJLHD4.46
1,SDHZD5.18
2,FNMHHHHT11.110
2,FJXSRPY38.62
2,FSXTY27.18
2,FHBSJZ18.66
2,FGSYC57.91
2,FHBSJZ58.57
2,FNMHLBE32.51
1,FZJTZ47.37
2,FGSYC48.43
2,FSXTY25.15
1,FBJ16.74
2,FGSYC77.70
2,FSHXBX32.6
2,L1EFC230259_FXJCJ15_S144_L002.65
2,FSHXBX4.92
2,FSXTY23.42
2,FCQNA16.45
1,FAHWH12_FDME220050738-1a.76
2,FHBSJZ45_FDME220052236-1a.74
2,FGSYC75.9
1,FNXYCHL91.24
2,FQHXN2.62
2,FXJSW22.124
1,FJSWXJ33.35
2,M207F01.27
NA,FGSYC92.27
1,FCQNA3.39
1,FHHMY5.11
2,FXJSW36.3
2,FZJTZ63.42
2,FSCPS10.28
2,FSDQZ49.74
2,FSXLL9.86
1,FTJBH66.14
2,FJLHD31.69
2,FZJTZ34.80
2,FSDQZ48.63
2,FHNFQ43.41
1,FGXGL50_FDME220052105-1a.48
2,FSXTY44.20
2,FJXSRPY39.55
2,FGXGL18_FDME220052073-1a.93
1,FHNFQ38.41
1,L1EFC230301_FXJWS28_S227_L003.7
2,FSHXBX164.104
2,FZJTZ57.45
2,FSHHK46_FDME220054513-1a.20
2,FFJLY48.42
2,SDHZD9.50
2,L1EFC230291_FXJWS11_S174_L002.33
1,FHNFQ24.20
1,FZJTZ40.27
1,FHNXY40.17
NA,FXJKS43.15
1,FSHHK5hun.26
2,FXJYN39.94
2,FNXYCHL67.7
NA,FGSZY16.116
2,FGSZY25.53
1,FSHXBX154.19
1,FSHXBX26.48
1,FGXGL80_FDME220052135-1a.22
1,FHuBWH15.64
1,FGDLZ80_FDME220051958-1a.46
1,FSXTY4.1
1,FCQHC7.89
1,FHLJYC30.67
2,FSCDJY79.36
NA,FJXSRPYG34.48
1,FeceGuXi150114.33
2,FGSZY41.4
2,FXJKS42.54
1,FXJYN35hun.76
2,FSXTY7hun.26
1,FZJTZ44.26
2,FHNXY51.22
2,FQHXN20.61
2,FGSYC71.82
2,FNMHLBE29.31
2,FHLJDQ6.17
2,FXJWS10.47
2,FQHXN55.72
2,FSHCM94hun.128
2,FXJCJ18.82
2,FXJKS2.40
2,L1EFC230338_FJXFC11_S264_L003.45
2,FQHXN59.5
2,FHNFQ62hun.82
2,FSHXBX168.19
2,FZJTZ43.49
2,FXJSW46.61
1,L1EFC230265_FXJCJ24_S149_L002.3
2,FAHBZ1_FDME220050683-1a.51
2,FHBSJZ21.13
