tree_group,mag
1,FSCPS9.88
2,FJLHD38.117
1,FGSYC78.48
1,FSDJN48.109
2,FJLHD23.115
2,L1EFC230307_FXJWS36_S233_L003.92
1,FSXTY23.56
NA,FBJ53.29
1,FSDLZ57.104
1,FNXYCHL6.42
1,FSDQZ40.19
1,JSCZD5.61
1,FGD18M_FDME220052004-1a.47
2,FNMHHHHT27.38
2,FSHXBX155.89
2,L1EFC230299_FXJWS26_S225_L003.41
2,FSDQZ43.111
1,FSDLZ30.112
1,FSXTY26.51
1,FFJLY66.112
1,FCQNA43.30
2,FXJSW38.13
1,FSHXBX53.10
1,FSXTY24.17
1,FHBSJZ11.58
1,FFJLY11_FDME220051248-1a.51
2,FGXGL73_FDME220052128-1a.96
1,FGDLZ78_FDME220051943-1a.32
1,FSXTY27.43
2,FHLJDQ11.42
1,FJXSRPY33.161
2,FJLHD3.48
2,FQHXN73.97
