tree_group,mag
1,FHuNHHMY40.78
1,FJND6_FDME220051164-1a.43
1,FNXYCHL3hun.15
1,FAHWH16.68
1,NMGEL4.44
1,SDHZ12.10
1,SHXXY2.14
1,FNXYCHL11hun.34
NA,FHuNHHMY14.22
1,FHLJZD40.46
1,FHLJYC31.21
1,FGDLZ84_FDME220051962-1a.131
1,FZJTZ40.8
1,FeceHuNa15016.36
1,SDZB5.1
1,L1EFC230372_FSHXBX62_S330_L004.138
1,FGD16I2_FDME220052000-1a.15
1,FYNLJ22hun.22
1,FJSWXJ14.75
1,FSCPS15.12
1,FZJTZ33.52
3,FZJHZ6.34
3,FSHHK38_FDME220054507-1a.96
3,FNXYCHL52.22
3,BJHD4.15
1,FJND10_FDME220051202-1a.5
3,FJND24_FDME220051215-1a.5
3,SDYT1.35
1,FSXTY55.10
1,FNXYCHL30.21
3,FeceHeNa9.14
1,FSCDJY92.55
1,L1EFC230248_FHLJZD47_S91_L001.97
1,HuNCS6.28
1,FZJTZ34.95
1,FHNXY48.164
1,FNMHLBE23.102
1,FSHCM70.30
1,SDZB4.3
1,FZJJH3hun.15
1,FSCDJY76.11
3,FGSYC38.40
1,SDHZ8.50
1,HLJDQ1.5
1,BJHD7.25
1,FSCPS11.232
1,FeceGuXi150117.65
1,FHHMY63.136
1,FSHXBX76.19
1,FAHWH08.51
1,FHNFQ60hun.54
3,FZJHZ4.24
1,FSCPS89.7
1,FGDLZ36.93
NA,FHBSJZ57_FDME220052248-1a.25
3,FJXSRPY40.59
3,NMGHHHT1hun.30
1,FCQHC9.13
1,FZJHZ13.29
1,FSHCM14_FDME220054531-1a.129
1,FGD9I2_FDME220051986-1a.31
1,FAHWH30_FDME220050748-1a.72
1,L1EFC230249_FHLJZD48_S134_L002.28
1,FJSWXJ39.52
1,SHXXA4hun.50
3,FAHWH38_FDME220050755-1a.115
3,FSCPS36.106
1,FZJHZ7.24
1,FZJHZ25.32
1,FJND15_FDME220051207-1a.38
1,FGZ30I2_FDME220052040-1a.5
1,FZJTZ44.2
3,FZJJH9.16
NA,FGSYC3.19
1,FHuNHHMY26.11
1,FZJTZ27.7
