tree_group,mag
1,L1EFC230245_FHLJZD36_S88_L001.16
1,FQHXN92.54
1,FXJKS40.28
1,FAHBZ10_FDME220050692-1a.44
1,FXJKS17.52
1,L1EFC230313_FXJWS45_S239_L003.120
1,L1EFC230319_FTJS0003_S245_L003.96
1,FAHBZ21_FDME220050701-1a.165
1,FJLHD45.28
1,FSCDJY76.63
1,L1EFC230285_FXJCJ59_S168_L002.67
1,FGSZY8.108
1,FNMHLBE25hun.70
1,FSDQZ21.177
1,FGDLZ50_FDME220051930-1a.59
1,FHLJZD17.44
1,FHLJZD21.130
2,FXJSW22.45
1,FAHBZ31_FDME220050711-1a.106
1,FSDQZ19.87
1,L1EFC230312_FXJWS44_S238_L003.52
1,FXJKS19.20
1,FSHXBX169.44
1,FQHXN72hun.106
1,L1EFC230363_FSHXBX41_S321_L004.39
1,FQHXN70hun.17
2,FXJYN10hun.78
2,FGXGL81_FDME220052136-1a.142
1,FJLHD33.36
1,FNMHHHHT17.52
1,FXJWS13.60
1,FSHXBX130.53
1,L1EFC230236_FHLJZD14_S81_L001.53
1,FJLHD50.11
1,FAHBZ5_FDME220050687-1a.67
1,FQHXN52hun.140
1,L1EFC230242_FHLJZD30_S85_L001.53
1,FNMHHHHT10.111
1,L1EFC230393_FSHXXA37_S36_L003.70
2,L1EFC230372_FSHXBX62_S330_L004.55
1,FSDLZ12.40
1,L1EFC230300_FXJWS27_S226_L003.116
1,FSXLL17.69
1,FSDLZ54.43
1,FSDJN12.183
1,FQHXN7.26
1,FQHXN76.131
1,FXJSW17.107
1,FSDLZ17.70
1,L1EFC230239_FHLJZD23_S84_L001.112
1,L1EFC230247_FHLJZD44_S90_L001.34
2,L1EFC230347_FJXFC25_S305_L004.57
1,FGSYC4.69
1,L1EFC230364_FSHXBX42_S322_L004.103
2,FXJYN29.46
1,FXJKS48.44
1,FSDJN37.120
1,FSDLZ01.101
1,FSDQZ33.27
1,L1EFC230286_FXJCJ60_S169_L002.52
1,FNMHLBE14.3
1,FSDQZ32.52
1,FZJTZ54.86
1,FSHCM9_FDME220054526-1a.19
