tree_group,mag
1,M1DZ05.78
2,FBJ63.24
1,FSXLVLS13.90
1,FSHXBX5.2
1,FCQTY145_FDME220051185-1a.30
1,FGSZY46.18
1,FJSNT60.103
1,FSHXWN5.66
1,FHLJYC38_FDME220052687-1a.156
2,FAHBZ13.34
2,FSCDYJ2.54
1,FCQTY010.114
2,FGDLZ34.17
1,FSHHK7_FDME220054481-1a.64
1,FJSWXJ43.6
1,FSHHK42_FDME220054511-1a.51
1,FeceGuXi15019.45
1,FHBSJZ57_FDME220052248-1a.101
1,FQHXN57.12
1,FSHHK14.62
1,FGDLZ84_FDME220051962-1a.115
1,FAHWH01.55
2,FQHXN18.4
2,FHuBWH23hun.91
1,FHLJZD8.61
1,FSHHK11_FDME220054483-1a.54
1,FSCPS25.2
1,FCQTY136_FDME220051181-1a.66
1,FSHXWN8.41
1,FCQTY155_FDME220051191-1a.109
1,FeceHuBe150119_FDME220052841-1a.1
1,FSHXBX169.63
1,FJSWXJ6.39
2,FSDQZ43.72
1,FJSNT4.48
2,FNMHLBE17.3
2,FNXYCHL7.27
1,FSHXWN15.35
1,FJSNT30.118
2,FQHXN4.78
2,FSXTY4.27
1,FHNFQ31.24
1,FJSWXJ15.22
1,FeceGuXi15012.7
1,FFJLY59_FDME220051278-1a.59
2,FSCPS8.78
2,FNXYCHL23.49
2,FAHBZ26_FDME220050706-1a.119
2,FTJS006.64
1,M1C1.95
1,FSCPS62.17
1,FAHWH07.134
1,FSHHK25_FDME220054495-1a.9
1,FSCDJY67.79
1,FJSWXJ40.45
1,FSHXBX176.94
2,FSHHK15hun.54
1,FSXTY52.96
1,FCQTY157_FDME220051193-1a.10
2,FHLJZD9.112
1,FJSWXJ32.20
2,FGXGL88.27
2,FSHCM39.128
2,FXJSW40.87
1,FSHHK2.46
