tree_group,mag
1,JSZJ1.1
2,FHuNHHMY59.52
2,FSHHK20hun.34
2,FAHWH34_FDME220050751-1a.44
2,FSHHK24hun.47
2,FNXYCHL43.50
2,FGDLZ18.14
2,FSDQZ8.42
2,FZJHZD17hun.23
2,FAHWH17_FDME220050741-1a.52
2,FJXSRPY23.2
2,FAHBZ37_FDME220050714-1a.19
1,FSHHK19_FDME220054489-1a.30
2,FSHHK2.15
2,FHBSJZ4.45
2,FFJLY71.57
2,FQHXN92.38
2,FJXSRPY25.40
2,FFJLY30_FDME220051260-1a.30
2,FHuNHHMY68.10
2,FGXGL68_FDME220052123-1a.70
2,L1EFC230238_FHLJZD22_S83_L001.68
2,FSCCD19.8
2,FHHMY5.17
1,FSDJN10.32
1,FJND19_FDME220051210-1a.24
2,L1EFC230249_FHLJZD48_S134_L002.30
2,FSDLZ43.37
1,FAHBZ13.4
2,FFJLY37_FDME220051266-1a.90
2,FCQNA20hun.54
2,FGSYC27.29
2,FHuBWH15.44
2,FHLJZD57.43
2,NMGHHHT3.30
2,FSHHK6.4
2,FQHXN35.29
2,L1EFC230244_FHLJZD35_S87_L001.19
2,FZJTZ27.69
2,L1EFC230340_FJXFC13_S266_L003.91
2,FAHWH32_FDME220050750-1a.42
