tree_group,mag
1,L1EFC230351_FJXFC35_S309_L004.105
1,FHLJYC21.88
1,FSHCM16_FDME220054533-1a.68
1,FQHXN7.114
1,FHNFQ8.59
2,FSHCM37.16
2,FYNLJ22hun.71
1,FSDQZ26.2
1,FeceGuXi15013.39
1,FHNFQ16.27
1,FHNFQ54.16
1,FGSYC22.26
1,FNMHLBE9hun.44
2,FXJSW7.24
2,L1EFC230309_FXJWS39_S235_L003.71
1,FHNFQ60hun.69
1,FHLJYC5.71
2,FeceHuNa15016.60
1,FSDQZ37.52
1,SDHZD11.36
1,FSDQZ35.86
1,FCQNA14.88
1,FHNXY57.71
1,L1EFC230376_FSHXBX69_S334_L004.114
2,L1EFC230301_FXJWS28_S227_L003.72
1,FHNFQ7.48
1,FSDJN51.98
1,FSDQZ49.69
1,FHNFQ58.9
2,FXJSW12.1
1,FeceGuXi15015.80
NA,FZJTZ12.45
1,FSDQZ10.79
1,FSDQZ13.122
1,FSDQZ33.57
1,FXJSW18.1
2,FAHWH29_FDME220050747-1a.41
1,FHNXY58.48
1,FHNFQ32.15
1,FNXYCHL91.22
2,FCQJJ4.48
1,FNXYCHL48.7
1,FNXYCHL90.20
1,FSHCM22_FDME220054537-1a.69
1,FSHXBX71.37
1,FSHXBX126.49
1,FNMHLBE1.89
1,FAHWH39_FDME220050756-1a.9
1,FSXLVWS6.47
2,FXJCJ50.36
