tree_group,mag
1,FNMHLBE18.159
1,FGSZY23.35
2,FHNXY38.34
2,FSDQZ27.181
2,FSDQZ43.53
2,FeceHeNa8.56
1,FXJKS10.43
1,FXJKS14.68
1,FNXYCHL56.183
1,FeceHuBe150119_FDME220052841-1a.148
2,FSCPS68.133
2,FNXYCHL41.118
1,FXJKS36.133
2,FSXLVLS3.88
2,FZJTZ69.56
1,FQHXN92.92
NA,FAHBZ44_FDME220050721-1a.94
2,FZJTZ54.29
1,FXJSW7.76
1,L1EFC230236_FHLJZD14_S81_L001.22
1,FXJYN3.105
1,FSDLZ25.99
2,FJLHD44.128
2,L1EFC230239_FHLJZD23_S84_L001.140
2,FHNFQ2.108
1,FQHXN99.21
1,FXJKS4.120
1,FHLJYC5.8
2,FYNLJ46.125
1,FXJSW32hun.45
1,FXJKS50.148
1,FXJKS3.41
1,FXJSW17.56
1,FeceHuNa15017.108
2,FJSWXJ42.95
1,FNMHLBE31.7
1,FXJKS5.93
1,FNMHLBE14.11
1,FSDQZ31.52
2,FeceGuXi15015.130
2,FeceGuXi150117.53
1,FXJSW22.152
1,FHuBWH36.71
1,FNMHHHHT17.2
1,FSCPS4.32
2,FGXGL81_FDME220052136-1a.40
1,L1EFC230248_FHLJZD47_S91_L001.92
2,FSCDJY69.148
2,FNXYCHL24.88
2,FSDQZ29.40
1,FSXLVLS2.40
2,FSCPS11.67
2,FeceHuNa150117_FDME220052266-1a.37
2,L1EFC230247_FHLJZD44_S90_L001.86
2,FNMHHHHT10.138
1,FXJKS42.130
1,FSHCM31.70
1,FSDQZ18.8
2,FSDLZ21.74
1,FXJKS13.32
2,FZJTZ53.55
1,FZJTZ67.23
1,FQHXN93.119
2,FZJTZ62.80
1,FXJSW48.57
2,FTJBH30.47
1,FNXYCHL65.74
1,FSCPS69.22
2,FZJTZ65.70
1,FGSYC12.106
1,FAHBZ60_FDME220050735-1a.30
2,FeceGuXi15011.39
1,FSHXBX176.133
1,FNMHLBE12.89
