tree_group,mag
1,FSHHK30_FDME220054499-1a.83
1,FZJTZ54.59
1,FHNFQ11.62
1,FSHXBX148.162
2,FGXGL28_FDME220052083-1a.38
1,FHuNHHMY70.106
2,FHLJZD28.91
2,FXJSW12.82
2,FJSWXJ2.7
2,FBJ69.22
2,FHNXY60.73
2,FZJTZ25.6
1,FNXYCHL44.59
2,FSDQZ24.22
2,L1EFC230248_FHLJZD47_S91_L001.114
2,FSHXBX167.21
2,FSCPS31.120
2,FSDLZ58.37
1,L1EFC230298_FXJWS24_S224_L003.121
2,FHNFQ50.3
2,FJSWXJ32.47
2,FSHXBX108.2
2,FGXGL3_FDME220052058-1a.124
2,FXJKS22.31
2,FTJBH2.77
2,FSHXBX12.103
2,M2CF10.90
1,FSDLZ21.56
2,FSCPS69.75
1,FQHXN99.110
2,FSXLL17.99
2,FZJHZD6.4
2,FSDQZ29.175
1,FSHXBX98.70
2,M1C6.155
2,FAHBZ12.103
1,FNMHHHHT41.106
2,FSCDJY67.50
1,FSHCM96.10
2,FYNLJ52.33
2,FSXTY39.85
2,FFJLY10_FDME220051247-1a.19
2,FHuBWH36.124
2,FSHXBX155.30
1,FSDLZ01.70
1,FSHHK16_FDME220054486-1a.88
1,FHNFQ5.3
2,FSHCM90.170
2,FTJBH25.113
2,FSHHK49_FDME220054516-1a.128
2,FNMHLBE4.87
2,FZJTZ53.72
2,FeceHuNa150114_FDME220052265-1a.50
2,L1EFC230300_FXJWS27_S226_L003.107
2,M1C8.127
2,FXJCJ43.89
2,FHNXY62.57
2,FGSZY42.8
1,FJSNT64.56
2,FYNDL10hun.31
2,FJSWX89.2
2,FSHXBX139.65
1,L1EFC230236_FHLJZD14_S81_L001.63
2,FXJKS48.11
2,M1C9.140
2,FSHHK25_FDME220054495-1a.56
2,L1EFC230319_FTJS0003_S245_L003.137
1,FQHXN69.22
1,FQHXN68.5
1,FQHXN14.128
2,FSHXBX169.53
2,FTJBH30.105
2,FSDLZ19.53
2,FSDQZ31.82
1,FHLJYC5.19
2,FGSYC30.21
2,FZJHZD9hun.55
1,FGSYC45.19
2,FSHHK10_FDME220054482-1a.119
2,FeceHuNa150137.55
2,FSHCM7.102
2,FGXGL10_FDME220052065-1a.149
