tree_group,mag
1,L1EFC230334_FJXFC03_S260_L003.18
2,FJSNT24.84
2,FCQNA43.31
1,FSDLZ08.69
2,L1EFC230344_FJXFC20_S302_L004.57
2,FHuNHHMY7.71
2,FTJBH5.24
2,FSDLZ38.19
2,FHLJYC39_FDME220052688-1a.39
2,FZJHZD7hun.64
1,FSHCM70.67
2,FCQTY092_FDME220051170-1a.16
1,FXJKS38.69
2,FJLHD45.18
1,FSDQZ23.109
2,FeceHeNa19.23
2,FSCCD8hun.143
2,FYNLJ68.56
2,FSDQZ46.105
2,FGDLZ2.9
1,FJSWXJ43.57
2,L1EFC230382_FSHXXA06_S340_L004.40
2,FSDLZ31.10
2,M1C13.62
1,FSDQZ21.182
1,FNXYCHL56.118
1,FBJ43.2
2,FSXTY51hun.12
2,FTJBH49.136
2,FHLJZD21.53
2,FQHXN60hun.11
2,FCQHC10.76
2,FGDLZ58.86
1,FSHXBX137.61
1,FSHXBX147.108
2,FSCPS89.71
1,FSHXWN30.75
2,FSCPS4.4
1,M1C9.159
1,FSHXXA14.16
2,FGXGL72_FDME220052127-1a.55
1,FTJBH25.89
1,FHNFQ25.23
1,FZJTZ33.86
1,FHNFQ19.80
1,FFJLY66.83
2,FSXTY19.49
1,FeceHuBe150121_FDME220052842-1a.37
2,FGDLZ1.44
2,M2CF17.4
1,FSDLZ49.104
2,FHLJDQ12.23
2,FCQTY085_FDME220051156-1a.98
2,FSHHK25_FDME220054495-1a.115
2,FZJTZ10.74
1,FNMHLBE1.37
2,FHuNHHMY6.153
1,FSDLZ33.6
2,FeceHuBe150122_FDME220052843-1a.78
1,FYNLJ37.11
1,FSDLZ25.84
1,FAHBZ27_FDME220050707-1a.56
1,L1EFC230268_FXJCJ27_S152_L002.4
2,FSXTY35.6
1,FSDLZ09.12
1,FZJTZ40.81
2,FYNLJ56.21
2,FHLJZD6.47
1,FSHXHZ10.130
2,FZJTZ30.122
1,FHNFQ11.64
1,FSXLVWS9.72
1,FJLHD18.58
2,FSHCM84.33
1,FXJKS10.152
1,FeceHuNa15019.69
1,FSDLZ58.2
1,FNMHLBE18.9
1,FSCPS10.41
2,FNXYCHL6.112
2,FSCPS27.52
2,FJSNT28.43
2,FCQNA25.81
1,FTJBH76.21
1,FSXLVLS3.125
2,FSCCD14hun.60
1,FXJKS2.81
1,FSHXBX140.23
2,FHuNHHMY52.21
2,FCQNA9hun.55
1,FJSWX99.50
2,FSCDJY93.113
1,FGSZY53_FDME220051904-1a.40
2,FYNLJ41.51
2,FGSYC78.89
1,FSDJN62.122
2,FJNDD15.67
1,FJSNT21.27
1,FSHXBX126.51
2,FGDLZ24_FDME220051919-1a.14
1,L1EFC230395_FSHXXA48_S38_L003.127
1,FSHXBX65.128
2,FHNXY51.13
1,FGSYC4.10
2,FSHCM94hun.100
2,FFJLY65.100
2,FHLJZD2.93
1,FHNXY30.95
2,FSDJN35.26
2,FSDQZ36.77
1,FNXYCHL61.123
1,FAHBZ36.89
1,FXJKS43.88
2,FJSWX107.13
1,FCQTY049_FDME220051134-1a.81
1,FXJYN9.81
2,FBJ7.35
2,FSDLZ59.109
2,FHNXY42.25
1,FTJBH27.110
2,FYNLJ40.77
1,FHLJZD28.75
2,FBJ14.99
2,FSHCM57.52
1,FJLHD3.36
2,FZJTZ58.52
1,FSDJN39.26
2,FHLJYC25.42
2,FCQTY166_FDME220051197-1a.77
1,FCQNA17.36
2,FJSWX76.27
2,FSHCM79hun.36
2,FSCDJY31.108
1,FHNXY7.191
1,L1EFC230387_FSHXXA17_S345_L004.87
1,FXJSW22.176
1,FTJBH61.101
2,FSCPS3.79
2,FHuBWH36.15
2,FeceGuXi150112.43
2,FFJLY53_FDME220051276-1a.60
2,M2CF14.19
1,FeceHuNa15017.74
1,FXJYN11.140
2,FSDLZ21.16
2,FGDLZ16.84
2,FGDLZ39.106
1,FNXYCHL58.50
1,FAHBZ29_FDME220050709-1a.62
1,FSXLL1.60
2,FeceHeNa20.64
2,FFJLY33_FDME220051262-1a.5
2,L1EFC230343_FJXFC19_S301_L004.22
2,L1EFC230341_FJXFC14_S267_L003.58
2,FXJSW37.60
1,FSDQZ29.69
2,FCQNA28.102
1,FQHXN76.67
2,FHBSJZ34.26
2,FSHCM63.69
1,FSHXBX70.41
2,FeceHeNa21.20
1,FHNFQ29.46
1,FBJ57.9
2,FJXSRPY35.70
2,FGXGL102.45
1,FHBSJZ11.70
1,FZJTZ39.28
1,FSHHK12hun.19
2,FZJHZD8.56
1,FBJ29.139
1,FTJBH62hun.55
1,FJLHD34.55
2,FHuNHHMY30.116
2,FFJLY42.23
1,FXJYN32.64
1,FHLJZD58.38
2,FSCDYJ7.17
1,FSHCM56.9
2,FeceHeNa8.27
2,FZJHZD15.20
1,FHBSJZ5.62
1,L1EFC230364_FSHXBX42_S322_L004.97
2,FSHCM49.53
2,FJXSRPY38.105
1,FNXYCHL9.111
2,FJXSRPY33.93
1,FTJBH2.119
2,FHNXY20.83
1,FHNXY34.76
2,FJXSRPY54.64
2,FNXYCHL38.30
2,FSHCM39.87
2,FCQTY050_FDME220051135-1a.38
2,FYNDL13.24
1,FSDLZ02.102
1,FXJKS19.63
1,FXJSW17.98
2,FTJBH78.77
2,FJLHD37.59
1,FeceHuBe150133_FDME220052849-1a.51
1,FSDLZ32.51
2,FZJTZ6.114
2,FCQTY144_FDME220051184-1a.74
2,FCQTY089_FDME220051168-1a.25
2,FAHWH05.45
2,L1EFC230245_FHLJZD36_S88_L001.13
1,FSDQZ16.98
2,FSHCM44hun.26
2,FBJ20.28
2,FJSNT43.13
1,FSHXBX75.54
1,L1EFC230389_FSHXXA21_S347_L004.67
1,FTJBH64.69
1,FHLJYC18hun.29
1,FXJKS51.42
2,FGDLZ78_FDME220051943-1a.68
1,FJSWXJ7.75
2,FHNXY14.27
2,FGXGL20_FDME220052075-1a.115
1,FJSNT32.6
2,FCQTY159_FDME220051194-1a.39
2,FHLJYC1.83
2,FGXGL3_FDME220052058-1a.85
2,FGSYC20.29
2,FGXGL73_FDME220052128-1a.64
1,FNXYCHL71.77
2,FSHHK50_FDME220054517-1a.83
1,FJLHD52.92
2,FSHCM96.24
1,FSHCM95.30
1,FSCCD2.15
1,FJSNT30.79
2,FZJTZ11.57
2,FGDLZ68.92
2,L1EFC230299_FXJWS26_S225_L003.4
1,FJSWXJ13.25
1,FNXYCHL65.40
2,L1EFC230307_FXJWS36_S233_L003.121
1,FHLJYC29.97
1,FSHCM98.9
1,FSDLZ55.40
2,FSHHK4.99
2,FHLJZD43.46
2,FGXGL61_FDME220052116-1a.48
1,FXJKS39.55
1,FZJTZ43.13
2,FHuNHHMY24.59
1,FeceHuBe150120.5
2,FNXYCHL46.75
2,FHLJZD51.22
1,FSDLZ44.28
2,FSDLZ27.3
1,FSDLZ03.58
1,FCQNA32.53
2,FSCPS61.36
2,FSXTY38.65
1,FSHCM35.13
1,FJSWX89.68
2,M1C1.127
2,FSXLL3.1
2,FZJTZ41.32
2,FBJ2.23
1,FZJTZ52.26
1,M2CF11.134
2,FSHCM52.13
1,FSHCM75.21
1,FSHXXA41hun.71
1,FXJKS33.54
2,FHLJYC38_FDME220052687-1a.95
2,FXJWS4.126
1,L1EFC230361_FSHXBX31_S319_L004.16
2,FAHBZ60_FDME220050735-1a.132
1,FAHBZ21_FDME220050701-1a.32
2,FSHCM93.63
1,FNXYCHL53.131
1,FSHXBX27.88
1,FXJKS20.58
2,FGZ3M_FDME220051970-1a.29
1,FZJTZ23.53
2,FJXSRPY39.42
1,FSDQZ3.15
1,FXJYN23.82
2,JSCZD5.90
1,FHLJZD19.84
2,FJSNT23.128
1,FHLJYC15.119
2,FSXLL5.42
2,FFJLY9_FDME220051246-1a.19
2,FJSNT19.32
1,FJLHD38.43
1,L1EFC230385_FSHXXA13_S343_L004.17
2,FSDLZ12.137
2,FHLJYC21.25
2,FJLHD6.144
1,FSHXBX139.7
2,FJXSRPY37.108
2,FSHCM21_FDME220054536-1a.72
1,FSDLZ40.47
2,FSHCM99.57
1,FSDLZ17.114
2,FJLHD19.31
2,FGSYC25.12
2,FCQNA6hun.66
2,FeceHeNa17.85
1,FeceHuNa150135_FDME220052278-1a.94
1,FGD17M_FDME220052001-1a.29
2,FQHXN48.15
1,FSDQZ48.1
1,FSHXWN12.86
2,FZJTZ13.16
1,FGSYC12.59
2,FGDLZ3.3
1,FeceGuXi15013.117
2,FBJ25.21
2,FYNDL21hun.97
2,FCQNA14.6
2,FSXTY49.83
2,FSHCM9_FDME220054526-1a.5
1,FXJYN18.63
2,FCQTY097_FDME220051172-1a.61
1,FSHHK16_FDME220054486-1a.90
2,FJSWX82.98
1,FXJYN3.50
1,FSHXBX130.44
2,FSHCM65.24
2,M2CF19.115
1,FNXYCHL50.89
1,FNXYCHL30.9
2,FGDLZ15_FDME220051915-1a.18
2,FSXLVLS2.76
1,FAHBZ59_FDME220050734-1a.103
2,FFJLY10_FDME220051247-1a.82
1,FHNFQ50.85
2,FYNLJ71.59
1,FSHXBX78.8
1,FNMHLBE15.60
1,FSHXBX131.22
1,FHLJZD31.65
1,FHLJYC40.34
2,FSXLL10.90
1,FQHXN67hun.83
2,FSHCM3.19
2,FHNXY41.57
1,FNXYCHL42.79
2,FSXLVLS16.77
1,FTJS030.24
2,FHNFQ3.1
2,FNMHHHHT37.56
