tree_group,mag
1,FYNLJ79.10
1,M115R01.79
1,FGDLZ3.64
1,FGDLZ17_FDME220051916-1a.111
2,FXJKS38.62
2,FGDLZ27.54
1,FQHXN98.29
1,FHuNHHMY83.55
1,FYNLJ35.90
1,FYNLJ80hun.43
2,FXJKS22.49
2,FSDQZ49.70
1,FGDLZ76_FDME220051956-1a.7
2,FHNFQ35.38
1,FYNLJ40.63
1,FGDLZ78_FDME220051943-1a.58
2,M1C17.28
1,M1C3.76
1,FeceGuXi15015.21
2,L1EFC230336_FJXFC07_S262_L003.39
2,M1DZ09.1
2,M2CF10.52
1,FGDLZ36.61
1,FYNLJ67.50
1,FYNLJ41.54
1,FGXGL91.14
1,FQHXN68.60
1,FQHXN69.45
2,M128R01.65
1,FQHXN110.8
1,FGDLZ39.9
1,FHuNHHMY2hun.87
1,FGDLZ1.65
2,FYNLJ52.15
1,FGSYC78.14
1,FGXGL95.116
1,FYNLJ19hun.1
1,FYNLJ53.58
1,FGDLZ28.44
1,FGDLZ54.10
2,M202F01.43
1,FGXGL70_FDME220052125-1a.39
1,FCQNA15.95
1,FNMHLBE23.60
2,FXJKS2.133
2,FHNFQ57.54
1,FGDLZ9_FDME220051911-1a.2
