tree_group,mag
1,FJXSRPY37.14
1,FXJSW17.24
1,FHuNHHMY49.53
1,FXJKS41.68
1,FXJKS4.44
1,FHuNHHMY13.20
1,FXJKS43.60
1,FXJKS30.68
1,FXJKS11.198
1,FQHXN50.13
1,FYNLJ41.27
1,FXJKS24.131
1,FXJKS37.121
1,FXJKS51.105
1,M2CF04.18
1,FXJKS50.109
1,FQHXN53.65
1,M120R01.18
1,FTJS022.35
1,FGDLZ30.80
2,FYNLJ46.67
1,FeceHuBe150127_FDME220052847-1a.57
1,FXJKS44.32
1,FQHXN90.13
2,FXJKS46.13
1,FQHXN69.9
1,FGDLZ75_FDME220051955-1a.55
1,M129R01.13
1,FGSZY2.11
1,FYNLJ40.73
1,FXJKS48.66
1,M2CF01.118
1,FQHXN51hun.15
1,FXJKS16.39
1,FGDLZ9_FDME220051911-1a.31
1,FGDLZ76_FDME220051956-1a.145
1,FXJKS1.6
1,FGXGL1_FDME220052056-1a.89
1,FXJKS23.106
1,FQHXN62hun.118
1,FXJYN38.131
1,FHHMY17.25
1,FHNXY44.58
1,FHuNHHMY77.87
1,FHuNHHMY55.52
1,FXJKS39.23
1,FCQTY144_FDME220051184-1a.81
1,FQHXN93.131
1,FHuNHHMY83.90
1,FXJKS38.88
1,FYNLJ37.74
1,FXJKS5.26
1,FSCPS56.84
1,FXJKS14.117
1,FQHXN86.14
1,FXJKS45.76
1,FXJSW22.128
1,FXJKS2.94
1,FJSWXJ39.14
1,FXJKS35.21
1,FXJKS6.35
1,FeceHuNa150133_FDME220052276-1a.24
1,FGDLZ36.41
1,FXJKS22.33
1,FXJKS34.67
1,FXJYN3.79
1,FGDLZ49.97
2,FBJ69.60
1,FXJKS8.2
2,FHNFQ57.33
2,FSHXHZ4.20
2,FYNDL10hun.12
1,FXJKS17.48
1,FXJKS33.61
2,FYNDL7.43
1,FXJKS15.122
1,M1DZ01.93
1,M1DZ06.46
1,FQHXN52hun.142
1,FQHXN68.64
