tree_group,mag
1,FSDLZ02.143
2,FXJYN40.82
1,FSHXBX45.29
2,FJSWX87.8
2,FXJKS6.24
2,FNMHLBE8.39
1,FSHXBX167.60
2,FXJYN11.90
1,M2CF07.100
2,FXJSW14.75
NA,FAHBZ56.63
2,FQHXN77hun.82
2,FSDLZ31.77
1,L1EFC230300_FXJWS27_S226_L003.106
1,FeceHuNa150114_FDME220052265-1a.89
1,FSHXBX148.59
1,FSXLVLS2.20
1,FSDLZ01.24
2,FXJKS37.110
2,FXJKS14.62
2,FXJKS51.69
2,FXJYN36.43
2,FGSZY51.144
1,FGSYC50.40
2,FXJKS38.41
2,FGSYC30.54
2,FXJYN10hun.29
1,FQHXN61hun.18
2,FSHXBX21.12
2,FXJYN38.139
2,FJLHD7.53
2,FXJYN31.20
2,M104R01.26
