tree_group,mag
1,FTJBH64.27
1,FGXGL70_FDME220052125-1a.61
1,M106R01.73
2,FCQTY035_FDME220051127-1a.46
1,FSXTY12hun.64
1,FSHXWN32.89
1,FJSWXJ39.38
1,FGZ11M_FDME220051989-1a.19
1,FFJLY44_FDME220051272-1a.44
1,FBJ44.72
1,FNXYCHL87.38
1,M2CF20.59
1,FBJ51.27
NA,FJXSRPY21.36
1,FSHCM85.50
1,FSHCM6_FDME220054523-1a.22
1,FGSZY25.42
1,FGXGL73_FDME220052128-1a.82
1,FSHXWN5.51
1,M2CF05.93
1,FCQNA43.74
NA,FBJ20.141
1,FJLHD17.110
1,FAHBZ47_FDME220050724-1a.26
1,FHuNHHMY61.37
1,FXJKS51.158
1,FBJ31.20
1,L1EFC230380_FSHXXA04_S338_L004.69
1,FSHHK43.25
1,FNMHLBE35.139
NA,FGDLZ81_FDME220051959-1a.51
1,FAHWH24_FDME220050745-1a.88
1,FHBSJZ8.50
1,FQHXN67hun.42
1,FGXGL39_FDME220052094-1a.65
1,FGDLZ68.48
2,L1EFC230307_FXJWS36_S233_L003.61
1,FSXTY31.26
1,FCQTY050_FDME220051135-1a.104
1,FSXTY49.23
NA,FSHXHZ20.20
1,FJXSRPYG14.53
2,FGXGL68_FDME220052123-1a.58
1,FZJTZ10.59
2,FHuNHHMY13.66
1,FGSYC22.37
1,FCQTY140_FDME220051182-1a.18
1,FSXLL7.42
1,FJXSRPYG3.27
1,FHBSJZ3.52
1,FHNFQ28.28
1,FSCCD22.43
1,JSCZD11.21
1,FCQTY024_FDME220051120-1a.47
1,FBJ48.36
2,FHLJYC6.37
1,FQHXN39.81
NA,FGXGL72_FDME220052127-1a.48
1,FGXGL108.10
1,FYNLJ45.79
1,FHNXY7.135
1,FSDQZ17.21
1,FSXTY19.60
1,FSDJN41.25
1,FHuNHHMY55.64
1,FNMHHHHT31.78
1,FJXSRPYG7.2
2,FZJTZ70.23
1,FQHXN59.65
NA,SDHZD13.62
NA,FSDQZ29.161
NA,FHuNHHMY14.49
NA,FSXLVLS17.62
1,FBJ4.49
1,FYNLJ62.6
1,FSDLZ39.67
1,FGSZY4.10
1,M2CF01.53
1,FSHXHZ23.51
1,FSHCM13_FDME220054530-1a.107
1,M2CF03.70
1,FGZ15M_FDME220051995-1a.45
1,FSHXBX172.47
1,FHuNHHMY69.64
1,FTJS015.33
1,FCQTY073_FDME220051150-1a.32
1,FNMHHHHT42.57
1,L1EFC230320_FTJS0005_S246_L003.24
1,FBJ41.33
1,FQHXN113.34
1,FSDJN55.52
2,FJNDD8_FDME220051225-1a.18
NA,FFJLY47.53
1,FYNDL20hun.10
NA,FHNXY42.40
1,FNMHHHHT11.142
1,FHNXY16.75
1,FXJYN21.3
1,FSHXHZ17.62
1,FHNFQ12.4
1,FBJ28.115
1,FZJTZ20.59
1,FQHXN107.5
1,FXJWS38.23
1,FSDJN13.78
1,FSHXWN12.8
NA,FSHXBX137.83
1,FJLHD50.87
1,BJHD7.8
1,FCQNA4.27
1,FHLJDQ8.56
1,FSHXXA41hun.67
1,FJXSRPY35.68
1,FCQTY149_FDME220051188-1a.15
1,FSDLZ57.90
1,FFJLY75.40
1,FAHWH12_FDME220050738-1a.1
NA,FeceHuBe15017_FDME220052835-1a.54
NA,FGXGL6_FDME220052061-1a.149
1,FBJ40.44
1,FBJ61.95
1,FHNXY6.25
NA,FSDJN34.33
1,FSDLZ35.6
1,FeceHuNa150140_FDME220052283-1a.64
NA,FGXGL89_FDME220052144-1a.58
2,FGXGL44_FDME220052099-1a.110
1,FFJLY9_FDME220051246-1a.16
1,FeceHuNa150118_FDME220052267-1a.32
1,FHBSJZ39_FDME220052230-1a.82
1,FHuBWH31.19
1,FGSYC46.53
1,FCQTY084_FDME220051155-1a.97
NA,FCQTY109_FDME220051179-1a.11
1,FTJBH55.71
1,FCQTY026_FDME220051122-1a.1
1,FJXSRPY46.33
1,FSXLL16.29
2,FeceHeNa13.62
NA,FHLJDQ11.23
1,FQHXN108.57
1,FAHBZ8_FDME220050690-1a.17
1,FTJBH53.10
1,FHBSJZ21.15
1,FSHXBX17.11
NA,FHuNHHMY52.66
1,FSCDJY60.51
1,FHLJYC28hun.77
NA,FeceHuBe150120.47
1,FTJS016.84
1,FJXSRPY27.99
1,FSHXBX125.98
1,FGDLZ22_FDME220051918-1a.3
2,FCQTY101_FDME220051173-1a.36
1,FBJ2.6
2,FHLJYC29.74
1,FTJBH14.48
2,FQHXN85.63
1,FSCCD7hun.2
1,FTJBH72.4
1,L1EFC230321_FTJS0007_S247_L003.19
2,FGDLZ67_FDME220051948-1a.82
NA,FSHXHZ24.109
NA,FHLJZD52.34
1,FHLJYC8hun.26
1,FHBSJZ51.36
1,FJSWXJ26hun.2
1,FFJLY11_FDME220051248-1a.109
1,FJSWX91.9
1,FHNXY31.47
1,FJSNT45.78
1,FGSYC18.34
1,FSCDJY12.49
1,FCQTY060_FDME220051140-1a.32
1,FJSWX83.30
1,FSDQZ47.4
1,FZJTZ14.55
1,FHNXY14.39
1,L1EFC230252_FXJCJ02_S137_L002.63
1,FNMHLBE2.58
1,FJSWXJ4.132
1,L1EFC230333_FTJS0033_S259_L003.32
NA,FeceHeNa23.18
1,FNXYCHL9.85
1,FHNXY32.5
NA,FCQTY077_FDME220051152-1a.57
1,FGSZY48.106
1,M137R01.15
1,FSHCM65.39
1,FJSNT23.53
1,M116R01.103
1,FHNXY34.122
1,FSHXXA18.24
1,FXJYN33.86
NA,FJNDD19_FDME220051236-1a.35
1,FGXGL22_FDME220052077-1a.36
1,FeceGuXi150116.51
1,FYNLJ22hun.99
1,FSHXHZ3.5
1,FZJHZD2hun.72
1,FSHCM80.22
1,FHLJYC39_FDME220052688-1a.3
1,FSHXBX167.70
1,FNMHHHHT33.103
1,FSDQZ14.51
NA,FSHXBX158.62
1,FJLHD1.31
1,FSCPS50.55
1,FSCDJY64.11
1,FCQTY064_FDME220051144-1a.79
1,FXJYN5.102
1,FZJHZD4.31
1,FGDLZ66_FDME220051947-1a.1
1,FJSWX105.26
1,FHLJYC18hun.4
1,FQHXN26.8
1,FSHXBX175.24
1,FZJTZ40.25
1,M1C5.139
1,FeceHuBe150117_FDME220052839-1a.52
1,FGXGL103.21
NA,FHLJYC15.150
1,FSHHK37_FDME220054506-1a.36
1,FSXLVLS9.75
1,FHLJYC2.140
1,FSHXBX33.68
1,FSDQZ5.87
1,FHNXY30.89
1,L1EFC230352_FJXFC43_S310_L004.51
1,FSHXBX22.26
1,FHNXY53.10
NA,FHuBWH33.59
1,FJNDD9_FDME220051226-1a.31
2,FGDLZ75_FDME220051955-1a.66
1,FFJLY7_FDME220051244-1a.75
1,FSXLL18.35
2,FGXGL58_FDME220052113-1a.54
1,FJXSRPYG4.33
2,FSHXHZ15.16
1,FNXYCHL16.92
1,FBJ35.41
1,FSXTY34.64
NA,FYNLJ57.108
1,FSXTY20.53
1,FSHXBX121.66
1,FSCDJY38.22
1,FTJBH76.56
1,FNXYCHL25.15
1,FJSNT62.13
1,FZJHZD11.14
1,FQHXN62hun.58
1,FTJBH74.65
1,FTJBH51.48
1,FSHCM89hun.48
1,FNXYCHL73.53
1,FTJS012.5
1,FJSNT11.61
1,FAHWH30_FDME220050748-1a.19
1,FSXTY3.26
1,FSHXHZ6.62
1,FXJSW47.73
1,L1EFC230335_FJXFC05_S261_L003.29
1,FSHCM58.89
1,FQHXN48.78
1,FGXGL67_FDME220052122-1a.29
1,FSXTY43.14
1,FGXGL100.71
1,FHBSJZ18.46
NA,FQHXN105.36
1,FSHXWN22.7
1,FHBSJZ52.11
1,FSHXWN27.2
1,FSDQZ48.78
NA,FBJ38.43
1,FXJSW2.110
1,FGXGL9_FDME220052064-1a.12
1,FHNXY22.40
1,FSHXHZ5.33
1,FSHCM14_FDME220054531-1a.84
1,FSHXBX12.43
1,FSHCM88hun.27
1,FGD18M_FDME220052004-1a.77
1,FSHXWN10.7
1,FGZ41M_FDME220052054-1a.33
1,FGSZY22.4
1,FCQTY162_FDME220051195-1a.28
1,FHuNHHMY72.39
1,FHNXY28.7
1,FSCPS62.62
1,M2CF15.27
1,FCQTY078_FDME220051153-1a.39
1,FSHXBX136hun.40
1,FSHHK6.66
1,FSHXHZ22.60
1,FGXGL107.23
1,FSCDJY63.46
1,FHuBWH4.53
1,FJLHD42.31
1,FAHWH28_FDME220050746-1a.38
1,FHBSJZ25.44
1,FSHXWN14.28
1,FGXGL17_FDME220052072-1a.15
1,FXJWS4.25
1,FGXGL49.122
1,FHNXY36.112
1,FGZ26M_FDME220052020-1a.43
NA,FXJSW16.17
NA,FFJLY38_FDME220051267-1a.39
1,FHLJZD24.34
1,FSDJN28.11
1,FXJKS24.76
1,FXJYN32.114
1,FGDLZ20.17
1,L1EFC230278_FXJCJ44_S162_L002.65
1,FSCDYJ6.43
1,FXJYN31.80
1,FNXYCHL36.118
1,FSHXWN24.11
1,FGXGL86_FDME220052141-1a.43
1,FSXTY30.91
1,FCQTY033_FDME220051126-1a.34
1,FJSWX77.21
1,FSDJN2.15
NA,FSXTY5hun.19
1,FBJ14.46
1,FZJHZD1hun.43
1,FHLJYC34.34
1,FGXGL42_FDME220052097-1a.1
1,FGXGL43_FDME220052098-1a.99
1,FSXTY63.39
1,FYNLJ60.66
1,M1C2.8
1,FSDQZ15.65
1,FHLJZD6.102
NA,FSDLZ33.44
1,FXJCJ19.55
NA,FNXYCHL1.106
1,FXJKS29.97
1,FGZ38M_FDME220052048-1a.54
2,FGDLZ85.36
1,FSHCM87.61
1,FSHXHZ1.49
1,FFJLY5_FDME220051242-1a.43
1,FHBSJZ31.22
NA,FQHXN11.63
1,FSHXXA16.37
1,FeceHuNa15012_FDME220052260-1a.64
1,FSDLZ26.6
1,M1C4.21
1,SDHZD6.16
2,FHuNHHMY56.52
1,FJXSRPYG9.49
1,FBJ1.47
1,FSXTY45.51
1,FTJS030.96
1,FGXGL28_FDME220052083-1a.83
1,FeceHeNa18.53
1,FCQTY069_FDME220051146-1b.15
1,FYNLJ61.51
1,FGXGL47_FDME220052102-1a.14
NA,FJXSRPYG20.6
1,FCQTY030_FDME220051124-1a.20
1,FGSYC15.60
1,FSHHK48_FDME220054515-1a.5
1,FGSYC20.86
1,FGSYC82.88
1,FJSWXJ23.3
1,FSCCD18hun.16
1,L1EFC230350_FJXFC33_S308_L004.3
1,FFJLY74.52
1,FGSYC68.55
1,FSDJN56.26
1,FGSYC6.28
1,FeceHeNa33.72
1,FSHXWN2.13
1,FQHXN92.109
1,FNMHHHHT37.64
1,FJXSRPYG31.103
1,FGXGL2_FDME220052057-1a.23
1,FXJKS35.26
1,L1EFC230267_FXJCJ26_S151_L002.76
1,FJLHD30.13
1,FAHWH42_FDME220050759-1a.35
NA,FZJTZ38.72
1,FSHCM47.18
1,L1EFC230360_FSHXBX24_S318_L004.43
1,M202F01.110
NA,FJNDD12_FDME220051229-1a.119
1,FTJBH73.18
1,FNXYCHL8.118
1,FAHBZ17.57
1,FGSYC7.125
NA,FJXSRPYG19.55
1,FGXGL104.11
1,FHLJZD43.77
1,FSHXBX142.42
1,FCQTY102_FDME220051174-1a.65
2,M119R01.124
NA,FJXSRPYG32.62
1,FAHWH35_FDME220050752-1a.109
1,FGXGL27_FDME220052082-1a.64
1,FGDLZ13.100
1,FJLHD36.105
NA,FSXLVLS21.57
1,FHNXY15.15
1,FGSYC89.41
1,FHBSJZ27.108
1,FNXYCHL89.73
1,FGSYC13.48
1,FHBSJZ30.37
1,FHNXY24.91
1,FSXLVLS19.74
1,FCQJJ2.45
1,FSHCM8.50
1,FYNLJ20hun.108
1,FHLJZD13.65
1,FHNXY43.67
1,FSHXBX87.34
1,FZJTZ48.24
NA,FHNXY44.86
1,FXJWS16.30
1,FFJLY32_FDME220051261-1a.35
1,FSDQZ24.7
1,L1EFC230319_FTJS0003_S245_L003.20
1,FXJCJ41.94
1,FCQTY009.51
1,FSHXWN13hun.128
1,FHLJYC36_FDME220052685-1a.19
NA,FHuNHHMY75.38
1,FSHXBX150.135
1,FGSYC34.6
1,FAHBZ4_FDME220050686-1a.15
1,FTJBH31.11
1,FNMHHHHT7hun.36
2,FFJLY79.60
1,FJSNT18.1
1,FQHXN22.87
1,FSXLL6.31
1,FHLJZD49.104
1,L1EFC230233_FHLJZD05_S78_L001.7
2,FAHWH20_FDME220050742-1a.35
1,FSXTY40.57
1,FGSYC58.54
1,FXJKS9.31
1,L1EFC230331_FTJS0028_S257_L003.63
NA,FGXGL97.15
1,FZJHZD12.13
1,FJNDD1.51
1,FGZ2M.16
1,FSCPS41.64
1,FNXYCHL28.5
1,FHLJZD26.92
1,FSCDJY67.139
1,FHNFQ40.65
1,FSXLL5.19
1,FSDQZ25.32
1,FGXGL71_FDME220052126-1a.36
1,FJNDD11_FDME220051228-1a.73
1,FSCDJY92.59
1,FSCCD2.48
1,FAHWH44_FDME220050761-1a.44
NA,FGXGL85_FDME220052140-1a.52
2,FCQTY070_FDME220051147-1a.77
1,FAHBZ54.39
1,FSHCM54.40
1,FSCCD16.29
1,FNXYCHL51.66
1,FHuNHHMY64hun.89
1,FHLJYC12.90
NA,FSHXBX50.65
1,FHLJZD18.52
1,FSCCD1hun.77
1,FSHXBX151hun.43
1,FCQNA14.78
1,FBJ67.4
1,FJSWX106.49
1,FCQHC10.53
1,FXJYN41.7
1,FXJYN18.70
1,FGSYC61.69
1,M1C10.100
1,FHNFQ62hun.89
1,FGXGL84_FDME220052139-1a.23
2,FHLJDQ10.75
1,FHuBWH8.61
1,FGXGL65_FDME220052120-1a.52
1,FSXTY35.71
1,FZJTZ32.37
1,FGXGL35_FDME220052090-1a.56
1,FGXGL105.72
1,FHBSJZ38_FDME220052229-1a.2
1,FTJBH37.51
1,M101R01.40
1,FBJ16.62
1,FYNLJ36.84
1,FJNDD17_FDME220051234-1a.55
1,FXJYN24.58
1,FeceGuXi150111.15
1,FSHXHZ14.42
1,FHLJZD19.59
1,FGXGL77_FDME220052132-1a.92
1,FSHXBX78.76
1,FXJYN10hun.111
1,FSHXBX127.31
NA,FYNLJ7.73
1,FGZ39M_FDME220052051-1a.37
1,FJNDD2_FDME220051219-1a.66
1,FSHXXA1.13
NA,FZJTZ26.49
1,FSHXBX138.38
1,FTJBH84.40
1,FHuNHHMY78.46
1,FGXGL79_FDME220052134-1a.46
1,FQHXN71.73
1,FGSZY38.20
1,FHLJYC3.36
NA,FHuBWH6.6
1,FJSNT35.18
1,FSHXBX74.57
NA,L1EFC230248_FHLJZD47_S91_L001.53
NA,FCQTY001.56
NA,FCQJJ1.21
1,FXJYN1.50
1,FZJHZD28.57
2,FCQTY144_FDME220051184-1a.75
1,FJLHD52.32
1,L1EFC230287_FXJCJ63_S170_L002.20
1,M2CF17.33
1,SDHZD9.61
1,FFJLY17_FDME220051250-1a.53
1,FSHXBX123hun.33
1,FJSNT29.19
1,FSHXWN21.55
1,FSHXXA35.76
1,FSXLL9.22
1,FSHXWN19.46
1,FJLHD7.58
1,FQHXN40.73
1,FGSZY9.35
1,FGXGL109.41
1,FCQNA2.21
1,FYNLJ59.12
1,FQHXN30.54
1,FSHXHZ12.31
1,FGSZY15.25
1,FHLJZD55.78
NA,FJNDD16_FDME220051233-1a.66
1,FZJTZ50.48
1,FSXLVLS4.41
1,FYNLJ23hun.47
1,FGXGL33_FDME220052088-1a.40
1,FSHHK2.35
1,FGXGL8_FDME220052063-1a.56
1,FXJYN34.37
NA,FJSWXJ25.67
1,FSHXBX91.15
NA,FGDLZ8_FDME220051910-1a.52
1,FGXGL15_FDME220052070-1a.70
1,FGXGL94.22
NA,FJXSRPY8.147
1,FSHCM21_FDME220054536-1a.32
NA,FFJLY22.3
1,FCQTY048_FDME220051133-1a.84
1,FSXTY57hun.1
NA,FSDJN22.31
1,FAHBZ6_FDME220050688-1a.21
1,FSHXHZ4.58
1,FSDLZ14.7
2,FNMHLBE4.115
1,FFJLY28.27
1,FQHXN53.16
1,L1EFC230255_FXJCJ07_S140_L002.46
1,FJSWXJ19.57
1,FGSYC43.41
1,FeceGuXi150112.95
1,FSHXBX63.52
1,FZJHZD6.47
1,FXJWS22.68
1,FSHXBX131.17
1,FGSYC41.17
1,FYNLJ67.44
NA,FAHWH43_FDME220050760-1a.39
1,FJLHD25.28
1,FGXGL92.67
1,FTJBH46.32
1,FSDJN1.34
NA,FQHXN52hun.110
1,FGXGL69_FDME220052124-1a.99
1,FHBSJZ34.118
1,FAHBZ15.57
1,FJXSRPY11.3
1,FGSYC8.49
1,FCQTY012.51
1,FSHXBX159.33
1,FJSWXJ9.8
1,FBJ26.61
NA,L1EFC230356_FJXFC54_S314_L004.85
1,FHNFQ38.42
1,FZJTZ56.41
1,M2CF21.103
1,FZJHZ5.31
1,FSDJN3.57
1,FeceHuBe15015_FDME220052833-1a.15
1,FSHXBX161.21
1,FSHXBX171.59
1,FZJTZ62.37
1,FSDJN14.93
1,FSHXXA25.3
1,FGSYC66.20
1,FJXSRPY24.79
1,L1EFC230343_FJXFC19_S301_L004.57
1,FXJKS47.18
1,M1DZ11.147
1,L1EFC230237_FHLJZD20_S82_L001.27
1,FJSNT38.68
1,FHNXY11.38
1,FSDLZ13.64
1,FGSZY14.33
1,FSXTY61.36
1,FNXYCHL45.139
1,FSHXHZ11.102
1,FHNXY2.35
1,FHuBWH1.90
NA,FFJLY77.65
1,FAHBZ25_FDME220050705-1a.19
1,FGXGL76_FDME220052131-1a.20
1,FYNLJ69.12
1,FJSWXJ16.73
1,FXJYN25.58
2,FSHXHZ8.70
2,L1EFC230299_FXJWS26_S225_L003.51
1,FNMHLBE11hun.49
2,FFJLY23_FDME220051254-1a.1
1,FSHCM71hun.16
1,BJHD3.61
1,FSHXHZ18.55
1,FNMHLBE22.72
1,FSDJN11.59
NA,FSHCM75.71
1,FJSNT31.68
1,FAHBZ13.46
1,FSXLVLS16.63
1,M123F01.89
1,FNXYCHL37.66
1,FFJLY35.41
1,FSXLVWS1hun.72
1,FHuNHHMY10.11
1,FXJWS30.81
1,FSDJN5.57
1,FSHXBX66.53
1,FXJWS13.121
1,FHNXY9.91
1,FGDLZ79_FDME220051957-1a.25
1,FCQTY025_FDME220051121-1a.41
1,FFJLY56_FDME220051237-1a.37
1,FHNFQ29.11
2,FHNXY54.43
1,FSDJN29.63
1,FSXLVLS15.67
1,L1EFC230389_FSHXXA21_S347_L004.83
1,FSHCM84.9
1,FNXYCHL38.73
1,FSHXBX65.84
1,L1EFC230314_FXJWS46_S240_L003.51
1,M2CF18.40
1,FGSYC76.65
1,FZJHZD9hun.67
2,L1EFC230348_FJXFC29_S306_L004.20
1,FBJ13.49
1,FNMHHHHT13.64
1,FZJTZ11.141
1,FHNXY49.125
1,FGDLZ74.107
1,FCQTY165_FDME220051196-1a.29
1,SDHZD14.63
1,FSXTY11.70
1,FSXLVLS14.68
1,FHBSJZ5.44
NA,FYNLJ26.44
1,FHLJYC42_FDME220052691-1a.22
1,FSHCM11hun.30
1,FGSZY44.105
1,FeceHeNa7.34
