tree_group,mag
1,FTJS022.47
1,FJLHD7.61
1,FCQTY105_FDME220051176-1a.3
1,FJSNT72.57
1,FSHCM5_FDME220054522-1a.19
1,FGXGL50_FDME220052105-1a.6
2,FSHCM71hun.9
1,FJSNT24.72
1,FHuBWH15.32
1,FeceHuBe150133_FDME220052849-1a.82
1,FeceHeNa11.93
2,FSCDJY41hun.73
1,FZJTZ52.44
1,FZJTZ4.79
1,FBJ4.69
1,FJXSRPYG14.56
1,FeceHeNa17.39
1,FJLHD53.75
1,FAHWH06.21
1,FHBSJZ49_FDME220052240-1a.63
2,FSHCM93.25
1,FHNXY36.68
2,FSHCM75.112
1,FFJLY6_FDME220051243-1a.4
1,FGXGL53_FDME220052108-1a.4
1,FCQTY061_FDME220051141-1a.87
1,FSHXHZ21.1
1,FSHHK25_FDME220054495-1a.131
1,FFJLY33_FDME220051262-1a.38
2,M2CF19.107
1,FHuNHHMY61.64
1,FFJLY53_FDME220051276-1a.25
1,FGZ3M_FDME220051970-1a.149
1,FJXSRPYG31.70
1,FAHWH07.11
1,FSHHK40_FDME220054509-1a.30
1,FHuNHHMY76.17
1,FHNXY46.24
2,FYNLJ56.106
2,FJSNT65.42
2,FSHCM52.22
1,FeceHeNa5.36
2,FCQTY155_FDME220051191-1a.68
1,FBJ11.19
1,FeceHeNa4.70
1,FYNDL13.19
1,FSHCM4hun.23
1,FZJTZ58.43
1,FSHCM39.30
1,FSHXBX155.192
2,FSHCM94hun.17
2,FHNXY16.36
1,FSHCM56.111
2,FCQTY025_FDME220051121-1a.99
1,FSHXHZ8.91
1,FNXYCHL28.32
1,FGSYC62.33
1,FGXGL15_FDME220052070-1a.8
1,FCQNA25.2
1,FFJLY1_FDME220051239-1a.24
2,FJSNT33.63
