tree_group,mag
1,FCQNA24.19
2,FZJZJ3.8
2,FTJBH41.70
2,JXNC1.5
2,SDWF1.13
1,FSDJN25.24
1,FZJJHD3.18
1,LNSY3.12
2,FSXTY55.7
1,NMGEL5.27
2,FJND10_FDME220051202-1a.14
1,NMGHHHT2hun.25
2,FJND20.5
2,FJND2_FDME220051160-1a.10
2,FZJZJ6.12
2,FGXGL46_FDME220052101-1a.57
2,FSHXBX114.24
1,FZJJH3hun.25
2,FGXGL98.25
1,FGD20I2_FDME220052010-1a.3
1,BJCY3.5
2,BJHD4.21
2,FTJBH11.54
1,FeceHuBe15012_FDME220052830-1a.17
2,NMGCF1hun.5
2,SDHZ8.74
1,NMGHHHT4.12
1,FZJJH2hun.5
2,FJND21.19
1,FJND4_FDME220051162-1a.30
1,SDHZD18.26
2,FGXGL25_FDME220052080-1a.17
1,FZJZJ4.17
2,FeceHuBe15019_FDME220052837-1a.31
1,FZJHZ13.37
2,BJHD7.22
2,FZJZJ5.7
1,FSHXXA11.8
1,FZJHZ6.22
1,SHXXA4hun.13
1,FZJJH7.21
2,BJCP1.15
1,FXJWS3.11
1,FHNFQ4.33
