tree_group,mag
1,FXJSW37.9
2,FHNFQ22.54
1,FXJCJ3.45
2,FHNFQ32.70
2,FHNFQ60hun.42
1,FQHXN106.121
2,FSCPS10.7
1,FZJHZD25.58
1,FQHXN1.114
1,FNMHLBE17.22
1,FSDLZ05.31
1,FQHXN91.26
1,FNMHLBE15.97
1,FGSZY1.23
1,M137R01.8
1,FGSYC57.64
1,FQHXN33.56
1,FSCDJY92.50
2,FGXGL19_FDME220052074-1a.62
1,SHXXA5hun.9
1,FSDQZ21.143
1,FZJHZ25.43
2,FSXLVWS6.51
1,SDHZD11.3
1,FNMHLBE7.113
1,FNMHLBE23.147
2,FZJJH7.23
2,FSDQZ16.121
2,FHNFQ31.66
2,FSDQZ19.180
2,FZJHZD21.78
2,FHNFQ16.66
1,FNMHLBE9hun.37
2,FSCPS81.80
1,FNMHHHHT20.92
2,FJXSRPY8.54
1,FQHXN99.149
1,FNMHHHHT17.56
1,FQHXN74.109
1,FHuNHHMY56.89
2,FGDLZ21.48
1,FXJSW12.90
1,FQHXN97.72
1,L1EFC230319_FTJS0003_S245_L003.77
1,SDHZD14.41
1,FeceHuBe150123_FDME220052844-1a.69
1,FQHXN109.66
1,FSDQZ41.11
2,FSCDYJ6.97
