tree_group,mag
1,FNXYCHL42.73
1,FSXLVLS13.18
1,FZJTZ7.8
1,FSDQZ7.35
1,FNMHLBE16.66
1,FFJLY27_FDME220051257-1a.40
2,FSCPS89.59
1,FGXGL97.39
2,FGZ3M_FDME220051970-1a.12
1,FGZ40M_FDME220052053-1a.138
1,FJXSRPYG19.6
1,FJSWX100.44
1,FSHXWN27.72
1,FHNFQ17.18
1,FSCPS65.47
1,FGXGL67_FDME220052122-1a.42
2,FCQJJ2.38
1,FXJCJ34.44
1,FQHXN6.77
1,FCQTY102_FDME220051174-1a.38
1,FHNXY31.52
1,FGXGL6_FDME220052061-1a.39
1,FFJLY26_FDME220051256-1a.31
1,FSHXBX123hun.71
1,FFJLY65.113
1,L1EFC230287_FXJCJ63_S170_L002.70
1,FXJYN17.39
2,FGDLZ5_FDME220051909-1a.43
1,FSXTY17.42
1,FSXTY51hun.43
1,FGDLZ79_FDME220051957-1a.37
1,FHNFQ58.27
1,FHuNHHMY75.14
1,FHNFQ40.60
2,FCQNA43.113
2,FZJTZ45.16
1,FeceGuXi15019.33
1,FCQTY152_FDME220051189-1a.36
1,FGSYC82.8
1,FYNLJ69.34
1,FSHXBX169.61
1,FSHXBX151hun.62
1,FJXSRPY39.119
1,FSDJN5.14
2,FAHWH15_FDME220050740-1a.65
1,FSHXBX140.38
2,FSCCD8hun.41
2,FSDLZ15.94
1,FHuNHHMY81.14
1,FHLJZD58.5
2,FQHXN55.87
2,FSXTY28.4
1,FQHXN105.11
1,FSHXBX23.26
1,FGZ11M_FDME220051989-1a.15
2,FHBSJZ11.35
1,L1EFC230328_FTJS0025_S254_L003.75
1,FJSNT23.11
1,FAHBZ37_FDME220050714-1a.10
2,FJSWX82.3
1,FeceHeNa16.8
1,FTJBH55.44
1,FJLHD8.109
1,FSDLZ27.59
2,FGXGL48_FDME220052103-1a.28
2,FGXGL88.41
1,FGSZY39.73
1,FSHCM87.43
2,FSHCM79hun.69
1,L1EFC230387_FSHXXA17_S345_L004.116
1,FSXLVWS2hun.58
1,FAHWH44_FDME220050761-1a.5
1,FGSYC15.50
1,FZJTZ65.108
1,FSHXBX19.32
1,FHuNHHMY78.67
1,FGSYC35.45
1,FGXGL81_FDME220052136-1a.72
1,L1EFC230379_FSHXXA03_S337_L004.6
2,FSDJN57.35
1,FJSNT71.30
1,FSHXWN30.34
1,FFJLY47.16
1,M2CF21.17
1,FGSZY33.85
1,FNXYCHL67.23
1,FNXYCHL55.29
1,FHLJZD27.43
2,FSCPS50.72
1,FJSWXJ42.40
1,FFJLY11_FDME220051248-1a.66
1,FCQTY071_FDME220051148-1a.22
1,FCQTY006.64
1,FGSZY30.62
1,FZJTZ37.32
2,FSCDJY41hun.21
1,FGDLZ52.19
1,FGSZY52.46
1,FSHHK23hun.93
1,FGXGL79_FDME220052134-1a.80
1,FJLHD3.97
1,FHLJYC35_FDME220052684-1a.33
2,L1EFC230380_FSHXXA04_S338_L004.51
1,FBJ67.104
1,FHBSJZ25.66
1,FAHBZ46_FDME220050723-1a.33
1,FAHWH01.63
1,FSHCM88hun.65
1,FSDLZ17.106
1,FGZ28M_FDME220052025-1a.16
1,FQHXN7.64
1,FSXTY33hun.47
1,FSCPS8.75
1,FSXTY30.25
1,FAHWH12_FDME220050738-1a.9
1,FCQTY159_FDME220051194-1a.48
2,FSDJN17.90
1,FSHXBX143.15
1,FNMHHHHT41.132
1,FeceHuBe150125_FDME220052846-1a.87
2,FGZ36M_FDME220052036-1a.83
1,FSHCM90.139
1,M2CF04.99
1,FHNXY28.56
1,FCQTY001.77
1,FNMHHHHT29.26
1,FeceHeNa23.26
2,FZJTZ38.43
1,FHBSJZ55.50
1,FNMHHHHT18.34
1,FHLJZD3.1
2,FGZ4M_FDME220051972-1a.71
1,FCQNA11.48
1,FHNXY32.84
2,FFJLY18.14
2,FCQHC9.17
1,L1EFC230274_FXJCJ39_S158_L002.71
1,FSHXHZ12.13
1,FGZ7M.78
1,FSHXBX27.61
1,SDHZD1.36
1,FSDLZ44.53
1,FSHXXA41hun.4
2,FCQTY141_FDME220051183-1a.93
1,FJSNT43.23
1,L1EFC230376_FSHXBX69_S334_L004.10
1,FSCPS12.85
1,FNXYCHL58.6
1,FeceHuBe15013_FDME220052831-1a.122
1,FHNXY41.8
1,FNXYCHL64.77
1,FSXLVLS12.117
2,FeceHeNa11.71
2,FJLHD40.1
1,FNXYCHL69.65
2,FHuNHHMY34.14
1,FHNXY34.100
2,FGSYC39.24
1,FJXSRPY24.81
1,FHNXY5.25
1,FNXYCHL51.27
1,FGSZY34.83
1,FZJTZ28.2
1,FJNDD5_FDME220051222-1a.116
1,FJSWXJ24hun.14
1,FJSWXJ2.38
1,FNXYCHL7.13
1,FSXTY52.61
1,FGXGL92.18
1,L1EFC230333_FTJS0033_S259_L003.92
1,FHNXY3.74
1,FHBSJZ6.16
1,L1EFC230388_FSHXXA20_S346_L004.79
1,FXJYN8.10
2,FGZ37M_FDME220052037-1a.67
2,FSHHK2.62
1,FGSZY23.98
1,FJSNT14.30
1,FXJYN29.100
2,FSDLZ28.41
1,FQHXN21.14
1,FSCPS27.90
2,FSDJN55.81
1,FAHBZ60_FDME220050735-1a.159
1,FSHXBX164.72
1,FGXGL74_FDME220052129-1a.139
1,FXJYN18.58
1,FSCPS35.83
1,FFJLY77.5
1,FZJJH12.78
1,FJSWXJ19.34
2,FSDQZ21.131
1,FGXGL108.60
1,FHNFQ13.113
1,FSDLZ47.94
1,FBJ11.24
1,FHNXY52hun.13
2,FSHXBX150.4
1,FHBSJZ8.41
1,FJSNT45.23
1,FSHXBX61.43
1,FSHXWN15.61
1,FQHXN11.37
1,FSXTY19.55
2,FHLJZD51.38
1,FSHCM17_FDME220054534-1a.102
2,FTJBH50.14
1,FTJBH57.13
1,FJSWXJ29.11
1,FGXGL13_FDME220052068-1a.33
1,FJXSRPYG18.67
2,FCQTY036_FDME220051128-1a.44
2,FHNXY21.73
2,FNMHLBE3.94
1,FSHXBX45.49
1,SDHZD3.39
1,L1EFC230389_FSHXXA21_S347_L004.77
1,FGZ42M_FDME220052055-1a.74
1,FSHCM2.31
1,FJXSRPY35.47
1,FAHWH18.93
1,FJXSRPY6.43
1,FJSWX72.1
1,FZJHZ24hun.21
1,FSHXBX174.19
2,FHuBWH27.17
1,L1EFC230360_FSHXBX24_S318_L004.11
1,FSHXHZ18.24
1,FBJ65.136
1,FSHCM61hun.11
1,FHBSJZ56_FDME220052247-1a.86
1,FSCCD9.54
2,FBJ58.68
1,FGSYC58.5
1,FXJKS40.141
1,L1EFC230233_FHLJZD05_S78_L001.71
2,FSHXBX74.45
1,FSXTY34.48
1,FHNXY13.94
1,L1EFC230330_FTJS0027_S256_L003.8
1,FHNXY48.98
2,FHuNHHMY38.52
2,L1EFC230356_FJXFC54_S314_L004.16
1,FAHBZ42_FDME220050719-1a.5
2,FHBSJZ4.27
1,FBJ60.90
1,FSHXWN33.17
1,FHLJZD15.66
1,FGSYC75.35
1,FCQTY091_FDME220051169-1a.35
1,FXJYN11.131
1,FGDLZ20.26
1,FTJBH38hun.30
2,FTJBH51.29
1,FSHHK46_FDME220054513-1a.17
1,FGSYC90.67
2,FHHMY79.88
1,FGD19M_FDME220052006-1a.92
1,FSHXHZ20.105
2,FGXGL69_FDME220052124-1a.23
1,FYNDL23hun.56
1,FXJSW46.51
1,FSHXWN7.41
1,M2CF16.2
1,FSXTY43.58
2,FBJ57.28
1,FJSWX71.30
1,FYNDL7.29
2,FNMHHHHT10.28
2,FGXGL30_FDME220052085-1a.29
1,FSCPS5.83
1,FHLJZD26.26
1,FTJS016.4
2,FSHXHZ8.119
1,FSDQZ37.66
1,FJSWXJ38.69
2,FHuNHHMY47.39
1,FXJSW15.94
1,FGSYC20.101
1,FSHCM42hun.92
2,FZJTZ60.59
1,FJSWXJ40.29
2,FJNDD15.53
2,FJXSRPYG1.115
1,FSCPS81.31
1,FSXLVLS11.18
1,FGDLZ50_FDME220051930-1a.56
1,FHHMY73.46
1,FeceHuBe150122_FDME220052843-1a.103
1,FZJHZD13hun.44
1,FSHXWN25.2
1,FSDJN4.8
1,L1EFC230366_FSHXBX48_S324_L004.85
1,FNMHHHHT21.47
1,FHBSJZ58.48
1,FAHWH21_FDME220050743-1a.13
1,FJLHD39.83
1,FCQTY058_FDME220051138-1a.32
2,FHNFQ61hun.44
1,FNXYCHL63.91
1,FSHCM69.71
2,FSDLZ26.96
1,L1EFC230304_FXJWS33_S230_L003.55
1,M124R01.27
1,FGXGL32_FDME220052087-1a.20
1,FSDJN37.154
1,FZJTZ32.48
1,FSDLZ53.81
1,FNMHLBE28.32
1,FHBSJZ5.25
1,FHNFQ33.20
1,JSCZD6.67
2,L1EFC230264_FXJCJ23_S148_L002.56
1,FJSNT46.59
2,FSHCM11hun.20
1,FAHBZ8_FDME220050690-1a.41
1,FJLHD27.16
1,FGSYC50.50
1,FTJS020.86
1,FSHHK19_FDME220054489-1a.50
1,FSHXBX17.32
1,FSDQZ30.83
1,FCQNA42.20
1,FSDQZ11.72
1,FNXYCHL71.25
1,FJSWXJ12.29
1,FSHXBX53.95
2,FCQTY136_FDME220051181-1a.75
1,FNXYCHL36.69
1,FAHBZ19.36
1,FSHXWN34hun_FDME22H000409-1a.3
2,FJSNT67.101
1,FJXSRPY44.66
1,FJSNT19.52
1,FeceHeNa26.143
1,FCQNA10.82
1,FAHWH08.65
1,FSHXHZ21.31
1,FGZ5M.66
1,FSHXBX142.93
2,FSXLL1.20
2,FGSYC21.60
2,FXJKS34.23
1,FTJBH_17.137
1,SDHZD13.21
1,FZJTZ26.124
1,L1EFC230315_FXJWS47_S241_L003.27
1,FAHWH23_FDME220050744-1a.32
1,FHBSJZ3.44
1,FSXLL10.116
1,FHLJZD8.6
1,FAHBZ39_FDME220050716-1a.3
2,L1EFC230338_FJXFC11_S264_L003.75
1,FZJTZ48.67
1,FNXYCHL23.6
1,FNMHHHHT36.24
1,FTJBH39hun.32
1,FQHXN58.11
1,FGXGL33_FDME220052088-1a.20
1,FAHWH33.72
1,FQHXN67hun.44
2,FSXTY8hun.104
1,FNXYCHL19.20
1,FBJ16.28
1,FeceHuNa150119.25
1,FXJCJ65.12
1,FGXGL100.14
1,FJXSRPY30.62
1,FGXGL45_FDME220052100-1a.107
1,FHuNHHMY57.30
1,FHBSJZ54_FDME220052245-1a.69
1,FHuNHHMY10.115
1,FSDQZ29.143
1,FXJYN39.20
2,FHLJYC33_FDME220052682-1a.16
1,FCQJJ1.80
2,FGSZY24.22
1,FJSNT24.59
1,FSXLVLS25.46
1,FJNDD3.15
1,FCQTY063_FDME220051143-1a.110
2,FBJ35.35
1,FQHXN23.92
1,FSDJN31.96
1,FSHXHZ24.31
1,FYNLJ20hun.76
1,FNXYCHL53.23
1,FZJTZ42.46
1,FGXGL72_FDME220052127-1a.27
2,FFJLY74.50
2,FGXGL66_FDME220052121-1a.67
1,FNMHHHHT13.78
1,FTJBH35.65
1,FSXLVWS7hun.53
1,SDHZD7.70
2,FHBSJZ13.18
1,FZJTZ1.56
1,FJND9_FDME220051201-1a.66
1,FNMHLBE8.54
1,FSHXBX88.89
2,FGXGL78_FDME220052133-1a.21
1,FJSWXJ22.30
1,FFJLY32_FDME220051261-1a.12
1,FJXSRPY10.26
2,FFJLY72_FDME220051238-1a.50
1,FBJ9.75
2,FTJBH27.115
2,L1EFC230391_FSHXXA34_S34_L003.86
1,FCQTY148_FDME220051187-1a.107
1,FSHXBX132hun.81
1,FJNDD11_FDME220051228-1a.48
1,FSHHK48_FDME220054515-1a.64
1,FeceHuNa15019.66
1,FQHXN48.17
1,FSDQZ15.129
1,FHuBWH1.51
2,FGSZY41.2
1,FGSYC6.79
1,FCQTY067_FDME220051145-1a.15
2,FSDJN48.51
1,FSDLZ33.52
1,FHLJZD6.62
1,FSHHK49_FDME220054516-1a.18
1,FHLJDQ12.98
1,L1EFC230295_FXJWS19_S222_L003.59
2,FHBSJZ49_FDME220052240-1a.28
1,FSXTY48hun.99
2,FHBSJZ26.17
2,FSDQZ32.82
2,FYNLJ66.110
1,FSHXWN35.20
1,L1EFC230334_FJXFC03_S260_L003.51
1,FGSYC44.28
1,FAHBZ9_FDME220050691-1a.12
1,FSHXBX14.18
1,FHLJYC30.21
1,FJXSRPY37.84
1,FGSZY35.91
1,FSHXHZ11.98
1,FHLJYC19.39
2,FCQTY035_FDME220051127-1a.1
1,L1EFC230306_FXJWS35_S232_L003.78
2,M1DZ08.9
1,FGXGL28_FDME220052083-1a.23
1,FeceHeNa17.60
1,FHBSJZ7.34
1,FHuNHHMY3.105
2,FCQTY047_FDME220051132-1a.23
2,L1EFC230355_FJXFC53_S313_L004.3
1,FHuBWH31.38
1,FBJ44.95
1,FJXSRPY38.46
1,FSXTY61.41
1,FGSYC60.63
2,FHLJZD54.40
1,FSHCM13_FDME220054530-1a.88
1,FSHXBX67.27
1,FeceHuNa15012_FDME220052260-1a.3
2,FSHHK7_FDME220054481-1a.35
1,L1EFC230320_FTJS0005_S246_L003.40
1,FGDLZ42.2
1,FSHCM53.33
2,FJSWX96.137
1,FSDLZ49.15
1,FSDLZ25.52
1,FGSZY26.17
2,FSHXBX15.37
1,FSHXBX131.30
1,FHLJZD17.42
1,FBJ48.32
2,FZJTZ58.41
1,L1EFC230292_FXJWS12_S175_L002.33
1,FSHCM98.46
1,FHuNHHMY66.10
1,FHNXY43.72
1,FCQTY097_FDME220051172-1a.73
1,FJSWXJ18.22
1,FZJTZ2.93
1,FNMHLBE6.31
2,FHBSJZ27.49
1,FJXSRPY43.108
1,FNMHLBE4.16
1,FXJSW5hun.22
2,FZJHZD25.87
1,FTJBH13.62
1,FZJHZD16hun.89
1,FJXSRPY27.124
1,FJXSRPY55.36
2,FZJHZD7hun.21
1,L1EFC230336_FJXFC07_S262_L003.86
1,FGXGL9_FDME220052064-1a.19
1,FHNXY2.33
1,FJXSRPY11.76
1,FCQTY166_FDME220051197-1a.39
1,FSHXBX121.82
1,FJLHD18.55
1,FSXTY58hun.64
2,FAHBZ43.146
1,FJSNT9.10
1,FQHXN45.31
1,FBJ61.1
1,FGZ39M_FDME220052051-1a.57
2,FGSZY32.49
1,FHNFQ6.75
2,M123F01.5
1,FSHXBX141.37
2,FeceHuNa150122.51
1,FeceHeNa2.63
1,L1EFC230283_FXJCJ52_S166_L002.30
2,FZJJH15.18
1,SDHZD12.50
1,FFJLY66.2
2,FZJHZD8.36
1,FJXSRPYG31.12
1,FHNXY23.74
1,L1EFC230395_FSHXXA48_S38_L003.37
1,FJXSRPY12.80
1,FSDQZ14.79
1,L1EFC230282_FXJCJ51_S165_L002.14
1,FSXLVLS7.24
2,FSHXXA29.41
1,FSCDJY49.30
1,FGXGL85_FDME220052140-1a.66
1,L1EFC230310_FXJWS40_S236_L003.26
1,FCQJJ4.29
2,L1EFC230327_FTJS0023_S253_L003.27
2,FYNDL2.76
1,FSDLZ41.80
1,FGSYC62.61
1,FAHWH43_FDME220050760-1a.46
2,FeceGuXi150113.57
2,FJSWX105.49
2,FGSYC10.38
1,FSHCM97.76
1,FSDQZ48.76
1,FJXSRPY21.9
1,FSHXBX49.48
1,FNMHHHHT28.48
1,FNXYCHL28.50
1,FBJ55.8
1,FHBSJZ53_FDME220052244-1a.31
1,FSHXHZ25.60
2,FJSNT39.44
1,FSHXBX163.14
1,FSHHK31hun.58
1,FHLJZD59.4
2,FTJS022.20
1,FGXGL41_FDME220052096-1a.17
1,FGXGL22_FDME220052077-1a.55
1,FSHHK6.28
1,FZJTZ56.103
1,FSHXBX63.70
2,FJXSRPY53.91
1,FGSYC49.89
1,FHHMY84.64
1,L1EFC230384_FSHXXA08_S342_L004.14
1,FJSWXJ39.19
2,FTJBH25.81
2,FSDJN46.17
1,FSDJN12.67
1,FGXGL19_FDME220052074-1a.31
1,FZJTZ50.66
2,FGXGL62_FDME220052117-1a.66
1,FSHXBX122.11
2,FCQHC16.57
1,FAHBZ7_FDME220050689-1a.99
1,FZJTZ18.33
1,FNMHLBE1.95
2,FSCPS46.67
1,FSDJN50.52
1,FSCDJY67.187
1,FHBSJZ16.62
1,FHuBWH11.3
2,FFJLY17_FDME220051250-1a.36
1,FHNXY46.119
1,FSXTY22.5
1,FGZ27M_FDME220052023-1a.31
1,L1EFC230302_FXJWS31_S228_L003.59
1,FSCPS39.69
2,FTJBH74.12
2,FJXSRPYG28.52
1,FHNXY51.40
1,FSDLZ18.70
1,FGSYC71.26
1,FGSYC8.60
1,FNMHLBE12.25
1,FSDQZ35.84
1,L1EFC230381_FSHXXA05_S339_L004.74
1,FGSYC72.80
1,FCQTY033_FDME220051126-1a.39
1,FGSZY29.104
1,FHLJDQ8.62
2,FCQTY094_FDME220051171-1a.79
1,FSDJN40.21
2,FSHHK26.46
1,FXJWS17.24
1,FHuNHHMY19.62
1,FGXGL35_FDME220052090-1a.17
2,FYNLJ60.20
1,FGXGL7_FDME220052062-1a.50
1,FSDJN22.44
1,FQHXN63hun.47
1,FGSYC83.47
1,FJSWX107.117
1,FZJTZ14.103
1,FGXGL31_FDME220052086-1a.36
1,FJLHD17.7
1,FBJ52.30
1,FJLHD38.129
1,FGXGL103.19
1,FQHXN32.65
1,FSCDJY73.5
1,FSCPS73.40
1,FXJYN41.24
1,FGXGL90_FDME220052145-1a.33
1,FGDLZ4_FDME220051908-1a.93
1,SDHZ11.41
1,FZJTZ43.66
1,FZJTZ33.113
1,FJSWX104.56
1,L1EFC230271_FXJCJ35_S155_L002.29
1,FGXGL18_FDME220052073-1a.90
1,M2CF05.65
1,FJLHD16.7
2,FeceHeNa20.134
1,FHLJYC21.39
1,FSDLZ48.46
1,FSXTY40.78
2,FGSYC12.2
1,FSDLZ42.55
2,FHNXY10.32
1,FNXYCHL87.95
2,FNXYCHL33.31
2,FCQTY140_FDME220051182-1a.42
2,FSXTY29hun.78
2,FZJTZ70.28
1,FJLHD55.42
1,L1EFC230362_FSHXBX40_S320_L004.57
1,M130R01.62
1,FSXTY39.56
1,FTJBH42.6
1,FNXYCHL46.105
2,FCQTY108_FDME220051178-1a.33
1,FGSYC7.45
1,FHNXY7.41
1,FJSWXJ30.26
1,L1EFC230326_FTJS0013_S252_L003.47
1,FSHXBX65.46
1,FHBSJZ37.17
1,FGZ2M.25
1,FGDLZ58.52
1,FSHHK5hun.35
2,FGDLZ9_FDME220051911-1a.72
2,FFJLY43_FDME220051271-1a.81
1,FJXSRPY45.70
2,FFJLY78.11
1,FGXGL87_FDME220052142-1a.30
1,FQHXN15.65
1,FHuBWH29.9
1,FBJ22.46
1,FSHXBX47.60
1,FSHXBX5.18
1,FJND3_FDME220051161-1a.4
1,FSHCM35.27
1,FHNFQ48.61
1,FSDLZ20.109
1,FTJBH17.56
1,FNXYCHL44.15
2,FSHHK17hun.33
1,FXJWS29.62
1,FSHXBX44.25
1,FFJLY46_FDME220051273-1a.23
1,FJSNT66.49
1,JXNC4.27
2,FSXLVWS9.87
1,FGSYC26.95
1,FBJ7.101
1,FHBSJZ19.65
2,FZJTZ46.28
1,FNXYCHL68.55
2,FSHCM95.12
1,M116R01.62
1,FSXTY13hun.21
1,FGSYC16.47
2,FQHXN8.17
1,FZJTZ27.51
1,FSDLZ37.27
1,FXJSW10.47
1,L1EFC230394_FSHXXA43_S37_L003.40
2,FSDQZ39.100
2,FGDLZ84_FDME220051962-1a.88
1,FTJS030.55
1,FNXYCHL61.107
1,FSHHK1.59
1,FGDLZ19_FDME220051917-1a.57
1,FZJTZ16hun.24
1,FHuBWH33.49
2,FHNFQ54.93
1,FGXGL56_FDME220052111-1a.64
1,FJSNT21.111
1,FCQTY043_FDME220051131-1a.45
1,FGXGL102.53
1,FGXGL96.68
2,FGSZY28.63
1,FGXGL44_FDME220052099-1a.65
1,FSXLVLS17.38
1,FSHXBX9.29
1,FZJTZ13.66
1,FSHXWN12.48
1,FAHWH28_FDME220050746-1a.54
1,FAHBZ35.16
1,FeceHeNa25.18
1,FJLHD32.47
2,FYNDL21hun.64
2,FCQHC8.77
1,FHuNHHMY56.72
1,FGXGL38_FDME220052093-1a.27
1,FCQTY106_FDME220051177-1a.77
1,FeceGuXi150116.93
1,FQHXN83.93
1,FYNLJ70.81
1,FGDLZ33_FDME220051920-1a.30
1,FFJLY16.44
1,FZJHZD15.12
1,FGXGL86_FDME220052141-1a.16
1,FZJHZD26.81
1,FSHCM20_FDME220054535-1a.41
1,FGSYC32.19
1,FSHHK27hun.7
1,FHBSJZ17.4
1,L1EFC230294_FXJWS15_S177_L002.15
1,FSHXBX112.42
1,FHBSJZ20.44
1,FNMHLBE5.23
1,FXJCJ31.6
1,FSHCM80.17
1,FGSZY9.45
1,FGDLZ85.43
1,FNMHHHHT42.18
1,FJXSRPY15.84
2,FJND18_FDME220051209-1a.41
1,FXJWS43.55
2,FSHXXA30.9
1,FJXSRPYG20.26
1,FYNLJ45.3
2,FGSYC28.7
1,FSDLZ24.80
2,FJXSRPY54.76
1,L1EFC230297_FXJWS23_S223_L003.14
2,FHuNHHMY22.66
1,SDHZ2.52
2,FJSNT20.104
2,FQHXN97.164
1,FSHCM37.70
1,FHNXY62.85
1,FSCDYJ7.15
1,L1EFC230367_FSHXBX51_S325_L004.15
2,FFJLY53_FDME220051276-1a.51
1,FSHXBX129.86
1,FSDJN41.42
2,FFJLY56_FDME220051237-1a.81
1,FGSYC87.2
1,FCQNA2.86
1,FSDLZ11.6
1,FBJ29.30
2,FHuNHHMY28.36
1,FSDLZ56.84
1,FZJTZ6.59
1,FSHCM38.119
1,FJSWXJ3.14
1,FSHCM15_FDME220054532-1a.31
1,FYNLJ72.30
1,FGXGL51_FDME220052106-1a.14
1,JSCZD5.42
1,FHNFQ29.83
1,FTJBH19.55
2,FBJ3.5
1,L1EFC230324_FTJS0010_S250_L003.20
1,FGSZY40.63
1,FTJBH7.131
1,FeceHuNa150128_FDME220052275-1a.18
1,FGZ9M_FDME220051984-1a.99
1,FGSYC89.57
2,FSDLZ40.126
1,FSXTY2hun.89
1,FAHBZ21_FDME220050701-1a.95
2,FTJBH83.6
2,FHLJYC34.79
1,FJSWX97.43
1,M2CF19.88
1,FSDJN14.11
1,FNXYCHL30.24
1,FZJTZ31.82
1,FHLJYC14.64
