tree_group,mag
1,FCQTY021_FDME220051118-1a.8
1,FSDJN12.117
1,FJND23_FDME220051214-1a.8
1,SHXXA5hun.6
1,L1EFC230345_FJXFC21_S303_L004.44
1,FHLJYC30.28
1,FGSYC30.108
1,FSCCD15.12
1,FGSZY9.67
1,FHLJZD46.18
1,FJND19_FDME220051210-1a.15
1,FSHHK40_FDME220054509-1a.1
2,FSHHK7_FDME220054481-1a.95
2,FGSZY53_FDME220051904-1a.66
2,FNXYCHL93.9
1,FZJTZ56.82
1,FCQTY010.153
1,FBJ61.72
2,FFJLY16.36
1,FSCCD13.25
1,FTJS006.28
1,FSHHK33hun.23
1,FSHHK29_FDME220054498-1a.57
2,FTJBH7.32
2,FHBSJZ8.78
1,FHuNHHMY85.26
2,HuNCS3.15
1,BJHD7.18
1,FQHXN18.63
1,FGSYC33.15
2,FSHHK23hun.82
1,FBJ58.11
2,FSDJN39.46
1,FSHXXA35.30
2,FJSNT43.94
1,FZJJHD2.19
2,FSHCM98.21
2,FJXSRPY44.61
1,FJSWXJ7.27
2,FAHWH16.56
1,FAHBZ32_FDME220050712-1a.72
1,FSDQZ29.32
1,FSXTY4.10
1,FSXTY33hun.49
1,FJSWXJ8.90
1,FHuNHHMY67.7
1,FSXLL11.46
1,FCQTY106_FDME220051177-1a.54
1,L1EFC230391_FSHXXA34_S34_L003.15
2,FSHXWN8.47
1,FQHXN15.18
1,FSHCM53.32
1,FZJTZ53.29
2,FTJBH19.2
2,FCQTY054_FDME220051137-1a.30
1,FSCPS27.79
2,FQHXN4.113
2,FFJLY59_FDME220051278-1a.8
2,FJXSRPY55.18
1,FHLJYC11.32
1,FSHXXA33.12
2,FSXLVLS7.14
2,FCQNA40.87
2,FSHXWN13hun.9
1,FHBSJZ42_FDME220052233-1a.83
2,FHLJDQ7.35
2,FSXTY48hun.86
2,M2CF14.1
NA,FJXSRPY43.35
1,FJSWXJ32.10
1,FAHBZ26_FDME220050706-1a.29
1,FNXYCHL44.56
