tree_group,mag
1,FXJCJ4.61
1,FXJYN36.89
1,FHNFQ20.46
1,FHNFQ2.54
1,FZJTZ65.85
2,FAHBZ43.43
1,FTJBH25.118
2,FNMHLBE25hun.165
1,FJSWXJ7.57
1,FHuNHHMY30.64
1,L1EFC230364_FSHXBX42_S322_L004.65
2,FSHXBX70.94
2,FSCPS4.155
2,FSDQZ27.11
2,M105F01.35
1,FHLJZD8.104
1,L1EFC230239_FHLJZD23_S84_L001.35
1,FNMHLBE7.67
1,FJSWX86.21
NA,FXJKS11.15
1,FXJSW48.71
1,FTJBH17.110
1,FTJBH_17.83
2,FSHXBX157.98
2,FGXGL32_FDME220052087-1a.120
2,L1EFC230236_FHLJZD14_S81_L001.20
1,FQHXN1.35
2,FNMHHHHT17.112
1,FHuNHHMY13.84
2,FHLJDQ10.26
2,FHLJYC29.130
1,FSCPS41.47
1,FXJSW10.59
2,FeceHuBe150121_FDME220052842-1a.141
2,L1EFC230300_FXJWS27_S226_L003.45
1,FSCDJY67.103
2,FGXGL6_FDME220052061-1a.36
1,FSHHK41_FDME220054510-1a.121
2,M214F02.81
2,FAHBZ18_FDME220050698-1a.69
