tree_group,mag
1,FSCPS9.114
2,FHLJZD54.54
2,FHLJZD21.70
2,FXJKS27.25
1,FGSYC4.15
2,FXJSW7.127
1,FNXYCHL89.107
2,FSCDJY93.129
1,FSCPS39.78
2,FSDQZ16.96
1,FHuNHHMY30.32
2,FSDQZ33.83
2,FSDQZ29.41
1,FXJSW11.71
1,FNXYCHL11hun.79
1,FNMHLBE14.42
2,FSDQZ18.62
2,FSCCD11.83
2,FSDQZ38.4
1,FSCCD14hun.7
1,FSCPS61.78
1,FHNFQ33.63
1,FNXYCHL24.118
2,L1EFC230279_FXJCJ45_S163_L002.28
2,L1EFC230313_FXJWS45_S239_L003.18
2,FHNFQ50.58
2,FGDLZ35.34
1,FXJWS4.49
2,FXJKS48.57
2,FSDQZ32.10
1,FQHXN4.112
1,FAHBZ56.46
2,FXJKS43.86
2,FXJKS15.72
1,FHNFQ19.78
2,FAHBZ21_FDME220050701-1a.29
1,FHNFQ30.103
2,FXJKS13.89
2,FXJKS16.1
1,FSCCD6.97
2,L1EFC230236_FHLJZD14_S81_L001.77
2,FNMHLBE18.141
2,FXJKS10.135
2,FZJTZ54.28
2,FQHXN7.1
2,FSCCD9.111
2,L1EFC230246_FHLJZD42_S89_L001.78
2,FHuNHHMY40.19
1,FHLJZD41.10
2,FNMHLBE24.50
1,FAHWH38_FDME220050755-1a.126
2,FAHBZ31_FDME220050711-1a.65
2,FSDQZ22.106
1,FZJTZ55.32
1,FHNFQ31.57
1,FJLHD33.118
1,FHLJZD49.59
2,L1EFC230248_FHLJZD47_S91_L001.5
2,FHNFQ21.95
2,FSDLZ56.98
1,M206F01.23
2,FNXYCHL39.5
1,FHLJZD27.65
1,FSCDJY49.47
1,FNXYCHL52.72
2,L1EFC230247_FHLJZD44_S90_L001.63
1,FXJSW12.68
2,FXJKS20.1
2,FHLJZD51.43
2,FHNFQ55.50
2,FAHBZ57_FDME220050732-1a.4
1,FHuNHHMY3.134
1,FNXYCHL45.37
1,FXJSW50.131
