tree_group,mag
1,FSDQZ1.35
1,FSDLZ05.57
1,L1EFC230310_FXJWS40_S236_L003.121
1,FSHHK14.55
1,FZJTZ8.14
2,FAHBZ11_FDME220050693-1a.55
1,FZJHZD20.79
1,FJXSRPY46.43
2,FSDLZ34.62
2,FSDLZ36.12
1,FYNLJ56.79
2,FHuNHHMY10.28
2,FNXYCHL52.36
2,FAHBZ44_FDME220050721-1a.129
1,FAHWH02.66
1,FHNFQ39.16
1,FSHXXA27.28
1,FJLHD17.106
2,FSDQZ36.92
1,FSHHK42_FDME220054511-1a.92
2,FAHBZ12.23
2,FSHHK27hun.24
1,FZJTZ54.15
2,FBJ28.81
1,FSHXBX18.11
1,FHLJYC23.85
2,FJLHD9.74
1,FNXYCHL61.87
2,FGXGL101.76
1,FNXYCHL50.7
1,SDHZ2.41
2,FSDLZ35.13
2,FAHBZ47_FDME220050724-1a.72
1,FSDLZ04.82
1,FJXSRPY25.66
1,FNXYCHL71.96
1,FHNFQ49-1.30
1,FSDQZ9.19
2,FSDLZ25.100
1,FXJYN21.15
2,FSHXWN20.17
1,FFJLY18.67
2,FHuNHHMY56.97
2,FHNXY53.78
1,FSDLZ50.40
2,FSDLZ26.46
1,SDHZD12.6
1,FNXYCHL11hun.46
1,FHLJZD11.65
