tree_group,mag
1,FZJHZD11.30
1,FZJTZ44.41
1,FGZ26M_FDME220052020-1a.18
1,FGXGL65_FDME220052120-1a.113
1,FJSNT9.6
1,FGSZY26.67
1,FGSZY35.81
1,L1EFC230391_FSHXXA34_S34_L003.101
2,FQHXN110.48
1,FSHXHZ7.53
1,FeceHuNa15019.80
1,FSXLVLS15.92
1,FGZ3M_FDME220051970-1a.46
2,FGSZY7.59
1,FSDQZ29.13
1,FSHXHZ20.28
1,FHuNHHMY6.169
1,FGSZY34.10
1,FGXGL96.33
1,FSHXWN27.26
1,FHNXY29.53
1,FFJLY43_FDME220051271-1a.6
1,FGXGL2_FDME220052057-1a.73
1,FSDLZ26.47
1,FSDJN55.85
1,FNXYCHL53.152
1,FQHXN72hun.51
1,FNMHHHHT37.5
1,FNXYCHL9.44
1,SDHZD16.13
1,FXJSW20.20
1,FJXSRPY12.57
1,FSXTY7hun.11
2,FXJYN29.95
1,FSHCM98.22
1,FSXTY40.74
1,FSHXBX155.82
1,FGXGL89_FDME220052144-1a.25
1,FSHXWN12.95
1,FSHXBX128.40
1,FHBSJZ39_FDME220052230-1a.74
1,FSHCM31.104
1,FCQTY060_FDME220051140-1a.44
1,L1EFC230274_FXJCJ39_S158_L002.58
1,FeceHeNa8.99
1,FBJ65.100
1,FXJYN33.126
1,FSCDJY68.20
1,FHBSJZ25.42
1,FGSZY36.98
1,FeceHuBe150124_FDME220052845-1a.72
1,FBJ40.35
1,FGSYC60.67
1,FSXTY34.37
1,FGSYC13.75
1,FSXTY15.42
1,FGXGL60_FDME220052115-1a.40
1,FNMHLBE9hun.5
1,FHNXY60.14
1,M2CF09.1
1,FSHXBX129.71
2,FQHXN58.60
2,L1EFC230271_FXJCJ35_S155_L002.3
2,L1EFC230339_FJXFC12_S265_L003.133
1,FGXGL34_FDME220052089-1a.37
1,FNMHHHHT22.66
1,FQHXN14.106
1,FSHXBX126.35
1,FBJ51.38
1,FCQNA32.4
1,FSHCM77hun.3
1,FTJBH51.49
1,FSDLZ42.48
2,M2CF07.65
1,FSDJN4.44
1,L1EFC230331_FTJS0028_S257_L003.21
1,FSDJN24.79
1,FSHXBX162.31
1,FQHXN78.24
2,FSHXBX106.59
1,FHBSJZ41_FDME220052232-1a.70
1,FSXLL3.52
1,FGSYC72.23
2,FXJYN31.53
1,FHBSJZ35.10
1,SDHZD3.16
1,FSDLZ44.41
2,FXJYN5.104
1,L1EFC230385_FSHXXA13_S343_L004.109
2,FQHXN108.69
1,FSHXWN17.78
1,FGXGL74_FDME220052129-1a.54
2,FXJKS11.53
1,FSXLL17.55
2,L1EFC230256_FXJCJ12_S141_L002.43
1,FSXLVLS12.105
1,FXJWS29.46
1,FZJTZ30.81
1,FSHXBX57.14
1,L1EFC230376_FSHXBX69_S334_L004.98
1,FSDLZ35.18
1,FNXYCHL12.127
1,L1EFC230329_FTJS0026_S255_L003.43
1,FGD17M_FDME220052001-1a.53
2,FXJYN25.90
2,M1C12.45
1,L1EFC230324_FTJS0010_S250_L003.2
1,FSDJN48.31
2,M1C2.43
1,FGSZY55.40
1,FAHBZ40_FDME220050717-1a.116
1,FQHXN39.17
1,FJSWXJ16.35
1,FJSNT32.62
1,FSHCM54.92
1,FGZ4M_FDME220051972-1a.78
2,FXJKS47.66
1,FTJS012.60
1,FSHCM96.61
1,FZJTZ22.111
1,FTJBH84.68
1,FSDLZ24.21
1,FSHXXA27.81
1,FSXLVLS25.54
1,FQHXN102.108
1,FNXYCHL75.21
2,L1EFC230333_FTJS0033_S259_L003.25
1,FQHXN83.3
2,FJXSRPY36.44
2,FeceHuNa15012_FDME220052260-1a.104
1,FAHBZ17.73
1,FTJBH7.47
1,L1EFC230318_FTJS0001_S244_L003.49
1,FGXGL11_FDME220052066-1a.74
1,FHLJDQ12.104
1,FQHXN34.71
1,FYNDL28hun.19
1,FSHXHZ3.61
1,FGDLZ5_FDME220051909-1a.85
1,FSDQZ6.72
1,FBJ63.48
1,FCQTY007.9
1,FGSYC32.13
1,FSDQZ42.132
1,FHLJYC33_FDME220052682-1a.29
1,FQHXN15.3
1,SDHZD2.94
1,FHuNHHMY3.52
1,FXJSW5hun.66
1,FFJLY7_FDME220051244-1a.32
2,L1EFC230255_FXJCJ07_S140_L002.30
1,FHuBWH1.2
1,FZJTZ20.126
1,FGSZY52.59
1,FHBSJZ44_FDME220052235-1a.21
1,L1EFC230282_FXJCJ51_S165_L002.26
1,FGDLZ81_FDME220051959-1a.101
1,FSHXWN2.28
1,FGDLZ22_FDME220051918-1a.68
2,FSHXBX66.58
2,FNMHLBE11hun.6
1,FSDJN26.10
1,FSHXBX43.16
1,FGSZY12.122
1,FSCDJY69.99
2,FXJWS48.31
1,FGSZY44.108
1,FGXGL12_FDME220052067-1a.1
1,FHBSJZ54_FDME220052245-1a.23
1,FGXGL90_FDME220052145-1a.37
1,FSHXBX27.1
1,FSDLZ17.12
1,M2CF18.18
1,FTJBH27.57
1,FNXYCHL1.29
1,FSHXBX60.56
1,FQHXN101.40
2,FHNXY32.101
1,FSHXBX125.96
1,FHNXY28.28
1,FHLJYC10.57
1,FJSWXJ24hun.42
1,FSHXBX167.79
1,FYNLJ7.87
1,FeceHuNa150139_FDME220052282-1a.13
1,FeceHeNa27.53
2,FQHXN106.42
1,FJSNT27.20
1,FYNLJ48.20
2,L1EFC230273_FXJCJ38_S157_L002.56
1,FTJS015.39
1,FSXLL8.28
1,FSHXBX157.93
1,FSHXBX165.56
1,M124R01.94
1,FSCDJY57.74
1,FCQTY154_FDME220051190-1a.4
1,FHNXY8.75
1,FYNLJ62.34
2,FGSZY9.9
1,M2CF15.22
2,FQHXN63hun.123
1,L1EFC230306_FXJWS35_S232_L003.17
2,M2CF06.56
1,M105F01.130
1,FGXGL20_FDME220052075-1a.84
1,FTJS030.117
