tree_group,mag
1,M2CF20.25
2,FSXTY14.59
1,FGZ41M_FDME220052054-1a.75
1,FGSYC21.22
2,FNMHHHHT19.39
NA,FJSWX91.44
NA,FSHXBX138.10
2,FSDJN38.86
1,FSHXBX50.43
2,FSDQZ27.21
2,FHNFQ57.31
1,L1EFC230288_FXJCJ64_S171_L002.112
2,L1EFC230355_FJXFC53_S313_L004.114
2,FSDLZ33.46
2,FHLJYC14.51
2,FSDQZ42.150
2,FSHCM22_FDME220054537-1a.48
2,FSCDJY68.31
2,FSDQZ29.12
2,FeceHeNa25.75
2,FSDQZ4.53
2,FHLJZD41.55
1,FGXGL20_FDME220052075-1a.54
1,L1EFC230236_FHLJZD14_S81_L001.4
2,FeceHuBe15015_FDME220052833-1a.37
2,FSDJN20.23
1,FSHXBX15.7
1,L1EFC230391_FSHXXA34_S34_L003.44
2,FSCCD21hun.17
2,FNMHHHHT36.34
2,FHuNHHMY19.6
2,FTJBH72.45
1,FGZ40M_FDME220052053-1a.64
1,L1EFC230234_FHLJZD07_S79_L001.29
1,FHLJYC34.8
1,FGXGL50_FDME220052105-1a.51
1,FSDQZ15.116
1,FHBSJZ33.18
1,FSCCD7hun.96
2,FJLHD35.20
2,FJLHD15.59
2,L1EFC230244_FHLJZD35_S87_L001.36
1,FXJYN4.38
2,FSXTY59.8
1,FHBSJZ27.72
1,L1EFC230266_FXJCJ25_S150_L002.7
2,FHuNHHMY6.87
2,FGXGL18_FDME220052073-1a.33
2,FGXGL78_FDME220052133-1a.43
2,FHLJZD53.107
NA,FGDLZ22_FDME220051918-1a.20
1,FBJ30.69
2,FAHWH12_FDME220050738-1a.62
1,FGSZY9.53
1,JSCZD5.91
NA,FSXTY15.79
2,FJXSRPY15.32
2,FeceHeNa23.82
2,FCQNA40.71
2,FXJCJ21.83
2,FHBSJZ31.5
2,FXJCJ16.50
2,FSDLZ25.19
1,FeceHuBe150117_FDME220052839-1a.3
2,FQHXN52hun.98
1,FHLJZD31.64
2,FJLHD25.8
2,FZJTZ52.105
2,FHLJYC42_FDME220052691-1a.127
2,FHNFQ20.4
2,FCQHC1.13
2,FHLJZD45.50
2,FSDLZ32.103
2,FTJBH46.27
2,FHuBWH36.62
2,FSHXXA27.57
2,FHuNHHMY39.69
2,L1EFC230239_FHLJZD23_S84_L001.29
2,FJXSRPY22.84
2,FSDLZ26.36
1,FHNXY4.76
2,FHuNHHMY69.16
2,FSHCM99.38
2,FNXYCHL58.43
2,FSDLZ16.76
2,FHLJZD39.28
2,FJSNT4.120
2,FGZ26M_FDME220052020-1a.20
1,FSCPS81.83
2,FSXTY56.24
2,FCQTY022_FDME220051119-1a.47
2,FGXGL58_FDME220052113-1a.79
1,FNXYCHL59.46
2,FHBSJZ48_FDME220052239-1a.44
2,FYNLJ45.44
2,FeceHuNa150124_FDME220052272-1a.84
1,FNMHLBE28.11
1,FNMHHHHT20.1
2,FSDQZ26.62
2,FHLJZD50.59
2,FBJ4.3
2,FHLJDQ7.105
