tree_group,mag
1,FQHXN92.91
1,FSCPS57.9
1,FQHXN7.34
2,FSHCM51.11
1,FQHXN99.155
1,FJSWX107.4
2,FSDLZ12.5
1,FGDLZ65_FDME220051946-1a.1
2,FeceHuBe150132_FDME220052848-1a.55
1,FXJYN33.66
1,FSCDJY38.3
2,FCQHC10.70
2,FQHXN14.47
1,L1EFC230248_FHLJZD47_S91_L001.25
1,L1EFC230351_FJXFC35_S309_L004.61
1,FSDLZ15.61
1,FGDLZ35.6
1,FHLJZD28.103
1,FSDLZ25.46
1,FNMHHHHT12.55
1,FSCPS11.34
2,FQHXN6.17
1,FSHHK25_FDME220054495-1a.92
2,FSDQZ35.128
1,FBJ43.42
1,FSDQZ30.153
2,FJLHD50.95
1,FSHXBX57.8
2,FHLJZD17.61
1,FNMHHHHT10.128
2,FJSNT18.93
2,FJLHD37.116
2,FSCDJY22.76
2,FJLHD42.15
1,FBJ2.59
2,FGXGL53_FDME220052108-1a.88
1,FNMHLBE24.81
1,FSCPS36.3
2,FCQTY085_FDME220051156-1a.11
1,FSHXBX155.64
1,FSDLZ49.116
1,FSHXWN30.12
2,FGSYC78.32
1,FXJKS51.168
1,FXJKS17.70
2,FSHHK50_FDME220054517-1a.60
1,FSCPS62.54
1,FSDQZ29.25
1,FXJKS11.173
1,FSHXBX90.5
1,FSCPS4.41
2,FSDLZ47.84
1,FSCCD9.52
1,FSDQZ20.33
2,FSDLZ56.78
2,FHNXY7.170
1,FSCCD2.112
2,FSHHK41_FDME220054510-1a.100
1,FAHBZ21_FDME220050701-1a.92
2,FJLHD45.61
1,FJSNT20.65
2,FQHXN1.9
1,FNMHLBE20.47
2,FJXSRPY8.80
2,FJLHD34.100
1,FeceHuBe15013_FDME220052831-1a.77
2,FSHHK4.137
1,FSHCM55hun.81
2,L1EFC230355_FJXFC53_S313_L004.51
1,FSDLZ19.90
1,FXJKS25.12
1,FJLHD44.76
2,FXJYN27.86
1,FYNDL10hun.77
1,FQHXN52hun.18
2,FSDLZ18.69
1,FSHCM57.10
1,FSHHK47_FDME220054514-1a.109
1,FBJ60.97
1,FSCCD14hun.71
1,FXJYN29.24
1,FSHXBX76.66
2,FGSYC4.65
2,M1C8.68
1,FXJWS4.133
2,FNMHLBE23.116
1,FCQNA40.7
1,M1C7.70
1,FHuNHHMY29.112
1,FHNFQ50.89
1,FeceGuXi150110.87
1,FSCDJY31.158
1,FSDLZ03.10
2,FGD18M_FDME220052004-1a.5
2,FNXYCHL71.121
1,FGSYC25.22
1,L1EFC230235_FHLJZD10_S80_L001.23
1,FGDLZ24_FDME220051919-1a.106
1,FSDJN60.25
2,FXJSW22.191
2,FJXSRPY47.84
2,L1EFC230247_FHLJZD44_S90_L001.118
2,FSDLZ01.121
1,FSCDJY49.81
1,L1EFC230332_FTJS0029_S258_L003.29
2,FSCPS45.75
2,FSCDJY69.77
2,FXJSW10.90
