tree_group,mag
1,FJXSRPYG14.35
1,FGXGL18_FDME220052073-1a.79
2,FHNXY8.16
2,FSHXBX66.50
2,FQHXN70hun.110
2,FXJWS7.93
2,FQHXN14.191
1,FHLJYC4hun.139
2,FXJWS38.21
1,FGD17M_FDME220052001-1a.122
1,FGXGL81_FDME220052136-1a.107
1,FJSNT31.53
2,SDHZD16.105
1,FSCDJY69.152
2,FSXLVLS16.81
2,FXJKS8.67
2,FBJ5.27
2,FSHXBX74.7
2,M2CF08.49
1,FFJLY23_FDME220051254-1a.18
2,FHNXY31.41
1,FJLHD8.71
1,FSHXHZ3.53
1,FTJBH45.37
2,FTJBH48.56
2,FeceHuBe150111.61
2,FHNFQ24.38
2,FBJ44.89
2,FHBSJZ19.63
1,FGDLZ15_FDME220051915-1a.115
2,FSDLZ57.82
2,FGSYC58.19
2,FSXLL5.38
1,FSCDJY98.26
1,FHLJYC24hun.66
1,FHuNHHMY81.68
2,FHNXY17.32
1,FSDJN29.22
2,FHBSJZ7.42
1,FJXSRPYG28.6
2,FHBSJZ31.7
2,FHLJYC36_FDME220052685-1a.85
2,FSHXBX14.39
1,FAHWH15_FDME220050740-1a.58
2,FHNXY12.28
2,FSHXBX158.1
1,FJLHD30.27
