tree_group,mag
1,FHuBWH2.51
1,FJLHD1.43
1,FSDJN4.91
2,FFJLY5_FDME220051242-1a.69
1,FGSZY53_FDME220051904-1a.45
2,M207F01.26
2,FNXYCHL9.100
2,FGXGL12_FDME220052067-1a.99
NA,FNMHHHHT29.17
1,FSDLZ41.91
1,FFJLY78.133
2,FTJBH11.20
1,FYNLJ66.70
2,FAHBZ26_FDME220050706-1a.63
2,FHBSJZ33.17
2,FSDJN19.58
2,FSHXBX156.28
1,L1EFC230345_FJXFC21_S303_L004.35
1,FGZ6M_FDME220051977-1a.15
2,FZJTZ49.23
2,FeceHuNa150142_FDME220052285-1a.114
2,FGSYC18.23
2,FNMHLBE2.80
2,M1DZ09.9
2,FSHXBX78.98
1,FQHXN18.3
1,FYNLJ62.43
1,FFJLY73.55
1,FNMHHHHT36.53
2,FXJWS13.5
1,FJSWX92.34
1,FGSZY8.7
2,FSXLVLS10.59
2,FBJ51.76
1,FSHXBX147.128
2,FJNDD16_FDME220051233-1a.5
1,FHLJDQ7.22
2,FHLJDQ5.10
2,FSHCM84.43
NA,FZJTZ11.113
2,L1EFC230311_FXJWS42_S237_L003.93
2,FSCCD22.57
2,L1EFC230389_FSHXXA21_S347_L004.1
2,FQHXN106.61
2,FGXGL64.47
1,L1EFC230275_FXJCJ40_S159_L002.30
2,FTJBH48.73
1,FJSWXJ19.54
1,FeceHeNa21.4
1,FSDQZ22.39
2,FSXLVLS3.143
1,FHNXY24.26
2,FSXLL10.29
2,FZJTZ16hun.80
1,FFJLY32_FDME220051261-1a.69
2,FXJYN23.76
1,FGXGL45_FDME220052100-1a.22
2,FSHXXA18.5
2,FSCCD3.37
2,FJSWX84.49
2,FSDQZ30.62
2,FSXTY19.87
1,FJSWX91.40
1,FHBSJZ28.21
2,FCQNA23hun.40
2,FSHCM35.8
2,FSHXXA30.24
2,L1EFC230410_FSXTY46_S53_L003.37
1,FeceHuNa150140_FDME220052283-1a.58
1,FHBSJZ21.11
2,FSHXBX131.39
1,FQHXN104.23
1,FJNDD11_FDME220051228-1a.53
1,FSHXBX158.66
2,FTJBH38hun.67
1,L1EFC230376_FSHXBX69_S334_L004.75
2,FSXLVLS17.12
1,FJSNT38.84
1,FGSZY3.22
1,FBJ10.46
2,FSDLZ60.28
1,FQHXN110.61
1,FSXTY61.31
1,FBJ69.106
1,FCQNA27.34
1,FGSZY57_FDME220051907-1a.29
2,FeceHuBe15013_FDME220052831-1a.85
1,FXJYN21.48
2,FSCPS4.49
1,FJSWX105.69
1,FSHXXA32.12
1,FCQTY035_FDME220051127-1a.32
1,FSDJN51.126
2,FHNXY11.66
2,FYNLJ79.58
2,FeceHeNa15.56
1,FGDLZ53.33
2,FSDJN33.28
1,FHLJYC38_FDME220052687-1a.11
2,FeceHuNa150135_FDME220052278-1a.6
2,FHuBWH31.48
2,FSHXXA35.39
2,FBJ15.23
2,FJXSRPYG31.63
1,FSHXBX176.75
2,FSHXHZ5.51
1,FZJTZ62.39
2,FGSYC60.100
2,FHLJZD39.64
2,FGZ35M_FDME220052035-1a.50
1,L1EFC230259_FXJCJ15_S144_L002.99
2,L1EFC230361_FSHXBX31_S319_L004.3
2,FSHHK31hun.68
2,FSDLZ26.1
2,FNMHHHHT21.51
2,FXJWS43.23
2,FZJTZ35.82
2,FHLJYC37_FDME220052686-1a.46
2,FXJCJ3.23
1,FGSYC49.66
2,M104R01.59
1,FHNXY6.83
2,FTJBH5.21
2,FQHXN23.76
2,FGDLZ5_FDME220051909-1a.93
1,FHNXY51.9
1,FTJBH41.6
1,FeceHuNa150128_FDME220052275-1a.35
2,FSDJN49.34
2,FSXTY40.60
1,FNXYCHL15hun.26
1,FHLJDQ10.63
1,FGZ40M_FDME220052053-1a.10
2,FAHBZ51_FDME220050728-1a.70
1,FHuBWH11.43
2,FSCDJY57.28
1,FGSYC79.28
1,FSDLZ45.52
1,FJSWXJ34.7
1,FSDLZ34.67
2,FFJLY10_FDME220051247-1a.111
2,FNXYCHL57.21
NA,FJSWX86.86
2,FSHXBX137.62
1,FSHXBX27.26
2,FNXYCHL92.53
1,FQHXN35.25
2,FSHXBX15.49
1,FSHXBX45.47
1,FCQNA16.105
2,FJSNT21.58
1,FJSWXJ30.7
1,FFJLY33_FDME220051262-1a.79
2,FQHXN47.15
2,FSDQZ17.73
2,FSDLZ36.61
2,FXJWS6hun.113
2,L1EFC230308_FXJWS37_S234_L003.42
2,FHuBWH8.63
2,FSHXBX139.64
1,FHLJYC28hun.28
2,FSXTY49.45
2,L1EFC230302_FXJWS31_S228_L003.43
2,FSHCM86hun.17
1,FGDLZ12_FDME220051914-1a.13
1,FSDLZ39.97
2,FeceHuBe15018_FDME220052836-1a.53
2,FFJLY39_FDME220051268-1a.15
1,FGSYC69.34
2,FNXYCHL35.93
2,FSCPS94.40
2,FSDJN14.79
2,FXJWS50.1
2,FTJBH72.59
2,FCQTY070_FDME220051147-1a.21
2,FSXLL5.84
1,FHBSJZ18.57
2,FBJ30.25
1,FSXLVWS7hun.67
1,L1EFC230332_FTJS0029_S258_L003.48
2,FSHXBX138.52
1,FFJLY28.32
1,FSHXBX140.43
1,FSDJN3.100
2,FSXTY53.71
2,FSDLZ49.17
1,FNXYCHL54.59
2,FBJ63.46
2,FSHXBX57.96
2,M129R01.62
2,FZJTZ14.39
1,FSHXBX66.98
1,FYNDL13.73
1,FSHXBX28.94
1,FBJ19.39
1,FHLJDQ6.12
1,FSHCM20_FDME220054535-1a.55
2,FSDLZ32.43
2,FNMHLBE9hun.82
2,FJXSRPY23.6
2,FHBSJZ57_FDME220052248-1a.18
2,FSDLZ33.70
2,FHBSJZ45_FDME220052236-1a.117
2,L1EFC230392_FSHXXA36_S35_L003.64
2,FSHCM54.67
2,FAHBZ29_FDME220050709-1a.37
1,FQHXN45.42
1,FSCCD17.70
2,FNXYCHL29.48
2,FYNLJ80hun.5
2,FQHXN8.84
2,FSCDYJ7.58
1,L1EFC230322_FTJS0008_S248_L003.4
2,FSHHK11_FDME220054483-1a.63
1,FGDLZ61_FDME220051940-1a.54
1,FSHXHZ9.114
1,FAHWH01.35
2,FAHBZ50.11
2,FXJYN2.53
2,FHNFQ4.29
2,FTJBH93.29
2,FGXGL67_FDME220052122-1a.58
1,FCQTY054_FDME220051137-1a.21
2,FSDLZ47.119
2,FCQTY067_FDME220051145-1a.2
1,FSDLZ50.108
2,FZJHZD24.20
2,FHNXY3.94
2,FQHXN16.93
2,FXJCJ18.130
2,FHuNHHMY20.18
2,FSHXHZ6.52
1,FSXTY32.24
2,FHBSJZ23.83
1,FSDLZ54.13
1,FSHCM70.53
2,FHNXY2.13
2,FJSWX73.14
1,FSHXWN4hun.98
1,FeceHeNa17.40
2,FGDLZ70.72
2,FSDQZ4.29
2,FSHXHZ2.4
2,FSXLL8.2
1,M2CF16.50
1,FJSNT32.73
1,M2CF03.40
2,FQHXN26.12
1,FFJLY53_FDME220051276-1a.43
2,FSXLVLS11.3
2,FJNDD5_FDME220051222-1a.117
1,FFJLY9_FDME220051246-1a.67
2,FHLJYC29.127
2,FXJWS29.24
2,FXJCJ10.66
1,FXJWS30.58
1,M1C3.59
1,FYNLJ60.21
1,FBJ3.27
1,FHLJZD8.97
2,FGDLZ15_FDME220051915-1a.12
2,FJSWX107.112
2,FSCDJY38.132
1,FSDLZ14.60
2,FHLJYC9.32
2,FYNLJ67.63
2,FTJBH27.68
1,FSDJN20.64
1,FHBSJZ36.37
1,FHNXY37.6
1,FSXLL13.79
2,FQHXN30.73
2,FHuBWH27.24
1,FGZ9M_FDME220051984-1a.97
2,FTJBH7.85
2,FSHXHZ21.36
2,FNXYCHL25.1
1,FAHBZ7_FDME220050689-1a.42
1,FSHCM80.107
2,FTJBH61.98
1,FZJHZD18hun.57
1,FGZ36M_FDME220052036-1a.34
1,FSDLZ17.31
2,M2CF21.47
1,FXJSW24.62
2,FSDLZ35.47
1,M1C4.17
2,FCQTY076_FDME220051151-1a.16
2,FJXSRPY52.20
2,M1DZ05.24
2,FSDQZ38.166
2,FJSNT43.90
1,FAHBZ31_FDME220050711-1a.94
1,FSDJN56.53
2,FJLHD40.5
1,FSXTY51hun.98
1,FHNXY13.1
1,FeceHuNa150119.12
1,FeceHuNa150141_FDME220052284-1a.9
2,FAHBZ33_FDME220050713-1a.62
2,FeceHuBe150125_FDME220052846-1a.135
2,FSDQZ25.26
2,FeceHeNa23.5
2,FXJYN17.109
2,FCQTY061_FDME220051141-1a.92
2,FGXGL4_FDME220052059-1a.79
2,FTJBH2.121
2,FSCDJY79.48
1,FGZ26M_FDME220052020-1a.15
2,FSDLZ48.66
NA,FNXYCHL59.51
1,FCQTY109_FDME220051179-1a.38
1,FHBSJZ13.3
2,FHBSJZ11.54
2,FZJHZD13hun.57
2,FHBSJZ10.37
2,FSDJN26.93
2,JSCZD5.51
1,FGSZY14.41
1,FGXGL49.24
1,FHNXY50.36
1,FXJSW39.20
2,FXJCJ47.52
2,M1C14.11
2,FJXSRPY46.9
2,FAHBZ46_FDME220050723-1a.90
2,FCQTY106_FDME220051177-1a.44
2,FBJ5.57
2,FGSYC50.3
2,FNXYCHL34.28
2,FZJHZD27hun.36
2,FGSYC82.27
2,FQHXN32.92
1,FJSNT23.163
1,FCQNA19.1
2,FJSWX88.24
2,FCQHC10.77
1,FeceHeNa22.25
1,FSXTY39.107
2,FeceHuNa150113_FDME220052264-1a.13
1,FCQNA14.50
1,FFJLY48.57
2,FHuBWH39.72
2,FHBSJZ17.10
2,FHLJYC25.75
2,FHuNHHMY19.95
2,FJSWXJ25.30
1,FTJBH45.49
1,FTJBH83.49
1,FYNLJ28.59
1,FSHXBX106.19
2,FJXSRPYG20.74
2,FJSWX96.96
1,L1EFC230312_FXJWS44_S238_L003.7
2,FSDLZ11.32
1,FGSZY44.1
1,L1EFC230288_FXJCJ64_S171_L002.48
1,FJSWXJ16.40
1,FGXGL75_FDME220052130-1a.95
2,FSDQZ2.57
1,FSHHK3_FDME220054479-1a.71
1,M2CF13.80
2,FZJJH12.81
1,FJLHD36.28
2,FSHCM83.63
2,FJSWXJ12.18
2,FJXSRPY10.23
2,FNXYCHL43.49
2,FJSWXJ13.4
2,L1EFC230254_FXJCJ06_S139_L002.2
2,FAHBZ52_FDME220050729-1a.35
1,FJNDD13_FDME220051230-1a.41
2,FGXGL8_FDME220052063-1a.4
1,FSDLZ25.59
2,FYNLJ21hun.15
2,FNMHLBE33.6
2,FHNXY36.142
1,FGSZY28.108
2,FGXGL28_FDME220052083-1a.45
1,FFJLY35.31
1,FQHXN96.92
1,FSHCM69.41
2,FSDQZ36.20
1,FSHXBX150.99
1,M2CF08.1
2,FHNXY12.60
1,FQHXN48.69
2,FZJTZ20.16
2,FZJTZ26.53
1,FGSZY50.52
2,FTJBH33.93
2,FGXGL29_FDME220052084-1a.21
2,FHLJZD3.69
2,FCQTY047_FDME220051132-1a.75
2,L1EFC230356_FJXFC54_S314_L004.26
2,FXJCJ16.116
2,FSDLZ10.19
2,FNXYCHL45.3
2,FAHBZ11_FDME220050693-1a.21
2,FSHXHZ3.47
2,FCQTY060_FDME220051140-1a.102
1,FSHXBX89.25
NA,FSCCD19.9
2,M124R01.13
2,FSHCM97.93
1,FQHXN73.137
2,FHLJYC40.83
1,FSHXBX4.121
1,FSHCM31.96
1,FCQTY140_FDME220051182-1a.56
1,FHBSJZ20.9
1,FGSZY40.102
2,FCQNA22hun.20
1,FeceHuNa150136.29
2,FZJHZD23.46
2,FJNDD1.13
1,FNXYCHL93.35
2,FSHCM96.56
2,FNXYCHL51.1
1,M1C10.83
1,L1EFC230304_FXJWS33_S230_L003.51
2,SDHZD15.18
1,FHNXY55.34
1,FZJHZD26.32
2,FGZ30M_FDME220052028-1a.70
2,L1EFC230342_FJXFC16_S268_L003.70
2,L1EFC230258_FXJCJ14_S143_L002.147
1,FSHXBX91.27
1,FJLHD43.3
2,FXJWS41.52
1,FGSYC32.59
2,FFJLY46_FDME220051273-1a.43
1,M137R01.49
1,FGXGL73_FDME220052128-1a.84
1,FXJYN16.24
2,FAHWH36_FDME220050753-1a.74
1,FHNXY31.15
2,FGZ1M.54
2,FCQTY072_FDME220051149-1a.26
1,FCQTY010.183
2,FSXLVLS16.5
1,L1EFC230310_FXJWS40_S236_L003.55
2,L1EFC230388_FSHXXA20_S346_L004.35
2,FSHHK12hun.33
1,FHLJDQ4.25
1,FZJHZ24hun.2
1,FSDJN35.72
1,FJSNT39.5
2,M123F01.23
2,FSHXBX70.131
1,FAHBZ14.71
1,FSDJN27.41
1,FGSZY2.47
2,L1EFC230387_FSHXXA17_S345_L004.31
1,FSDLZ28.23
2,FXJYN5.31
NA,FeceHuBe150132_FDME220052848-1a.63
1,L1EFC230341_FJXFC14_S267_L003.50
2,FHNFQ60hun.46
2,FYNDL3.76
2,FSHXHZ24.74
1,FGXGL15_FDME220052070-1a.14
2,FJSWXJ27.49
2,FHNXY63.65
2,FSCPS65.41
2,FZJHZD22.61
1,FSDQZ26.48
2,FTJBH82.36
1,FCQTY050_FDME220051135-1a.102
2,FGXGL101.23
2,L1EFC230252_FXJCJ02_S137_L002.37
2,FHNXY43.44
1,FCQTY009.43
2,FGXGL6_FDME220052061-1a.112
2,M1C2.29
2,FSXLL16.73
2,FBJ37.47
2,FHLJYC17hun.10
1,FGSYC20.94
2,FHLJYC7.32
1,FNMHLBE29.48
2,FHLJYC19.33
1,SDHZD6.3
