tree_group,mag
1,FGDLZ79_FDME220051957-1a.62
1,FCQNA39.72
1,FFJLY46_FDME220051273-1a.30
1,FHLJZD27.67
1,FGZ36M_FDME220052036-1a.35
2,FHLJZD41.92
2,FHLJZD21.106
1,FHuNHHMY69.38
1,FHLJZD54.44
1,FJLHD50.71
1,FJXSRPY36.97
2,FJXSRPY33.145
2,FJXSRPY48.28
1,FNMHHHHT11.126
2,FNXYCHL65.143
1,FSCCD9.67
1,FSCPS9.8
2,FSCPS61.68
2,FSDLZ40.82
2,FSDLZ03.57
2,FSDJN6.69
2,FQHXN31.15
2,FSDQZ22.64
2,FSDQZ29.26
2,FNXYCHL47.137
2,FNXYCHL45.58
2,FSDQZ7.15
1,FXJCJ19.47
2,FZJTZ68.79
1,FZJTZ41.35
2,L1EFC230376_FSHXBX69_S334_L004.31
1,FYNLJ7.27
1,L1EFC230237_FHLJZD20_S82_L001.31
2,FSXTY39.14
2,L1EFC230363_FSHXBX41_S321_L004.54
2,FSHHK25_FDME220054495-1a.52
1,FTJBH57.89
2,M214F02.61
2,FSHXBX169.20
1,L1EFC230340_FJXFC13_S266_L003.80
2,FZJTZ57.11
2,FSXLVLS25.79
2,L1EFC230279_FXJCJ45_S163_L002.29
2,FSHCM39.58
1,L1EFC230248_FHLJZD47_S91_L001.9
1,L1EFC230382_FSHXXA06_S340_L004.50
2,FSHXBX150.92
2,FAHBZ10_FDME220050692-1a.104
2,FAHBZ27_FDME220050707-1a.95
2,FAHBZ42_FDME220050719-1a.36
1,FAHWH21_FDME220050743-1a.104
2,FCQNA10.32
1,FHuNHHMY32.41
1,FHLJZD43.95
2,FHLJZD38.36
2,FJXSRPY38.134
1,FNMHLBE31.22
2,FNMHLBE15.73
2,FNXYCHL58.77
2,FNXYCHL89.127
2,FNXYCHL33.2
2,FSCPS27.116
2,FNMHHHHT37.121
2,FSDLZ19.124
2,FSDQZ35.113
2,FSDLZ18.15
2,FSDLZ48.72
2,FSDLZ09.26
2,FSDJN7.36
2,FSDJN61.11
2,FSDQZ2.55
2,FSDQZ16.72
2,FQHXN93.34
NA,FTJBH32.82
2,L1EFC230251_FXJCJ01_S136_L002.8
2,L1EFC230264_FXJCJ23_S148_L002.75
1,L1EFC230243_FHLJZD33_S86_L001.8
2,FZJTZ15.87
2,FXJSW21.75
2,FXJSW36.58
1,FFJLY78.44
1,FAHWH15_FDME220050740-1a.66
1,FCQNA11.120
1,FHLJYC12.49
2,FHLJYC2.131
1,FGXGL53_FDME220052108-1a.84
2,FHNFQ30.31
2,FHNFQ48.41
2,FJXSRPY55.93
2,FJXSRPY45.74
1,FNMHHHHT10.105
2,FNXYCHL61.61
2,FNXYCHL63.66
1,FSCCD12.28
2,FNMHHHHT12.72
1,FSCCD17.55
2,FSCDJY12.63
2,FSDLZ39.142
1,FSCDJY57.118
2,FSDLZ47.7
2,FSDQZ13.119
2,FSDLZ59.53
2,FNXYCHL51.64
1,FNXYCHL53.154
1,FNXYCHL44.40
1,FSHCM20_FDME220054535-1a.39
2,FSDQZ6.50
2,FQHXN52hun.165
2,FQHXN7.179
1,FZJTZ12.75
1,L1EFC230234_FHLJZD07_S79_L001.69
2,L1EFC230342_FJXFC16_S268_L003.59
2,FTJBH61.79
1,L1EFC230333_FTJS0033_S259_L003.43
2,L1EFC230410_FSXTY46_S53_L003.20
2,FZJTZ60.7
2,L1EFC230313_FXJWS45_S239_L003.61
1,L1EFC230247_FHLJZD44_S90_L001.149
1,FXJYN37hun.58
2,FGSYC4.35
1,FBJ22.103
1,FAHWH28_FDME220050746-1a.18
2,FAHBZ56.125
1,FCQTY007.65
2,FHuNHHMY22.8
2,FHuNHHMY52.123
2,FHuNHHMY40.81
2,FHLJZD51.46
1,FHuNHHMY75.22
2,FJXSRPY39.103
2,FNMHHHHT36.28
2,FNXYCHL19.24
2,FNMHHHHT19.49
2,FNMHLBE17.36
2,FSCDJY31.32
2,FNXYCHL22.37
1,FSDLZ30.116
1,FSCDJY15.107
2,FSDQZ3.7
1,FSCPS33.47
2,FSDLZ20.39
2,FSDLZ46.76
2,FNXYCHL34.9
2,FQHXN99.55
2,FNXYCHL56.98
2,FSDQZ4.3
2,FSXTY28.96
2,FSXTY53.31
1,L1EFC230385_FSHXXA13_S343_L004.89
1,L1EFC230386_FSHXXA15_S344_L004.64
1,FYNDL21hun.92
2,L1EFC230347_FJXFC25_S305_L004.98
2,FZJHZD22.55
2,FSHXBX125.83
1,FZJTZ18.24
2,L1EFC230311_FXJWS42_S237_L003.63
2,FSHCM7.12
2,SDHZD17.66
1,FSHHK39_FDME220054508-1a.60
2,L1EFC230254_FXJCJ06_S139_L002.38
1,FSXLL17.101
2,FSXLVLS3.130
2,L1EFC230332_FTJS0029_S258_L003.87
1,L1EFC230336_FJXFC07_S262_L003.88
2,FXJSW7.69
2,FXJKS39.135
2,FSHXBX138.46
2,FGDLZ21.36
1,FCQNA14.69
1,FCQNA40.29
1,FGDLZ20.15
1,FGXGL61_FDME220052116-1a.79
1,FHuNHHMY37.18
2,FHLJZD58.69
2,FHNFQ15.89
NA,FJXSRPY27.118
2,FHNFQ40.11
1,FSCCD14hun.69
2,FSCDJY94.19
2,FNMHHHHT18.74
1,FSCPS68.166
2,FSCDJY45.10
1,FSCDJY22.20
1,FSCPS8.93
2,FSDLZ28.20
1,FSCCD2.49
2,FSDLZ41.84
1,FSDJN26.101
1,FSDLZ58.90
2,FQHXN92.59
2,FNXYCHL41.46
1,FSXTY29hun.36
2,L1EFC230236_FHLJZD14_S81_L001.43
1,L1EFC230266_FXJCJ25_S150_L002.26
2,L1EFC230328_FTJS0025_S254_L003.34
2,FSHHK36_FDME220054505-1a.46
2,FSHCM42hun.33
2,JSCZD5.39
2,FSXLVLS20.50
2,L1EFC230361_FSHXBX31_S319_L004.51
1,FZJTZ33.106
2,FSHXBX147.53
2,FXJWS4.72
1,L1EFC230325_FTJS0011_S251_L003.118
NA,FSHCM62.133
1,FZJTZ52.4
1,FCQHC9.84
1,FCQNA13.43
1,FGSYC78.112
2,FHNFQ5.29
2,FHNFQ55.79
2,FGSZY14.7
2,FHLJYC1.7
2,FHLJZD16.58
1,FeceHuBe15013_FDME220052831-1a.33
2,FJLHD3.86
1,FJLHD44.26
2,FJLHD37.68
2,FJXSRPY30.20
1,FHLJYC30.94
2,FNXYCHL6.96
2,FNXYCHL29.57
1,FSCPS92.33
2,FSDQZ43.112
2,FSDJN39.35
1,FSDLZ49.14
2,FSCPS31.73
2,FSDQZ23.12
2,FNXYCHL57.6
2,FSDQZ21.168
2,FZJTZ50.46
1,FZJTZ67.29
2,L1EFC230277_FXJCJ42_S161_L002.91
2,L1EFC230245_FHLJZD36_S88_L001.5
2,FSHHK9.39
2,L1EFC230318_FTJS0001_S244_L003.54
2,L1EFC230235_FHLJZD10_S80_L001.21
2,FXJSW38.76
2,FSHXBX161.4
2,FSHHK47_FDME220054514-1a.86
2,L1EFC230250_FHLJZD56_S135_L002.5
1,FAHBZ15.116
1,FAHWH23_FDME220050744-1a.153
2,FHLJZD28.51
2,FHLJZD49.18
2,FHNFQ50.26
NA,FJXSRPY24.83
2,FJLHD23.28
2,FJLHD25.51
2,FJXSRPY54.4
2,FJXSRPY35.84
1,FSCCD11.101
2,FNXYCHL69.67
2,FNXYCHL30.74
2,FSCDJY67.2
1,FSCDJY13.48
2,FNXYCHL67.8
2,FSDJN35.88
1,FSCCD8hun.62
2,FSCDJY64.35
1,FNXYCHL93.38
1,FSDQZ30.150
1,FQHXN30.50
2,FSXLVWS6.96
1,FSHCM35.37
2,FZJTZ34.50
2,FZJHZD28.82
2,FZJTZ37.31
2,L1EFC230284_FXJCJ58_S167_L002.41
1,L1EFC230320_FTJS0005_S246_L003.63
2,FZJTZ63.104
1,FSHXBX71.49
2,FXJKS43.43
2,FXJYN33.65
2,FZJTZ58.17
2,FXJSW37.55
2,FAHBZ46_FDME220050723-1a.106
1,FGZ25M_FDME220052017-1a.17
2,FHLJYC23.13
1,FHuNHHMY29.70
2,FHNFQ19.24
2,FGSZY9.69
2,FNMHLBE18.161
2,FNXYCHL71.29
1,FNXYCHL1.51
2,FNMHHHHT23.41
2,FSCPS10.27
2,FNXYCHL68.102
2,FSDLZ25.54
2,FNMHLBE28.6
2,FSDQZ42.164
1,FSCPS50.35
2,FQHXN22.37
2,FQHXN76.115
2,FNXYCHL38.1
1,FSXTY22.51
2,FSHCM13_FDME220054530-1a.34
2,FXJKS15.31
NA,FTJBH14.57
2,FSHCM3.35
2,L1EFC230352_FJXFC43_S310_L004.8
2,FZJTZ55.20
1,L1EFC230334_FJXFC03_S260_L003.98
1,L1EFC230393_FSHXXA37_S36_L003.37
1,SDHZD7.68
2,FSHXBX78.82
2,FSHHK50_FDME220054517-1a.57
1,L1EFC230354_FJXFC47_S312_L004.41
2,FZJTZ56.120
