tree_group,mag
1,FZJHZD23.29
2,FSXLVLS12.76
2,FSHCM26.69
2,FHLJYC28hun.72
2,FNMHLBE4.90
2,FQHXN32.68
1,L1EFC230350_FJXFC33_S308_L004.7
2,FGSYC20.65
2,SDHZD12.38
1,FYNLJ74.1
1,FAHBZ34.104
2,L1EFC230373_FSHXBX64_S331_L004.69
2,FSXLVLS2.83
1,FeceHuBe15015_FDME220052833-1a.76
1,FGDLZ20.29
2,FXJYN25.72
2,FHBSJZ43_FDME220052234-1a.41
1,FGDLZ6.27
2,M1C4.33
2,FXJWS41.68
1,FGXGL3_FDME220052058-1a.90
1,FSCPS36.34
1,FTJBH65.10
2,L1EFC230384_FSHXXA08_S342_L004.11
2,FSHXWN12.94
2,FHuBWH2.14
1,FXJCJ21.3
1,L1EFC230250_FHLJZD56_S135_L002.74
1,FGSYC90.97
2,FQHXN69.39
1,FSHCM77hun.21
2,FHLJYC25.105
2,FXJSW42.30
1,FeceHeNa29.16
2,SDHZD9.25
1,FGDLZ42.11
1,L1EFC230348_FJXFC29_S306_L004.77
1,FCQNA28.10
2,FJSWXJ4.40
2,M2CF13.29
1,FHuNHHMY16.13
1,FCQTY154_FDME220051190-1a.2
1,FGZ35M_FDME220052035-1a.14
1,FFJLY43_FDME220051271-1a.75
1,L1EFC230381_FSHXXA05_S339_L004.69
1,FJSNT16.59
2,FXJSW10.70
2,FYNLJ40.86
1,FeceHuBe150124_FDME220052845-1a.107
2,FXJWS9hun.57
2,FAHBZ29_FDME220050709-1a.21
1,FFJLY58_FDME220051277-1a.75
2,FXJKS25.22
2,FBJ52.46
1,FYNLJ65.35
1,FGXGL6_FDME220052061-1a.114
1,FSCPS15.15
1,FSHXBX71.56
1,FZJHZD1hun.38
1,FCQTY101_FDME220051173-1a.27
2,L1EFC230273_FXJCJ38_S157_L002.87
2,FYNDL28hun.20
2,FCQTY070_FDME220051147-1a.27
1,FGZ11M_FDME220051989-1a.60
1,FSCPS65.63
2,FGSZY4.55
1,FJSWX106.19
1,FCQHC11.28
2,FHNXY58.115
2,FSCCD9.107
2,FHNXY27.66
1,M1C13.27
1,FSDJN7.7
2,FJLHD44.124
2,FHNFQ38.49
2,FeceHuNa150124_FDME220052272-1a.65
1,FHLJZD52.49
2,FQHXN71.13
2,L1EFC230383_FSHXXA07_S341_L004.60
1,FHuNHHMY29.85
1,FSHCM72.64
1,FeceHeNa16.98
2,FSDJN6.71
2,FHLJYC5.125
2,FHNFQ57.76
2,FGZ6M_FDME220051977-1a.87
2,FHBSJZ28.6
1,FSHHK29_FDME220054498-1a.63
2,FTJBH17.28
2,L1EFC230310_FXJWS40_S236_L003.84
1,FZJTZ65.66
1,FSHXHZ20.10
1,FJXSRPY38.23
1,FYNLJ79.65
1,L1EFC230277_FXJCJ42_S161_L002.32
1,FGDLZ80_FDME220051958-1a.14
2,FSDQZ3.47
1,FYNLJ35.52
2,FHNXY32.62
1,FGZ25M_FDME220052017-1a.106
2,FQHXN104.8
2,FXJCJ31.5
2,FGSYC59.76
1,FCQTY067_FDME220051145-1a.38
2,FQHXN72hun.29
2,FGSZY35.12
2,FGXGL8_FDME220052063-1a.31
1,FNXYCHL12.68
2,FSDLZ51.47
1,FJXSRPY23.5
1,FFJLY2.37
1,L1EFC230332_FTJS0029_S258_L003.12
2,FSXLVLS17.26
1,FCQNA25.27
1,L1EFC230320_FTJS0005_S246_L003.20
2,FGSYC61.82
1,FGXGL47_FDME220052102-1a.23
2,FJLHD14.69
2,FHNXY18.22
2,FHNFQ63.15
2,FQHXN37.34
1,FGXGL68_FDME220052123-1a.82
2,FYNLJ70.92
2,FeceHeNa20.67
1,M1C1.63
2,FGXGL51_FDME220052106-1a.81
1,FHNXY50.7
1,L1EFC230312_FXJWS44_S238_L003.39
1,FJSNT24.99
2,FGXGL102.110
2,FFJLY66.117
2,FSHXHZ2.23
1,FSHXHZ21.73
1,FQHXN58.57
2,FeceHeNa15.37
1,FSHXXA1.23
2,BJHD3.33
1,FSHXHZ11.27
1,FTJBH37.34
1,FJSNT36.65
2,FYNLJ60.41
2,FSDLZ53.106
2,FSDLZ03.6
1,FFJLY18.49
2,FGSYC21.12
1,FFJLY1_FDME220051239-1a.58
1,FHBSJZ30.22
2,FQHXN68.72
1,FGZ34M_FDME220052034-1a.47
2,FXJSW39.45
2,FJLHD26.57
1,FJXSRPY10.70
1,FZJTZ35.55
2,L1EFC230303_FXJWS32_S229_L003.31
2,FGSZY14.82
1,L1EFC230318_FTJS0001_S244_L003.74
1,FZJTZ10.29
2,FSDLZ22.74
1,FGDLZ78_FDME220051943-1a.39
2,FSHXHZ6.30
1,FSHXHZ15.9
1,FCQTY064_FDME220051144-1a.80
1,FSHXHZ23.39
1,FNXYCHL92.87
2,FHNXY15.10
1,FZJTZ15.97
1,FYNLJ19hun.34
2,FNXYCHL46.5
1,FSHXHZ18.67
2,FGSZY9.37
1,FSXLL3.25
1,FSXTY43.62
2,FGDLZ14.53
1,FSDJN31.23
1,FeceHeNa4.62
2,L1EFC230324_FTJS0010_S250_L003.76
2,L1EFC230368_FSHXBX52_S326_L004.7
1,FSHHK10_FDME220054482-1a.9
1,FCQTY077_FDME220051152-1a.59
2,FSHXBX89.52
1,FJSNT21.23
2,FBJ69.39
1,FGXGL34_FDME220052089-1a.83
2,FSXTY2hun.38
2,FeceHuNa15011_FDME220052259-1a.33
1,FZJTZ69.91
2,L1EFC230297_FXJWS23_S223_L003.13
2,FSHXBX173.18
2,L1EFC230307_FXJWS36_S233_L003.115
2,FSHHK28_FDME220054497-1a.12
2,FSCDJY22.74
1,FYNLJ37.44
2,L1EFC230346_FJXFC22_S304_L004.59
2,FTJBH29hun.33
2,FXJWS7.105
2,FHLJYC21.143
2,FHBSJZ61_FDME220052252-1a.10
2,FeceHuNa150128_FDME220052275-1a.42
1,FGXGL22_FDME220052077-1a.34
1,FFJLY44_FDME220051272-1a.18
1,FYNLJ69.35
2,FJLHD40.64
2,FAHBZ50.53
2,FGSZY44.94
1,FJSWXJ1.82
1,FBJ60.96
1,FSHXXA44hun.72
2,FNMHLBE3.92
1,FFJLY39_FDME220051268-1a.23
2,FHLJZD27.95
1,FNXYCHL56.51
2,FSXTY8hun.42
2,FSHXBX131.25
2,FSXLL14.16
2,L1EFC230304_FXJWS33_S230_L003.71
1,FGDLZ52.32
2,FSXTY6hun.61
1,FBJ37.42
1,FHNFQ35.121
2,FSHHK36_FDME220054505-1a.39
1,FGXGL89_FDME220052144-1a.37
2,FGSZY16.25
1,L1EFC230385_FSHXXA13_S343_L004.114
2,FAHBZ53.59
1,FCQTY104_FDME220051175-1a.2
1,FHNXY10.22
1,FHNFQ24.36
1,FJLHD4.58
1,FSDLZ44.131
1,L1EFC230347_FJXFC25_S305_L004.111
2,FHBSJZ11.32
1,FCQTY043_FDME220051131-1a.90
2,SDHZD17.42
2,FHNFQ52.74
2,FXJWS4.132
1,FSDLZ07.119
1,FJSNT20.16
2,FSXLVLS14.4
2,FXJCJ65.17
1,FYNLJ80hun.74
2,FGSYC45.49
1,FJSWXJ21.93
1,FAHWH28_FDME220050746-1a.29
1,FJXSRPY53.115
1,SDHZ24.19
2,FSHXXA27.92
2,FHBSJZ48_FDME220052239-1a.62
1,FHHMY84.7
1,FJXSRPYG19.115
1,M202F01.113
1,FCQTY094_FDME220051171-1a.34
1,FSHCM56.105
2,L1EFC230321_FTJS0007_S247_L003.52
1,FJSNT25.94
1,FeceHuBe15017_FDME220052835-1a.8
2,FSHXBX120.10
2,FSDLZ37.66
1,FZJTZ8.23
2,FGSYC92.25
1,FBJ19.20
1,FGZ5M.77
2,FHLJDQ8.50
2,FSDJN59.1
1,FYNLJ23hun.22
2,FHuBWH29.1
1,FZJHZD12.45
2,FHBSJZ26.71
2,M2CF05.16
2,FXJSW17.15
2,FHLJYC40.25
2,FSHCM20_FDME220054535-1a.11
1,FJSNT29.27
2,FeceHuNa150119.59
1,FSCPS11.161
2,FHNXY6.37
1,FHuNHHMY6.149
2,FTJBH13.38
1,FQHXN1.57
2,FAHWH35_FDME220050752-1a.16
1,FYNLJ68.100
1,FSHHK34_FDME220054503-1a.57
2,FAHBZ46_FDME220050723-1a.61
2,FTJBH4.71
1,L1EFC230356_FJXFC54_S314_L004.4
1,FHNXY53.49
1,FSHXHZ22.75
2,FQHXN48.128
2,FSHXBX9.87
2,FHLJYC36_FDME220052685-1a.47
1,FJXSRPYG1.42
2,FGSZY43.42
2,FZJTZ56.48
1,FJXSRPYG3.69
2,FHNXY59.49
2,FHBSJZ59_FDME220052250-1a.38
2,FTJBH73.37
1,FFJLY47.14
1,FCQTY061_FDME220051141-1a.23
2,L1EFC230366_FSHXBX48_S324_L004.94
1,FZJTZ5.38
2,FSHXBX44.14
1,FJSNT64.72
2,M122R01.32
2,FXJCJ19.61
2,FSDLZ01.88
1,FXJYN33.15
2,FSDLZ08.85
2,FNXYCHL4hun.26
2,FSXTY31.59
1,FYNLJ67.1
2,FSDQZ49.114
1,FSXLVWS3hun.82
2,FHNXY4.8
2,FSXLVLS3.148
2,M2CF08.18
2,FSHXBX170hun.4
2,SDHZD1.86
2,FCQTY162_FDME220051195-1a.65
1,FGXGL10_FDME220052065-1a.18
2,FTJBH_17.35
2,FTJBH5.42
1,FZJTZ58.57
2,FHNXY16.62
1,FGXGL94.42
1,FJXSRPY11.69
1,FCQTY136_FDME220051181-1a.28
1,FNMHHHHT15.106
1,FSHXHZ17.6
1,FGXGL39_FDME220052094-1a.53
2,FNXYCHL16.74
1,FHuNHHMY60.32
2,FTJBH47.55
1,FZJTZ7.42
1,FSHXBX98.154
2,FBJ54.39
2,FeceHuBe150117_FDME220052839-1a.47
2,FGSYC86.42
1,FSCPS33.109
2,FNXYCHL67.109
2,FHuBWH36.121
1,FJNDD11_FDME220051228-1a.74
2,L1EFC230291_FXJWS11_S174_L002.6
2,FSHXBX151hun.44
2,FJSWXJ2.4
1,FSHCM94hun.76
1,FFJLY28.2
1,FQHXN35.45
2,FSHXXA25.6
1,FFJLY5_FDME220051242-1a.22
1,FJXSRPYG32.11
1,FGXGL61_FDME220052116-1a.132
2,FQHXN42.1
1,FCQNA39.108
1,M2CF04.92
1,FHNXY60.124
2,FSDJN4.40
2,FSXTY34.71
2,FNMHHHHT27.100
2,FGZ26M_FDME220052020-1a.12
2,FNXYCHL6.81
1,FZJTZ9.50
1,FSHCM87.1
2,FGSZY15.61
1,FZJTZ27.18
1,FNXYCHL54.38
2,FHNFQ41.59
2,FSDJN1.19
2,FHBSJZ57_FDME220052248-1a.38
2,FHBSJZ47_FDME220052238-1a.28
2,FSXTY51hun.45
2,FHuBWH28.27
2,FSHXBX123hun.26
1,FJLHD42.48
1,FGXGL36_FDME220052091-1a.32
1,FCQTY006.56
2,FSXTY38.68
1,FZJTZ66.15
1,FSHCM22_FDME220054537-1a.83
2,FHNFQ40.76
2,FSHXBX70.125
2,FNXYCHL53.99
2,FSHXWN27.39
2,FHNXY30.90
2,L1EFC230361_FSHXBX31_S319_L004.27
1,FGDLZ19_FDME220051917-1a.115
1,FGDLZ61_FDME220051940-1a.97
1,FSHCM79hun.53
1,FeceHeNa25.35
2,FHNFQ61hun.86
1,FCQTY147_FDME220051186-1a.31
2,FGSZY41.50
1,FHuNHHMY13.130
2,FHLJYC6.19
1,FCQTY166_FDME220051197-1a.52
1,FHuNHHMY75.53
2,FSXTY29hun.82
2,FSDJN20.95
2,FSHXBX47.79
2,FQHXN8.90
2,FeceHeNa13.82
2,FCQTY079_FDME220051154-1a.34
2,FNXYCHL68.24
2,FJLHD7.51
2,FSHXHZ25.16
1,FGXGL91.2
1,FeceHeNa17.93
2,FBJ48.2
2,FSXLVWS1hun.108
2,FXJSW3.48
2,FTJBH51.88
1,FNXYCHL90.56
2,FSHXBX12.28
1,FGSYC39.48
2,FTJBH93.91
1,L1EFC230363_FSHXBX41_S321_L004.19
2,FTJS016.13
2,FSCCD6.27
1,FAHBZ35.1
2,FHNFQ13.56
2,FXJKS47.88
1,FBJ40.38
2,FSXLVLS15.3
2,FSDLZ36.27
1,L1EFC230355_FJXFC53_S313_L004.74
1,FGZ33M_FDME220052033-1a.51
1,FYNDL23hun.51
1,FYNLJ52.111
1,L1EFC230262_FXJCJ20_S146_L002.17
2,FSXTY33hun.123
2,FSHXBX138.78
2,FSDQZ29.149
2,FJSWX97.55
1,FSCPS4.64
2,FHBSJZ29.73
1,FSDLZ31.114
1,FFJLY4.26
2,FSXTY4.16
2,FGSYC26.51
2,FSHXBX53.5
2,FHNXY9.31
1,L1EFC230329_FTJS0026_S255_L003.57
2,FHLJYC9.6
2,FSDJN62.10
2,FGSYC60.22
1,FFJLY7_FDME220051244-1a.56
2,FSDLZ52.7
2,FCQNA3.50
2,FHBSJZ14.48
1,FNXYCHL1.108
2,FAHBZ49_FDME220050727-1a.45
1,FAHWH12_FDME220050738-1a.25
1,FJSNT62.45
2,FSHCM67.25
1,FJSWX90.81
2,FSHXBX61.85
1,M1C10.66
2,FBJ65.97
2,FHLJZD51.83
2,FSHXXA19.34
2,FHLJYC26.39
2,FGXGL28_FDME220052083-1a.107
1,FNXYCHL31.39
2,FSDLZ50.65
2,FeceHuBe150122_FDME220052843-1a.104
2,FSXLL19.39
1,FGD18M_FDME220052004-1a.14
2,L1EFC230314_FXJWS46_S240_L003.47
2,FSDLZ41.27
1,FYNDL13.28
1,FSHXHZ13.97
2,FSHXBX166.74
1,FSHXBX153.61
1,FGXGL87_FDME220052142-1a.76
2,FSXTY30.64
2,FTJS017.14
1,FGXGL70_FDME220052125-1a.10
1,FCQNA26hun.44
2,L1EFC230288_FXJCJ64_S171_L002.36
2,FSHCM7.34
1,L1EFC230390_FSHXXA28_S33_L003.91
1,FZJTZ16hun.73
1,L1EFC230340_FJXFC13_S266_L003.88
1,L1EFC230309_FXJWS39_S235_L003.113
2,FYNLJ62.2
1,FJSWX85.66
1,FGXGL59_FDME220052114-1a.62
2,FJLHD1.47
2,FBJ26.22
2,FJSNT58.30
1,FHNXY31.23
2,M1C5.93
1,FYNLJ59.21
1,FTJBH76.54
2,L1EFC230268_FXJCJ27_S152_L002.43
2,M2CF21.1
2,FTJBH30.76
2,FTJS020.66
1,FZJJH4hun.16
2,FSDJN39.71
2,L1EFC230376_FSHXBX69_S334_L004.54
2,M2CF07.89
2,FNXYCHL17.1
2,FGSZY34.96
2,L1EFC230245_FHLJZD36_S88_L001.72
2,FYNLJ58.111
1,FSDLZ59.78
2,M1C6.136
2,FZJTZ67.59
1,FCQTY102_FDME220051174-1a.14
2,FSCDJY61.16
1,FCQTY030_FDME220051124-1a.45
1,FYNLJ50.21
1,FSHHK30_FDME220054499-1a.102
1,FSHHK11_FDME220054483-1a.44
2,FSHXBX156.40
2,FHNFQ58.12
2,FNXYCHL37.18
2,L1EFC230299_FXJWS26_S225_L003.46
2,FGSZY26.22
1,FNXYCHL48.12
2,FSHXBX76.7
1,FGDLZ62.61
2,FGSYC57.79
1,FFJLY34_FDME220051263-1a.24
1,L1EFC230342_FJXFC16_S268_L003.67
2,FCQTY050_FDME220051135-1a.58
1,FXJYN1.24
1,FGDLZ81_FDME220051959-1a.123
1,FGSZY37.83
2,FQHXN36.56
1,FCQTY089_FDME220051168-1a.18
1,FNXYCHL18.25
1,FSXLVLS11.46
2,FHBSJZ40_FDME220052231-1a.70
2,FGSYC18.8
2,FNXYCHL39.118
2,L1EFC230257_FXJCJ13_S142_L002.36
2,FBJ57.22
1,FGXGL60_FDME220052115-1a.22
1,FSHXWN11hun.13
1,FHuNHHMY52.124
1,FSCPS37.16
2,FXJYN38.41
1,FHuNHHMY34.65
1,FHuBWH6.36
2,FZJHZD16hun.73
1,FZJHZD4.9
1,FQHXN55.38
1,FSHHK43.38
2,FXJYN29.149
2,FGSZY55.48
2,FGXGL101.14
2,FYNLJ27.70
1,M2CF16.38
2,M1DZ09.50
1,FJSWXJ13.70
1,FNMHLBE25hun.62
1,FSCPS49.72
1,FCQTY039_FDME220051129-2a.53
2,FNXYCHL58.98
1,FGDLZ76_FDME220051956-1a.86
2,FSHXWN32.32
2,FGSZY57_FDME220051907-1a.83
1,FSHHK35_FDME220054504-1a.50
2,FeceHuBe15011_FDME220052829-1a.46
2,FSDJN32.13
2,FNXYCHL21.86
1,FGXGL77_FDME220052132-1a.28
1,FSDJN58.83
2,FXJYN32.25
1,FGDLZ66_FDME220051947-1a.68
2,FSHXXA41hun.8
2,FNMHLBE2.66
2,FSHXXA26.21
1,FFJLY8_FDME220051245-1a.2
2,FTJBH91.58
2,FSDJN22.37
2,FAHWH17_FDME220050741-1a.38
2,FSXLL16.74
1,FHuNHHMY81.44
2,FGXGL14_FDME220052069-1a.35
1,FHuBWH34.4
2,FTJS030.9
2,FNMHHHHT20.66
2,FSHXBX141.22
1,FYNLJ45.4
2,FBJ41.47
2,FJLHD15.104
1,FJSWXJ14.20
2,FSHCM54.93
1,FJXSRPYG18.32
2,FSHXBX14.40
1,FSDLZ25.43
2,L1EFC230331_FTJS0028_S257_L003.43
1,FeceHeNa9.27
1,FNMHHHHT19.83
1,FSHXBX134hun.33
2,FGSYC87.48
1,M207F01.29
2,FGSZY7.4
1,FHuNHHMY39.67
2,L1EFC230259_FXJCJ15_S144_L002.37
2,FSHXBX90.26
2,FSDJN27.35
1,FSHHK49_FDME220054516-1a.115
1,FBJ16.99
2,FSHHK41_FDME220054510-1a.73
1,FSHCM39.67
1,FHuBWH1.13
2,L1EFC230266_FXJCJ25_S150_L002.66
2,FXJYN41.75
2,FeceHuBe150112.43
1,L1EFC230237_FHLJZD20_S82_L001.57
1,FSXTY60.36
1,FCQTY069_FDME220051146-1b.18
1,FGSYC76.29
2,FFJLY21_FDME220051252-1a.21
2,FXJWS17.63
2,L1EFC230360_FSHXBX24_S318_L004.42
2,FQHXN39.16
1,FGXGL2_FDME220052057-1a.34
1,FSHCM96.32
1,FGXGL53_FDME220052108-1a.79
2,FQHXN56.82
1,FCQTY084_FDME220051155-1a.48
2,FSHXBX174.13
1,FJSNT11.57
2,FBJ29.29
2,FXJCJ55.98
1,FNXYCHL93.1
2,FSXTY45.17
2,L1EFC230389_FSHXXA21_S347_L004.61
1,L1EFC230349_FJXFC31_S307_L004.20
1,FYNLJ7.20
2,FSDQZ38.32
1,M2CF14.50
2,FSHXBX7.62
1,FHBSJZ55.76
2,FXJWS18.58
1,FHNXY7.14
2,M1C3.62
1,FFJLY59_FDME220051278-1a.47
2,FYNLJ56.13
1,L1EFC230337_FJXFC09_S263_L003.54
1,FZJHZD2hun.17
2,FCQTY033_FDME220051126-1a.60
1,FSDLZ16.101
1,FGDLZ9_FDME220051911-1a.113
2,FGSZY56.6
2,FSDQZ46.89
2,FGSZY42.34
1,FSCPS52.102
1,FSHXHZ14.40
2,FeceHuBe150120.20
1,FSCDJY57.130
2,FNMHHHHT11.1
2,FGSYC13.67
1,FBJ51.61
2,FJNDD6_FDME220051223-1a.64
2,FXJYN18.56
2,FSDQZ11.16
1,FGDLZ30.26
2,FSDLZ35.61
1,FJLHD31.13
1,FBJ7.13
2,FXJYN24.23
1,FGZ38M_FDME220052048-1a.41
2,FBJ1.27
1,FeceHeNa8.49
2,FSDJN17.28
2,FFJLY32_FDME220051261-1a.95
2,FXJSW22.116
1,FHuNHHMY57.70
1,FNMHLBE26.70
1,FJSWXJ25.105
2,FSXLVWS5.3
2,FSHXBX136hun.15
2,FSDLZ04.9
1,FJSNT14.11
2,FBJ42.69
1,FJLHD2.54
2,FCQNA20hun.22
1,L1EFC230354_FJXFC47_S312_L004.8
1,FCQHC16.34
2,FQHXN38.2
2,FXJCJ17hun.41
2,FSDLZ40.46
2,FXJWS6hun.88
1,FNXYCHL8.21
1,FZJTZ50.31
2,FSHXBX135hun.31
1,FNMHHHHT17.107
1,FGXGL69_FDME220052124-1a.101
2,FSXTY9.62
1,FAHBZ19.1
1,FFJLY23_FDME220051254-1a.8
1,FGDLZ8_FDME220051910-1a.32
2,L1EFC230287_FXJCJ63_S170_L002.16
1,FJNDD10_FDME220051227-1a.4
1,FSXLVLS10.89
2,FGSYC83.67
2,FHNFQ15.6
2,FHLJYC13.47
2,FHLJYC11.30
1,FSCDJY73.89
1,FSXTY19.33
1,L1EFC230265_FXJCJ24_S149_L002.47
1,SDHZD10.39
2,FSDJN2.29
2,L1EFC230371_FSHXBX56_S329_L004.89
2,FQHXN59.67
2,FHLJYC37_FDME220052686-1a.71
1,FCQTY001.3
2,FSHXXA49hun.40
2,FSHXBX128.66
2,FQHXN47.59
1,FTJBH78.18
1,FZJTZ1.37
2,FSDJN48.90
1,L1EFC230293_FXJWS14_S176_L002.108
2,FHLJDQ11.18
2,FXJKS1.45
1,FSHCM21_FDME220054536-1a.23
2,TJWQ2.35
1,L1EFC230387_FSHXXA17_S345_L004.108
1,FGXGL19_FDME220052074-1a.73
2,FBJ63.110
2,FXJWS10.67
2,M1C17.32
1,FGXGL74_FDME220052129-1a.102
1,FHuBWH4.43
2,FGSYC44.77
2,FSHXBX38.22
2,L1EFC230365_FSHXBX46_S323_L004.34
1,FSHCM49.59
2,FSDJN24.71
1,FSCPS54.53
2,FSHXHZ4.71
1,FNMHHHHT13.60
2,L1EFC230322_FTJS0008_S248_L003.51
1,FHLJZD15.22
1,FSCDJY48.75
1,L1EFC230372_FSHXBX62_S330_L004.23
2,FGSYC38.20
2,M1C12.32
2,FSHXBX57.59
2,FSHXBX65.57
2,FSHHK48_FDME220054515-1a.21
2,FQHXN60hun.2
2,FSHHK25_FDME220054495-1a.93
2,FBJ44.4
2,FSHCM85.56
2,FJLHD19.54
2,FTJBH61.48
2,FBJ45.43
2,FeceHuNa150113_FDME220052264-1a.55
2,FeceHuBe150121_FDME220052842-1a.10
1,FGXGL21_FDME220052076-1a.44
2,FBJ20.83
2,FSXTY28.2
2,FSHXBX148.51
2,FNXYCHL59.77
1,FJSNT72.47
2,FHNFQ20.79
2,FHLJYC20.17
1,FNMHHHHT23.10
2,FSXLVLS19.131
1,FHuNHHMY72.54
2,FSHXBX49.26
2,M2CF01.38
1,FSXLL9.72
1,FSHXHZ12.38
2,FHLJZD19.17
2,FSDLZ11.99
2,FSHXBX147.74
