tree_group,mag
1,FNMHLBE23.39
2,FHuNHHMY77.65
2,FGSYC59.28
2,FGDLZ36.78
2,FGXGL10_FDME220052065-1a.59
2,FeceHeNa8.106
2,FGDLZ39.25
2,M1C12.87
2,FGDLZ48.41
2,FXJKS41.14
2,FYNLJ35.1
2,FYNLJ59.64
2,FYNLJ61.41
1,FXJKS45.1
2,FGDLZ2.31
1,FHNXY57.123
1,FGDLZ54.92
2,FGDLZ73.33
2,FSHXBX60.58
1,FQHXN69.38
2,FAHBZ42_FDME220050719-1a.11
2,FGDLZ1.25
2,FAHBZ46_FDME220050723-1a.74
2,FAHBZ31_FDME220050711-1a.45
2,FAHBZ58_FDME220050733-1a.13
1,FHuNHHMY80.50
2,FXJKS6.34
2,FYNLJ40.53
1,FXJSW49.66
2,FYNLJ46.24
2,FGDLZ9_FDME220051911-1a.74
1,M1C1.29
2,FGDLZ13.44
1,FXJKS2.140
2,FSHXBX116.13
1,FNMHLBE24.72
2,FTJBH13.24
2,FeceHuNa150122.85
1,M1DZ06.22
2,FGDLZ17_FDME220051916-1a.28
2,FHuNHHMY16.21
2,FJXSRPY17.105
2,FGDLZ64_FDME220051945-1a.75
1,FQHXN59.44
2,FYNLJ58.81
2,FGDLZ60_FDME220051939-1a.86
2,FGDLZ67_FDME220051948-1a.20
2,FeceGuXi15015.42
2,FGSZY2.1
2,FZJTZ35.88
2,FXJKS50.81
2,L1EFC230368_FSHXBX52_S326_L004.30
2,L1EFC230269_FXJCJ28_S153_L002.20
2,FSCPS94.36
1,M202F01.86
1,FAHBZ22_FDME220050702-1a.39
1,FGDLZ72_FDME220051953-1a.24
2,FJSWXJ14.131
2,FAHBZ25_FDME220050705-1a.104
2,FGXGL95.92
2,FGDLZ71.21
2,FHHMY84.83
1,FGSZY11.89
2,FQHXN110.26
2,FXJKS44.8
1,FQHXN68.74
1,M115R01.113
1,M1C17.59
1,FQHXN86.41
2,FYNLJ80hun.39
1,FYNDL28hun.179
2,FGDLZ83_FDME220051961-1a.167
2,FGDLZ3.28
2,M1C3.54
1,FXJKS35.74
2,FXJKS1.7
2,FHuNHHMY58.87
1,FXJKS51.119
1,FXJKS3.33
2,FAHBZ57_FDME220050732-1a.117
2,FGXGL70_FDME220052125-1a.35
2,FQHXN51hun.79
2,FeceHuNa150118_FDME220052267-1a.63
2,FAHBZ52_FDME220050729-1a.41
2,FQHXN60hun.30
1,FXJKS27.102
2,FQHXN76.55
2,FGXGL84_FDME220052139-1a.75
1,M1DZ01.92
2,FXJKS21.98
1,FNMHLBE22.84
