tree_group,mag
1,FFJLY7_FDME220051244-1a.42
1,FeceHuBe150122_FDME220052843-1a.69
1,M206F01.15
2,L1EFC230342_FJXFC16_S268_L003.46
1,FGSYC79.52
2,FSHXBX127.34
1,FGXGL11_FDME220052066-1a.54
1,FXJSW15.58
1,FGDLZ9_FDME220051911-1a.71
1,FHNXY8.53
1,FYNLJ21hun.57
1,FSHXBX157.52
1,M1C5.132
2,FXJSW47.101
1,FCQTY049_FDME220051134-1a.92
1,FSHCM7.59
1,FHBSJZ29.32
1,FSHHK30_FDME220054499-1a.123
1,FZJHZD15.38
1,FGSYC74.15
1,FSHHK35_FDME220054504-1a.45
2,FSHCM77hun.83
2,FFJLY21_FDME220051252-1a.32
1,FQHXN92.45
1,L1EFC230356_FJXFC54_S314_L004.54
1,FSCDJY49.54
1,FHBSJZ56_FDME220052247-1a.95
1,FGSZY22.41
1,FHNXY13.74
2,FCQNA25.122
1,FSCDJY48.77
1,FSXLVWS9.102
2,FCQTY067_FDME220051145-1a.19
1,FQHXN97.69
1,FHNXY45hun.9
1,FSHXBX153.9
1,FSCCD8hun.102
1,FNMHLBE12.71
1,FSHHK31hun.71
1,FYNLJ56.71
1,FSHXHZ10.50
1,FGSZY26.52
1,M2CF19.82
1,FSXLVWS6.111
2,FSHCM85.48
2,FJSWXJ32.43
2,FSXLL2.52
1,FSCDYJ7.13
2,FeceHeNa6.48
1,M2CF01.144
1,FXJSW46.91
1,FQHXN14.7
1,FeceHuBe150111.44
1,FXJKS13.56
2,FHuNHHMY32.19
1,FHLJZD49.62
1,FCQNA32.21
2,JXNC4.24
1,FSDJN36.102
1,FeceHeNa2.12
2,FTJBH51.32
1,FBJ65.139
1,FSHXBX70.59
1,FSDLZ02.58
1,L1EFC230376_FSHXBX69_S334_L004.124
1,FJLHD39.102
1,FHLJYC37_FDME220052686-1a.43
1,FJSNT20.54
1,FGSYC60.36
1,FGXGL7_FDME220052062-1a.53
1,FeceGuXi15012.35
2,FXJYN18.14
1,FHNXY44.59
1,FNMHHHHT41.107
1,FHLJZD54.9
1,FNXYCHL89.26
2,FHBSJZ44_FDME220052235-1a.22
1,FHNXY31.6
2,L1EFC230274_FXJCJ39_S158_L002.93
1,HuNCS3.38
1,FHLJYC18hun.34
1,FHLJDQ7.17
2,FHNFQ32.29
1,FCQNA17.14
1,FSHXBX88.29
1,FSHHK49_FDME220054516-1a.102
1,FZJTZ48.51
1,FTJBH84.140
1,FQHXN90.72
1,FGXGL43_FDME220052098-1a.29
1,FJXSRPYG9.32
2,FJSNT72.49
1,FZJTZ60.13
1,M1C1.130
1,FSHXHZ14.4
1,FXJYN24.41
1,FXJYN7.20
2,FHNXY3.82
1,FGSZY13.140
1,FYNLJ74.90
1,FYNLJ22hun.131
2,FHBSJZ8.70
2,FSXTY7hun.30
1,L1EFC230285_FXJCJ59_S168_L002.73
1,FTJBH2.46
1,FBJ53.96
1,L1EFC230340_FJXFC13_S266_L003.32
2,FHBSJZ41_FDME220052232-1a.6
1,FeceHuNa150123_FDME220052271-1a.50
1,FJLHD53.69
1,FSHXBX17.38
1,FNXYCHL93.66
1,FNXYCHL24.64
1,FNMHHHHT27.64
1,FYNLJ50.38
1,FSDJN57.21
2,FJSNT24.4
1,FZJHZD13hun.12
1,FSHXWN1.91
1,FSXTY45.22
1,FSDLZ40.45
1,FCQTY063_FDME220051143-1a.71
2,FNXYCHL29.72
2,FXJCJ57.77
2,FCQTY072_FDME220051149-1a.41
1,FTJBH45.118
1,FJSNT15.79
2,FSHCM42hun.72
1,FJXSRPY13.45
1,FXJSW50.130
1,FNMHLBE11hun.9
1,L1EFC230355_FJXFC53_S313_L004.7
1,FJXSRPY27.77
1,FHuNHHMY49.34
2,FSCPS35.45
1,FYNLJ51.118
1,FYNLJ52.2
1,FSHXBX148.90
1,FGSYC6.18
1,FGXGL21_FDME220052076-1a.9
1,FGSZY42.27
1,FHNFQ27.19
1,FJXSRPYG18.17
2,FCQTY061_FDME220051141-1a.31
1,FGXGL30_FDME220052085-1a.2
1,L1EFC230325_FTJS0011_S251_L003.120
1,FHLJYC19.19
1,FFJLY77.99
1,FFJLY48.27
1,FJSWX89.47
1,FSHXWN10.29
1,FGDLZ19_FDME220051917-1a.9
1,FCQNA40.40
1,FCQTY078_FDME220051153-1a.37
1,FNMHHHHT15.66
1,FSDJN62.30
1,FXJYN8.25
1,L1EFC230390_FSHXXA28_S33_L003.46
1,FGZ6M_FDME220051977-1a.60
1,FJSNT32.26
1,FHNXY28.43
1,L1EFC230387_FSHXXA17_S345_L004.81
1,L1EFC230268_FXJCJ27_S152_L002.47
1,FGXGL40_FDME220052095-1a.58
1,FCQTY136_FDME220051181-1a.27
2,FYNLJ23hun.3
1,FGXGL63_FDME220052118-1a.12
1,FCQTY092_FDME220051170-1a.150
1,FSHXBX22.29
1,FJSNT66.6
1,FHuNHHMY7.79
2,FSHXBX150.21
1,M124R01.61
1,FHLJYC5.99
1,FSDJN17.91
1,FCQNA9hun.129
1,FSHXBX12.134
2,FGZ30M_FDME220052028-1a.6
1,FSHXHZ13.115
1,FHBSJZ42_FDME220052233-1a.6
1,FGSZY37.86
1,FSHXHZ3.51
2,FSCPS92.77
1,FNMHHHHT32.79
1,M104R01.49
1,FSHXBX137.1
1,FHLJYC42_FDME220052691-1a.71
1,FSHXBX130.142
1,FSDLZ30.66
1,M1C9.175
1,FZJTZ8.65
1,FSHCM57.11
1,SDHZD15.56
1,FXJCJ34.30
1,FSHXWN6.5
1,FYNLJ7.106
1,FeceGuXi150113.6
1,L1EFC230278_FXJCJ44_S162_L002.23
1,FXJYN29.32
1,FXJWS20.64
1,FSDQZ17.35
1,FGXGL92.60
1,FHLJYC6.36
1,L1EFC230335_FJXFC05_S261_L003.37
1,FHLJYC35_FDME220052684-1a.27
1,FXJCJ21.118
1,FSHXBX76.3
1,FSHCM38.132
1,FTJBH25.23
2,FCQTY030_FDME220051124-1a.19
1,FGXGL1_FDME220052056-1a.86
2,FHLJYC10.44
2,FFJLY78.46
2,FSDLZ55.58
1,FeceHuNa15017.133
1,FGDLZ75_FDME220051955-1a.25
1,FJSNT61.40
1,FXJKS30.66
2,FZJTZ2.71
1,FSHXWN32.57
1,FJNDD16_FDME220051233-1a.112
2,FXJWS6hun.70
1,JSCZD7.17
1,FZJTZ53.105
2,FCQNA3.28
1,FGXGL15_FDME220052070-1a.56
2,FBJ4.50
1,FQHXN84.21
1,FHLJYC38_FDME220052687-1a.25
1,FQHXN23.42
1,FSDLZ31.54
1,FAHBZ17.129
1,FeceHeNa4.17
1,FXJYN19.127
1,FXJSW32hun.110
1,FSHHK4.81
2,FAHBZ51_FDME220050728-1a.62
1,FAHWH31.46
1,FeceHuBe150132_FDME220052848-1a.58
1,FHBSJZ61_FDME220052252-1a.65
2,FNMHLBE16.108
1,FHNFQ5.87
1,FHLJYC28hun.43
2,FGZ35M_FDME220052035-1a.70
1,FXJYN1.83
1,M1C12.11
2,FCQNA6hun.79
2,FSDQZ32.54
1,FZJJH12.56
1,SDHZD17.8
2,FSXTY26.71
1,FGXGL81_FDME220052136-1a.90
1,M106R01.56
1,FHBSJZ7.11
2,FSHXXA35.44
1,FSHXHZ5.24
1,FZJTZ25.79
1,L1EFC230346_FJXFC22_S304_L004.71
1,FBJ43.54
1,FSHXBX128.82
1,FFJLY34_FDME220051263-1a.38
1,L1EFC230373_FSHXBX64_S331_L004.50
1,FZJTZ19.96
1,FJSWXJ14.155
1,FJND18_FDME220051209-1a.37
1,FSDLZ17.113
1,FJND9_FDME220051201-1a.41
1,FeceHuNa150120_FDME220052269-1a.46
2,M2CF17.8
1,FSHXBX79.71
1,FCQNA28.21
1,FAHBZ15.18
2,FSDJN14.94
1,FSHXBX151hun.12
2,FHNXY51.25
1,FYNLJ35.57
1,FJSWXJ42.59
1,FJNDD14_FDME220051231-1a.117
2,FHLJYC36_FDME220052685-1a.7
2,FBJ28.61
1,FGDLZ78_FDME220051943-1a.15
1,FJSWXJ40.52
1,FGDLZ82_FDME220051960-1a.59
1,FSHXBX143.97
1,FHNXY41.25
2,FGZ34M_FDME220052034-1a.100
1,L1EFC230349_FJXFC31_S307_L004.30
2,FSHCM15_FDME220054532-1a.98
1,FXJWS50.13
1,FHNFQ48.57
1,FeceHeNa27.44
1,FSXLVLS16.93
1,FJSNT64.50
1,FGXGL60_FDME220052115-1a.67
1,M1DZ08.16
1,FSHXBX147.109
1,FGSZY3.32
1,FSXLVWS1hun.45
1,FAHBZ30_FDME220050710-1a.36
1,FSHCM65.91
2,FSDJN38.53
1,FSDQZ31.35
1,FJSWXJ1.24
1,FHuNHHMY3.104
1,FHNFQ26.46
1,FJLHD44.158
1,FSHXBX43.34
1,FHNXY1.47
2,FQHXN47.37
2,FSCPS9.84
2,FAHBZ54.15
1,FNMHHHHT19.33
2,FTJBH64.26
1,FSHXBX176.69
1,FJSNT35.49
2,FSDJN16.39
1,M1C10.53
1,FSHCM62.153
1,FHNXY29.118
1,L1EFC230389_FSHXXA21_S347_L004.22
1,FZJHZD28.105
2,FJSWX108.67
1,FXJYN9.95
1,FGDLZ83_FDME220051961-1a.121
1,FSHHK41_FDME220054510-1a.75
1,FHuNHHMY39.84
1,FJXSRPY17.32
1,FXJYN3.84
1,FFJLY32_FDME220051261-1a.40
1,FZJHZ8.41
1,FSHXXA16.38
1,L1EFC230319_FTJS0003_S245_L003.18
1,FSHHK23hun.10
1,FSHCM35.54
1,FNMHHHHT37.140
1,FSDLZ57.53
2,FCQTY050_FDME220051135-1a.31
1,M2CF04.52
1,FHNXY47.11
2,FHuNHHMY61.36
1,FJSNT6.45
1,FAHWH20_FDME220050742-1a.40
1,FJSNT3.61
1,FSXTY19.5
1,FXJSW12.13
1,FSCPS94.66
1,FXJCJ4.107
1,FSHXBX131.78
1,FSCPS12.72
1,FSHHK9.105
1,FNMHLBE4.81
1,FHNXY19.117
1,FGSYC18.36
1,L1EFC230271_FXJCJ35_S155_L002.66
1,FGDLZ21.107
1,FQHXN50.45
2,L1EFC230381_FSHXXA05_S339_L004.83
2,FSXTY24.97
2,FFJLY75.97
1,FeceHuNa15012_FDME220052260-1a.4
1,FYNLJ38.84
2,FSHXHZ11.74
1,FSCPS31.24
1,L1EFC230302_FXJWS31_S228_L003.6
1,FCQTY155_FDME220051191-1a.92
1,FFJLY9_FDME220051246-1a.74
1,FTJBH17.42
1,FYNDL10hun.120
1,L1EFC230254_FXJCJ06_S139_L002.44
1,FBJ32.23
1,FTJS021.32
1,FSHCM89hun.68
1,FJXSRPYG32.22
1,M207F02.31
1,FHLJYC39_FDME220052688-1a.57
1,FSDQZ11.80
1,FGXGL20_FDME220052075-1a.35
1,SDHZD4.34
1,FSXTY35.67
2,FNXYCHL88.43
2,FSXTY27.76
1,FSDJN27.72
1,FGXGL24_FDME220052079-1a.42
1,M2CF14.68
1,FSHXBX66.42
1,FSDLZ12.94
1,FGSYC90.38
1,FGSZY40.33
1,FNXYCHL55.47
1,L1EFC230348_FJXFC29_S306_L004.78
1,FHuBWH23hun.42
1,FJSWXJ30.71
1,FSHXWN13hun.12
1,FJSWXJ2.168
2,FBJ61.42
1,FSDQZ3.27
1,FSDQZ5.6
1,FHLJZD1.27
2,FSHHK11_FDME220054483-1a.31
1,FQHXN48.47
1,FGDLZ76_FDME220051956-1a.88
1,FHLJZD3.59
1,FHuNHHMY57.60
1,L1EFC230324_FTJS0010_S250_L003.74
1,FSHXBX167.29
1,L1EFC230267_FXJCJ26_S151_L002.79
1,FZJHZD2hun.23
1,L1EFC230300_FXJWS27_S226_L003.35
1,FHNXY49.11
1,FBJ22.13
1,FQHXN99.113
1,FSDLZ44.24
1,FJXSRPYG20.76
1,FJSWX107.15
1,FHuNHHMY1.72
1,FHuNHHMY23.19
1,FGSZY27.27
2,FTJBH39hun.52
1,FFJLY43_FDME220051271-1a.23
1,FeceHuBe150125_FDME220052846-1a.13
1,L1EFC230295_FXJWS19_S222_L003.52
1,FXJKS40.94
1,FHNXY32.51
1,FAHBZ44_FDME220050721-1a.126
1,FGDLZ84_FDME220051962-1a.46
1,FJLHD19.41
2,FHNXY9.63
1,FGXGL86_FDME220052141-1a.62
1,FAHBZ59_FDME220050734-1a.74
1,FZJTZ31.7
2,FGZ5M.47
2,FBJ54.61
1,FHNXY30.62
1,FCQTY031_FDME220051125-1a.46
2,FAHWH07.92
1,FZJHZD16hun.10
1,FSHXWN14.48
1,FHuBWH36.104
2,FSDJN58.23
1,FSHHK37_FDME220054506-1a.16
1,FSXTY2hun.8
1,FSXTY32.78
2,FHBSJZ27.37
1,FAHBZ21_FDME220050701-1a.22
1,FSHCM39.98
1,FSXTY51hun.54
1,FCQTY007.87
1,FSXLVLS3.48
1,FAHBZ46_FDME220050723-1a.41
2,FGD19M_FDME220052006-1a.34
1,FNMHLBE18.88
1,FHLJZD16.81
1,FSDJN33.5
1,FSHCM63.54
1,FGSZY24.52
2,FSHCM8.36
1,FZJTZ68.32
1,FSCPS45.18
1,FZJTZ5.116
1,FCQTY033_FDME220051126-1a.19
1,FCQTY085_FDME220051156-1a.103
1,FJXSRPYG41.27
2,FCQTY021_FDME220051118-1a.25
2,FSCPS95.26
1,FHLJYC23.90
1,FXJYN12.9
1,FGDLZ24_FDME220051919-1a.71
2,FCQTY048_FDME220051133-1a.67
2,M101R01.72
1,FSHXBX134hun.52
1,FSHXBX90.3
1,FSHXBX23.19
1,FNMHHHHT23.39
2,FNXYCHL46.43
2,FSHHK48_FDME220054515-1a.51
2,FHNFQ62hun.6
1,FHLJYC29.37
1,FTJBH4.6
1,FJSNT60.28
1,FGXGL22_FDME220052077-1a.47
1,L1EFC230264_FXJCJ23_S148_L002.113
1,FSHXWN17.29
1,FGDLZ53.70
1,FeceHuNa150133_FDME220052276-1a.38
1,FSXLVLS10.72
1,FHNFQ40.57
1,FSXTY1hun.121
1,FSDLZ39.87
1,FYNLJ48.21
1,FHBSJZ46_FDME220052237-1a.41
1,FSHXBX142.92
1,L1EFC230357_FJXFC55_S315_L004.7
1,FGSYC7.106
1,M2CF10.47
1,FGSYC13.22
1,FCQTY166_FDME220051197-1a.94
2,FSHCM75.87
1,FQHXN106.6
1,FQHXN54.39
1,FQHXN56.47
1,FSHXBX164.48
2,FSHCM49.39
2,FHBSJZ60_FDME220052251-1a.8
2,FNXYCHL45.53
1,FeceHuNa150124_FDME220052272-1a.23
1,FSHXHZ23.52
1,L1EFC230351_FJXFC35_S309_L004.18
1,FSXLVLS12.101
1,FCQNA15.59
2,FSHHK46_FDME220054513-1a.37
2,FHuBWH1.33
1,FSHCM90.32
1,L1EFC230339_FJXFC12_S265_L003.112
2,FHLJYC24hun.67
1,FSHCM98.2
1,FHBSJZ38_FDME220052229-1a.38
1,FSXLVLS19.80
2,SDHZD3.46
1,FSHHK39_FDME220054508-1a.39
1,FNMHHHHT22.16
1,M123F01.13
1,FQHXN102.60
1,FSHCM87.48
1,FGSZY48.97
1,FGDLZ74.89
1,FHNXY21.107
1,FJSNT18.61
1,FTJBH61.82
1,FYNLJ66.73
1,FSHXWN22.82
1,FBJ50.85
1,FXJYN11.81
1,M1DZ05.73
1,FSCCD4.99
1,L1EFC230320_FTJS0005_S246_L003.32
1,FTJS019.58
1,FHNXY42.46
1,FSDJN44.47
1,FSHXHZ20.46
1,L1EFC230306_FXJWS35_S232_L003.47
1,FHLJYC1.72
1,FTJBH93.58
1,FNMHHHHT44.68
1,FCQTY064_FDME220051144-1a.59
1,L1EFC230310_FXJWS40_S236_L003.118
1,FQHXN67hun.30
1,FJSWXJ17.44
2,FHLJDQ9.67
1,M137R01.61
1,FSHXBX126.69
2,L1EFC230334_FJXFC03_S260_L003.62
2,M2CF12.21
2,FSCPS8.62
1,FBJ69.13
1,FHBSJZ13.38
2,FNXYCHL38.62
2,FJSNT38.61
1,FeceHuBe150127_FDME220052847-1a.56
1,FSDQZ30.75
1,FBJ30.78
2,FQHXN30.2
2,L1EFC230314_FXJWS46_S240_L003.14
1,FJSNT25.6
1,FGDLZ81_FDME220051959-1a.134
1,FJSWXJ41.46
2,FSHCM52.26
1,FNMHHHHT36.71
1,FGSZY8.66
1,FGXGL23_FDME220052078-1a.115
1,FGDLZ33_FDME220051920-1a.20
1,FJSNT30.56
1,L1EFC230345_FJXFC21_S303_L004.1
1,FGSYC59.34
1,FSHCM4hun.53
1,FHNFQ28.36
1,FSHHK42_FDME220054511-1a.21
1,FZJTZ24.14
1,FHuNHHMY19.55
1,FJSWXJ4.152
1,FSDJN19.66
1,FXJYN41.58
1,FNXYCHL53.1
1,FTJBH30.61
1,FZJHZD25.2
1,FXJCJ31.56
1,FAHBZ60_FDME220050735-1a.20
1,FAHBZ12.10
2,FBJ2.22
1,FAHBZ19.8
1,FGSZY28.27
1,FSHXBX89.71
1,FSHXBX21.33
1,FeceHeNa7.161
1,FZJTZ26.72
1,FSHHK28_FDME220054497-1a.74
1,FHLJYC15.120
1,FSHXXA38.126
1,FSXTY59.31
2,FAHWH21_FDME220050743-1a.53
1,FSHXWN9.56
1,FBJ20.40
1,FSXLL1.25
1,FeceHuBe150124_FDME220052845-1a.11
1,FSHXHZ18.50
2,FJNDD5_FDME220051222-1a.53
1,FHBSJZ10.38
1,FQHXN83.21
1,FSHXBX14.88
1,FGSYC49.41
1,FJSWX86.64
2,FCQTY145_FDME220051185-1a.100
1,FSDLZ56.47
2,L1EFC230391_FSHXXA34_S34_L003.10
1,L1EFC230337_FJXFC09_S263_L003.51
1,M202F01.97
1,FSCDJY64.107
2,FSDJN18.45
1,FSHXBX9.102
1,FHuNHHMY47.20
1,FSDLZ41.64
2,FSHXBX161.7
1,FJSWXJ37.92
1,FJSWXJ13.67
1,M1DZ04.96
1,FZJHZD3hun.48
1,FGSZY12.46
1,FGXGL6_FDME220052061-1a.37
1,FSHXBX135hun.25
1,FZJTZ21.107
2,FCQTY106_FDME220051177-1a.22
1,FSHXWN27.25
1,FHuBWH39.49
1,FJSWXJ25.52
1,FXJYN5.105
1,FGXGL64.34
2,SDHZD10.21
1,FNMHHHHT33.18
1,FHuNHHMY64hun.110
1,M1DZ09.63
1,FXJWS18.24
1,L1EFC230318_FTJS0001_S244_L003.84
1,L1EFC230312_FXJWS44_S238_L003.47
1,FSHCM22_FDME220054537-1a.40
2,FGXGL8_FDME220052063-1a.16
2,FGXGL56_FDME220052111-1a.74
1,FTJBH62hun.4
1,FZJJH11.20
1,FAHWH04.48
1,FHuNHHMY6.39
2,FCQTY077_FDME220051152-1a.56
1,FHLJZD8.101
1,FHuBWH29.49
1,FNXYCHL61.64
1,FJLHD18.32
1,FAHBZ40_FDME220050717-1a.57
1,FSDLZ58.45
1,FQHXN93.107
1,FXJYN38.115
2,L1EFC230393_FSHXXA37_S36_L003.52
1,FJXSRPY8.140
2,FBJ25.87
1,FGXGL45_FDME220052100-1a.113
1,FXJKS49.53
1,FGXGL107.17
1,FNMHHHHT12.47
1,FGXGL69_FDME220052124-1a.2
1,FHuNHHMY13.78
1,FSHXWN5.16
1,FGDLZ85.98
2,FSCCD7hun.1
1,FTJBH28.102
1,FJXSRPY12.11
2,FFJLY16.78
1,FSCPS81.96
1,FJSWX102.20
1,FGXGL49.81
1,FGZ3M_FDME220051970-1a.121
1,FSHXHZ21.44
1,FAHBZ43.31
2,FSXLVLS9.19
2,FQHXN109.32
2,FHLJYC30.7
1,FBJ67.61
2,FGZ37M_FDME220052037-1a.93
1,FHLJZD6.97
1,FZJTZ22.51
1,L1EFC230369_FSHXBX54_S327_L004.38
1,FJXSRPY43.51
1,FSHXBX166.42
1,FGSZY34.57
1,FSDLZ08.47
1,FYNLJ68.40
1,M115R01.107
1,L1EFC230363_FSHXBX41_S321_L004.116
1,FSDLZ25.58
1,FJSWX80.68
1,FSHXBX155.121
2,FGXGL97.27
1,FSDJN7.97
1,FJNDD15.76
1,FGXGL18_FDME220052073-1a.23
1,FHNXY57.88
1,FAHWH01.50
1,FGSZY52.74
1,FTJBH47.75
1,FBJ7.90
1,FQHXN55.37
1,FQHXN32.91
2,FGD17M_FDME220052001-1a.74
2,FYNLJ69.36
2,FZJHZD27hun.31
1,FHuBWH32.53
2,FAHBZ3_FDME220050685-1a.53
1,FJSWX83.21
1,FGXGL105.20
1,FJXSRPY11.40
1,FTJBH57.113
1,M122R01.135
1,FXJKS9.51
2,FSXTY18hun.12
2,FNXYCHL26.114
2,FCQTY105_FDME220051176-1a.26
1,FSHCM86hun.34
1,FZJHZD18hun.77
1,FSHHK7_FDME220054481-1a.139
1,SDHZD11.69
1,FGSZY53_FDME220051904-1a.49
1,FFJLY56_FDME220051237-1a.29
1,FXJWS22.36
1,FSDLZ42.129
1,L1EFC230372_FSHXBX62_S330_L004.31
2,FHuNHHMY53.31
1,FSHXBX75.30
2,FGDLZ51.25
2,FSCDJY93.43
1,FGSZY45.103
1,M1C13.17
1,FGXGL12_FDME220052067-1a.95
1,FZJHZD9hun.30
1,FSHXHZ24.81
1,FSHCM97.57
1,FJXSRPY40.57
1,FJLHD7.43
1,FZJTZ40.90
1,FeceHuNa150118_FDME220052267-1a.56
2,FTJS031.44
2,FGZ42M_FDME220052055-1a.22
1,FJSWXJ8.113
1,FeceHuNa150112_FDME220052263-1a.66
1,FSDJN35.83
2,FCQTY148_FDME220051187-1a.97
1,FHNXY62.35
2,FGZ28M_FDME220052025-1a.99
2,FCQTY053_FDME220051136-1a.40
1,FeceHuBe150133_FDME220052849-1a.41
1,FeceHeNa17.64
2,FGDLZ58.38
1,FSDLZ11.83
1,FSDJN5.49
1,FGDLZ66_FDME220051947-1a.30
2,FSXTY23.29
1,FNMHHHHT21.2
1,FZJHZD5.19
1,FGSZY35.5
2,L1EFC230332_FTJS0029_S258_L003.95
1,FJXSRPY10.28
1,FSHXBX138.60
1,FZJHZD23.64
1,FSDJN51.31
1,FZJTZ35.21
1,FHNXY34.129
1,FJSWX87.30
2,FSHXXA26.115
1,FAHBZ10_FDME220050692-1a.109
1,FTJBH74.17
1,M128R01.84
1,FSCPS65.57
1,FXJYN17.6
2,FJSWXJ28.56
1,FSDJN12.115
2,L1EFC230303_FXJWS32_S229_L003.34
2,FSDJN39.65
1,FGSYC43.9
1,FBJ42.33
1,FeceHuNa150135_FDME220052278-1a.28
1,FGSYC14.32
1,FSHXHZ22.81
1,FGXGL33_FDME220052088-1a.73
2,FJLHD32.7
2,M2CF15.93
2,FGXGL52_FDME220052107-1a.24
1,FGDLZ56_FDME220051936-1a.42
2,FSXTY25.64
1,FHLJYC21.6
1,FQHXN39.4
1,FJXSRPYG7.10
1,FGSZY50.30
1,FZJTZ13.61
1,FSXLVLS25.19
1,FSHXBX45.93
1,FeceHuNa150114_FDME220052265-1a.49
1,FSXLVLS2.4
1,FHNFQ60hun.29
1,FSHXBX65.107
1,FXJWS29.71
1,FSHHK36_FDME220054505-1a.102
1,FHLJDQ10.93
1,FHLJZD51.64
1,FHLJYC8hun.56
1,FHBSJZ26.81
1,FSHXBX123hun.14
1,FGZ41M_FDME220052054-1a.50
1,FSXLL14.91
1,FeceGuXi15011.2
1,FHNXY10.50
1,FJSWXJ23.29
2,FSDLZ33.33
2,FCQTY104_FDME220051175-1a.1
1,FSDLZ24.49
1,FHNFQ57.63
1,FGXGL65_FDME220052120-1a.94
1,FAHBZ39_FDME220050716-1a.40
1,FSDLZ53.71
1,FHLJYC32.26
1,L1EFC230359_FSHXBX16_S317_L004.28
1,FZJTZ62.61
2,FHBSJZ48_FDME220052239-1a.18
1,FSXTY40.77
1,FFJLY65.123
1,FYNDL2.32
1,FGXGL51_FDME220052106-1a.77
1,FZJTZ1.35
1,FYNLJ57.81
1,FJLHD16.104
1,L1EFC230371_FSHXBX56_S329_L004.68
1,FGXGL72_FDME220052127-1a.58
1,FFJLY10_FDME220051247-1a.9
1,FHNFQ35.16
1,FTJBH55.15
1,FGZ4M_FDME220051972-1a.75
1,L1EFC230395_FSHXXA48_S38_L003.85
1,FTJBH_17.22
2,FXJYN37hun.8
1,FeceGuXi150112.75
1,FSXLL17.72
1,FSHXBX108.28
1,FZJTZ39.38
1,FQHXN108.105
1,FJSWX98.19
2,L1EFC230388_FSHXXA20_S346_L004.46
2,M105F01.31
1,FHuBWH33.52
1,FSDJN31.43
2,FGSYC71.14
2,FSCDJY13.122
2,FSXTY52.11
1,FYNLJ46.30
1,FXJKS51.160
1,FeceHuNa150136.37
1,FSHXBX20.122
1,FBJ52.52
1,FZJTZ65.8
1,FSCPS4.120
1,FQHXN103.15
1,FGXGL96.91
2,FSCCD2.2
1,FQHXN63hun.109
2,FBJ26.76
2,FeceHuBe150117_FDME220052839-1a.55
1,FAHBZ2.34
1,FHuNHHMY74.42
1,FJXSRPYG3.2
1,FSHCM93.119
2,FSXLL13.39
2,FZJHZD7hun.75
2,FHBSJZ34.74
1,FZJTZ18.52
1,FSXTY38.6
1,FJSWXJ16.64
1,FHNXY22.16
1,FSHXBX5.43
1,FXJSW36.118
1,FSDLZ47.57
2,FSDJN2.77
1,FJSNT36.20
1,FJSNT2.76
1,FAHWH23_FDME220050744-1a.29
1,FGXGL10_FDME220052065-1a.52
1,FSDJN20.59
1,FSXLL16.8
1,FGXGL87_FDME220052142-1a.63
1,FXJYN2.39
2,FSDQZ25.84
1,FZJTZ6.85
1,FJSWXJ43.72
1,FJSWXJ6.13
1,FXJYN23.3
1,FGSYC62.24
1,FNMHHHHT31.30
1,FGSYC69.53
1,FQHXN61hun.85
1,FHuNHHMY22.45
1,FeceHeNa8.120
1,FHLJDQ12.17
1,FSXLVLS11.16
1,FSHHK40_FDME220054509-1a.73
1,L1EFC230286_FXJCJ60_S169_L002.82
1,FGSZY29.42
1,FXJKS42.23
1,FSHXBX125.77
1,FGSZY16.7
1,FGZ36M_FDME220052036-1a.29
1,FFJLY3_FDME220051240-1a.109
1,FSDQZ39.99
2,FSXTY33hun.5
1,FGDLZ27.17
1,FNMHHHHT17.11
1,FZJHZD26.75
1,FSDQZ24.19
2,FSCDJY50.44
1,FJXSRPY44.38
1,FHLJYC33_FDME220052682-1a.93
1,FHNXY60.66
2,FBJ3.16
2,FNXYCHL70.44
1,FJSWXJ38.63
1,FSXLL19.8
1,FXJWS41.4
1,FSHCM17_FDME220054534-1a.48
1,FSHXBX28.93
1,FYNDL28hun.21
2,FSDJN23.4
1,FGDLZ68.69
1,FGXGL31_FDME220052086-1a.117
1,FJSNT44.20
2,FCQTY012.52
1,FSDQZ42.84
1,FSCPS27.126
1,FTJBH49.48
2,FSCPS89.60
1,FeceGuXi150115.26
2,FJSWX88.20
1,L1EFC230298_FXJWS24_S224_L003.48
1,FQHXN62hun.4
2,FSHHK44.17
2,FYNLJ65.49
1,FJSWXJ21.105
2,FSHHK29_FDME220054498-1a.56
2,FHBSJZ55.60
1,L1EFC230347_FJXFC25_S305_L004.60
2,FeceHeNa23.1
2,FSXTY22.42
2,L1EFC230379_FSHXXA03_S337_L004.13
1,FGZ38M_FDME220052048-1a.26
1,FGSZY51.94
2,JSCZD12.38
1,FJSWX106.14
2,FBJ10.52
1,FNMHHHHT10.67
1,FHNFQ46.28
1,FSHXBX169.60
1,FJSNT23.34
2,FXJYN33.63
1,FHuNHHMY83.63
2,FHBSJZ31.31
1,FAHWH05.11
2,FNXYCHL75.40
1,FeceHuNa150119.32
1,M2CF11.46
1,FeceHeNa22.64
1,FTJS030.99
1,FGSZY9.27
2,FCQTY009.74
1,FSDQZ36.36
1,FAHBZ48_FDME220050725-1a.68
2,FHNXY55.47
1,FeceHuNa15016.58
2,FSHXXA44hun.33
1,FSDJN48.108
1,FAHWH14.77
1,M1DZ11.81
1,FZJTZ4.9
1,FGXGL83_FDME220052138-1a.39
1,FSCPS69.126
1,FSHXWN15.96
1,FGDLZ50_FDME220051930-1a.93
1,FXJYN31.8
1,FSHXBX71.77
1,FFJLY59_FDME220051278-1a.18
2,FCQTY159_FDME220051194-1a.64
1,FJXSRPYG31.112
1,FSHXWN12.72
1,FGSZY56.39
1,FQHXN79.59
1,FGDLZ69_FDME220051950-1a.45
1,FTJS006.1
1,FJSNT58.15
1,FSCDJY38.59
2,FJXSRPY15.15
2,FeceHeNa11.41
1,FNMHHHHT11.44
1,FSDJN13.44
1,FCQTY144_FDME220051184-1a.28
1,FSDJN55.62
1,FSCPS62.41
1,FGXGL41_FDME220052096-1a.52
1,FSDQZ4.79
1,FHBSJZ4.2
2,FJSWXJ12.53
1,L1EFC230266_FXJCJ25_S150_L002.125
1,FHuNHHMY55.18
2,FAHWH33.49
1,FGSYC9.10
1,FHNXY5.44
1,FSCCD1hun.103
1,FGZ25M_FDME220052017-1a.92
1,FSCPS16.65
1,M2CF07.7
1,FQHXN64hun.26
2,FHNFQ22.10
1,FSDQZ49.86
1,FQHXN1.79
1,FGSZY41.5
1,FSXTY53.8
1,FJSWX96.130
1,FSHXBX174.58
1,FQHXN113.101
2,FZJHZD8.59
2,FJSWX84.27
2,FCQTY070_FDME220051147-1a.45
2,FJSNT28.86
1,FCQTY006.12
1,FCQTY022_FDME220051119-1a.91
1,FHNFQ29.79
1,FJSNT67.13
2,FHBSJZ11.36
1,FAHWH28_FDME220050746-1a.74
2,FCQTY094_FDME220051171-1a.24
1,FSDQZ43.4
1,FZJTZ23.63
1,FAHBZ7_FDME220050689-1a.74
1,FGDLZ54.12
1,FeceHuBe150119_FDME220052841-1a.104
2,FJNDD12_FDME220051229-1a.80
1,M2CF05.84
1,FHuNHHMY38.42
1,FGZ1M.41
1,FHuNHHMY78.50
1,FeceHuNa150110_FDME220052261-1a.83
1,L1EFC230258_FXJCJ14_S143_L002.99
1,FSDJN46.15
1,FSHXBX53.47
1,FGXGL88.89
1,FSDLZ21.52
1,FXJYN40.124
1,FBJ29.39
1,FHLJYC40.58
1,FHNXY17.68
1,FGDLZ15_FDME220051915-1a.54
2,FYNDL18hun.10
2,FJSNT65.30
1,FAHBZ36.91
1,FSXTY20.88
1,FeceHeNa1.11
1,FHNXY53.24
1,FHLJZD58.85
1,FSXLVLS14.41
2,FJSWX76.5
1,FCQTY101_FDME220051173-1a.8
2,M1C2.24
1,FSHXBX57.2
1,FGDLZ20.5
1,FBJ44.86
1,FTJBH27.73
1,FSXLVLS13.81
1,FSCDJY57.138
1,L1EFC230333_FTJS0033_S259_L003.7
1,FeceHuBe15015_FDME220052833-1a.24
1,FSDLZ34.52
1,FTJBH78.25
1,FSXLVLS17.59
1,FNMHLBE7.97
2,FSHHK14.127
1,FXJKS29.69
1,FZJTZ36.90
1,FNXYCHL5.22
1,FSHXBX78.141
1,FCQTY024_FDME220051120-1a.4
1,FFJLY72_FDME220051238-1a.2
2,FJSWXJ3.48
2,FNXYCHL6.16
1,FSHXWN19.56
1,FZJTZ20.63
2,FHuBWH31.52
1,FSHXWN36.13
1,FSDQZ29.44
1,FQHXN26.4
2,JSCZD11.43
1,FSHCM16_FDME220054533-1a.43
1,FSHXHZ7.31
2,FHNFQ23.21
1,SDHZD14.46
1,FAHWH12_FDME220050738-1a.12
1,FGXGL73_FDME220052128-1a.4
1,FGDLZ79_FDME220051957-1a.6
1,FHBSJZ57_FDME220052248-1a.40
1,L1EFC230364_FSHXBX42_S322_L004.119
1,FXJKS12.17
1,FSXTY39.91
1,FHBSJZ39_FDME220052230-1a.47
1,FJSWX85.20
1,FSXLVWS8hun.78
1,FHNXY7.10
1,FNMHHHHT20.78
1,M116R01.95
1,FSHCM3.82
2,FBJ57.79
1,L1EFC230386_FSHXXA15_S344_L004.74
2,FTJBH7.24
1,FZJTZ34.25
1,FGXGL16_FDME220052071-1a.161
1,FAHBZ23_FDME220050703-1a.56
1,FXJKS10.86
1,FGSYC72.53
2,FNXYCHL71.82
1,FHNXY37.10
2,M130R01.46
1,FGSYC51.13
1,FSCPS41.76
1,FJSNT5.73
2,FSXLL3.13
1,FTJBH41.29
1,FZJTZ61.3
1,FNXYCHL58.61
1,FQHXN89.115
2,FHHMY84.56
1,FeceHuNa150117_FDME220052266-1a.26
1,FGZ7M.33
1,FSHXXA41hun.20
1,FHuBWH4.17
1,FZJTZ14.34
1,FCQTY165_FDME220051196-1a.18
1,FGDLZ65_FDME220051946-1a.39
1,FSHCM94hun.84
1,FNMHLBE1.70
1,FGDLZ70.20
1,FTJBH19.151
1,SDHZ24.117
1,FXJSW20.33
1,M1C6.23
1,FNMHHHHT18.67
1,FGDLZ77_FDME220051942-1a.39
1,FZJTZ52.3
2,FSDQZ6.64
1,FNXYCHL44.97
1,FXJKS34.80
1,FSDJN37.144
1,FHLJZD2.42
1,FSHHK38_FDME220054507-1a.116
2,FeceHuNa150139_FDME220052282-1a.32
1,FAHBZ56.59
1,FQHXN49.46
1,SDHZD2.167
2,FZJHZD24.3
1,FXJSW16.90
1,FeceHuBe150121_FDME220052842-1a.78
2,M2CF13.43
1,FCQJJ2.52
1,FQHXN45.8
1,FGDLZ62.27
1,FGDLZ49.9
1,FSCPS39.67
2,FSHHK12hun.100
1,FBJ60.46
1,FHLJYC2.63
1,FHuNHHMY20.71
1,FGSYC73.79
1,FSDLZ50.84
1,FGZ12M_FDME220051990-1a.27
1,FJLHD30.68
1,FFJLY53_FDME220051276-1a.29
1,FSDQZ46.27
1,FZJTZ30.90
1,FGSYC46.28
2,FCQTY141_FDME220051183-1a.26
2,FTJBH71.10
2,FCQTY149_FDME220051188-1a.47
2,FTJBH53.67
1,FSHXBX98.151
1,FSHXBX25.39
2,FSHCM13_FDME220054530-1a.101
1,FJSNT21.119
1,FGXGL28_FDME220052083-1a.111
1,FXJKS47.40
1,FHNXY38.87
2,FGXGL100.75
1,FNMHLBE15.45
1,FeceHeNa19.14
1,FZJTZ41.76
1,FCQNA43.17
1,FCQNA39.86
1,FJSWX92.13
2,FCQTY047_FDME220051132-1a.6
2,M214F02.178
1,FBJ14.62
1,FHNXY48.42
1,FJSNT71.22
1,FGSZY44.115
1,FJXSRPYG19.80
1,FCQTY154_FDME220051190-1a.72
2,FHNXY11.61
1,FGSZY55.7
1,FXJSW5hun.82
1,FNMHLBE8.64
1,FGXGL53_FDME220052108-1a.42
1,FHNFQ53.66
1,FSHCM54.57
1,FCQTY010.140
1,FSHCM70.10
1,FXJYN32.110
1,FJLHD43.26
1,FSDJN3.53
1,FSHCM58.95
1,FTJBH100.32
1,FSHXBX163.56
1,FZJTZ16hun.82
1,FHLJYC22.49
2,FJSNT27.34
1,FXJYN25.8
2,FHBSJZ5.21
1,FQHXN73.127
1,FGDLZ63_FDME220051944-1a.1
2,FeceHuBe15013_FDME220052831-1a.18
1,FQHXN78.1
2,M129R01.76
1,FXJSW7.79
1,FNMHHHHT16.60
1,FGDLZ11_FDME220051913-1a.21
1,FJXSRPY24.71
1,FSDJN50.34
1,FSDJN1.109
2,FSDQZ47.50
1,FGSYC12.49
1,FSDJN6.136
1,FSCPS11.229
1,FHNFQ12.12
2,FXJCJ17hun.45
1,FNMHLBE34hun.50
1,FHNXY36.26
1,FZJTZ50.69
1,SDHZD1.29
1,FSHHK15hun.21
1,FNMHLBE14.102
2,FSXTY42.37
2,FSDLZ19.31
1,FeceHuBe150123_FDME220052844-1a.95
1,FSHHK45.27
2,FAHBZ32_FDME220050712-1a.51
2,FNXYCHL47.71
1,FZJTZ15.36
2,FSHCM21_FDME220054536-1a.17
1,FGXGL32_FDME220052087-1a.136
1,FGXGL34_FDME220052089-1a.127
1,FZJHZD30.42
1,FZJHZD6.102
1,FJSNT46.65
1,FGXGL26_FDME220052081-1a.132
1,FeceHuNa150138_FDME220052281-1a.4
1,FSXLVWS7hun.43
1,FGXGL61_FDME220052116-1a.102
1,FYNDL13.43
1,FGSZY57_FDME220051907-1a.26
1,FGZ2M.71
1,FeceHuNa150137.120
2,FSCCD11.120
1,FZJTZ11.25
1,FSHXBX106.129
1,FSHXHZ8.124
1,FGXGL95.14
1,FNXYCHL9.77
1,FHLJYC14.74
1,FSHHK10_FDME220054482-1a.6
1,FHuNHHMY70.77
1,L1EFC230284_FXJCJ58_S167_L002.25
1,FeceGuXi150114.32
1,FSXTY48hun.60
1,FHLJYC41.8
1,FHNXY20.47
1,FGSZY15.120
1,FBJ51.31
1,FHuBWH24.57
1,FGSYC65.51
2,FTJBH38hun.70
1,FTJS032.17
2,FNXYCHL7.20
1,FHuNHHMY10.64
1,FHNXY56.40
1,FSDLZ27.36
1,FAHBZ47_FDME220050724-1a.24
1,FXJSW10.27
1,FeceHeNa26.83
2,FJXSRPY21.28
1,FGSZY30.11
1,FAHWH36_FDME220050753-1a.1
1,FJSWX90.48
1,FJSWXJ20.9
1,FFJLY33_FDME220051262-1a.29
1,FBJ35.25
2,FYNLJ36.64
2,FHLJYC4hun.142
1,FeceHuNa15019.33
1,FSCPS68.43
1,FBJ63.76
1,FSHXWN21.54
1,FJSWX104.14
1,FSXLVLS15.88
2,FSDJN24.20
1,FSDJN45.59
1,FJNDD4_FDME220051221-1a.58
1,FXJWS7.58
1,FSHXBX139.51
2,FSHHK50_FDME220054517-1a.6
1,FSDJN60.74
1,FSHCM96.95
1,FCQTY162_FDME220051195-1a.18
1,FJSNT4.9
1,FNMHLBE10hun.12
1,FSCCD14hun.22
2,FQHXN22.106
1,FeceHuNa150111_FDME220052262-1a.113
1,L1EFC230382_FSHXXA06_S340_L004.128
1,FXJYN21.36
1,FYNLJ58.79
2,FCQTY025_FDME220051121-1a.49
1,FSDJN4.70
2,FCQHC8.43
1,FJXSRPY33.89
1,FHuNHHMY60.16
1,FZJTZ12.21
1,FJSNT19.95
1,FSDJN26.52
1,FSDJN56.34
