tree_group,mag
1,FQHXN79.57
1,FXJKS43.30
1,FGXGL1_FDME220052056-1a.119
2,FSHCM90.128
2,FGXGL67_FDME220052122-1a.33
1,FQHXN93.39
1,M1DZ02.45
1,FGSZY46.35
1,FCQTY026_FDME220051122-1a.56
1,FSDJN1.59
1,FJND9_FDME220051201-1a.19
1,FSCDJY79.55
1,FGDLZ64_FDME220051945-1a.44
1,FXJKS17.21
1,FSHCM70.85
1,FHNXY38.134
1,FJNDD9_FDME220051226-1a.1
2,FZJTZ69.3
2,FXJYN24.11
1,FYNLJ19hun.29
2,FSXLVLS2.71
1,FZJTZ2.76
1,FGXGL10_FDME220052065-1a.80
1,M1C17.70
2,L1EFC230347_FJXFC25_S305_L004.45
1,FQHXN51hun.69
1,FSHXBX76.102
1,FQHXN83.105
1,FJSNT4.83
2,FZJTZ52.72
1,FQHXN78.18
1,M1C3.90
1,FJSWX87.35
1,L1EFC230337_FJXFC09_S263_L003.7
1,FYNLJ60.13
1,FXJKS37.51
1,FAHBZ21_FDME220050701-1a.135
1,FXJKS6.80
1,FYNLJ41.15
1,L1EFC230343_FJXFC19_S301_L004.60
1,FYNLJ40.31
1,M1DZ03.30
1,FQHXN53.111
2,FSDLZ12.66
2,FSHCM58.59
1,FJLHD34.97
1,FQHXN80.39
1,FYNLJ22hun.137
2,FZJTZ50.70
1,FAHBZ23_FDME220050703-1a.28
2,FGXGL21_FDME220052076-1a.35
1,FZJHZD25.81
1,M1DZ09.27
1,FGSYC59.3
1,FHLJYC26.13
1,M1C12.90
1,FYNLJ27.14
1,FYNLJ62.8
1,M2CF09.57
1,FQHXN85.50
1,FNMHHHHT7hun.26
1,FXJKS21.57
2,M2CF08.84
2,FGSZY55.37
2,FZJTZ40.55
1,FNMHLBE19.21
2,FSHCM57.77
2,FJSNT27.29
1,FNMHLBE32.30
2,SDHZD14.17
1,FNMHLBE22.37
1,FHLJYC41.29
2,FYNDL13.26
1,M1C13.29
1,FXJKS46.69
1,FXJYN38.46
1,M1C8.66
1,M1C5.43
1,M202F01.45
1,FHuNHHMY60.64
2,FHuNHHMY15.68
1,FJNDD6_FDME220051223-1a.10
1,FQHXN84.77
2,FSHXBX80.54
2,FSHHK46_FDME220054513-1a.50
2,FZJTZ34.92
2,FHuNHHMY26.35
2,FGSYC68.53
1,FSDJN44.14
1,FeceGuXi15015.88
1,L1EFC230354_FJXFC47_S312_L004.54
1,FeceGuXi150111.41
2,FCQHC1.23
2,L1EFC230336_FJXFC07_S262_L003.23
1,FXJKS22.99
1,FeceHuNa150122.53
1,FXJKS39.65
