tree_group,mag
1,FSHCM51.70
2,FSHHK10_FDME220054482-1a.19
2,FJLHD47.13
2,FSHHK18hun.10
2,FZJTZ36.24
1,FGXGL69_FDME220052124-1a.22
2,M214F02.74
2,M202F01.70
1,FGXGL3_FDME220052058-1a.129
2,FSCPS69.135
2,FSHCM55hun.72
2,FHLJYC18hun.38
2,FNMHLBE34hun.59
2,FZJTZ19.177
2,FYNLJ68.123
1,FGDLZ82_FDME220051960-1a.51
1,FeceHuNa150137.117
1,FGDLZ24_FDME220051919-1a.42
1,M115R01.54
1,FJSWXJ28.85
1,FQHXN14.41
1,FJSWXJ25.15
1,FYNLJ22hun.162
1,FQHXN64hun.85
1,FeceHeNa33.91
2,M1C7.54
1,FHLJYC12.3
2,FSHHK36_FDME220054505-1a.72
2,FGD18M_FDME220052004-1a.61
2,FCQTY092_FDME220051170-1a.55
1,FSHHK30_FDME220054499-1a.85
1,FJSWXJ14.70
1,FZJTZ4.77
2,FHLJYC8hun.89
1,FYNLJ36.4
1,FJXSRPYG18.51
2,FSHHK17hun.103
2,FTJS030.118
1,FXJYN3.98
2,FYNLJ46.111
1,FQHXN108.67
1,FQHXN73.114
1,FSHXHZ5.60
