tree_group,mag
1,FHuBWH13.38
2,FJNDD6_FDME220051223-1a.25
2,L1EFC230329_FTJS0026_S255_L003.55
2,FHuBWH3.28
2,L1EFC230380_FSHXXA04_S338_L004.68
2,BJCY1.7
2,FJSWXJ23.34
2,FZJZJ4.25
1,FSCDJY68.18
2,FJXM1_FDME220051158-1a.17
2,FZJJH15.28
2,FZJJH4hun.17
2,FSXTY31.22
1,FGXGL17_FDME220052072-1a.63
1,FGZ15I2_FDME220051997-1a.8
2,FSHXBX38.14
2,FQHXN4.82
2,FeceHuNa150126.1
2,FSHXBX146.44
2,FBJ18.28
2,FHLJZD29.12
2,FeceHuNa150145.34
2,L1EFC230384_FSHXXA08_S342_L004.49
2,FFJLY60.48
2,FQHXN57.21
2,FZJHZ17.22
2,FZJZJ2.6
2,FCQTY016.43
2,FAHBZ57_FDME220050732-1a.66
2,FJNDD17_FDME220051234-1a.85
2,FGZ32I1_FDME220052031-1a.25
2,FSDJN10.59
2,NMGEL2hun.13
2,BJCY4.6
2,L1EFC230263_FXJCJ22_S147_L002.50
2,FYNDL24hun.9
2,FSDJN41.65
2,BJHD4.4
2,FHuBWH7.17
2,FZJJH16.16
2,FGZ11M_FDME220051989-1a.20
2,FHBSJZ30.50
1,FGZ15I1_FDME220051996-1a.10
1,FHuNHHMY7.29
2,FSDQZ20.105
2,FGZ29I2_FDME220052039-1a.4
2,FHuBWH8.60
2,JLHN1.2
2,FGXGL99.16
