tree_group,mag
1,FSHXWN15.44
2,FYNLJ37.2
1,FHNFQ26.57
1,FGDLZ50_FDME220051930-1a.41
1,FGSZY44.43
2,FSHXWN2.23
1,FQHXN84.24
1,FQHXN60hun.93
2,FSHHK41_FDME220054510-1a.136
1,FGDLZ13.18
2,FSHXBX170hun.29
1,FCQHC11.38
2,FXJKS15.47
1,FJND18_FDME220051209-1a.22
1,L1EFC230255_FXJCJ07_S140_L002.65
1,M124R01.87
1,FSDJN45.47
1,FAHBZ38.13
1,FJSWX81.18
1,FAHBZ23_FDME220050703-1a.45
2,L1EFC230299_FXJWS26_S225_L003.12
2,FXJKS50.35
1,FAHWH38_FDME220050755-1a.49
1,FSHXBX103.67
2,FNMHLBE33.80
1,FGXGL10_FDME220052065-1a.158
1,FXJSW49.47
1,FSHXBX43.31
2,FGSYC87.8
1,FJXSRPY43.53
2,FXJKS14.154
2,FNMHLBE22.29
2,FSHXXA14.36
2,FXJKS45.41
1,FGSZY21.50
2,FHNFQ39.32
2,FHNFQ47.46
1,FGSYC65.17
1,FAHBZ27_FDME220050707-1a.118
2,FHNFQ50.129
1,L1EFC230250_FHLJZD56_S135_L002.38
1,FJLHD53.29
1,FQHXN105.41
1,FXJSW46.47
2,FXJKS22.18
1,FYNLJ52.84
1,FGDLZ6.98
1,FXJKS4.1
1,FSDJN34.23
1,FSHXBX98.65
1,FGSZY52.88
2,SDHZD11.68
1,FGDLZ36.51
1,FHNXY18.32
2,FXJSW14.91
1,FAHWH45.17
2,FXJKS24.45
2,FNMHLBE23.135
2,FSHXBX146.40
2,FXJKS5.1
2,FZJHZD16hun.57
1,FYNLJ59.10
2,FXJKS11.123
2,FXJKS40.49
1,FQHXN52hun.34
1,M137R01.42
1,FQHXN106.73
1,FHNFQ43.53
2,FXJKS47.107
1,FGSZY23.86
1,FXJKS33.64
1,FFJLY33_FDME220051262-1a.28
2,FGSZY10.17
2,FTJS019.64
2,L1EFC230257_FXJCJ13_S142_L002.8
1,FJSWX85.14
2,FGSYC59.25
1,FHNFQ56.108
1,FGSZY8.77
1,FXJSW13.53
1,FYNLJ35.65
1,FQHXN85.9
1,FSHXBX152.55
2,FHLJZD38.14
2,FXJKS16.18
1,FXJKS28.13
1,FYNLJ25.10
1,FHuNHHMY58.86
1,FGDLZ31.54
1,M1DZ02.68
1,FGDLZ3.34
1,FXJYN34.56
1,FQHXN80.79
1,FAHBZ14.44
1,FGZ25M_FDME220052017-1a.1
1,FJSWXJ38.34
2,FXJKS3.85
1,FJSWX80.40
1,FJXSRPY22.50
1,FJSWXJ4.85
1,FHNXY1.58
2,FGSYC68.57
1,FQHXN102.49
1,FGSYC51.73
2,FNMHLBE24.135
1,FHNFQ38.57
1,FAHBZ22_FDME220050702-1a.36
1,FAHWH09.27
1,FYNLJ4.1
1,FXJKS29.68
1,FQHXN83.29
1,M1C7.111
1,FCQNA32.72
1,FQHXN110.37
1,FeceHuNa150126.19
2,FXJKS42.108
1,FJNDD9_FDME220051226-1a.4
1,FQHXN61hun.20
1,FJSWXJ34.28
1,FGSZY16.41
1,M206F01.46
2,FXJKS19.45
1,M2CF06.52
1,FNXYCHL95.58
1,FYNLJ41.48
1,FYNLJ61.10
1,FAHBZ57_FDME220050732-1a.99
1,FGSYC55.48
1,FYNDL7.38
2,FXJKS43.122
1,FAHBZ42_FDME220050719-1a.56
1,FSHXBX166.83
1,FQHXN97.41
2,L1EFC230321_FTJS0007_S247_L003.20
2,FZJTZ22.57
1,FYNLJ22hun.16
2,FXJYN10hun.48
1,FHNFQ36.26
1,FQHXN96.27
1,FQHXN72hun.113
1,FHNXY38.185
2,FSDLZ09.33
1,FAHBZ21_FDME220050701-1a.112
1,FJXSRPY48.59
2,FAHBZ60_FDME220050735-1a.8
2,L1EFC230307_FXJWS36_S233_L003.28
1,FGXGL1_FDME220052056-1a.109
1,FGSYC19.18
2,FSHCM35.49
1,FHNXY17.22
2,FSHXBX18.39
1,FSHCM93.83
1,FXJSW18.23
1,FYNLJ40.51
1,M1DZ03.70
1,FCQTY079_FDME220051154-1a.47
2,FAHBZ53.42
2,FSDLZ31.141
1,FHNXY32.12
1,FSDJN51.55
2,FSDLZ30.22
1,FHNXY20.114
1,FGSZY51.130
2,FeceHeNa7.53
1,M2CF07.27
1,FSDLZ20.117
2,FXJKS8.80
1,FeceGuXi150117.39
1,FSHXBX155.206
1,FGSZY25.32
1,FHuNHHMY77.94
1,FJND9_FDME220051201-1a.28
2,FXJYN36.90
1,FXJSW17.57
2,FXJKS23.111
2,FXJCJ21.4
1,FSHXBX143.93
1,M1DZ11.99
1,M128R01.60
1,FeceHeNa21.1
1,FQHXN59.60
1,FYNDL28hun.188
1,FGSYC46.32
1,FSHXXA38.81
2,FHNXY13.122
1,FeceHuNa150117_FDME220052266-1a.108
1,FHNXY21.110
1,FGDLZ64_FDME220051945-1a.58
1,FHNFQ27.92
1,M119R01.101
2,FXJKS39.78
1,FGSZY7.43
1,FQHXN66.63
1,FQHXN74.108
1,FeceHuNa15012_FDME220052260-1a.54
1,FHuNHHMY2hun.104
1,M1DZ08.34
1,FGSZY12.42
1,FQHXN113.90
1,SDHZD14.67
2,FXJKS41.55
2,FZJTZ43.18
1,FQHXN64hun.40
2,FSHXWN18.45
1,L1EFC230286_FXJCJ60_S169_L002.76
1,FGSZY11.26
2,FXJCJ48.38
1,FGDLZ73.38
2,FAHBZ59_FDME220050734-1a.117
2,FXJKS51.146
1,FYNLJ27.94
2,FSDLZ44.21
1,M2CF18.38
1,FXJKS35.113
1,M1C17.3
1,FSHXWN5.43
1,FHNFQ25.61
1,FAHBZ40_FDME220050717-1a.124
1,FSDLZ01.36
1,FXJWS9hun.60
1,FQHXN79.8
1,FAHBZ39_FDME220050716-1a.53
1,FNMHLBE3.23
2,FQHXN63hun.99
1,FQHXN11.84
1,L1EFC230322_FTJS0008_S248_L003.30
1,FSHXBX60.37
2,FXJKS46.67
2,FXJKS12.80
2,FQHXN37.3
1,FGXGL67_FDME220052122-1a.30
2,FSHXWN20.2
2,FNMHLBE20.92
1,M207F02.40
2,FNMHHHHT22.43
1,FSHXBX39.7
2,FZJTZ2.98
1,FGDLZ30.62
1,FZJHZ14.4
1,FJLHD21.77
1,FJXSRPY44.46
2,FGSZY3.31
