tree_group,mag
1,FJND23_FDME220051214-1a.21
NA,FAHWH34_FDME220050751-1a.37
3,FJSNT60.77
3,FBJ36.28
3,FJND14_FDME220051206-1a.21
3,FJND13.8
3,AHHF1.27
1,FSDLZ10.55
3,FSDLZ32.27
1,FJSWXJ15.1
3,FZJZJ1.27
3,FHHMY5.26
3,SDHZ8.41
3,CS9.17
3,NMGEL4.50
1,FSHCM41hun.13
3,FNXYCHL13.47
3,FFJLY37_FDME220051266-1a.46
3,FSHXWN24.84
3,FAHWH13_FDME220050739-1a.39
3,FGSYC28.67
3,L1EFC230347_FJXFC25_S305_L004.53
3,FHuBWH25hun.59
1,FSHCM14_FDME220054531-1a.114
1,FSCCD13.69
1,FGD22M_FDME220052013-1a.57
1,FAHWH30_FDME220050748-1a.43
1,FSCPS52.74
3,FSHHK25_FDME220054495-1a.133
3,FZJTZ45.28
3,HuNCS3.43
3,FJLHD5.31
3,FZJTZ46.32
3,FSDJN28.3
3,SHXXA4hun.39
3,FZJHZ11.21
3,FeceHuBe150133_FDME220052849-1a.45
3,FAHWH25.25
3,FAHWH36_FDME220050753-1a.42
3,FGSZY1.4
3,FeceGuXi15016.20
3,FHBSJZ50_FDME220052241-1a.23
1,BJHD3.41
3,FHLJZD26.106
3,LNSY2.2
3,FFJLY73.35
3,FJND6_FDME220051164-1a.25
3,FJLHD4.25
1,FSHXXA33.28
1,FAHWH37_FDME220050754-1a.46
1,FJND24_FDME220051215-1a.18
3,FHLJZD39.38
1,FHLJYC17hun.8
3,FJSNT29.34
3,FSDJN10.60
3,FSCPS89.47
3,L1EFC230340_FJXFC13_S266_L003.49
