tree_group,mag
1,FHuBWH39.53
1,FTJBH33.43
2,FSCCD8hun.14
2,FJXSRPY13.86
1,FAHBZ15.60
1,FGZ37M_FDME220052037-1a.27
2,FZJHZD24.16
1,FAHBZ31_FDME220050711-1a.131
1,FAHWH33.70
2,FHuNHHMY20.90
1,FAHWH05.49
1,FXJYN19.106
1,FSXLVLS20.74
1,FHuNHHMY49.14
1,FHNXY13.39
1,FNXYCHL19.67
1,FSHXWN6.71
2,FSHCM100.142
1,FHNFQ18.68
2,FZJTZ56.90
1,FSCPS52.96
1,L1EFC230298_FXJWS24_S224_L003.55
1,FNMHHHHT21.64
1,FQHXN99.67
1,FGSZY32.79
1,FHLJYC7.79
1,M206F01.70
1,FSHCM51.38
1,FQHXN63hun.54
1,FAHWH43_FDME220050760-1a.80
1,FHBSJZ26.13
1,SDHZD11.9
1,FNXYCHL87.113
1,FJSWXJ38.72
1,FGZ35M_FDME220052035-1a.55
1,FXJKS40.103
1,FGSYC78.20
1,FNMHLBE3.83
1,FQHXN4.83
2,FGSYC30.45
1,FZJHZD16hun.46
1,M2CF05.83
1,FJSNT18.150
1,FFJLY37_FDME220051266-1a.83
1,FSHXBX130.99
1,FYNLJ51.62
1,L1EFC230337_FJXFC09_S263_L003.26
1,FGZ29M_FDME220052027-1a.69
1,FJSWXJ18.73
1,FHNFQ22.35
1,FCQNA14.87
1,FJSNT6.87
1,FGXGL80_FDME220052135-1a.11
1,FZJHZD12.46
2,FNMHLBE5.29
1,FFJLY22.39
1,FZJHZD30.31
1,FAHBZ7_FDME220050689-1a.43
1,FQHXN10.84
1,FGSYC92.3
1,FSDJN28.84
1,FJXSRPY8.72
1,SDHZD17.34
1,FXJYN17.14
1,FSHHK17hun.83
1,L1EFC230347_FJXFC25_S305_L004.132
1,FGXGL73_FDME220052128-1a.41
1,L1EFC230264_FXJCJ23_S148_L002.59
1,FHLJYC23.74
1,FSHXXA44hun.52
1,FeceHuNa15012_FDME220052260-1a.57
2,FQHXN32.49
1,TJWQ2.42
1,FZJHZD27hun.56
1,FGXGL96.77
1,FXJKS33.23
1,L1EFC230356_FJXFC54_S314_L004.87
1,L1EFC230233_FHLJZD05_S78_L001.52
1,FHuNHHMY32.117
1,FGXGL79_FDME220052134-1a.95
1,FZJTZ63.9
1,FFJLY42.22
1,FGXGL18_FDME220052073-1a.14
1,FQHXN68.88
1,M105F01.126
1,FQHXN30.67
2,L1EFC230319_FTJS0003_S245_L003.97
1,FBJ61.22
1,FHNXY29.1
1,FSXLVLS3.37
2,FAHWH17_FDME220050741-1a.96
1,FHuNHHMY3.26
1,L1EFC230373_FSHXBX64_S331_L004.58
1,L1EFC230295_FXJWS19_S222_L003.103
1,FeceHeNa18.21
1,FZJHZ24hun.42
1,FBJ28.30
1,M104R01.71
1,FXJYN32.68
1,FHNFQ48.73
2,FGZ42M_FDME220052055-1a.27
1,FAHWH10.19
1,FSHXBX147.129
1,FGSYC4.16
1,FeceHuBe15013_FDME220052831-1a.56
1,L1EFC230272_FXJCJ36_S156_L002.47
1,FeceHuBe150133_FDME220052849-1a.44
1,FSHHK41_FDME220054510-1a.49
1,FTJBH53.34
1,FHuNHHMY43.132
1,FSHCM62.96
1,FNXYCHL23.33
1,FGSYC71.41
1,FGDLZ84_FDME220051962-1a.68
1,FSHCM89hun.33
2,FGZ5M.59
1,FZJHZD13hun.46
1,FZJTZ43.99
1,FSCCD10.40
1,L1EFC230394_FSHXXA43_S37_L003.43
1,FZJHZD20.5
1,FQHXN69.82
1,FSXTY35.41
1,FGSZY30.98
1,FAHBZ22_FDME220050702-1a.64
1,FAHWH37_FDME220050754-1a.56
1,FXJKS47.101
1,FNXYCHL69.59
1,FHuNHHMY29.7
1,FJSNT4.6
1,SDHZ24.160
1,FJXSRPY29.52
1,FAHBZ25_FDME220050705-1a.115
1,FSCDJY94.126
1,FGZ33M_FDME220052033-1a.1
1,FJSWXJ26hun.33
1,FQHXN90.77
2,FSXTY12hun.30
1,FXJYN3.86
1,FGSZY3.6
1,FHNFQ40.61
1,FSHHK2.87
1,M214F02.118
1,FNMHLBE4.66
1,FHuNHHMY68.37
2,FSHXBX176.24
1,FAHBZ11_FDME220050693-1a.40
1,FSHHK33hun.22
1,FeceHuNa15017.101
2,HuNCS3.70
1,FHNFQ54.42
1,FJSWX84.60
2,FJSWX96.22
1,FAHWH25.59
1,SDHZ2.14
1,FNMHLBE11hun.26
1,FJLHD42.12
1,FJSNT66.20
1,FHNFQ7.63
1,FSDLZ18.130
1,FSDLZ44.94
1,FJSNT23.55
1,FJSWX107.17
1,FJSWXJ24hun.28
1,FJSNT30.98
1,FBJ63.34
1,FGSYC89.58
1,FZJJH12.113
1,FHNXY28.29
1,FAHWH38_FDME220050755-1a.33
1,FQHXN35.116
1,FGXGL30_FDME220052085-1a.19
1,FGSZY27.13
1,FSHHK19_FDME220054489-1a.34
1,FQHXN56.67
1,FSDLZ28.22
1,FYNLJ71.39
1,FSDQZ15.35
1,FQHXN15.82
1,FCQNA39.119
1,FHuNHHMY38.115
1,FNMHHHHT42.64
1,FHNXY7.49
1,FGXGL52_FDME220052107-1a.62
1,L1EFC230301_FXJWS28_S227_L003.49
1,FQHXN58.49
1,FSHXWN22.51
1,FSHXWN15.108
1,L1EFC230266_FXJCJ25_S150_L002.74
1,L1EFC230300_FXJWS27_S226_L003.29
1,FJSWX104.6
1,FGZ41M_FDME220052054-1a.1
1,FFJLY35.39
1,FAHBZ33_FDME220050713-1a.29
1,L1EFC230334_FJXFC03_S260_L003.56
1,FJSNT29.81
1,FHNFQ63.33
1,FTJBH25.115
1,FSXTY43.29
1,FSCPS94.31
2,FJSWX82.52
1,FQHXN93.71
1,FSHHK27hun.45
2,FHLJYC5.136
2,FGZ36M_FDME220052036-1a.91
2,FSDQZ2.88
2,FGDLZ34.25
1,FNMHHHHT23.64
1,FHNFQ3.42
1,FZJHZD25.63
1,FSCPS89.89
1,FGSZY33.30
1,FGSZY22.37
1,L1EFC230384_FSHXXA08_S342_L004.36
1,L1EFC230285_FXJCJ59_S168_L002.83
1,FFJLY29_FDME220051259-1a.87
1,FNMHHHHT12.76
1,FeceGuXi15011.98
2,FGXGL4_FDME220052059-1a.95
1,FSHHK20hun.43
1,FHuBWH24.62
1,FSXTY16hun.51
1,FGSZY24.5
1,FAHWH06.27
1,FNMHLBE10hun.72
2,FJSWXJ12.20
2,FJSWXJ43.29
2,FGXGL61_FDME220052116-1a.85
1,FAHWH18.44
1,L1EFC230361_FSHXBX31_S319_L004.53
1,FGDLZ47_FDME220051927-1a.12
2,FZJHZD5.84
1,FHuBWH12.32
1,JXNC4.17
1,FSCPS27.4
1,FXJSW32hun.143
1,FHNXY63.28
1,FGD18M_FDME220052004-1a.16
2,FXJKS29.44
1,FGSZY29.41
1,FTJBH7.60
1,FCQNA9hun.8
1,FGSZY28.85
1,FQHXN22.89
1,FQHXN76.12
1,FSCDJY93.65
1,FSHHK3_FDME220054479-1a.58
1,FJXSRPY36.89
1,FHLJYC38_FDME220052687-1a.140
1,FGXGL91.62
1,FNXYCHL24.2
1,FSCPS37.25
1,FBJ19.31
1,FCQHC4.52
1,M202F01.29
1,FBJ30.114
1,L1EFC230381_FSHXXA05_S339_L004.5
1,FTJS020.20
1,NMGEL4.51
1,FHuNHHMY69.91
1,FAHBZ46_FDME220050723-1a.97
2,FCQTY021_FDME220051118-1a.24
1,FFJLY59_FDME220051278-1a.66
1,FQHXN89.65
1,FTJS016.64
1,FYNDL28hun.73
1,FGXGL100.82
1,FAHBZ52_FDME220050729-1a.7
1,JSCZD7.49
1,FCQTY010.72
1,FAHBZ9_FDME220050691-1a.8
1,FAHWH41_FDME220050758-1a.40
1,FSHHK11_FDME220054483-1a.32
1,FGZ15M_FDME220051995-1a.67
1,FQHXN14.16
1,FSDQZ20.44
1,FHNFQ47.38
1,FSHCM42hun.44
1,FGDLZ36.76
1,FSDJN61.16
1,M129R01.46
1,FTJBH27.62
1,FSDLZ09.125
1,FHNXY2.44
2,FJSWXJ28.143
1,FSXLVLS13.1
1,FSCPS69.78
1,L1EFC230267_FXJCJ26_S151_L002.40
1,FCQNA2.92
1,FJSNT71.43
1,FGXGL35_FDME220052090-1a.6
1,FSHXBX66.47
1,FAHBZ47_FDME220050724-1a.34
1,FSHXBX90.97
1,FSDLZ40.94
NA,FAHBZ32_FDME220050712-1a.8
1,L1EFC230333_FTJS0033_S259_L003.33
1,FJXSRPYG41.121
1,FBJ25.48
1,FSCPS36.80
1,FGSZY23.124
1,FSDQZ7.81
1,FYNLJ69.115
1,FQHXN50.2
1,FSDLZ19.113
1,FGSYC86.106
1,FNMHHHHT10.33
1,FGZ27I1_FDME220052024-1a.8
1,FGDLZ35.87
1,FAHBZ19.2
1,FGDLZ53.9
1,FGZ10M_FDME220051987-1a.45
1,FSHHK36_FDME220054505-1a.122
1,FAHBZ21_FDME220050701-1a.102
1,FHNXY34.66
1,FGXGL41_FDME220052096-1a.36
1,FAHWH09.39
1,FGSYC69.33
1,M2CF21.108
1,FSXLVLS4.74
1,FGDLZ20.6
1,FNMHHHHT17.92
1,FSCPS68.69
1,L1EFC230284_FXJCJ58_S167_L002.46
1,FAHBZ18_FDME220050698-1a.29
2,FAHWH42_FDME220050759-1a.4
1,FZJHZD3hun.99
1,L1EFC230376_FSHXBX69_S334_L004.11
1,FTJBH41.80
1,FTJBH5.38
1,FSDLZ26.66
1,L1EFC230294_FXJWS15_S177_L002.6
1,FHuNHHMY52.43
1,FGSZY40.38
1,FSDJN58.34
1,FSCCD14hun.34
1,FTJBH49.102
1,FSHXXA19.59
1,L1EFC230277_FXJCJ42_S161_L002.90
1,FGDLZ18.6
NA,FJSWXJ37.94
1,FJSWX100.25
1,FHNXY6.45
1,FFJLY71.33
1,FJSNT36.40
1,FSDLZ56.92
1,FCQTY078_FDME220051153-1a.42
1,FQHXN103.68
1,FJSWX108.56
2,FSXTY14.109
1,FNXYCHL63.83
1,FGXGL6_FDME220052061-1a.40
1,FSDQZ25.81
1,FNMHLBE8.23
1,FHNFQ5.30
1,L1EFC230389_FSHXXA21_S347_L004.57
1,L1EFC230258_FXJCJ14_S143_L002.45
2,FHuBWH32.86
1,FAHBZ45_FDME220050722-1a.19
1,FSCPS39.79
1,FYNLJ34.61
1,L1EFC230254_FXJCJ06_S139_L002.73
1,FQHXN106.34
1,FGDLZ52.18
2,FHuNHHMY16.22
1,FNMHLBE26.102
1,FXJCJ47.6
1,FSCDJY73.48
1,L1EFC230340_FJXFC13_S266_L003.95
2,FFJLY6_FDME220051243-1a.1
1,FQHXN26.36
1,FJXSRPY26.55
1,L1EFC230274_FXJCJ39_S158_L002.107
1,FeceHeNa16.9
1,FAHWH21_FDME220050743-1a.45
1,FGDLZ14.32
1,FSHHK10_FDME220054482-1a.125
1,FSXTY7hun.61
1,FSHCM35.82
2,L1EFC230383_FSHXXA07_S341_L004.34
1,FHuNHHMY53.49
1,FHLJZD15.55
1,FZJHZD23.51
1,L1EFC230302_FXJWS31_S228_L003.144
1,FQHXN70hun.106
2,FSHHK39_FDME220054508-1a.22
1,FGXGL43_FDME220052098-1a.48
2,FSDJN50.102
1,FJSWXJ14.154
1,FJSNT20.75
1,FSCPS62.92
1,FSDQZ26.47
1,FSCPS35.15
1,FAHBZ37_FDME220050714-1a.31
1,FAHBZ39_FDME220050716-1a.10
1,L1EFC230310_FXJWS40_S236_L003.37
1,L1EFC230386_FSHXXA15_S344_L004.89
1,FGXGL87_FDME220052142-1a.73
1,FHuNHHMY7.31
1,FJXSRPY21.17
2,FHLJDQ7.88
1,FAHBZ5_FDME220050687-1a.10
1,FHBSJZ40_FDME220052231-1a.29
1,FJXSRPY44.24
2,FHuNHHMY37.71
1,FQHXN33.85
1,FQHXN5.52
2,M2CF12.56
1,FAHBZ26_FDME220050706-1a.37
1,FSDQZ49.30
1,FGSYC82.9
1,FSHHK12hun.5
1,FSDLZ46.58
1,FSHXBX4.83
1,FGXGL15_FDME220052070-1a.72
1,FCQNA11.25
1,FBJ11.86
1,FSHHK24hun.16
1,FNXYCHL29.26
1,FGSZY36.47
1,FGXGL7_FDME220052062-1a.99
1,FJSNT33.75
1,FHuBWH35.12
1,FSHXBX30.56
1,FCQNA40.75
1,FGXGL1_FDME220052056-1a.149
1,FAHBZ13.53
1,L1EFC230382_FSHXXA06_S340_L004.12
1,L1EFC230379_FSHXXA03_S337_L004.52
1,FNMHLBE7.179
1,FAHBZ12.72
1,FBJ55.25
1,FCQJJ4.13
1,FQHXN49.64
2,FSHHK47_FDME220054514-1a.7
1,NMGHHHT2hun.22
1,FSHXXA41hun.43
1,FHLJYC42_FDME220052691-1a.58
2,FXJKS11.93
1,FBJ26.49
1,FHLJYC32.52
1,FeceHuNa150140_FDME220052283-1a.50
1,FeceHeNa27.46
1,L1EFC230269_FXJCJ28_S153_L002.9
1,FAHWH12_FDME220050738-1a.45
1,JSCZD12.43
1,L1EFC230366_FSHXBX48_S324_L004.54
1,SDWF2.29
2,FAHBZ35.29
1,FXJSW5hun.19
1,FSHXHZ1.52
1,FJXSRPY47.45
1,FYNLJ22hun.116
1,FSHHK25_FDME220054495-1a.61
1,FJSNT21.89
1,FFJLY9_FDME220051246-1a.81
2,FJSWXJ5.21
1,FSXTY52.43
1,FNXYCHL67.100
1,FSHXWN24.96
1,FJLHD30.45
1,FGZ4M_FDME220051972-1a.27
2,FSXTY3.109
1,FJSWXJ2.94
1,FNMHLBE25hun.170
1,FGXGL28_FDME220052083-1a.34
1,L1EFC230271_FXJCJ35_S155_L002.15
1,FGSZY41.10
1,FSDLZ30.41
1,FeceHuNa150137.56
1,FQHXN48.10
1,FAHWH16.66
1,FSDQZ13.70
2,FGZ25M_FDME220052017-1a.9
1,FTJBH19.21
2,FHLJYC12.65
1,FAHWH08.11
1,FHuBWH4.27
1,L1EFC230357_FJXFC55_S315_L004.15
1,FSCPS45.45
1,FNXYCHL35.11
1,FTJBH61.59
1,FGXGL40_FDME220052095-1a.98
1,FTJBH28.46
1,FGZ38M_FDME220052048-1a.38
1,FSDJN60.18
1,FCQJJ3.79
2,FGD17M_FDME220052001-1a.69
1,FSXLVLS9.59
1,FCQNA10.38
1,FSDJN57.5
1,FHNFQ6.37
2,FXJYN1.89
1,L1EFC230388_FSHXXA20_S346_L004.55
2,FGZ34M_FDME220052034-1a.14
2,FSDLZ54.34
1,FAHBZ30_FDME220050710-1a.14
1,FJSWXJ19.43
1,FJSWX80.14
2,FXJKS30.93
1,FXJKS23.15
1,FHBSJZ55.2
1,FHuBWH15.21
1,FGDLZ21.74
1,FSHXXA45.71
1,FHuBWH30.59
1,FSHHK31hun.17
1,FSHXHZ2.93
1,L1EFC230345_FJXFC21_S303_L004.57
1,FGDLZ49.55
1,FSCPS5.103
1,FXJYN24.5
1,FGXGL56_FDME220052111-1a.65
1,FJSWXJ41.53
1,FSXLL14.61
1,FGXGL45_FDME220052100-1a.75
1,SDHZD12.2
1,FNXYCHL8.92
1,FTJBH93.55
1,FYNLJ69.46
1,FSCCD7hun.69
1,FJSNT43.65
1,FSCPS61.6
1,FSDLZ32.57
1,FGSYC80.33
1,FJSWXJ27.38
1,FNMHLBE24.52
2,FJXSRPYG7.63
1,FJXSRPY35.95
1,FXJSW7.61
1,FAHBZ48_FDME220050725-1a.12
1,FSHCM53.58
1,FJXSRPY43.24
1,FAHBZ20_FDME220050700-1a.190
2,FCQTY067_FDME220051145-1a.27
1,FSHXXA18.6
1,FXJSW2.10
1,FHuNHHMY36.30
1,FNMHHHHT11.100
1,FSHXXA46.25
1,L1EFC230249_FHLJZD48_S134_L002.43
1,FGDLZ68.85
1,FAHWH15_FDME220050740-1a.114
1,FTJBH52.55
1,FAHWH01.64
1,L1EFC230283_FXJCJ52_S166_L002.32
1,FGZ40M_FDME220052053-1a.78
1,FTJS031.37
1,FZJTZ37.24
1,FGSZY51.40
1,FNMHLBE34hun.54
1,FYNDL3.5
1,FSCPS25.88
1,FQHXN112hun.59
1,FNMHLBE28.77
1,FTJBH2.44
1,FeceHuBe150119_FDME220052841-1a.129
1,FHuNHHMY67.97
1,FAHWH07.50
1,FAHBZ40_FDME220050717-1a.118
1,FSCPS46.15
1,FAHWH36_FDME220050753-1a.58
1,FSDQZ21.194
1,FTJBH18.3
1,FSDLZ48.55
1,FCQNA16.25
1,FCQNA6hun.52
1,FJSWX77.35
1,FQHXN102.41
1,FJXSRPY53.79
1,FGXGL74_FDME220052129-1a.126
1,FJSWX97.73
1,FTJBH30.114
1,FZJHZD18hun.55
1,FSHCM4hun.16
1,FSDLZ01.140
1,FGZ11M_FDME220051989-1a.17
1,FeceHeNa2.55
1,FSCPS12.69
1,FSCPS16.102
1,L1EFC230304_FXJWS33_S230_L003.87
1,FGSZY26.50
1,FSDJN10.26
1,L1EFC230312_FXJWS44_S238_L003.43
1,FNMHLBE6.46
1,FTJBH14.7
1,FTJS021.85
1,FXJKS34.113
1,FZJTZ68.66
1,FSHXBX167.137
1,FSDLZ58.1
1,FHNFQ12.43
1,M1C10.3
1,FeceGuXi150115.15
1,FSDLZ59.110
1,FGXGL63_FDME220052118-1a.48
1,L1EFC230346_FJXFC22_S304_L004.13
