tree_group,mag
1,FJSWXJ38.1
1,FHuNHHMY52.15
2,L1EFC230368_FSHXBX52_S326_L004.51
1,FQHXN86.34
1,FYNLJ35.75
2,FQHXN98.26
1,FGDLZ73.11
2,FQHXN77hun.83
1,M1C8.97
2,FGSZY11.63
2,FXJKS35.146
1,FQHXN101.76
1,FGDLZ28.6
1,FYNLJ21hun.85
1,FJXSRPY44.15
1,FGXGL95.124
1,FGDLZ30.29
1,FJLHD53.72
1,M202F01.14
1,FGDLZ36.85
2,FXJKS45.36
1,FGDLZ9_FDME220051911-1a.5
2,FXJKS38.13
1,FHuNHHMY43.8
1,FQHXN70hun.121
1,M1C3.96
2,FXJKS6.76
1,FQHXN69.124
2,FXJKS37.125
1,FJSNT32.84
2,FXJKS1.11
1,FSCDJY79.68
1,FYNLJ67.55
1,FJLHD6.142
2,FXJKS27.90
1,FGDLZ39.117
1,FYNLJ79.43
1,L1EFC230286_FXJCJ60_S169_L002.4
1,FYNLJ66.101
1,M1C17.9
1,FQHXN110.54
1,FYNLJ80hun.50
1,FeceHuNa150117_FDME220052266-1a.81
1,FGDLZ83_FDME220051961-1a.9
2,FXJKS2.48
1,FJXSRPY43.83
1,FeceHuNa150126.26
2,FXJSW18.12
1,FXJKS41.25
1,FQHXN68.31
1,FHuNHHMY55.35
1,FGDLZ72_FDME220051953-1a.2
1,FeceGuXi15015.66
2,FXJKS44.27
1,FGDLZ29.90
1,FZJTZ60.28
1,FHuNHHMY16.28
