tree_group,mag
1,FXJCJ9.4
1,FSCPS9.123
1,FZJHZ7.20
1,HuNCS3.20
1,FSXLVLS7.25
2,FJND24_FDME220051215-1a.22
1,FSHXBX142.63
1,FBJ36.2
1,SHMX1_FDME220054475-1a.32
1,FSXTY31.52
1,FZJJH13.20
1,FQHXN9.4
1,FSHHK9.45
1,FHLJZD26.60
1,FAHBZ39_FDME220050716-1a.35
1,FZJJH7.34
1,FFJLY64.12
1,FQHXN7.48
2,FAHWH38_FDME220050755-1a.30
1,FHuBWH13.26
1,FZJHZ13.16
2,LNSY2.30
2,FNMHLBE18.5
1,FZJTZ64.14
1,FSHXBX159.5
1,L1EFC230249_FHLJZD48_S134_L002.39
1,FSHXWN25.29
1,JXNC4.40
1,FSDQZ43.7
1,FJXSRPY23.9
1,FHBSJZ50_FDME220052241-1a.11
1,FCQTY136_FDME220051181-1a.67
1,FSXTY54.31
1,FAHWH39_FDME220050756-1a.84
1,FZJHZD2hun.18
1,FZJJH8.6
1,FYNDL6.33
2,NMGHHHT3.21
1,NMGEL1hun.3
2,FSHXBX169.131
1,FSXTY4.34
1,FHNFQ50.53
1,FZJJH9.6
1,BJSJS1.58
1,FJSWXJ5.8
1,FBJ16.35
1,FZJTZ34.39
1,FNXYCHL43.56
1,FCQNA20hun.81
1,FSDJN16.53
1,FeceGuXi15016.24
2,FXJSW24.92
1,FFJLY6_FDME220051243-1a.2
1,FJSWXJ15.46
1,FZJTZ12.49
1,FSHXWN35.4
1,FQHXN4.12
2,BJCY3.56
1,FXJYN20.14
1,FZJTZ3.41
2,M1C1.10
1,FeceHuNa150144_FDME220052287-1a.21
1,FFJLY30_FDME220051260-1a.16
1,FAHWH25.36
1,FSCDJY93.14
1,FZJTZ51.94
1,FSXTY57hun.70
1,FZJHZ9.38
1,FSHXWN34hun_FDME22H000409-1a.29
1,L1EFC230315_FXJWS47_S241_L003.33
1,FSDJN28.58
1,FGSYC4.61
1,FXJSW41.22
1,FeceHeNa15.10
2,FSDLZ43.32
1,FSHXWN33.13
1,FSDLZ23.2
1,FAHBZ37_FDME220050714-1a.58
1,FZJHZ25.23
2,SDHZ8.68
1,FHLJZD54.8
1,FSCPS52.44
1,FZJTZ33.5
1,FAHWH11.2
1,WH1_FDME220052851-1a.13
1,FAHWH37_FDME220050754-1a.36
1,FAHBZ28_FDME220050708-1a.4
1,FAHWH07.91
1,FSCDJY53.20
1,FHuNHHMY59.45
1,HuNCS8.26
1,CS10.3
1,FQHXN57.13
1,JSZJ2.32
1,M207F01.13
2,SDHZ2.28
1,SHXXA5hun.16
1,FJSNT33.115
1,FSXLVLS20.118
1,FSDJN9.30
1,FZJHZ5.16
1,FSHXBX27.39
1,FSHHK36_FDME220054505-1a.76
1,FSHXBX114.30
1,FSDLZ45.60
1,FGXGL5_FDME220052060-1a.36
1,FQHXN21.34
1,L1EFC230258_FXJCJ14_S143_L002.78
1,FNXYCHL13.8
2,FHuBWH34.15
1,FSCDJY94.167
1,FSCCD17.52
2,SHXXA4hun.45
1,FJXSRPY25.34
1,FSHHK2.77
1,FCQNA7.12
1,L1EFC230252_FXJCJ02_S137_L002.8
1,FHLJYC16.51
2,FJXSRPYG7.100
1,FZJTZ41.59
1,FAHWH13_FDME220050739-1a.2
1,NMGHHHT4.29
1,FSCDJY12.39
2,FJSNT60.46
1,FSHXWN37hun_FDME22H000410-1a.35
1,FHuBWH31.33
2,FHLJYC31.40
1,FJLHD47.39
2,FSXLVLS5.35
1,FHNFQ4.20
1,FSCPS19.36
1,FJXSRPY8.28
1,FSDLZ60.36
2,SDHZ6.6
1,FQHXN93.25
1,FGD22M_FDME220052013-1a.15
1,FHLJYC17hun.11
1,FXJCJ57.25
1,FHuNHHMY28.12
1,FJSWXJ17.20
1,FGXGL79_FDME220052134-1a.40
1,FHNFQ18.37
1,FNXYCHL11hun.40
2,FYNDL10hun.96
1,FSDLZ30.92
2,FNXYCHL24.99
1,FSCPS8.63
1,FZJHZD4.61
1,FSXLVLS6.39
2,FSHXXA33.8
1,FSHXBX37.32
1,FSHXXA12.24
1,FGXGL98.37
1,FSHXWN24.51
1,FSHXXA22.14
1,FSHXXA47hun.38
1,FAHWH01.40
1,FHNFQ33.64
1,FSDQZ16.117
1,FSHHK7_FDME220054481-1a.63
2,FJXSRPY13.43
2,M1C9.16
