tree_group,mag
1,FHuNHHMY24.38
1,FJSWXJ4.82
2,FSHXBX176.86
1,FGXGL69_FDME220052124-1a.72
1,FAHBZ1_FDME220050683-1a.49
1,FXJSW19.23
1,FAHBZ30_FDME220050710-1a.15
1,FHNFQ38.50
1,FSHHK28_FDME220054497-1a.103
1,FXJKS42.144
2,L1EFC230336_FJXFC07_S262_L003.20
1,FJNDD10_FDME220051227-1a.49
1,M2CF10.63
1,FQHXN87.42
1,FXJSW20.57
2,FYNLJ22hun.114
1,L1EFC230354_FJXFC47_S312_L004.61
2,L1EFC230347_FJXFC25_S305_L004.82
1,FSCPS4.105
1,FSCPS10.71
1,FXJCJ48.4
2,FYNLJ70.50
1,FSDJN49.45
2,FYNLJ50.94
1,FGSYC59.33
1,FAHBZ9_FDME220050691-1a.73
2,FSHCM57.57
1,FXJSW22.120
1,FQHXN64hun.97
1,FZJHZD15.34
1,FeceHuBe150136_FDME220052850-1a.45
1,FQHXN90.80
1,FYNLJ72.6
1,FAHBZ52_FDME220050729-1a.28
1,M1DZ11.61
1,FGDLZ11_FDME220051913-1a.44
1,FGSYC22.47
1,FGZ4M_FDME220051972-1a.76
1,FSHXHZ22.20
1,FJSNT3.62
1,FSHXHZ24.83
1,FHNFQ28.71
1,FJSWXJ34.15
1,FSCPS46.38
1,FJLHD10.42
2,FHLJYC28hun.36
2,FSHXBX143.99
2,FFJLY65.72
1,FZJTZ65.103
1,FJSNT30.137
1,FSCDJY49.51
1,FGXGL63_FDME220052118-1a.45
1,FGXGL6_FDME220052061-1a.62
1,FJSWXJ33.26
1,FAHBZ44_FDME220050721-1a.29
1,FJXSRPY45.59
1,FFJLY43_FDME220051271-1a.29
1,FGDLZ68.36
1,FSHXBX166.49
2,L1EFC230269_FXJCJ28_S153_L002.13
1,FGDLZ56_FDME220051936-1a.19
1,FGDLZ19_FDME220051917-1a.12
1,FAHBZ60_FDME220050735-1a.75
2,FSHXWN36.38
2,FZJTZ52.43
1,FHuNHHMY85.2
2,FYNDL21hun.96
2,FHLJZD53.123
1,FXJSW5hun.24
1,FSHXHZ20.5
1,FJSWXJ35.12
1,FYNLJ67.13
1,FJSNT63.36
2,FQHXN61hun.46
1,FYNLJ24.19
1,L1EFC230364_FSHXBX42_S322_L004.77
1,L1EFC230255_FXJCJ07_S140_L002.64
1,FeceHeNa8.64
1,FHuNHHMY30.117
