tree_group,mag
1,FeceHeNa13.32
1,FSDQZ40.34
1,FSHXBX152.81
1,FHuBWH2.49
1,FGXGL19_FDME220052074-1a.38
1,FHuNHHMY45.29
1,FHLJYC6.6
2,FNMHLBE9hun.57
1,FJSWX79.68
1,FHLJYC34.77
1,FeceGuXi150115.102
1,FBJ45.14
2,FNXYCHL57.77
1,FHuBWH7.59
2,FHNFQ59.41
2,FeceHuNa150139_FDME220052282-1a.48
2,FJLHD42.46
1,FCQJJ2.34
1,L1EFC230350_FJXFC33_S308_L004.64
2,FNXYCHL26.22
1,L1EFC230287_FXJCJ63_S170_L002.105
1,FZJJH7.40
2,FXJCJ41.47
1,FNXYCHL20.16
1,FSHXBX132hun.78
1,FGDLZ51.70
2,FQHXN80.95
2,FSHHK46_FDME220054513-1a.7
2,FQHXN94.51
2,FGXGL6_FDME220052061-1a.44
1,FGSYC65.63
1,FHuNHHMY2hun.66
2,FHNXY60.98
1,FJLHD9.30
1,FFJLY79.25
1,FGDLZ55_FDME220051935-1a.1
1,FAHBZ58_FDME220050733-1a.33
1,FJSNT46.43
1,FGDLZ39.96
2,FXJYN11.153
2,FJSWXJ43.94
1,FTJBH84.71
2,FNXYCHL89.1
1,L1EFC230273_FXJCJ38_S157_L002.70
1,FSHCM54.55
1,FAHBZ46_FDME220050723-1a.37
2,FXJKS15.56
1,FSHXBX130.95
1,FAHWH08.4
1,FSDJN40.43
2,L1EFC230292_FXJWS12_S175_L002.95
2,FJSWX91.10
2,L1EFC230293_FXJWS14_S176_L002.102
1,FZJJH5.12
1,FJSNT31.94
2,FJLHD8.13
1,FJND15_FDME220051207-1a.21
2,FYNLJ23hun.69
1,FSHHK30_FDME220054499-1a.23
1,FZJTZ61.5
1,FCQNA28.38
1,FSHHK49_FDME220054516-1a.83
1,L1EFC230353_FJXFC44_S311_L004.13
1,FNMHHHHT19.52
2,FYNLJ25.36
1,FJLHD24.11
2,FGXGL12_FDME220052067-1a.53
1,FGSZY7.15
1,FHBSJZ38_FDME220052229-1a.27
1,FQHXN60hun.18
1,FZJTZ28.22
1,L1EFC230244_FHLJZD35_S87_L001.37
1,FZJTZ38.53
2,FQHXN89.62
1,FNMHLBE19.8
1,FNMHLBE14.74
1,FJLHD21.74
2,FQHXN87.74
1,FGXGL29_FDME220052084-1a.89
2,FBJ4.19
1,FGSYC69.12
1,FZJHZD26.82
1,FGXGL51_FDME220052106-1a.27
1,FNMHLBE5.3
1,FSDJN27.81
1,FJNDD15.65
1,NMGEL4.7
1,FJSWX101.8
2,FJLHD31.29
2,FCQTY063_FDME220051143-1a.54
2,FJSWXJ38.12
1,FSHCM41hun.24
1,FSDLZ11.5
2,FXJCJ29.90
1,L1EFC230309_FXJWS39_S235_L003.81
1,FSCPS52.87
2,FHLJDQ7.53
1,L1EFC230277_FXJCJ42_S161_L002.6
1,FSHXWN13hun.49
1,FSCPS5.42
1,FGXGL2_FDME220052057-1a.32
1,FSCCD14hun.136
1,FJLHD48.46
1,FNXYCHL27.41
1,FFJLY29_FDME220051259-1a.52
1,FGDLZ36.34
1,FYNLJ26.32
2,FSHXBX112.86
1,FSDLZ55.83
1,FTJS035.1
1,FHNXY23.15
1,FSHCM72.45
1,FJNDD17_FDME220051234-1a.10
1,FHNFQ24.32
1,FNMHHHHT23.68
1,FSHHK29_FDME220054498-1a.54
1,FHuNHHMY83.18
1,FHuBWH8.12
1,FHNXY17.31
1,FSHXXA42hun.24
1,M1DZ04.68
1,FBJ63.67
2,FTJBH19.171
1,FGDLZ79_FDME220051957-1a.48
1,FJSWXJ21.25
2,FHuNHHMY70.17
1,FXJKS40.114
1,FSHCM57.91
1,FXJKS38.91
1,FSHXBX50.63
1,FSXTY34.68
2,FNXYCHL62.45
2,FSXTY60.96
1,L1EFC230252_FXJCJ02_S137_L002.42
1,FJLHD36.106
1,FGSZY41.102
1,FSXLVWS6.132
1,FSDQZ29.166
2,FBJ40.27
2,FSHHK28_FDME220054497-1a.59
1,FYNLJ59.5
1,FHNXY14.29
2,FHLJZD28.20
1,FAHWH42_FDME220050759-1a.43
1,FSHXBX22.32
2,FFJLY5_FDME220051242-1a.13
1,FXJCJ18.12
1,FSHXBX103.70
1,FNMHLBE25hun.35
2,FSCPS37.7
1,FNXYCHL59.100
2,FNMHLBE20.97
1,FHLJZD34.68
1,FSDQZ32.13
1,FSHHK2.21
1,FSHXBX12.13
1,FJLHD30.30
1,FHNFQ41.71
2,FQHXN62hun.51
2,FSHHK41_FDME220054510-1a.13
1,FSHCM61hun.20
1,L1EFC230295_FXJWS19_S222_L003.16
1,FGSYC31.4
1,FSDLZ04.13
1,FXJSW42.47
1,FQHXN103.62
2,FJLHD29.86
1,FJXSRPYG5.19
1,FJXSRPY6.8
2,FQHXN16.70
1,FHBSJZ41_FDME220052232-1a.25
1,FSCDJY61.51
1,FZJTZ53.69
1,FHNFQ1.39
1,FeceGuXi15012.23
2,FHLJZD18.28
1,FTJBH74.35
1,FSXLL14.7
1,FHLJZD3.70
2,FBJ10.38
1,FHLJZD50.10
1,FGXGL47_FDME220052102-1a.38
2,FSDJN17.48
1,FSHXXA1.24
2,FHLJZD19.52
2,FNMHLBE22.42
2,FGXGL78_FDME220052133-1a.54
1,FCQTY079_FDME220051154-1a.4
1,FHBSJZ61_FDME220052252-1a.72
1,FQHXN83.15
1,FJXSRPY13.22
1,FGXGL61_FDME220052116-1a.63
1,BJCY3.9
1,FZJHZ8.83
1,FNMHLBE3.21
1,FHNFQ15.62
2,FXJKS27.74
1,FCQTY049_FDME220051134-1a.34
1,FGDLZ30.25
1,FSHXBX63.71
1,FQHXN84.82
1,FBJ50.28
1,FGSYC55.72
1,FNMHHHHT17.115
1,FHuNHHMY40.83
1,FQHXN40.78
1,FGDLZ48.59
2,FSHXXA16.68
1,FFJLY56_FDME220051237-1a.70
1,FJLHD14.50
2,FHNXY37.62
2,FGSZY13.101
2,FYNLJ21hun.43
1,FHuBWH27.30
1,FJXSRPY23.35
1,FCQNA4.12
1,FNMHLBE13.37
1,FSXLVLS13.59
1,FHuNHHMY22.87
1,FSCDJY67.73
1,FSXTY10hun.90
1,L1EFC230291_FXJWS11_S174_L002.63
2,FGXGL84_FDME220052139-1a.32
1,FJXSRPY30.83
1,FSDJN2.81
2,FSXLL15.41
2,FGZ11M_FDME220051989-1a.35
1,FHNFQ13.106
1,FFJLY20_FDME220051251-1a.97
1,FGDLZ21.88
2,FNXYCHL22.4
1,FSHCM2.45
1,FHuNHHMY56.87
1,FHBSJZ17.30
1,FGXGL16_FDME220052071-1a.54
1,FHBSJZ55.51
2,FSDQZ15.46
1,FCQNA26hun.24
1,FGXGL31_FDME220052086-1a.102
1,FZJJH15.19
2,L1EFC230326_FTJS0013_S252_L003.59
2,FXJKS48.143
1,FSHCM51.21
1,FNXYCHL31.61
1,FSDJN58.31
2,FHLJYC38_FDME220052687-1a.40
1,FJLHD35.63
1,FGSYC61.34
2,FQHXN19.56
2,FNXYCHL55.115
1,FSHXBX150.130
2,FSHCM16_FDME220054533-1a.71
1,FAHWH21_FDME220050743-1a.124
1,FFJLY2.52
1,FNXYCHL87.8
1,SDHZD9.55
1,L1EFC230250_FHLJZD56_S135_L002.41
1,FSDQZ49.61
1,FZJTZ34.76
1,FJLHD39.66
1,FSDLZ48.89
1,FSXTY30.69
1,FGDLZ31.42
1,FZJTZ13.11
2,FNXYCHL56.129
1,L1EFC230384_FSHXXA08_S342_L004.45
1,FZJHZD1hun.31
2,FXJWS16.4
1,FSDLZ40.50
1,FTJBH2.8
2,FSCPS16.92
1,FJXSRPY39.40
1,FHLJZD38.8
1,FJLHD17.20
1,FHNXY15.51
1,FGXGL85_FDME220052140-1a.62
2,FXJWS30.86
1,L1EFC230348_FJXFC29_S306_L004.21
1,FNMHHHHT30.74
2,FSDQZ48.40
2,FHuNHHMY1.107
2,FGSYC71.34
1,FNXYCHL73.60
1,FNXYCHL10.34
2,FHNFQ30.54
2,FTJBH5.70
1,FNXYCHL37.90
2,FFJLY72_FDME220051238-1a.41
1,FHBSJZ33.49
1,FBJ69.76
2,FSHHK50_FDME220054517-1a.48
1,FNMHHHHT33.101
1,FJXSRPYG28.54
2,FJLHD38.133
1,FSDQZ14.12
2,FAHWH37_FDME220050754-1a.33
1,FSDJN29.27
2,FNXYCHL38.46
1,FJXSRPY53.37
1,FCQNA10.112
2,FSCDJY68.63
1,FGDLZ9_FDME220051911-1a.85
1,FSCDJY79.21
1,FJLHD25.49
1,FJXSRPY49.18
1,FJLHD20.77
1,FJSNT66.88
1,FJLHD26.59
1,FHLJZD39.42
1,FeceHuNa150143.2
1,FGZ5M.36
1,FNXYCHL28.27
1,FXJWS10.46
1,FZJHZD12.10
1,FSHXBX65.62
2,FJXSRPY17.18
1,FGZ41M_FDME220052054-1a.43
1,FXJYN17.63
1,FGDLZ67_FDME220051948-1a.12
1,FHBSJZ51.18
1,FXJKS2.136
1,FSHCM38.169
1,FSCDJY92.80
2,FJLHD3.4
1,FXJYN2.62
1,L1EFC230253_FXJCJ05_S138_L002.29
2,FHNFQ32.118
1,FHuNHHMY43.43
1,L1EFC230258_FXJCJ14_S143_L002.42
1,FSHHK4.131
1,FGXGL21_FDME220052076-1a.10
1,FJSWX99.21
1,FJXSRPY25.43
2,FGZ40M_FDME220052053-1a.117
1,FSHCM69.6
1,FYNLJ52.28
1,FHuNHHMY15.14
1,FJSNT21.51
1,FSDJN19.67
1,FGXGL72_FDME220052127-1a.13
1,FSHXXA49hun.50
2,FSDLZ50.63
2,FHLJZD46.35
1,FJNDD6_FDME220051223-1a.24
2,FYNLJ74.92
2,FSHXHZ14.87
1,FJSNT71.23
1,FHNXY25.7
1,L1EFC230308_FXJWS37_S234_L003.23
1,FHBSJZ26.4
1,FHBSJZ20.8
1,FSXTY13hun.20
1,FSDQZ26.68
1,FHBSJZ7.12
2,FGSZY14.124
1,FSDJN22.35
1,FHLJYC9.11
1,FGZ39M_FDME220052051-1a.10
1,L1EFC230352_FJXFC43_S310_L004.58
1,FSDJN57.62
2,L1EFC230233_FHLJZD05_S78_L001.49
2,FHNXY55.21
1,FZJHZD22.113
1,FSDJN23.6
2,FXJKS24.111
2,FGZ7M.98
1,FJNDD8_FDME220051225-1a.13
1,FHLJYC28hun.10
2,FHLJZD11.58
2,FXJKS42.65
2,FQHXN7.72
1,L1EFC230237_FHLJZD20_S82_L001.85
1,L1EFC230354_FJXFC47_S312_L004.79
1,FNXYCHL39.44
1,FSDJN24.92
1,L1EFC230331_FTJS0028_S257_L003.7
2,M2CF16.46
2,FNXYCHL70.67
2,FSDJN4.64
1,M1DZ05.81
2,FSXLL16.32
1,FNXYCHL48.21
1,FJSWXJ28.19
2,FGSYC6.67
1,FSCDJY19.21
2,FGSYC70.45
1,FGZ25M_FDME220052017-1a.104
1,FJLHD40.77
1,FZJTZ20.72
1,FZJHZD2hun.1
1,FJSWX108.64
1,FGDLZ17_FDME220051916-1a.94
2,FGXGL1_FDME220052056-1a.156
1,FGDLZ49.40
1,FeceHeNa19.39
1,FHNXY20.103
1,FHuNHHMY52.96
2,FJLHD45.116
1,FHBSJZ52.39
1,FGSYC57.47
1,FCQHC10.60
2,FXJCJ48.15
1,L1EFC230246_FHLJZD42_S89_L001.114
1,FHuNHHMY72.11
1,FJNDD10_FDME220051227-1a.51
1,FHBSJZ54_FDME220052245-1a.75
1,L1EFC230322_FTJS0008_S248_L003.41
