tree_group,mag
1,FXJKS51.115
1,FGSYC30.111
1,FGXGL67_FDME220052122-1a.72
1,FGXGL70_FDME220052125-1a.18
1,FXJYN9.43
1,FCQTY144_FDME220051184-1a.24
1,FGDLZ68.35
1,FCQTY063_FDME220051143-1a.58
2,FXJSW20.9
1,FTJS012.75
1,FSHXHZ15.68
1,FZJTZ2.86
1,L1EFC230292_FXJWS12_S175_L002.84
1,FAHBZ18_FDME220050698-1a.111
1,FHuNHHMY71.63
1,M119R01.67
1,FGSYC59.22
1,FHuNHHMY13.117
1,FAHBZ21_FDME220050701-1a.60
1,FSDLZ17.44
1,FYNLJ59.34
2,FGSZY48.105
2,FXJKS18.29
1,FAHWH39_FDME220050756-1a.52
2,FTJBH47.43
1,FZJTZ44.59
1,FJSWXJ5.17
1,FJSWX81.30
1,FJSWX99.1
1,FSCDJY69.65
1,FSDJN37.122
2,FGSYC65.29
1,FQHXN83.59
1,FJSWXJ6.41
1,FQHXN109.3
1,FNMHLBE3.122
1,M1C2.70
2,FTJBH61.34
2,L1EFC230286_FXJCJ60_S169_L002.49
2,FQHXN50.73
1,FSDJN60.164
1,FSHXBX15.1
1,M104R01.94
1,FHLJYC40.35
1,FYNLJ53.57
1,FJXSRPY48.16
1,FGSYC7.38
1,FeceHuNa150117_FDME220052266-1a.57
1,FSHXBX98.130
1,M1DZ04.99
1,FSHHK16_FDME220054486-1a.98
1,FJSWXJ43.87
1,FQHXN60hun.73
1,FJXSRPY37.8
1,FeceHeNa19.18
2,FAHWH07.109
2,FXJSW42.23
1,FGSZY23.69
1,FSCPS54.2
2,L1EFC230236_FHLJZD14_S81_L001.19
1,L1EFC230339_FJXFC12_S265_L003.82
1,FXJKS25.101
1,FHLJZD2.105
1,FSDLZ01.9
1,FGSYC87.24
1,FQHXN87.108
1,FGSZY7.42
1,FXJKS43.81
2,FXJKS46.21
2,FXJYN10hun.7
1,FHNXY29.34
1,M2CF18.12
1,FGSYC3.45
1,M1DZ12.91
1,FJLHD5.51
1,FSDJN50.106
1,FXJSW46.36
1,FSDQZ4.82
1,FJLHD40.9
2,FXJSW6.19
2,FXJYN34.48
1,L1EFC230359_FSHXBX16_S317_L004.51
1,FSHXXA42hun.7
2,FJSWXJ13.49
1,FYNLJ4.52
1,FJSWXJ19.59
1,M1DZ10.21
1,FYNLJ72.33
1,FZJTZ52.97
1,FSHXBX155.163
1,FGDLZ27.57
2,FQHXN101.22
1,FGDLZ73.47
1,FYNLJ51.110
1,FJSWXJ14.125
1,FGZ40M_FDME220052053-1a.99
1,M1C9.168
1,FQHXN84.7
1,M2CF10.65
1,M1C10.12
1,FFJLY33_FDME220051262-1a.56
2,FXJSW22.187
1,FGSYC6.3
2,BJCY3.39
1,FZJTZ62.116
2,L1EFC230250_FHLJZD56_S135_L002.92
1,FJXSRPYG19.92
1,FHNXY15.4
2,L1EFC230267_FXJCJ26_S151_L002.69
1,FQHXN79.76
1,FXJKS8.78
1,FJSNT23.134
1,FQHXN85.97
1,FTJS015.55
1,FTJBH33.15
2,FXJYN23.93
1,FSCPS57.43
1,FSHHK10_FDME220054482-1a.46
2,FXJYN27.32
1,FXJSW13.66
1,FSHHK42_FDME220054511-1a.97
1,FYNLJ61.21
1,FQHXN78.93
1,M1DZ05.90
1,FJSWX86.65
1,FSHHK28_FDME220054497-1a.6
1,FSHXBX148.82
2,FXJYN38.66
2,FQHXN49.32
1,FHNXY37.41
1,FJSWXJ42.65
1,FXJKS14.91
2,FNMHLBE30.100
1,L1EFC230274_FXJCJ39_S158_L002.17
1,FXJKS23.109
1,FeceGuXi150114.80
1,FGDLZ85.13
1,FHHMY63.146
1,FZJTZ43.100
1,FQHXN76.85
1,FXJCJ47.30
1,FYNLJ37.107
1,FNXYCHL25.55
1,FHNFQ39.4
1,L1EFC230318_FTJS0001_S244_L003.81
2,FGSZY3.69
2,FXJKS41.24
1,M1C13.39
