tree_group,mag
1,L1EFC230304_FXJWS33_S230_L003.72
1,FJSWX102.32
1,L1EFC230364_FSHXBX42_S322_L004.75
1,FSDQZ49.128
1,L1EFC230363_FSHXBX41_S321_L004.20
1,FGDLZ28.36
2,FJLHD19.96
2,M115R01.146
2,FeceHuNa150117_FDME220052266-1a.35
2,FQHXN61hun.66
2,FQHXN106.67
2,FXJKS43.112
2,FXJKS5.131
2,FXJKS48.108
2,M120R01.23
2,FXJKS14.81
2,FGSZY46.47
2,M1DZ11.25
2,FXJKS23.95
1,FHNFQ38.77
2,FXJKS20.48
2,FQHXN87.77
2,M1C17.4
1,L1EFC230247_FHLJZD44_S90_L001.103
2,FQHXN89.73
1,FSDLZ50.48
1,FSHXBX80.35
2,FXJYN38.97
2,FGXGL51_FDME220052106-1a.116
2,FXJKS35.171
2,FGDLZ73.15
2,FXJSW16.41
2,FXJKS6.45
2,FXJYN40.4
2,FXJYN2.65
2,FXJKS1.38
2,FXJKS37.5
2,FGDLZ56_FDME220051936-1a.91
2,FXJYN32.47
2,FQHXN86.91
1,FBJ63.98
2,FJSWX88.23
2,FXJKS50.49
2,FQHXN90.28
2,FYNLJ53.15
1,FSHCM42hun.16
2,FXJSW32hun.5
1,FXJYN17.120
2,M207F02.15
2,FXJKS4.74
1,FXJSW9.82
2,M1DZ04.102
2,M1DZ01.51
2,M1DZ05.79
1,FSHXBX155.180
1,FGSYC60.123
2,FQHXN96.42
2,FXJKS3.65
1,FHNFQ55.48
2,M1DZ06.18
2,FXJKS41.54
2,FXJKS2.65
1,FAHBZ12.34
1,L1EFC230347_FJXFC25_S305_L004.125
2,FXJKS39.68
2,FGDLZ29.77
2,FHuNHHMY16.84
2,FXJKS11.126
2,FGXGL45_FDME220052100-1a.67
2,FQHXN77hun.55
2,FXJKS17.72
