tree_group,mag
1,FFJLY28.10
2,FSHXBX43.60
2,FNXYCHL46.106
2,FNXYCHL25.94
1,FHuBWH27.31
1,FSCPS5.36
2,FHuBWH2.64
1,FNXYCHL60.3
2,FSXTY26.44
1,FSDQZ13.136
1,FZJTZ48.75
1,FGXGL97.29
1,FGXGL79_FDME220052134-1a.84
2,FXJKS3.111
1,SDHZD9.68
2,FHNXY31.42
1,FHBSJZ17.35
1,FHBSJZ21.75
1,FSHHK45.64
1,FHBSJZ31.14
1,FJSWX107.94
1,L1EFC230302_FXJWS31_S228_L003.118
2,FBJ7.38
1,FSCDYJ7.85
1,FGXGL70_FDME220052125-1a.14
2,FHuNHHMY67.128
2,FNMHHHHT31.70
1,FFJLY23_FDME220051254-1a.25
2,FGZ10M_FDME220051987-1a.51
2,FFJLY60.75
2,L1EFC230239_FHLJZD23_S84_L001.21
2,FQHXN35.111
1,FNMHLBE28.69
1,FSCDJY76.48
1,FZJTZ57.29
2,FHNXY53.72
1,FNXYCHL23.80
1,FYNDL28hun.65
1,FSDLZ03.63
2,FNXYCHL59.49
1,L1EFC230237_FHLJZD20_S82_L001.74
2,FHuNHHMY24.112
1,FSCPS37.36
1,FAHWH20_FDME220050742-1a.64
1,FHLJZD53.112
2,FSHCM35.74
2,FGXGL60_FDME220052115-1a.5
2,FXJWS7.140
1,FSHHK1.42
1,FXJCJ16.80
1,FFJLY9_FDME220051246-1a.46
1,FJNDD2_FDME220051219-1a.46
2,FQHXN83.43
2,FAHBZ20_FDME220050700-1a.121
2,FGDLZ21.62
2,L1EFC230246_FHLJZD42_S89_L001.44
1,FSHXHZ6.45
2,FXJSW22.100
2,FSHXWN15.55
1,FFJLY56_FDME220051237-1a.96
1,FGXGL77_FDME220052132-1a.7
2,FJLHD3.45
1,FGDLZ60_FDME220051939-1a.32
1,L1EFC230234_FHLJZD07_S79_L001.26
1,L1EFC230309_FXJWS39_S235_L003.99
2,FXJKS15.94
1,FXJKS28.64
2,FNXYCHL35.62
1,L1EFC230362_FSHXBX40_S320_L004.55
1,FNMHLBE35.104
2,FHBSJZ54_FDME220052245-1a.99
1,FSCCD12.32
2,FJLHD25.88
1,FGDLZ41_FDME220051924-1a.43
1,FHBSJZ56_FDME220052247-1a.59
1,FJXSRPY46.3
1,FBJ14.51
1,FHBSJZ37.42
2,FGSYC86.73
2,FeceHeNa33.34
1,FJND18_FDME220051209-1a.40
2,FSDLZ24.17
2,FXJKS24.98
1,FZJTZ56.64
1,FHuNHHMY60.6
1,FSHHK4.42
1,FGSZY47.86
2,FHLJYC15.37
1,FGSZY41.69
2,FSXLVLS6.31
2,FSCDYJ6.72
1,FSDJN33.36
2,L1EFC230266_FXJCJ25_S150_L002.2
2,FHNFQ26.44
2,FGSZY9.70
1,FSCDYJ2.30
2,FSHXXA27.86
1,FGSYC78.17
2,FSCCD8hun.72
1,FNMHLBE17.104
1,FJXSRPY53.101
2,FBJ16.58
2,L1EFC230313_FXJWS45_S239_L003.59
2,FBJ3.38
2,FXJKS2.33
1,FSXLL6.33
2,FNXYCHL87.91
2,FSCCD14hun.85
1,FeceHeNa11.6
2,FAHWH18.41
1,FGDLZ61_FDME220051940-1a.48
2,FSCCD13.53
2,FGSYC58.57
2,FTJBH78.61
2,FHLJZD49.19
2,FSHXBX136hun.25
2,FNMHLBE1.59
1,FSHHK9.88
1,FGSYC32.44
2,FSXLVLS3.111
1,FHBSJZ33.19
1,FJXSRPY33.66
2,FTJBH71.7
2,FQHXN84.80
1,FHBSJZ18.42
1,FHBSJZ41_FDME220052232-1a.60
1,FSCDJY45.42
1,FQHXN4.76
2,FNMHLBE26.74
2,FJXSRPY24.107
1,FJSNT44.42
2,FNMHLBE13.25
1,FSCDJY92.81
1,FGDLZ31.49
2,FNXYCHL69.5
1,FAHWH29_FDME220050747-1a.79
2,FSDLZ14.17
1,FSDJN1.1
1,FTJBH65.12
2,FJXSRPY49.82
2,FSXTY58hun.27
1,FCQNA39.48
1,FHuNHHMY38.63
1,FJXSRPY51.5
2,FQHXN94.32
2,FXJKS34.60
1,FJLHD30.42
2,FTJS030.43
2,FZJTZ53.4
1,FXJWS10.38
2,FSHCM47.79
2,FeceGuXi150114.14
2,FTJBH64.6
1,FHBSJZ7.28
2,L1EFC230333_FTJS0033_S259_L003.68
1,FSDJN57.31
2,FJLHD38.87
2,FGSYC4.124
1,FHNFQ33.77
2,FSDQZ6.32
2,L1EFC230369_FSHXBX54_S327_L004.32
2,FHuNHHMY10.56
2,FHNFQ18.70
2,FSDQZ21.14
1,FJXSRPY40.129
2,FNMHLBE29.33
2,FXJSW21.4
2,FCQNA10.17
2,FXJSW39.74
1,FGXGL7_FDME220052062-1a.103
2,FXJSW16.50
1,FSCCD17.33
1,FSDQZ16.128
1,FJLHD36.42
1,FAHBZ54.51
1,FGDLZ59_FDME220051938-1a.46
2,FXJYN36.36
1,FXJKS40.50
2,FSDQZ28.2
1,FHNFQ11.54
2,FZJJH4hun.47
2,L1EFC230306_FXJWS35_S232_L003.69
1,FJLHD37.104
2,FQHXN30.56
2,FAHBZ13.7
1,FGXGL68_FDME220052123-1a.79
2,FHNFQ39.80
1,FHLJYC35_FDME220052684-1a.94
2,FSDLZ30.73
2,FZJTZ37.95
2,FGXGL101.51
1,FHLJYC3.94
2,FSDQZ26.90
2,FHNXY55.12
2,FHNFQ30.56
2,FXJCJ19.72
1,FJLHD10.37
1,FXJSW50.124
1,FGDLZ62.78
2,NMGHHHT3.36
1,FHNFQ22.79
1,FJXSRPY35.75
2,FNXYCHL39.108
1,FSCDJY13.46
2,FHNXY36.39
2,L1EFC230242_FHLJZD30_S85_L001.55
2,FJLHD26.53
1,FZJHZD30.8
1,FHBSJZ14.41
2,L1EFC230376_FSHXBX69_S334_L004.24
2,FXJSW1.72
2,FXJKS20.97
2,FXJYN37hun.83
1,FCQHC8.111
2,FNXYCHL45.67
1,FAHWH24_FDME220050745-1a.115
1,FSHXBX63.62
2,FSDLZ20.96
2,FSXLVLS25.47
1,L1EFC230285_FXJCJ59_S168_L002.50
2,FHLJZD9.70
1,FNXYCHL7.33
2,FSDQZ7.2
1,FSHCM8.26
2,FHLJZD38.6
2,FNXYCHL36.93
1,FSCDJY63.113
1,L1EFC230262_FXJCJ20_S146_L002.59
1,FJXSRPY39.27
1,FGDLZ4_FDME220051908-1a.66
2,FHLJZD50.39
2,FHLJZD11.14
1,FCQNA8.59
2,L1EFC230251_FXJCJ01_S136_L002.33
2,FNMHLBE23.35
2,L1EFC230247_FHLJZD44_S90_L001.52
2,FSDQZ18.56
1,FNMHHHHT29.53
1,FGDLZ15_FDME220051915-1a.117
1,FXJCJ57.31
1,FZJTZ3.2
2,L1EFC230373_FSHXBX64_S331_L004.47
1,FSXTY4.28
2,FSHXBX145.12
2,FSCPS61.89
2,FSHXXA29.33
2,FHLJZD54.32
2,FSDQZ25.68
1,L1EFC230295_FXJWS19_S222_L003.43
2,FZJTZ41.33
1,FZJTZ6.93
2,FHuBWH8.27
2,FXJWS48.57
2,FSDJN2.28
2,FQHXN63hun.116
2,FAHWH28_FDME220050746-1a.82
2,FGXGL11_FDME220052066-1a.56
1,FGXGL62_FDME220052117-1a.45
2,M119R01.59
1,FSHXBX53.62
2,FXJSW41.2
1,FJXSRPY43.61
2,SDHZD5.66
1,FAHWH35_FDME220050752-1a.42
2,FQHXN64hun.10
2,FHLJZD27.11
2,FGSYC57.62
2,FQHXN99.86
2,FSXLVWS3hun.20
2,FXJYN35hun.62
1,FNXYCHL34.23
1,FGDLZ78_FDME220051943-1a.12
1,FXJSW24.97
1,FNMHLBE16.83
1,FHuNHHMY69.101
