tree_group,mag
1,FHBSJZ45_FDME220052236-1a.6
2,FHLJYC11.19
1,FHuBWH8.64
1,FSDLZ60.3
2,FCQNA10.92
2,FZJHZD2hun.36
2,FAHWH13_FDME220050739-1a.53
2,FGXGL80_FDME220052135-1a.65
1,FZJJH13.41
2,FCQNA8.6
1,FJSWX74.33
1,FAHBZ16.36
1,FeceHuNa150144_FDME220052287-1a.19
1,FSDJN10.9
2,FJLHD22.18
2,SHXXA5hun.1
1,FCQTY123_FDME220051180-1a.13
1,FNXYCHL91.46
1,FNXYCHL43.4
2,FCQTY073_FDME220051150-1a.1
1,FeceHuNa150145.39
2,FZJJH4hun.19
1,FSHXWN24.75
2,FJXSRPY52.6
1,FSCPS22.44
1,FJXSRPY55.28
2,FSCPS15.45
2,FXJSW41.55
1,FGD16M_FDME220051998-1a.43
2,FSCDJY60.31
1,SDHZ8.33
1,BJHD7.17
2,FJSWX84.48
2,FSDJN16.33
2,JSZJ2.2
1,FAHWH11.57
1,FHuBWH30.29
1,FSCPS8.128
1,FGZ29M_FDME220052027-1a.29
