tree_group,mag
1,FFJLY40_FDME220051269-1a.56
1,FGXGL79_FDME220052134-1a.78
1,FJXSRPY29.15
1,FFJLY46_FDME220051273-1a.53
2,FCQTY009.20
1,FeceHeNa2.43
1,FJSWXJ32.65
1,FFJLY1_FDME220051239-1a.35
2,FGD18M_FDME220052004-1a.34
1,FBJ4.85
1,FFJLY53_FDME220051276-1a.83
1,FSDLZ03.47
1,FSDLZ49.33
2,FAHWH38_FDME220050755-1a.88
2,FSHCM93.52
1,FSDQZ16.177
1,L1EFC230351_FJXFC35_S309_L004.5
1,L1EFC230267_FXJCJ26_S151_L002.77
2,FGDLZ34.48
2,FSHCM94hun.61
1,FJLHD14.4
1,FeceHeNa26.13
1,L1EFC230342_FJXFC16_S268_L003.41
1,FGDLZ84_FDME220051962-1a.76
1,FSDLZ47.103
1,FGDLZ85.139
1,FSCPS9.96
1,FeceHeNa7.31
1,FGXGL76_FDME220052131-1a.21
2,FeceHuBe15013_FDME220052831-1a.73
2,FJSWXJ17.33
1,FHuNHHMY60.25
1,FeceHeNa11.34
2,FGXGL96.67
2,FJNDD13_FDME220051230-1a.13
2,FTJBH27.72
2,FSCDJY12.94
1,FGXGL31_FDME220052086-1a.84
1,FFJLY66.146
2,FBJ11.88
1,FHHMY42.58
1,FJSWX81.31
1,FJSWXJ13.18
1,FZJTZ9.54
1,FGXGL59_FDME220052114-1a.45
