tree_group,mag
1,FSHXWN8.77
2,FSXTY45.23
1,FYNDL10hun.51
2,FSHHK42_FDME220054511-1a.80
1,FSHXBX5.48
2,FHNXY58.58
1,L1EFC230361_FSHXBX31_S319_L004.15
2,FSHXBX70.51
2,FCQTY159_FDME220051194-1a.33
2,FBJ30.37
1,FGSZY33.26
2,FGSZY26.101
2,FHNXY62.42
1,FHNXY13.23
2,FJXSRPY22.77
1,FXJYN9.6
2,FHNXY7.57
2,FSXLVLS12.51
2,FSHXHZ20.47
2,FGSZY35.35
2,FFJLY56_FDME220051237-1a.10
1,FGSZY30.81
1,FSHXBX148.124
2,FAHBZ10_FDME220050692-1a.3
1,FQHXN112hun.61
1,FSHXWN12.49
2,FQHXN72hun.75
2,FGSZY36.70
2,FHNXY48.74
1,FHLJZD8.143
2,L1EFC230341_FJXFC14_S267_L003.98
1,M105F01.36
2,FYNLJ22hun.65
1,FGSZY23.16
2,FSCDJY67.168
2,FXJKS24.69
2,FNMHLBE10hun.47
1,FGSYC77.59
1,FSHXBX139.16
2,FHNXY47.82
2,FHLJYC42_FDME220052691-1a.99
1,FBJ25.83
2,FXJYN33.21
1,FSHCM54.42
1,FJSNT4.102
1,FSXTY60.75
2,FSHXBX22.22
2,FCQTY157_FDME220051193-1a.17
2,FBJ43.25
1,L1EFC230327_FTJS0023_S253_L003.90
2,FGXGL72_FDME220052127-1a.64
2,M2CF10.51
2,FGXGL63_FDME220052118-1a.85
1,FTJBH30.42
1,FSHXHZ10.92
1,FTJBH45.69
2,FXJYN32.11
2,SDHZ24.77
2,FAHBZ44_FDME220050721-1a.82
2,FXJYN25.66
2,FGSZY27.34
2,FQHXN106.51
2,FGSZY29.46
2,FZJTZ53.1
1,FHNXY45hun.26
1,FSHXBX12.81
2,FXJKS51.167
1,FSHXBX90.57
2,FXJKS38.72
2,FJLHD34.60
1,FGSZY11.49
1,FSHXBX20.99
2,FQHXN14.97
1,FGSYC30.91
2,FHLJYC38_FDME220052687-1a.57
1,FJSWX107.84
