tree_group,mag
1,FSXLL11.5
1,SDHZD16.92
1,M2CF04.126
1,FSHXBX28.85
1,FSDJN37.52
2,FJLHD48.19
2,FSHXWN15.41
1,FXJSW49.84
2,FGSYC76.66
1,FQHXN26.28
1,FAHBZ32_FDME220050712-1a.18
2,FGSZY43.13
1,FSHXBX157.96
2,FHNFQ28.73
1,FSDLZ13.43
1,FXJSW1.51
1,FHNFQ38.87
1,FHLJYC21.119
2,FNXYCHL38.76
1,FSDLZ15.46
2,FXJCJ4.26
1,FSCPS10.39
1,FGSZY39.5
1,SDHZD11.58
1,FSXLVLS6.20
1,FCQTY144_FDME220051184-1a.59
2,FeceHuNa150136.52
2,FNXYCHL9.65
1,FHNFQ39.48
1,M124R01.42
2,FNXYCHL93.49
1,FGSZY53_FDME220051904-1a.28
2,FAHWH09.60
2,FNMHHHHT37.143
1,FXJKS12.39
2,FGSZY4.70
1,FSDLZ12.13
2,FNXYCHL33.24
1,FQHXN53.12
1,FYNLJ57.99
1,L1EFC230351_FJXFC35_S309_L004.128
1,FHLJYC14.44
2,FSDLZ29.56
