tree_group,mag
NA,L1EFC230258_FXJCJ14_S143_L002.5
2,FAHWH18.108
NA,FSCCD13.29
3,FHuBWH15.58
2,FSDJN9.16
3,FSXTY3.94
2,FXJYN35hun.90
2,FQHXN18.62
3,FCQNA39.92
3,FAHBZ16.28
3,FHBSJZ1.14
3,FSDLZ10.25
2,L1EFC230293_FXJWS14_S176_L002.58
NA,FZJHZD11.9
3,FSDLZ60.7
3,FQHXN20.46
2,L1EFC230340_FJXFC13_S266_L003.9
2,FJXSRPY49.103
3,FQHXN33.156
3,FAHWH17_FDME220050741-1a.130
3,FCQNA12.55
2,FAHWH24_FDME220050745-1a.59
2,FNXYCHL21.33
2,FAHWH06.77
3,FNXYCHL63.14
2,FSDJN16.32
3,FSDLZ23.7
3,FQHXN56.21
3,FJSWXJ26hun.11
3,FAHWH43_FDME220050760-1a.70
2,FGSYC27.34
3,HeNJZ4hun.40
3,FSHCM9_FDME220054526-1a.94
2,FCQTY033_FDME220051126-1a.44
3,FCQNA11.105
2,FGZ34M_FDME220052034-1a.26
3,FSCDYJ6.39
NA,JSCZD11.36
2,FSDLZ14.1
3,FSCDJY60.80
3,FQHXN58.3
3,FSDLZ33.68
3,FNXYCHL67.63
3,FJSWX84.16
3,L1EFC230265_FXJCJ24_S149_L002.84
3,FNXYCHL69.7
3,FNXYCHL43.28
3,FQHXN3.5
2,FGXGL68_FDME220052123-1a.78
2,FAHWH29_FDME220050747-1a.56
2,FSHHK19_FDME220054489-1a.59
3,FTJBH48.97
3,FJSNT40.14
