tree_group,mag
1,FZJHZ8.54
2,FQHXN35.16
1,L1EFC230301_FXJWS28_S227_L003.56
2,FGSYC76.22
1,FNXYCHL66.86
1,FZJHZD5.31
1,FAHBZ49_FDME220050727-1a.2
1,FSDQZ26.46
1,FQHXN38.30
1,FGDLZ30.1
1,FSDJN40.22
1,FSDLZ10.53
1,FNXYCHL53.29
1,FYNLJ65.11
1,FJLHD21.8
1,FGXGL19_FDME220052074-1a.2
1,FQHXN36.22
1,L1EFC230291_FXJWS11_S174_L002.47
1,FZJHZD20.29
1,FHuNHHMY32.44
2,FNXYCHL51.98
1,FGXGL68_FDME220052123-1a.21
1,M2CF17.43
1,FQHXN27.78
1,FSXTY30.68
1,FNMHLBE29.4
1,FAHBZ25_FDME220050705-1a.62
2,FeceHuBe150112.35
1,FZJHZD1hun.28
1,FJXSRPY12.84
2,FHNXY50.32
1,FeceHeNa9.15
1,FHLJZD43.87
1,FHuNHHMY36.9
1,FJXSRPY24.91
1,FGSYC5.40
2,FXJCJ16.124
1,FSHXHZ22.80
1,FZJTZ40.31
1,FJXSRPYG5.16
1,FSXTY10hun.62
1,L1EFC230383_FSHXXA07_S341_L004.41
1,FFJLY11_FDME220051248-1a.45
1,FGSZY4.31
1,FZJHZD4.27
1,FJLHD24.35
1,FJLHD53.42
1,FAHWH15_FDME220050740-1a.78
2,FXJSW20.50
1,FAHWH24_FDME220050745-1a.33
2,L1EFC230255_FXJCJ07_S140_L002.21
2,FNMHHHHT36.33
1,FSDLZ22.54
1,SDWF2.11
1,FSDJN29.54
1,FSCCD15.46
2,FTJBH91.35
1,FGSYC6.64
1,FSCDYJ6.29
2,FSHXBX9.91
2,FCQTY165_FDME220051196-1a.32
1,FXJYN20.16
1,FTJBH50.51
1,FNXYCHL50.69
1,FHuNHHMY48.30
1,FAHWH29_FDME220050747-1a.19
1,FSDQZ30.86
2,FSHXBX121.99
2,FCQNA41.29
2,L1EFC230258_FXJCJ14_S143_L002.56
1,FSXLL5.62
2,SDHZD16.79
1,FSXTY34.74
1,FZJHZD2hun.13
1,FZJHZD19.7
1,FGXGL45_FDME220052100-1a.61
1,FHNFQ23.93
1,FGXGL67_FDME220052122-1a.10
1,FGXGL51_FDME220052106-1a.74
1,FSXTY11.55
2,FGSYC9.47
2,FSXLVLS1.84
1,FTJBH5.101
1,FZJTZ9.44
1,FCQNA4.3
1,FXJSW23.77
1,FSDQZ28.53
1,FNXYCHL43.22
1,FTJS021.22
1,FHLJZD21.121
1,FHLJZD6.86
1,FGDLZ80_FDME220051958-1a.23
1,FTJBH72.30
1,FHLJZD49.113
1,FXJWS30.56
1,FZJTZ32.58
2,FXJCJ47.54
2,FNXYCHL38.77
2,FNXYCHL73.109
1,FZJTZ11.39
1,FGXGL29_FDME220052084-1a.51
1,FGSYC4.40
1,FSCPS33.77
1,FNMHLBE30.51
1,FSDLZ55.53
1,FJXSRPY38.70
1,FSCPS36.94
1,FXJCJ48.48
2,M2CF20.36
1,FSHXBX133hun.38
1,FHuNHHMY56.109
1,FYNLJ20hun.102
1,FJXSRPYG1.84
1,FQHXN77hun.13
1,FQHXN42.14
1,FHLJZD3.35
1,FJXSRPY15.16
1,FGXGL13_FDME220052068-1a.65
1,FJXSRPY33.72
1,FJLHD26.11
2,FBJ44.64
1,FSDLZ17.130
1,FSHCM57.84
1,FHNXY27.35
1,FSXTY8hun.51
1,FFJLY6_FDME220051243-1a.38
2,FXJKS39.39
1,SDHZD9.41
1,FGXGL42_FDME220052097-1a.34
2,FXJSW16.74
2,FHNFQ1.13
2,FXJKS7.80
1,L1EFC230305_FXJWS34_S231_L003.94
1,L1EFC230257_FXJCJ13_S142_L002.32
1,FXJSW12.76
1,FeceHuNa150144_FDME220052287-1a.16
1,FHuNHHMY83.17
1,FJLHD45.92
1,FJXSRPY10.40
1,FTJBH49.82
2,L1EFC230297_FXJWS23_S223_L003.53
1,FNXYCHL57.36
2,FTJBH46.1
1,L1EFC230238_FHLJZD22_S83_L001.53
1,FHuNHHMY43.64
1,FSCDJY94.79
1,L1EFC230382_FSHXXA06_S340_L004.29
1,FFJLY23_FDME220051254-1a.35
1,FTJBH13.66
1,FXJSW3.92
1,FSHCM7.74
2,FHLJYC36_FDME220052685-1a.35
1,FNMHLBE32.58
2,FYNLJ22hun.77
1,FSHXWN6.1
1,FSDLZ18.145
2,FZJTZ61.28
1,FZJTZ20.40
1,FZJTZ13.38
1,FXJCJ30.36
1,FGXGL8_FDME220052063-1a.38
2,FSHCM58.74
2,FXJKS38.40
1,FSXTY58hun.61
1,FSCPS50.45
1,FJLHD42.9
2,FAHBZ3_FDME220050685-1a.78
1,FJXSRPY36.18
1,FZJTZ5.85
1,FSHXWN9.71
1,FHuNHHMY59.6
1,FYNLJ48.52
1,FGDLZ4_FDME220051908-1a.85
1,FSCPS92.89
2,FJNDD14_FDME220051231-1a.82
2,FXJKS51.100
2,FQHXN66.58
1,FHLJYC6.22
1,FGSYC35.50
1,M2CF21.67
1,FQHXN43.34
1,FSHHK4.40
2,FJNDD2_FDME220051219-1a.27
1,FNMHLBE13.110
1,FJLHD28.12
1,FFJLY2.27
1,FJXSRPY51.47
1,FCQTY049_FDME220051134-1a.23
1,FJLHD8.98
1,FSHCM97.89
1,FGDLZ15_FDME220051915-1a.121
1,FHNXY59.17
1,FGSYC3.11
2,FNMHLBE31.104
2,FNXYCHL16.34
2,L1EFC230392_FSHXXA36_S35_L003.5
1,FNXYCHL17.42
1,FSCCD16.23
1,FJLHD36.49
2,FXJKS2.7
1,FHuNHHMY74.1
1,FHBSJZ52.20
1,FHHMY4.35
2,FCQHC11.37
1,FNXYCHL71.135
1,FGSYC33.63
1,FJSNT55.25
1,FSCPS5.74
1,FNXYCHL4hun.66
1,FZJTZ10.26
1,FJXSRPY21.49
1,L1EFC230338_FJXFC11_S264_L003.31
1,FXJSW18.34
1,FSCPS37.28
1,FGDLZ81_FDME220051959-1a.62
1,L1EFC230356_FJXFC54_S314_L004.53
1,FAHBZ20_FDME220050700-1a.36
1,FQHXN71.61
2,FCQNA25.35
1,FSDJN14.34
1,L1EFC230236_FHLJZD14_S81_L001.24
2,FeceGuXi15015.9
1,FHuNHHMY13.24
1,FXJKS27.63
1,FSXLL9.42
2,L1EFC230358_FSHXBX08_S316_L004.24
2,FXJSW41.36
1,FGSYC44.12
1,FZJTZ60.68
2,FNMHLBE33.65
2,FGSYC10.52
1,FSDJN22.45
1,FSDJN36.100
1,L1EFC230277_FXJCJ42_S161_L002.38
1,FSDJN32.28
1,FXJSW39.66
1,FCQNA2.18
1,FNXYCHL45.72
1,FXJKS28.26
1,FSDLZ34.26
1,FXJSW11.61
1,FJXSRPY27.55
1,FZJHZD21.28
1,L1EFC230247_FHLJZD44_S90_L001.5
1,FHLJYC33_FDME220052682-1a.22
1,FeceHeNa19.31
1,FCQTY089_FDME220051168-1a.4
1,FGDLZ41_FDME220051924-1a.60
1,FSHCM91.79
1,FCQNA6hun.105
1,FJXSRPY46.34
1,FSXLL19.3
1,FJXSRPYG32.29
1,FJLHD40.43
1,FCQNA40.46
1,FHuNHHMY20.45
1,FZJJH9.40
