tree_group,mag
1,FHNFQ36.71
2,FGSYC83.85
2,FJXSRPY54.42
1,FSDLZ28.64
2,FSCPS8.31
2,FeceHuBe15018_FDME220052836-1a.16
2,FSHXWN31.4
1,FSHXBX65.129
2,FSDLZ45.12
2,FQHXN67hun.9
2,M206F01.38
1,FHLJZD9.90
2,FQHXN85.109
2,FSXLVLS1.101
1,FHLJYC30.105
1,FSDLZ14.50
1,FHNFQ34.31
1,FZJTZ46.53
2,FSHCM9_FDME220054526-1a.102
2,FJXSRPYG34.36
1,FNXYCHL46.74
2,FHBSJZ18.56
2,FSCDJY73.23
2,FHuNHHMY30.52
2,L1EFC230306_FXJWS35_S232_L003.102
2,FNXYCHL34.68
2,L1EFC230262_FXJCJ20_S146_L002.78
2,L1EFC230288_FXJCJ64_S171_L002.120
2,FFJLY60.90
1,FeceHuBe150132_FDME220052848-1a.4
2,FNXYCHL57.66
2,L1EFC230251_FXJCJ01_S136_L002.46
1,FNXYCHL89.135
1,FSCDJY64.95
2,FQHXN65.26
1,FGDLZ29.39
1,FSDQZ29.61
2,M119R01.120
2,FTJBH42.16
1,FGSYC17.35
1,FHNFQ26.51
2,FeceHuNa150140_FDME220052283-1a.17
1,L1EFC230314_FXJWS46_S240_L003.9
2,FHBSJZ21.5
1,FNMHLBE27.21
2,FCQTY084_FDME220051155-1a.35
2,FXJCJ54.75
NA,FHuNHHMY24.30
2,FJXSRPY12.116
1,FZJTZ47.44
1,FSHXBX145.87
2,FSCCD12.59
2,FSCPS5.79
1,FNXYCHL73.18
2,FXJWS4.86
2,FJLHD10.25
2,FeceHeNa16.15
1,FZJTZ56.5
2,FNXYCHL22.44
1,FAHBZ21_FDME220050701-1a.122
2,FSHXWN4hun.29
2,FNXYCHL62.6
2,FSDQZ7.54
