tree_group,mag
1,FSCDJY12.16
1,FHuNHHMY74.57
1,FGDLZ52.23
1,FHHMY5.28
1,FNXYCHL3hun.111
2,FAHWH30_FDME220050748-1a.36
1,FSHHK20hun.60
1,FNXYCHL30.5
1,FFJLY29_FDME220051259-1a.48
1,FJSWXJ7.33
2,FSHHK17hun.50
1,FXJCJ65.37
1,FSCCD14hun.35
1,FNXYCHL24.112
1,FNXYCHL43.71
1,FJSWXJ15.8
2,FHuNHHMY28.47
2,FFJLY37_FDME220051266-1a.32
2,FJSWXJ42.113
2,FAHWH04.2
2,FSHXBX111.22
1,FSCPS9.42
1,FSXLVLS11.2
1,FeceGuXi15016.28
1,FSHXXA45.68
2,FSXTY52.37
2,FFJLY71.63
2,FJNDD13_FDME220051230-1a.18
1,FGSYC49.115
1,FSHXXA46.41
2,FFJLY40_FDME220051269-1a.36
1,FGXGL83_FDME220052138-1a.40
2,FSHXXA33.16
1,L1EFC230340_FJXFC13_S266_L003.81
2,FNXYCHL56.172
2,FSCPS89.28
2,FZJTZ27.58
