tree_group,mag
1,FNXYCHL44.16
1,FSHCM15_FDME220054532-1a.47
2,FSHHK50_FDME220054517-1a.5
2,FSHHK47_FDME220054514-1a.79
1,FeceHeNa1.22
1,FJSNT67.31
2,FSDQZ31.58
2,FJSWXJ38.27
2,L1EFC230302_FXJWS31_S228_L003.15
2,FXJKS14.64
2,FJSWXJ28.125
2,FNMHLBE7.190
2,L1EFC230372_FSHXBX62_S330_L004.107
2,FAHBZ56.76
2,FNMHLBE13.46
1,FSCDJY67.63
1,FTJBH30.77
2,FSHXBX57.104
2,FHNFQ50.74
2,FHLJYC5.62
2,M1C9.55
1,FSHHK28_FDME220054497-1a.46
2,L1EFC230247_FHLJZD44_S90_L001.56
2,FeceHuBe150119_FDME220052841-1a.113
2,FSCPS11.91
2,FHNXY38.53
2,FXJKS50.149
1,FXJSW13.39
1,L1EFC230300_FXJWS27_S226_L003.110
2,FXJSW15.83
2,FJSNT30.132
2,L1EFC230325_FTJS0011_S251_L003.144
2,FSCPS62.23
2,L1EFC230248_FHLJZD47_S91_L001.74
2,FSCDJY31.58
2,FXJSW32hun.38
2,FZJTZ53.24
2,FHuBWH36.149
1,FSCDJY64.61
2,FYNLJ52.55
1,L1EFC230318_FTJS0001_S244_L003.46
2,FHNFQ20.55
1,FJSNT71.3
2,FSDJN51.124
2,FJSWXJ7.1
2,M1DZ08.50
1,FSDQZ43.66
2,FQHXN14.156
2,FQHXN1.46
2,FJSWXJ2.171
NA,FSCPS41.54
2,FSHHK30_FDME220054499-1a.65
2,FJSWXJ17.8
1,FHNXY19.27
2,FSDQZ39.125
2,FSDLZ19.114
2,FSXTY52.27
1,FNXYCHL56.115
2,FSHXBX166.73
2,FXJKS35.93
2,FXJKS11.136
2,FSDQZ29.62
2,FAHBZ25_FDME220050705-1a.66
2,FHLJZD17.89
2,FJLHD44.192
1,FHuBWH24.71
1,L1EFC230376_FSHXBX69_S334_L004.28
2,FHLJZD8.102
1,FSHHK40_FDME220054509-1a.4
2,FJSWXJ8.123
2,FSHHK35_FDME220054504-1a.86
2,FeceGuXi15012.20
2,FSDQZ18.92
1,FSCPS4.75
2,L1EFC230236_FHLJZD14_S81_L001.84
2,M1C6.51
2,L1EFC230319_FTJS0003_S245_L003.108
2,FSHHK14.83
2,FHNFQ2.90
1,FJSWXJ43.102
2,FZJTZ54.48
2,FeceGuXi15015.27
2,L1EFC230285_FXJCJ59_S168_L002.77
2,FSHXBX20.89
2,FSHCM39.106
2,FXJKS13.117
2,FGXGL1_FDME220052056-1a.100
2,FJSWXJ14.105
2,FSCPS69.90
1,L1EFC230298_FXJWS24_S224_L003.107
2,L1EFC230344_FJXFC20_S302_L004.52
2,FSHXBX176.143
2,FeceGuXi15011.38
2,FXJKS22.119
2,FNMHHHHT10.62
2,FXJKS3.54
2,FJSWXJ32.53
2,FAHBZ43.89
1,FNXYCHL65.147
2,FQHXN99.144
2,FZJTZ23.42
1,FSHHK4.58
1,FSHHK16_FDME220054486-1a.53
2,FAHWH04.24
2,FXJYN40.114
2,FSHHK42_FDME220054511-1a.65
2,FXJSW48.100
2,FHLJZD28.55
2,FJSWXJ4.126
2,FCQTY157_FDME220051193-1a.26
2,FCQNA9hun.24
2,FJSNT43.60
2,FSHHK25_FDME220054495-1a.58
2,FeceHuNa15017.48
1,FHuBWH23hun.90
2,FAHBZ21_FDME220050701-1a.159
2,L1EFC230388_FSHXXA20_S346_L004.83
2,FHNXY48.63
2,FCQTY155_FDME220051191-1a.111
2,FAHBZ59_FDME220050734-1a.58
2,FXJKS10.129
2,FeceHeNa7.54
2,FCQTY010.124
2,FGSZY3.123
NA,FSCPS89.50
2,FSDQZ35.154
2,FXJKS42.44
2,FTJS006.60
2,FZJTZ6.79
2,FNMHLBE18.62
2,L1EFC230341_FJXFC14_S267_L003.75
2,FHLJZD41.26
2,FSDLZ01.84
2,L1EFC230327_FTJS0023_S253_L003.59
2,FHLJYC38_FDME220052687-1a.109
1,FSDJN60.122
2,FSCPS9.45
1,L1EFC230313_FXJWS45_S239_L003.71
2,FSHXBX155.131
