tree_group,mag
1,FNMHLBE5.19
2,FSDJN41.60
2,FYNLJ53.45
2,FHNXY35.6
2,FJSNT58.28
2,FSHXXA29.4
NA,FSHCM15_FDME220054532-1a.66
2,FSXLL5.79
2,FXJWS38.13
1,FAHBZ58_FDME220050733-1a.27
2,FQHXN34.58
2,FNXYCHL42.100
1,FHNFQ50.83
2,FeceHuNa15011_FDME220052259-1a.22
2,FJSNT60.81
2,FHLJYC32.67
2,FQHXN23.32
2,FNXYCHL45.44
2,L1EFC230321_FTJS0007_S247_L003.59
2,L1EFC230246_FHLJZD42_S89_L001.55
1,M2CF05.6
2,FHNFQ32.60
2,FSHXBX90.95
1,L1EFC230234_FHLJZD07_S79_L001.2
2,FHuNHHMY85.42
2,L1EFC230247_FHLJZD44_S90_L001.90
2,FSHCM52.59
2,FHNXY11.53
1,FTJBH86hun.13
2,FGSYC8.26
2,FNXYCHL33.77
2,FSHCM93.60
2,L1EFC230318_FTJS0001_S244_L003.71
2,FTJBH73.30
1,SDHZD15.42
1,SDHZD6.65
2,FJSNT24.8
1,FSHXBX125.95
2,FSHHK31hun.34
2,FHBSJZ35.33
2,FYNLJ22hun.73
2,FSCDJY12.83
2,FSDJN55.2
2,FHLJYC28hun.66
2,FHNFQ24.25
2,FHLJZD26.44
2,FHuBWH25hun.60
2,FGSYC39.6
2,FJSNT28.52
2,FHNXY58.44
2,FTJBH52.7
2,FNXYCHL52.62
2,FBJ55.19
2,FGSYC87.37
2,FNMHLBE13.63
2,L1EFC230267_FXJCJ26_S151_L002.108
2,FHNXY62.41
2,FCQTY007.12
1,FXJYN21.39
2,FHLJYC39_FDME220052688-1a.41
2,FGZ4M_FDME220051972-1a.29
2,FSXTY56.46
2,FSDLZ01.18
2,FSHHK14.111
2,FXJWS7.6
2,FSCPS6.8
2,FJSWXJ37.17
2,FSDQZ10.32
2,FeceHuBe150112.25
2,FSCDJY57.32
2,FNMHHHHT12.19
2,FHHMY84.100
2,FSHXBX158.4
2,FBJ31.64
2,FSXLVLS17.76
2,FTJBH53.65
2,FZJHZD25.69
2,M115R01.87
1,FSDJN27.62
2,FZJHZ8.60
2,M2CF14.57
2,FFJLY72_FDME220051238-1a.16
2,FZJTZ38.67
2,FFJLY53_FDME220051276-1a.56
2,FSHXBX70.34
2,FTJBH84.70
2,FGSZY14.86
2,FSXLVWS4.75
2,L1EFC230303_FXJWS32_S229_L003.19
2,FSHXBX14.97
2,FGXGL35_FDME220052090-1a.37
1,FJLHD8.3
1,FSDJN18.13
2,FNMHLBE26.72
2,FHBSJZ41_FDME220052232-1a.73
2,FFJLY58_FDME220051277-1a.78
2,FJSWX90.26
2,FGDLZ81_FDME220051959-1a.2
1,FSXTY8hun.23
NA,FSCPS68.64
1,FGDLZ39.21
2,FTJBH76.27
1,FSHXBX5.7
2,FSCCD6.10
2,FHuBWH11.16
2,FBJ21.37
2,FHNXY56.20
2,FTJS031.7
2,FJSWXJ34.44
2,FTJS019.70
1,FZJTZ55.54
2,FZJHZD9hun.23
2,FTJBH57.40
2,FYNLJ41.47
2,FCQTY067_FDME220051145-1a.26
2,FCQTY155_FDME220051191-1a.77
2,FSHXWN11hun.74
2,FNXYCHL50.94
2,FJSNT21.64
2,FJSWXJ24hun.57
2,M1C4.75
2,FNXYCHL60.58
2,FSDLZ45.37
2,L1EFC230312_FXJWS44_S238_L003.15
2,FQHXN38.7
2,FJXSRPYG20.93
2,FBJ2.62
1,FHNXY14.83
2,FHLJYC36_FDME220052685-1a.73
2,FSDJN31.102
1,L1EFC230391_FSHXXA34_S34_L003.37
2,FHNXY36.123
1,FAHBZ53.20
2,L1EFC230250_FHLJZD56_S135_L002.12
2,FSXTY45.31
2,FJSNT66.41
1,FSCCD14hun.62
2,FSHXHZ21.28
1,FQHXN22.146
2,FSHCM38.58
1,FNMHLBE19.64
1,FXJSW44.37
1,L1EFC230256_FXJCJ12_S141_L002.29
1,FSHXBX12.93
2,FJSWX76.52
2,FHNFQ58.14
2,FZJTZ1.1
2,FHLJYC38_FDME220052687-1a.149
1,FSCDJY61.58
2,FJXSRPY35.41
2,FBJ16.31
1,FXJCJ17hun.27
2,FSHXBX65.42
1,FJNDD5_FDME220051222-1a.114
2,FAHWH12_FDME220050738-1a.17
1,FQHXN48.11
1,FSDLZ09.93
1,FSXTY28.70
2,FHNFQ41.75
2,L1EFC230379_FSHXXA03_S337_L004.60
1,FNMHLBE11hun.21
2,FHNXY34.70
2,FSDJN36.118
2,FNXYCHL46.104
2,FHLJYC37_FDME220052686-1a.24
2,FGZ2M.49
1,FJSWX85.11
2,FBJ34.33
2,FJSNT33.1
2,FTJBH74.120
NA,FJXSRPY17.68
2,FTJBH5.3
2,FSHXXA44hun.51
2,FSHXWN21.21
2,FSHXHZ4.14
2,FNXYCHL49.88
2,FAHBZ18_FDME220050698-1a.42
2,L1EFC230381_FSHXXA05_S339_L004.94
1,FSXTY29hun.65
2,FSDLZ55.9
2,FGSYC89.16
2,FHBSJZ26.50
2,FeceHuNa150135_FDME220052278-1a.26
1,FYNLJ36.68
2,FSHCM99.88
2,FSHCM86hun.43
2,FSDQZ30.93
2,FNXYCHL90.35
2,FHNXY5.84
2,FQHXN62hun.49
1,M2CF17.24
2,L1EFC230279_FXJCJ45_S163_L002.67
2,FSXTY9.67
2,FNXYCHL35.96
2,FGSYC3.53
2,FSXLVLS2.100
2,FSDLZ02.148
2,FSHCM77hun.42
2,FSDJN2.58
2,FHNXY47.102
2,FNMHHHHT13.50
2,FHLJYC4hun.133
2,FSHCM63.20
2,FHNFQ31.46
2,FSXTY53.49
2,FJSNT36.25
2,FHNXY39.31
2,FGSYC9.39
2,SDHZD3.45
2,FQHXN49.38
2,FTJBH65.41
2,FGSYC71.15
NA,FZJTZ70.17
1,L1EFC230368_FSHXBX52_S326_L004.37
1,FSHXBX147.130
2,FTJBH91.28
1,FSDLZ30.52
2,FSDQZ39.90
2,FSXLVLS6.47
2,FSHHK39_FDME220054508-1a.43
2,FJSWXJ2.126
NA,FSHCM70.63
1,FSDLZ13.36
2,FBJ5.23
1,FGSZY24.38
2,FNMHLBE16.109
2,FSCDYJ6.69
2,FNMHHHHT41.77
2,FSHCM23_FDME220054538-1a.16
1,FNXYCHL32.7
2,FYNDL3.97
2,FHNFQ59.34
2,FBJ65.29
2,FJSWX80.13
1,FeceHuBe150127_FDME220052847-1a.29
2,FBJ20.114
2,FTJBH50.15
2,FCQTY106_FDME220051177-1a.2
2,FHLJYC6.23
2,FBJ69.69
2,FJLHD35.66
2,FSHXWN17.102
2,FTJBH11.28
2,FJLHD3.83
2,L1EFC230277_FXJCJ42_S161_L002.16
2,M2CF06.102
2,FHLJYC16.34
2,FSHXBX87.20
2,FeceHuBe150111.21
2,FSHXBX71.127
NA,FHuNHHMY52.22
2,FJSNT31.98
2,FYNLJ56.30
2,FHNXY16.9
2,FCQTY016.41
2,FGDLZ25.7
1,FBJ25.98
1,M105F01.65
2,FSDJN57.51
2,FJLHD14.49
2,FJSWXJ42.79
2,FHNXY44.19
2,FJXSRPY24.124
2,FBJ19.57
2,FeceHuNa150114_FDME220052265-1a.70
2,FYNLJ40.54
2,FJSWXJ22.37
2,FeceHuBe150117_FDME220052839-1a.40
2,FHBSJZ30.43
2,FQHXN40.55
2,FJSWX91.18
2,FHBSJZ61_FDME220052252-1a.61
2,FSHXWN5.21
1,FSHXXA41hun.26
1,FNMHLBE32.65
2,FGDLZ63_FDME220051944-1a.67
2,FGDLZ58.29
2,FSHXHZ24.84
2,FHLJYC41.10
2,FSDQZ20.90
2,FNMHHHHT22.65
2,FZJTZ16hun.27
2,FSHXBX112.30
1,FCQHC8.48
2,FHLJYC30.71
2,FSHXHZ10.114
1,FHNXY54.50
2,FZJTZ41.34
2,M2CF09.39
1,FNXYCHL68.13
2,FSHXBX123hun.58
1,FHLJYC21.3
2,FSXTY39.6
2,FSHCM82.44
2,FHBSJZ3.36
2,FBJ9.66
2,FHLJZD59.2
2,FCQTY076_FDME220051151-1a.23
2,FSDJN5.42
2,L1EFC230309_FXJWS39_S235_L003.95
1,FXJKS2.145
2,FSHXBX140.37
2,FSXTY61.56
2,FNXYCHL72.7
2,FGDLZ14.43
2,FSXTY27.64
2,FZJTZ7.32
2,FHLJDQ11.39
2,FSDJN16.95
1,FGXGL89_FDME220052144-1a.91
2,FeceHuNa150117_FDME220052266-1a.118
2,FSDQZ4.36
2,FTJBH47.33
2,FSHXBX137.11
2,FCQTY079_FDME220051154-1a.74
2,FNXYCHL1.44
2,FCQTY012.60
2,FeceHuNa150118_FDME220052267-1a.8
2,FGSYC72.32
2,L1EFC230332_FTJS0029_S258_L003.106
2,M1C17.42
2,FSHXBX134hun.37
2,FHuNHHMY60.76
2,FYNLJ19hun.16
2,FJXSRPYG32.96
2,FNXYCHL29.38
1,FAHWH07.28
2,FSHCM65.44
1,FJSWXJ43.64
2,FJSWX107.29
2,FCQTY060_FDME220051140-1a.63
2,FGSYC60.106
2,FGXGL51_FDME220052106-1a.60
2,FAHWH20_FDME220050742-1a.81
2,FAHWH14.138
1,FNMHLBE3.116
2,FNMHHHHT16.65
NA,FCQTY136_FDME220051181-1a.49
NA,FJXSRPY40.97
2,FHNFQ5.109
NA,FJXSRPY54.80
2,FHBSJZ16.70
2,FSXLVLS3.154
2,FQHXN2.36
2,FGSYC4.92
1,FXJKS48.114
2,FYNLJ66.94
2,FGSZY36.49
2,FSHCM14_FDME220054531-1a.62
2,FQHXN19.25
2,FQHXN27.80
NA,FeceHeNa22.16
1,L1EFC230297_FXJWS23_S223_L003.79
2,FCQTY159_FDME220051194-1a.16
1,FAHBZ51_FDME220050728-1a.28
2,FeceHuNa150123_FDME220052271-1a.56
2,FBJ30.93
2,FBJ10.8
2,FSHXBX18.46
2,FNXYCHL26.19
1,FGXGL70_FDME220052125-1a.1
2,FSXTY44.47
2,FSXLVLS13.134
2,FBJ35.55
2,FGSZY25.70
2,FZJTZ63.55
1,FAHWH31.50
2,FSHCM98.40
2,L1EFC230254_FXJCJ06_S139_L002.82
1,FNXYCHL63.9
1,FHLJZD46.71
2,FSDJN11.15
2,FGXGL56_FDME220052111-1a.29
2,FGDLZ84_FDME220051962-1a.94
2,FQHXN15.50
2,FSHHK4.61
2,FTJBH59.22
1,FHNFQ25.28
2,L1EFC230338_FJXFC11_S264_L003.92
2,FJXSRPY51.99
2,FSCPS52.63
1,FSXTY52.62
2,FSHCM84.86
2,FJSWXJ6.18
1,FSHXXA45.58
2,FHNFQ47.7
2,FJSNT11.54
2,FHBSJZ56_FDME220052247-1a.21
2,FHLJZD13.8
2,FHBSJZ28.46
1,FGSYC90.95
2,FSXLVLS14.19
1,FHuNHHMY78.49
1,FHNXY8.41
2,FTJBH2.68
2,FHBSJZ13.49
2,FSXLVLS16.32
2,FJLHD26.48
2,FSHHK18hun.18
2,FHNXY53.31
2,FHBSJZ55.32
2,FCQNA9hun.15
NA,FGDLZ21.110
2,L1EFC230333_FTJS0033_S259_L003.72
2,FTJBH64.60
2,FSHXBX175.56
2,FGXGL78_FDME220052133-1a.29
2,FSDLZ28.52
1,FXJYN34.80
2,FQHXN36.65
1,FSHXBX167.7
2,FSHXBX171.82
2,FSHXXA26.88
2,FSHXHZ6.17
