tree_group,mag
1,FGSYC70.77
1,FZJHZD26.5
1,FSCPS33.50
NA,FHNFQ59.45
3,FQHXN34.6
1,FJXSRPY33.35
1,FSHXXA47hun.15
1,FZJHZD20.32
1,FHLJYC5.26
1,FAHWH03.18
3,FNXYCHL16.8
1,FHuNHHMY56.58
NA,FSDQZ21.164
3,FCQHC4.17
1,FSCPS81.25
1,FSHXXA49hun.34
3,FSCDJY15.62
1,FNMHLBE18.118
3,FCQJJ4.82
1,FHNFQ39.15
1,FHNFQ7.11
1,FSCPS15.34
1,FJND6_FDME220051164-1a.55
1,FZJHZD21.57
1,FHNFQ17.36
1,FNMHLBE19.78
1,FNMHLBE31.31
1,FFJLY18.2
1,FSCPS49.42
1,FZJHZ7.40
1,FHNFQ8.43
3,L1EFC230263_FXJCJ22_S147_L002.62
1,FJSWX108.18
1,FHNFQ11.17
1,FGSZY53_FDME220051904-1a.89
