tree_group,mag
1,FJSWXJ43.100
2,FGSYC60.37
2,FJSNT23.27
2,FXJKS4.5
2,FXJKS22.95
2,FXJYN38.84
1,FTJBH28.38
2,FXJKS37.99
2,FXJKS14.134
1,FJSNT64.28
2,FSHXBX20.22
1,FGXGL24_FDME220052079-1a.82
2,FXJKS11.111
1,FZJTZ20.55
2,FSDQZ42.51
2,FSDJN46.62
2,FXJSW48.59
2,FHNXY38.22
2,FSXLVWS8hun.109
2,FXJKS35.174
1,FSCPS31.145
1,FNMHLBE10hun.101
2,FAHBZ17.137
2,FNMHHHHT37.101
1,FSCPS35.7
1,FSDLZ02.137
2,FTJBH49.15
2,FAHBZ59_FDME220050734-1a.35
2,FSXLL17.42
2,FSDJN12.47
1,FJSWXJ25.126
2,FSDLZ15.102
2,FXJKS36.126
2,FSHXBX106.68
1,FJXSRPYG41.12
1,FJSNT20.33
2,FAHBZ56.10
1,FJSNT21.14
1,FeceHeNa8.34
1,FSCPS11.90
2,FSHXBX148.98
2,FXJKS19.4
1,FJXSRPY40.104
1,FGDLZ76_FDME220051956-1a.110
2,FBJ44.48
2,FHNXY48.3
1,FSHXHZ20.115
