tree_group,mag
1,L1EFC230360_FSHXBX24_S318_L004.15
1,FNXYCHL62.51
1,FNXYCHL38.49
1,FSCPS50.30
1,FSHXXA27.103
1,FHLJYC35_FDME220052684-1a.36
2,FCQTY026_FDME220051122-1a.16
1,FJLHD8.107
1,FCQTY049_FDME220051134-1a.14
1,FHLJDQ8.11
1,FGSYC70.11
1,FAHWH14.118
2,FQHXN15.58
1,FSHXBX147.94
1,FQHXN6.86
1,FBJ22.51
1,FNXYCHL12.18
2,FHNFQ32.99
1,FSHXBX145.69
1,FSCPS27.120
1,FXJYN1.59
1,FQHXN20.44
1,FSCPS33.34
1,FGSYC75.27
1,FXJWS13.118
1,FNMHHHHT45.24
1,FHNXY24.58
1,L1EFC230259_FXJCJ15_S144_L002.67
2,FJLHD18.35
1,FXJYN4.9
1,FSDJN7.66
2,L1EFC230365_FSHXBX46_S323_L004.53
1,FHLJZD34.112
2,FQHXN63hun.39
1,FXJCJ10.31
1,FGSZY4.72
1,FNXYCHL10.42
1,FNXYCHL34.4
2,FHNFQ46.101
1,FNXYCHL36.104
