tree_group,mag
1,FSHXHZ24.8
1,FSHXHZ20.69
2,FSHXBX17.13
1,FSHXBX65.88
1,FXJKS37.111
1,FCQNA25.120
1,FHNXY1.43
1,FSHXBX130.86
1,FZJTZ13.49
1,FNXYCHL71.16
2,FSHCM55hun.134
1,FAHBZ17.101
1,FNMHLBE4.22
2,FXJKS51.75
1,FXJKS35.150
2,FGXGL34_FDME220052089-1a.120
2,FSXLVWS8hun.50
1,M105F01.37
1,FGSZY37.82
2,FGXGL3_FDME220052058-1a.77
2,FSHXBX70.55
2,FSDQZ46.98
2,FXJSW11.62
2,FAHBZ27_FDME220050707-1a.126
1,FGSYC45.82
2,FGXGL32_FDME220052087-1a.57
1,FSHXBX134hun.107
1,FHLJYC1.97
1,M2CF10.112
1,FXJKS42.7
1,M115R01.66
2,FCQNA9hun.70
1,FGXGL10_FDME220052065-1a.176
1,FSDQZ19.95
1,FSDLZ09.112
2,M2CF04.22
1,FSCDJY48.41
2,L1EFC230372_FSHXBX62_S330_L004.109
1,FHNXY45hun.38
1,FSDQZ11.47
1,M123F01.6
1,FGSZY53_FDME220051904-1a.47
2,FXJKS24.54
1,FSHXBX128.28
1,FSDLZ40.65
2,FSHXBX106.26
2,FSHXBX71.139
1,FSHHK38_FDME220054507-1a.52
2,FCQTY166_FDME220051197-1a.86
2,FYNLJ52.101
2,FeceHuNa150114_FDME220052265-1a.11
2,FSHXBX57.75
1,FHuNHHMY64hun.106
1,FXJYN38.116
1,FNMHLBE7.137
1,FGSZY16.93
1,FSHXBX167.28
1,FYNLJ57.40
1,FSHXBX76.82
1,FXJKS3.108
2,FGSYC90.98
1,FZJTZ11.2
2,FSXTY39.97
1,FHLJDQ10.101
1,FQHXN73.14
2,FeceHeNa7.61
2,FSHHK17hun.32
1,M1DZ11.155
1,FAHBZ20_FDME220050700-1a.81
2,FGSZY45.118
1,FGSZY12.30
2,FJXSRPYG19.35
1,FHLJDQ12.72
2,FGSZY55.30
1,FGXGL81_FDME220052136-1a.61
1,FHNXY37.66
1,FSHXHZ18.39
1,FSHXBX28.16
1,FHNXY48.104
1,M101R01.96
2,FQHXN45.94
2,L1EFC230359_FSHXBX16_S317_L004.56
2,FCQNA15.98
2,FHNFQ11.98
