tree_group,mag
1,L1EFC230393_FSHXXA37_S36_L003.84
1,FSHXBX21.58
1,FHLJYC21.110
1,FNXYCHL42.63
1,FSDJN26.122
1,FSDLZ41.83
1,FGXGL26_FDME220052081-1a.71
1,FAHBZ43.147
1,FSHCM54.12
1,FCQNA6hun.3
1,FGXGL32_FDME220052087-1a.153
1,FBJ20.43
1,FSHXHZ9.25
2,FBJ29.88
1,FSDJN27.12
2,FJSWXJ13.53
1,FSHCM31.142
1,FSHXBX12.60
1,FZJTZ4.62
1,FYNLJ52.41
1,FSHXBX150.24
1,FSHHK49_FDME220054516-1a.57
1,FQHXN64hun.77
1,FFJLY43_FDME220051271-1a.77
1,FXJSW11.6
2,FSHCM55hun.69
1,FCQTY063_FDME220051143-1a.72
1,FZJJH12.42
1,L1EFC230332_FTJS0029_S258_L003.27
1,FSXTY38.18
2,FJSWX90.91
1,FSHXWN26hun.22
1,FGXGL93.100
1,FQHXN47.52
1,FSHXXA35.66
1,FGXGL3_FDME220052058-1a.131
1,FSHXBX166.93
1,L1EFC230388_FSHXXA20_S346_L004.7
1,FJSWXJ38.86
1,FSCCD4.116
1,FQHXN106.90
1,FSHXHZ10.68
1,FGZ6M_FDME220051977-1a.105
1,FSHCM57.44
1,FJSNT15.40
1,FSHXBX57.52
1,L1EFC230318_FTJS0001_S244_L003.64
1,FYNLJ68.94
1,FSHCM4hun.75
1,FNXYCHL30.85
1,FeceHeNa20.37
1,FSHHK12hun.49
1,FBJ65.140
1,FSHXBX106.132
1,FSXLVWS6.76
1,FFJLY66.143
1,FeceHuNa15012_FDME220052260-1a.46
1,FSHHK50_FDME220054517-1a.45
1,FSDJN35.7
1,FTJBH51.42
1,FTJBH61.26
1,FJXSRPYG20.55
1,FGXGL81_FDME220052136-1a.49
1,FSHXBX30.27
1,FXJWS38.26
1,FSHXBX70.31
1,FCQTY022_FDME220051119-1a.65
1,FSCPS95.5
1,FeceHuBe15013_FDME220052831-1a.27
1,FXJYN19.43
1,FSHXBX28.154
1,FSHCM39.17
1,FSHXBX65.161
1,FeceHuNa150111_FDME220052262-1a.42
1,FSDJN55.35
1,FBJ67.96
1,FSHCM62.17
1,L1EFC230258_FXJCJ14_S143_L002.63
1,FSXLVLS13.108
1,FGSYC49.78
1,FGXGL28_FDME220052083-1a.110
1,L1EFC230305_FXJWS34_S231_L003.40
1,FeceHuBe150125_FDME220052846-1a.67
1,FQHXN45.5
1,L1EFC230339_FJXFC12_S265_L003.107
1,M116R01.108
2,FSDLZ29.69
1,FGZ4M_FDME220051972-1a.114
1,L1EFC230314_FXJWS46_S240_L003.29
1,FSHXBX157.104
1,FGXGL30_FDME220052085-1a.34
1,FSHXWN13hun.2
1,FSHHK29_FDME220054498-1a.5
1,FGDLZ83_FDME220051961-1a.102
1,FHNXY21.24
1,FSXLVLS20.47
