tree_group,mag
1,FSHXBX70.53
1,FNXYCHL56.52
1,FJSWX107.23
1,FGXGL16_FDME220052071-1a.98
1,M2CF09.45
2,FSCDJY69.59
2,FGSYC45.24
1,FXJCJ43.20
2,FAHBZ43.34
2,FSHHK28_FDME220054497-1a.134
1,FXJKS14.70
2,FHNFQ5.82
1,FXJKS3.120
1,FBJ29.16
1,FYNLJ37.68
2,FSCPS69.152
2,FHNFQ36.63
1,FSHXBX98.157
1,FQHXN102.77
2,FZJHZD6.114
1,FSDJN51.38
1,FSXTY39.105
1,M104R01.41
2,FZJHZD9hun.13
1,M202F01.91
2,FGDLZ84_FDME220051962-1a.112
2,FJSWX96.31
2,FZJTZ25.89
1,FXJSW16.6
2,FSHHK30_FDME220054499-1a.42
1,FXJKS12.122
1,FHuBWH36.20
2,FSDLZ39.42
1,FAHBZ21_FDME220050701-1a.47
2,FZJTZ54.70
2,FHLJYC5.109
1,FSHHK41_FDME220054510-1a.5
2,FAHBZ12.16
1,FQHXN61hun.82
1,FNMHLBE4.18
1,FXJKS35.106
2,L1EFC230247_FHLJZD44_S90_L001.16
1,FHLJZD8.95
