tree_group,mag
1,FNXYCHL92.79
1,FGXGL72_FDME220052127-1a.21
1,FeceHuNa150117_FDME220052266-1a.21
2,FFJLY15_FDME220051249-1a.71
1,FGDLZ11_FDME220051913-1a.52
1,FJLHD32.75
1,FJSWXJ32.76
2,FGZ4M_FDME220051972-1a.113
2,FGXGL101.70
2,FSHCM95.48
1,FHuBWH11.11
1,FJXSRPY33.128
2,FHLJYC24hun.54
1,FXJYN23.108
1,FCQTY009.55
1,SDHZD3.104
1,FHuNHHMY3.17
1,L1EFC230362_FSHXBX40_S320_L004.48
1,FXJSW20.14
1,FHNXY20.69
1,FXJCJ31.48
1,FHLJYC16.20
1,FSDLZ12.21
2,FJSNT33.55
1,FXJWS41.14
1,FGSZY15.46
1,FSCPS39.35
1,M115R01.71
1,FHBSJZ11.64
2,FBJ57.33
1,FAHBZ43.107
2,FSDLZ33.27
1,FJSWXJ17.17
1,FJSWXJ18.98
1,FSHXWN3.48
1,L1EFC230302_FXJWS31_S228_L003.171
2,FSHCM23_FDME220054538-1a.52
1,FGDLZ10_FDME220051912-1a.89
1,FCQTY035_FDME220051127-1a.5
2,FCQTY156_FDME220051192-1a.18
1,FGXGL13_FDME220052068-1a.43
1,FSHXBX74.76
2,FHLJYC4hun.115
1,FAHBZ54.20
1,FSHXWN4hun.22
2,FSHHK11_FDME220054483-1a.25
1,FSHHK31hun.66
2,FHBSJZ40_FDME220052231-1a.72
1,FSHXBX135hun.49
1,FSHCM12_FDME220054529-1a.52
2,FAHWH21_FDME220050743-1a.23
1,FAHBZ26_FDME220050706-1a.56
1,FCQTY078_FDME220051153-1a.88
1,FSHXBX70.122
1,FeceHuNa15019.36
2,FJSNT30.26
2,FSCPS89.44
1,FGZ6M_FDME220051977-1a.14
2,FJSNT19.45
1,FSHXWN12.13
1,FSHXXA35.74
1,FSHXBX4.117
1,FSXLVWS9.137
1,FXJSW14.27
1,FHNXY3.6
1,FZJHZD18hun.81
1,FZJTZ2.16
1,FSHXBX108.19
1,FQHXN92.56
1,FSHXBX12.111
1,FZJTZ19.101
2,FCQTY039_FDME220051129-2a.22
1,FGXGL81_FDME220052136-1a.117
1,FCQTY145_FDME220051185-1a.20
2,FHNXY62.86
2,FTJS020.93
1,FSCDJY94.94
2,FQHXN23.78
2,FTJBH39hun.85
2,FJSNT28.3
1,FXJCJ3.15
1,FSHHK16_FDME220054486-1a.139
1,FXJYN35hun.94
1,M1C2.51
1,FGSYC15.43
1,FGSYC65.64
1,FXJKS36.35
1,FTJBH30.54
1,FGDLZ8_FDME220051910-1a.56
1,FAHBZ17.1
1,FQHXN26.29
1,FHuNHHMY49.9
1,FHLJYC14.41
1,FHNFQ6.84
1,FHLJYC7.23
1,FQHXN22.32
1,L1EFC230386_FSHXXA15_S344_L004.39
1,FNMHHHHT18.90
2,FQHXN91.2
2,FZJHZD23.7
1,FJSNT21.11
1,FSHCM15_FDME220054532-1a.55
1,FSHXBX45.72
1,FSDJN18.35
1,FGSYC46.75
2,FXJSW47.27
1,FSCPS94.25
1,FXJKS13.50
1,FGDLZ79_FDME220051957-1a.40
1,FHBSJZ12.17
1,FeceGuXi150116.48
1,FGXGL6_FDME220052061-1a.17
1,M206F01.2
1,FSHXWN1.70
1,FXJKS40.101
2,FGXGL35_FDME220052090-1a.2
1,FHLJYC1.84
2,FAHWH17_FDME220050741-1a.17
2,FAHBZ33_FDME220050713-1a.45
1,FBJ52.78
1,FSHXBX128.23
2,FCQTY004.55
1,FJNDD4_FDME220051221-1a.7
1,FGXGL93.30
1,FQHXN30.30
1,FXJKS10.54
1,FJLHD16.51
1,FSDJN19.89
1,FSHXBX28.32
1,FXJYN7.16
1,FGSYC72.3
1,FHLJZD58.7
1,FSDJN37.141
2,FSHCM96.37
1,L1EFC230262_FXJCJ20_S146_L002.83
2,FHLJDQ11.20
1,M105F01.2
2,FGZ38M_FDME220052048-1a.39
2,L1EFC230385_FSHXXA13_S343_L004.74
2,FCQNA6hun.31
2,FSHHK10_FDME220054482-1a.34
1,FSHXWN9.50
2,FAHWH12_FDME220050738-1a.48
1,FGZ36M_FDME220052036-1a.87
2,FSDLZ32.40
1,FSHXXA46.103
1,FHLJYC38_FDME220052687-1a.75
1,FSXLVLS10.30
1,FGXGL63_FDME220052118-1a.46
1,FZJTZ14.108
1,FHNXY11.73
2,FSCPS35.55
2,FSCPS31.91
2,FZJHZD28.129
1,FHuNHHMY23.22
1,FeceHuBe150119_FDME220052841-1a.73
1,FXJWS20.38
1,FSHHK7_FDME220054481-1a.31
1,FQHXN45.15
2,FTJS030.8
2,FSHCM97.90
1,FNMHHHHT21.25
1,FHNXY60.43
1,FJSWXJ4.2
1,FXJWS29.68
1,FCQTY094_FDME220051171-1a.16
1,L1EFC230356_FJXFC54_S314_L004.78
1,FSCDJY57.142
1,FSXLVLS11.43
1,FGSYC90.78
1,FHLJZD41.110
2,L1EFC230333_FTJS0033_S259_L003.5
1,FHNFQ33.90
1,FZJTZ11.89
1,L1EFC230349_FJXFC31_S307_L004.7
1,FZJTZ68.4
2,FHBSJZ8.49
1,FSHXXA29.9
1,FJSWX97.19
1,FQHXN15.34
2,FCQTY053_FDME220051136-1a.65
1,FNMHLBE6.55
1,FSXTY50.40
2,FCQNA27.9
2,FJSNT32.23
1,FSDLZ40.97
2,FGXGL2_FDME220052057-1a.126
1,FJXSRPY43.7
1,L1EFC230306_FXJWS35_S232_L003.71
1,FAHBZ32_FDME220050712-1a.1
1,FHNXY29.43
2,FSHXBX157.10
1,FSDJN3.76
1,FSXLVLS13.113
1,FYNLJ51.121
1,FJSNT25.5
1,FGXGL34_FDME220052089-1a.7
1,FNMHLBE25hun.1
1,FHuNHHMY64hun.13
2,FSHCM100.106
2,FXJYN37hun.72
1,FGDLZ56_FDME220051936-1a.32
1,FCQTY007.83
1,FQHXN102.42
1,FSXTY48hun.73
1,FSCPS12.17
1,FNMHLBE9hun.42
1,FSXTY52.77
1,FBJ53.120
1,FSDLZ41.47
1,FXJWS48.6
2,FFJLY48.14
2,FNXYCHL35.78
1,FYNLJ65.77
2,FSHXHZ10.127
1,FJSWX74.40
1,FXJYN32.62
1,FSHXWN27.14
2,FNMHLBE17.27
1,FZJTZ16hun.74
1,FJXSRPYG9.74
2,FTJS016.55
2,FTJBH83.74
2,FeceHeNa16.83
1,FGSZY26.68
1,FSDLZ55.95
1,FJSWXJ25.46
1,FeceGuXi150115.55
1,FSDQZ6.35
1,FSHXWN14.6
1,FSDJN57.26
1,L1EFC230345_FJXFC21_S303_L004.43
2,FCQTY030_FDME220051124-1a.17
1,FAHBZ23_FDME220050703-1a.42
1,FSHXBX78.41
1,FZJHZ8.73
1,FJXSRPY8.75
1,FHNFQ46.73
1,FJLHD39.60
1,FGSZY45.36
1,FXJSW5hun.8
2,FSHHK17hun.95
1,FXJKS12.47
1,FSCDJY13.51
1,FSHXHZ5.6
2,L1EFC230352_FJXFC43_S310_L004.31
2,FSXTY14.44
1,FNXYCHL93.21
1,FSDQZ2.42
1,M2CF21.70
1,FSCDYJ2.39
1,FSXTY41hun.1
1,FHNFQ62hun.7
1,FQHXN113.8
1,FSHCM89hun.24
1,FCQTY154_FDME220051190-1a.52
1,FZJJH12.82
1,FHNFQ29.74
1,FCQTY036_FDME220051128-1a.16
1,FJSNT35.5
1,FNXYCHL58.78
1,FSHHK25_FDME220054495-1a.122
1,FSCCD11.97
1,FZJTZ26.108
1,FSHXWN8.6
2,FGXGL92.76
1,FXJKS33.38
1,FTJBH100.90
1,FZJTZ6.126
1,L1EFC230267_FXJCJ26_S151_L002.60
2,FZJTZ55.59
1,FZJTZ20.76
1,FYNLJ46.156
1,FNXYCHL44.55
