tree_group,mag
1,FXJSW15.154
2,FYNDL10hun.62
2,FGSZY23.89
2,FBJ29.110
2,FHuNHHMY83.85
2,FNXYCHL42.80
1,FXJWS38.27
2,FSCPS62.58
2,M214F02.55
2,L1EFC230274_FXJCJ39_S158_L002.29
1,FSHCM69.1
1,FXJYN36.114
2,FHNFQ62hun.9
2,FGSZY15.32
2,FSHXBX108.14
1,FGXGL49.114
2,FSHXBX78.12
2,FHLJZD52.15
1,FTJBH53.54
2,FXJYN12.29
2,FSHXBX153.10
2,L1EFC230295_FXJWS19_S222_L003.79
1,FSXLVWS8hun.90
2,FQHXN7.172
1,FHLJZD16.116
2,FNXYCHL88.9
2,FAHWH36_FDME220050753-1a.56
2,FSCPS36.79
2,FSXLVLS9.66
2,FSCPS35.65
2,FNXYCHL73.107
2,FSDJN51.39
2,FTJBH14.14
1,FGSZY4.38
2,FJSWXJ26hun.12
2,FSHHK16_FDME220054486-1a.18
1,FJLHD3.19
2,M1DZ11.120
2,FNMHLBE16.52
2,FJSNT8.85
1,FGSYC78.18
2,FHLJYC39_FDME220052688-1a.58
2,FSCPS3.26
2,L1EFC230284_FXJCJ58_S167_L002.102
2,FSHCM96.74
1,FSHHK10_FDME220054482-1a.51
2,FSHHK36_FDME220054505-1a.88
2,FSXLVLS13.14
2,FSDLZ48.12
2,FNXYCHL18.8
1,FJSNT23.25
2,FXJKS11.143
2,FJSWXJ15.20
2,FeceHuNa150145.18
1,FNXYCHL24.120
1,FFJLY42.89
2,FGSZY45.39
1,FAHBZ20_FDME220050700-1a.34
2,FSXTY29hun.66
1,FCQNA43.112
1,FHNXY57.31
1,FSHXBX155.152
2,FSHXBX79.96
1,FSDLZ58.17
1,FHBSJZ11.55
1,L1EFC230319_FTJS0003_S245_L003.21
1,FGSZY1.19
2,FNXYCHL59.50
2,FHNXY37.43
1,FNXYCHL63.97
2,L1EFC230300_FXJWS27_S226_L003.108
1,L1EFC230318_FTJS0001_S244_L003.69
1,FGXGL21_FDME220052076-1a.4
2,FNXYCHL5.14
2,FQHXN14.174
2,FAHWH19.2
2,FAHWH02.26
2,FJSWX81.39
2,FTJBH18.41
2,FBJ42.67
2,FZJHZD9hun.7
2,M104R01.19
2,FXJYN37hun.89
2,FXJYN29.124
2,FJSWXJ17.121
2,FAHBZ4_FDME220050686-1a.54
2,M1DZ08.27
2,L1EFC230335_FJXFC05_S261_L003.33
2,FXJYN41.57
1,FHNXY55.94
2,FGDLZ63_FDME220051944-1a.57
1,FeceGuXi15013.118
2,FZJTZ69.117
1,FBJ65.69
1,FSHCM57.102
2,FXJSW50.135
2,FCQHC9.22
2,FGXGL6_FDME220052061-1a.111
2,FHuNHHMY61.12
1,M202F01.115
1,FHNXY19.4
2,FJLHD36.138
1,FTJS031.24
2,FQHXN83.63
1,FHNFQ50.94
1,FHuNHHMY66.31
1,FHuNHHMY69.43
1,FGZ15M_FDME220051995-1a.8
2,FSDLZ55.21
2,FXJWS41.36
2,FGSZY40.91
2,FSHXHZ17.19
2,M101R01.37
2,FHNFQ22.12
2,FSHXBX20.54
2,FGDLZ85.120
2,FGXGL63_FDME220052118-1a.3
2,FeceHuNa150137.17
1,L1EFC230325_FTJS0011_S251_L003.137
2,FGDLZ84_FDME220051962-1a.5
2,FGSZY22.72
2,FXJKS23.146
2,FFJLY78.39
2,FHNFQ6.17
2,FNXYCHL50.124
2,FSHXHZ8.105
2,FSHXWN1.28
2,FSHXBX169.111
2,FJLHD55.2
2,FJXSRPYG7.91
2,FTJBH52.29
1,FSHXBX71.30
2,FSHXBX49.62
2,FGSZY51.6
1,FSDLZ21.27
2,FSHXBX21.45
2,FSHXBX88.94
2,FQHXN84.23
2,FJXSRPY30.43
2,FQHXN97.104
2,FSXTY28.20
2,FHLJZD45.15
1,FQHXN19.42
2,FSDJN20.22
2,FGSYC6.27
1,FHNFQ38.89
2,FXJKS10.144
1,FSHCM44hun.15
1,FHBSJZ4.100
2,SDHZD13.43
2,FAHBZ9_FDME220050691-1a.29
2,FSCCD19.5
2,L1EFC230356_FJXFC54_S314_L004.55
2,FNXYCHL39.116
2,FSHXBX176.73
2,FJSNT67.17
1,FSHCM39.36
2,FGSYC62.51
2,FJSNT19.98
2,FZJTZ68.73
2,FSHXHZ2.15
2,FHNFQ19.61
1,FHLJZD41.72
2,FSDLZ28.62
1,FGSYC49.7
2,FQHXN106.120
2,FZJTZ3.51
1,FGXGL34_FDME220052089-1a.143
2,FSHXBX142.60
2,FSCDJY22.107
1,FHLJZD28.39
2,FNXYCHL61.55
1,FHLJZD55.55
2,FAHWH04.54
2,FSDLZ32.53
1,FSHXXA46.68
1,FGSYC39.91
2,FGXGL65_FDME220052120-1a.7
1,FGSZY57_FDME220051907-1a.16
2,FSXLL5.80
1,FSHHK9.63
2,L1EFC230286_FXJCJ60_S169_L002.33
2,FHLJZD53.61
2,FeceHuNa150122.7
2,FGDLZ49.4
2,FQHXN39.78
2,FSCDJY38.76
2,FSHCM90.7
1,FHNXY13.105
2,FAHBZ41_FDME220050718-1a.27
2,FNMHLBE13.24
2,FHNFQ52.4
1,FSDLZ40.112
1,FGXGL40_FDME220052095-1a.13
1,FJXSRPY12.74
2,FHNFQ17.12
1,FSCDJY67.143
1,FHNXY34.78
2,FeceHeNa2.14
1,FSXTY2hun.81
1,FTJBH55.81
2,FeceGuXi15012.46
2,FJSWXJ16.12
2,FHLJZD2.94
2,FXJSW37.29
2,FJSNT18.18
2,FJLHD20.35
2,M106R01.65
2,FGDLZ53.7
2,FGSYC7.8
2,FSHXBX120.60
1,FAHBZ15.99
2,L1EFC230364_FSHXBX42_S322_L004.114
2,FSHXHZ22.54
2,FSCCD8hun.12
2,FHLJZD17.15
2,FSHXWN15.109
2,FAHBZ7_FDME220050689-1a.106
2,FAHBZ12.92
2,FXJSW7.49
2,FJXSRPY8.115
2,FSCPS31.15
2,FSHXHZ23.26
2,FZJHZD6.126
1,FSHCM75.65
1,FGXGL26_FDME220052081-1a.55
2,L1EFC230382_FSHXXA06_S340_L004.132
2,FNMHHHHT15.52
2,FNMHLBE17.59
2,FZJTZ65.120
1,FSXTY3.19
1,FSXTY12hun.39
1,FSCCD2.86
2,FJSNT72.41
2,FGDLZ55_FDME220051935-1a.47
2,FSDQZ24.20
2,FHLJZD21.22
2,FSDJN55.77
1,FSHHK12hun.64
1,FJSNT20.19
2,FCQNA5hun.70
2,FNMHLBE14.124
2,FAHWH15_FDME220050740-1a.34
2,FSHXBX47.67
2,FHuBWH40.14
2,FeceHuNa150110_FDME220052261-1a.36
2,FCQJJ3.37
2,FNMHLBE6.54
2,FHNFQ29.72
2,FCQTY102_FDME220051174-1a.20
2,FXJCJ65.4
2,FSXTY17.46
2,FGSYC12.114
1,FCQTY157_FDME220051193-1a.69
2,FXJYN3.81
2,FHLJYC14.37
2,SDHZ24.28
2,FAHBZ39_FDME220050716-1a.50
2,SDHZ2.4
2,FXJYN21.10
1,FXJWS4.52
2,FSXLVLS14.42
2,FQHXN63hun.3
2,FNMHLBE10hun.7
2,FJXSRPY13.38
2,FAHWH06.51
1,FQHXN10.52
1,FYNLJ7.99
1,FQHXN87.45
2,FGSYC83.83
1,FSDLZ11.105
2,FHHMY42.13
2,FSCDJY31.20
1,FeceHeNa20.98
2,FSXLVWS9.5
2,L1EFC230339_FJXFC12_S265_L003.27
2,M124R01.35
2,FXJCJ57.33
2,FSXLVLS3.106
2,M116R01.28
1,FSXLVWS3hun.80
1,FNMHLBE7.43
2,FXJKS42.4
2,FSHXBX150.28
2,FXJKS12.10
2,FHuNHHMY23.67
2,L1EFC230306_FXJWS35_S232_L003.51
2,FZJJHD1.10
2,FSHXHZ25.4
2,FSHHK14.31
2,FSCDJY49.83
1,FTJBH66.28
1,FZJHZD3hun.95
2,FSHCM4hun.48
2,FSDJN58.10
2,FJLHD48.8
2,FSHCM21_FDME220054536-1a.82
1,FYNLJ74.84
1,FGXGL19_FDME220052074-1a.69
2,FSCPS92.94
2,FJXSRPY15.20
2,FYNLJ68.80
2,FQHXN73.71
1,FZJTZ67.50
2,FXJSW24.85
2,FNMHHHHT11.79
2,FHNFQ5.61
2,FSXLVLS25.21
2,CS7.4
1,FHNFQ20.17
2,FXJYN40.106
2,FXJSW12.62
1,FNXYCHL53.162
2,FQHXN22.92
2,FGXGL39_FDME220052094-1a.48
2,FeceHuNa150114_FDME220052265-1a.115
2,FSHXBX123hun.15
1,FNXYCHL69.92
2,FSHXBX14.21
2,FSHHK39_FDME220054508-1a.95
2,FQHXN102.81
2,FSHCM15_FDME220054532-1a.53
2,FHNXY45hun.89
2,FSHHK26.72
2,FHNXY7.6
1,FQHXN45.41
1,FCQTY145_FDME220051185-1a.24
1,FSCPS89.64
2,FSHHK30_FDME220054499-1a.33
2,FJXSRPYG19.68
1,FJSWX73.19
1,FYNLJ48.23
2,FJXSRPYG9.23
2,FGSZY48.85
2,L1EFC230313_FXJWS45_S239_L003.67
1,FHuNHHMY48.57
2,FSXTY5hun.32
2,FAHBZ19.60
2,FNMHHHHT45.45
2,L1EFC230341_FJXFC14_S267_L003.7
2,FeceHuBe150133_FDME220052849-1a.35
1,FFJLY10_FDME220051247-1a.91
2,FNXYCHL3hun.66
2,FZJTZ6.99
1,FNXYCHL19.56
2,FSDLZ29.9
1,FSCPS4.119
1,FeceHuBe150125_FDME220052846-1a.54
1,FSDQZ43.35
2,FGXGL91.3
2,FZJTZ62.13
1,FBJ43.91
1,FHBSJZ44_FDME220052235-1a.89
1,FNMHLBE31.194
2,FJSWXJ28.80
2,FeceHeNa7.142
2,L1EFC230379_FSHXXA03_S337_L004.50
2,FGDLZ19_FDME220051917-1a.90
2,FeceHuBe15015_FDME220052833-1a.73
2,FSHXHZ1.9
2,FSHHK31hun.78
2,FSCDYJ7.45
1,FGSYC20.81
1,FSDLZ03.60
1,FSHXBX111.69
2,FGSYC65.1
2,FSCPS94.72
2,FJLHD45.123
2,FXJYN38.2
2,FJSWXJ39.39
1,FSDLZ56.87
2,FJLHD50.44
2,FSDQZ16.107
1,FSHCM13_FDME220054530-1a.68
2,FSDLZ17.123
1,L1EFC230394_FSHXXA43_S37_L003.6
2,L1EFC230304_FXJWS33_S230_L003.28
2,FSHXBX134hun.87
2,FSHCM100.79
1,FJLHD53.100
2,L1EFC230247_FHLJZD44_S90_L001.132
1,FHuNHHMY45.63
2,FHNFQ28.101
2,FSDQZ18.66
1,FQHXN89.58
2,FNXYCHL30.35
1,FSXTY1hun.111
2,FGDLZ34.15
2,FSCDJY76.111
2,FSHXBX12.117
1,FBJ41.10
2,FSHCM38.64
2,FSHHK4.60
2,FYNDL28hun.163
2,FGDLZ33_FDME220051920-1a.87
1,FHBSJZ41_FDME220052232-1a.82
1,FBJ22.91
2,FSXTY38.61
2,FTJBH25.97
2,FZJTZ43.64
2,FCQNA6hun.114
2,FeceHuBe150121_FDME220052842-1a.140
2,FeceHeNa1.60
2,M203F02.33
2,FAHWH12_FDME220050738-1a.36
2,FAHBZ3_FDME220050685-1a.27
1,FGXGL100.70
2,FSHHK15hun.20
1,M115R01.76
2,FGSYC85.16
2,FXJSW36.66
2,FCQTY078_FDME220051153-1a.71
1,FHLJZD6.3
2,FHLJZD8.114
1,FSDQZ15.9
2,FYNLJ51.106
2,FCQTY092_FDME220051170-1a.116
1,FNXYCHL9.46
2,FAHBZ40_FDME220050717-1a.33
2,FNXYCHL8.74
2,FXJWS50.10
2,L1EFC230314_FXJWS46_S240_L003.15
1,FSCDJY13.41
1,FNMHHHHT19.48
1,FNXYCHL67.60
2,FHNXY48.174
2,L1EFC230352_FJXFC43_S310_L004.1
2,FSDLZ19.24
2,FSHHK35_FDME220054504-1a.72
2,L1EFC230302_FXJWS31_S228_L003.103
2,FGXGL2_FDME220052057-1a.125
1,FXJWS20.77
2,FTJBH51.11
2,L1EFC230279_FXJCJ45_S163_L002.63
2,FJSWX90.31
2,FJLHD47.40
1,FSCPS41.118
2,FGDLZ15_FDME220051915-1a.29
1,FTJBH61.39
1,FHNFQ13.82
2,FSXTY8hun.30
1,FTJBH5.36
1,FSHXBX5.64
2,L1EFC230388_FSHXXA20_S346_L004.103
2,FNMHLBE15.25
2,FJSWXJ33.6
2,FHNXY62.81
2,FZJTZ19.159
2,FeceHuBe150119_FDME220052841-1a.69
2,FAHBZ25_FDME220050705-1a.31
2,FHuNHHMY20.69
2,FJXSRPY35.115
1,FJSNT61.47
1,FSHXBX80.93
1,FHuNHHMY6.129
1,FCQNA14.12
2,FNMHLBE18.138
2,FXJKS29.78
2,FNMHLBE8.44
1,FHNFQ12.67
2,FeceGuXi15011.81
2,FNXYCHL11hun.93
2,L1EFC230303_FXJWS32_S229_L003.9
2,FBJ34.43
1,FeceHuNa150111_FDME220052262-1a.95
2,FJLHD44.25
2,FGDLZ12_FDME220051914-1a.4
2,FCQTY071_FDME220051148-1a.20
2,L1EFC230387_FSHXXA17_S345_L004.19
2,FHNXY38.144
2,L1EFC230312_FXJWS44_S238_L003.12
2,FNMHLBE12.63
2,FSHCM49.14
2,L1EFC230343_FJXFC19_S301_L004.88
2,FJSWXJ35.6
2,FHNFQ4.21
1,FNMHLBE20.86
2,FHuBWH36.144
2,FSHXWN22.40
1,FAHWH09.95
1,FGSYC90.66
2,FSHCM70.20
2,FXJCJ31.105
2,FSDJN5.73
1,FGZ28M_FDME220052025-1a.70
1,FGZ2M.51
2,FXJCJ29.50
2,FAHBZ31_FDME220050711-1a.107
2,FXJYN18.77
2,FAHBZ30_FDME220050710-1a.54
1,FGDLZ78_FDME220051943-1a.77
