tree_group,mag
1,FJLHD48.43
1,FJSWXJ43.14
2,FSCCD7hun.100
2,FNMHLBE14.106
1,FHuNHHMY23.12
1,FYNDL2.23
2,FSXLVLS4.50
1,FGXGL43_FDME220052098-1a.24
1,FSCCD6.19
2,FJXSRPY53.85
2,FHuNHHMY55.34
1,FGSYC30.6
1,FGDLZ85.121
2,FNXYCHL33.85
2,FYNLJ19hun.63
1,FJSNT45.58
1,FJNDD5_FDME220051222-1a.3
2,FJNDD19_FDME220051236-1a.6
1,FeceGuXi150110.44
2,FSHXBX131.76
1,FBJ11.18
2,FSHCM97.74
2,FSHXBX140.10
1,FCQTY063_FDME220051143-1a.116
1,FQHXN1.97
2,FGDLZ69_FDME220051950-1a.51
2,FHuNHHMY48.10
2,FGXGL106.55
2,FTJBH28.58
2,L1EFC230361_FSHXBX31_S319_L004.25
1,FSHHK49_FDME220054516-1a.5
1,FSDLZ18.140
1,L1EFC230233_FHLJZD05_S78_L001.2
1,FSHXBX65.159
2,FSDLZ17.15
2,FCQTY141_FDME220051183-1a.99
1,FSHXHZ11.36
1,FHLJYC29.76
2,FGXGL105.76
1,FHuNHHMY1.53
1,FJSWX79.39
1,FSHXWN16hun_FDME22H000406-1a.100
1,FGZ35M_FDME220052035-1a.59
1,FXJYN18.104
1,FSCCD23.13
1,L1EFC230236_FHLJZD14_S81_L001.49
1,FSHXBX173.25
1,FHLJYC15.20
2,FSHCM63.26
2,FXJWS29.98
1,FSDJN61.47
1,FeceHeNa19.77
2,FJSWX81.34
1,FCQNA26hun.41
1,FGDLZ73.27
1,FSDLZ54.12
1,M207F01.43
1,FQHXN67hun.66
1,FGXGL97.30
2,FGXGL34_FDME220052089-1a.33
1,FHuNHHMY70.37
1,FGDLZ8_FDME220051910-1a.49
1,FSHXBX157.166
2,FGXGL108.11
2,FHLJYC40.16
1,FYNLJ28.47
2,FCQTY039_FDME220051129-2a.42
2,FGZ7M.24
1,FJSWXJ13.82
2,FSHXBX88.68
1,FSDJN2.89
1,FQHXN53.101
2,FGDLZ21.101
1,FHuNHHMY19.94
1,FGSZY48.157
2,FGSZY27.51
1,L1EFC230304_FXJWS33_S230_L003.57
2,FGDLZ50_FDME220051930-1a.115
2,FXJSW21.67
1,FGXGL65_FDME220052120-1a.63
1,FeceHuNa15017.88
2,FGXGL109.26
1,FSHXHZ13.93
1,FXJKS33.15
2,L1EFC230394_FSHXXA43_S37_L003.34
1,FXJKS47.97
2,FHuNHHMY30.75
2,SDHZD10.74
1,FXJKS17.62
1,FGDLZ11_FDME220051913-1a.10
1,FNMHLBE4.39
1,FSDQZ11.94
1,FQHXN85.35
1,FHuBWH11.22
1,FSCDYJ9.101
2,FSCPS68.94
1,FHuNHHMY81.13
1,L1EFC230334_FJXFC03_S260_L003.103
2,FHuNHHMY24.110
2,FBJ53.43
2,L1EFC230286_FXJCJ60_S169_L002.36
2,FHNXY11.49
1,L1EFC230341_FJXFC14_S267_L003.34
2,FCQTY077_FDME220051152-1a.42
2,FSDJN37.138
1,FSDLZ49.56
1,FHLJYC42_FDME220052691-1a.16
2,FGXGL2_FDME220052057-1a.39
1,FGSZY39.87
1,FJLHD40.42
2,SDHZD6.76
2,FGXGL33_FDME220052088-1a.41
