tree_group,mag
1,FJSWXJ14.126
1,FXJYN32.121
2,FAHBZ5_FDME220050687-1a.78
1,FXJKS29.80
1,FYNLJ66.134
2,FSHXBX65.34
2,M1DZ07.29
2,FZJTZ30.63
1,FQHXN69.112
2,FYNDL28hun.80
2,FSDLZ53.8
1,FXJKS22.118
2,L1EFC230336_FJXFC07_S262_L003.61
1,FYNLJ35.45
2,FSHXBX155.166
2,FZJTZ69.144
2,L1EFC230351_FJXFC35_S309_L004.36
1,FQHXN106.5
1,FGDLZ64_FDME220051945-1a.63
1,FQHXN83.42
1,FXJKS44.38
2,M1DZ10.18
1,FGSYC59.32
2,FSDQZ49.44
1,FJSWXJ1.7
1,M1C1.91
1,FXJKS43.36
1,FQHXN68.143
1,M1DZ09.5
2,FCQTY085_FDME220051156-1a.37
1,FGDLZ82_FDME220051960-1a.91
1,FAHBZ52_FDME220050729-1a.12
2,FeceHuBe150127_FDME220052847-1a.54
1,FGDLZ54.80
1,FHuNHHMY13.128
1,FYNLJ46.19
2,L1EFC230347_FJXFC25_S305_L004.93
2,FHNXY44.72
1,FQHXN110.30
1,FeceGuXi15015.85
2,FSHXWN36.54
1,FNMHLBE22.76
2,M1C7.86
2,M1DZ12.75
1,FXJSW17.37
1,FQHXN79.29
1,FXJKS38.39
1,FXJKS39.48
