tree_group,mag
1,L1EFC230332_FTJS0029_S258_L003.82
1,FSDLZ57.45
1,FSHXBX76.14
1,FHLJZD21.44
1,M2CF04.118
1,FeceHuNa150135_FDME220052278-1a.25
2,FAHBZ27_FDME220050707-1a.38
1,FZJTZ39.34
1,FJLHD18.62
1,FSDQZ11.41
2,FBJ65.91
1,FHNFQ2.85
1,FQHXN96.10
1,FSXTY35.100
1,FJSNT11.19
1,FSHXWN14.25
2,FSDJN15.63
1,FXJKS2.105
2,FZJTZ6.113
1,FSCPS81.91
NA,FJNDD5_FDME220051222-1a.30
1,FSCPS4.17
1,FHBSJZ5.49
2,L1EFC230313_FXJWS45_S239_L003.90
1,FSDJN43.34
1,FNMHHHHT15.39
2,FGSYC82.68
2,FFJLY78.129
2,FGZ40M_FDME220052053-1a.63
1,FJSWX105.56
1,FBJ57.67
2,FHLJYC10.65
1,FJLHD40.48
1,FCQNA9hun.19
1,FJXSRPYG9.29
1,FSHXBX106.25
2,L1EFC230327_FTJS0023_S253_L003.61
1,FAHWH14.7
1,FSCDYJ7.98
1,FGXGL23_FDME220052078-1a.28
1,SDHZD16.109
2,FJLHD38.122
1,FTJBH62hun.71
1,FHNFQ36.64
1,FGXGL24_FDME220052079-1a.43
1,FXJSW8.134
NA,FSDJN44.5
1,FSDLZ44.79
1,FXJKS10.53
2,FJSWX86.75
1,FGXGL16_FDME220052071-1a.72
1,FTJBH49.68
1,FHNFQ15.70
1,FJSNT23.3
1,FSCPS36.112
1,FJLHD34.96
1,FHLJZD31.83
2,FHLJZD51.26
1,FGDLZ16.57
1,FHNXY29.119
2,FSDLZ18.44
1,FTJBH86hun.36
1,FJXSRPYG20.84
2,FSDLZ25.53
2,FSHXBX126.76
1,M116R01.23
1,FQHXN84.78
NA,FSCCD22.31
2,L1EFC230300_FXJWS27_S226_L003.72
2,FGXGL43_FDME220052098-1a.92
1,FSXTY1hun.147
1,FBJ69.45
2,FZJTZ60.99
2,FNXYCHL1.6
2,FSDLZ48.35
2,FNXYCHL26.124
1,FJLHD45.54
1,FSCPS41.90
2,FXJCJ47.35
1,FGXGL44_FDME220052099-1a.23
1,FSHXHZ15.28
2,FSDLZ17.94
1,FSDLZ16.68
1,FSDJN48.93
NA,M2CF14.6
1,FYNLJ71.87
2,FNXYCHL12.58
1,FXJYN32.75
1,FSHCM80.108
2,FQHXN93.99
1,FHuNHHMY3.70
1,FSHCM62.68
1,FHuNHHMY52.131
1,FJXSRPY8.127
1,FSHXBX148.78
1,FGSZY52.53
2,FHNXY38.136
NA,FSCPS43.86
1,FJLHD3.106
2,FYNLJ66.51
1,FSXLVLS21.31
1,L1EFC230382_FSHXXA06_S340_L004.87
1,FHNFQ56.94
1,M106R01.89
2,FSDLZ54.9
1,FQHXN77hun.72
1,FNXYCHL58.39
1,FSXLVWS7hun.64
1,FNMHLBE22.70
