tree_group,mag
1,M130R01.25
2,FNXYCHL69.103
2,FYNLJ65.45
2,FBJ65.43
2,FQHXN48.27
2,FTJBH2.134
2,FXJKS10.89
2,FJLHD23.40
2,FHNFQ22.40
1,FQHXN10.37
1,FSCPS35.59
2,FGDLZ15_FDME220051915-1a.127
1,FSHXBX28.57
1,FNXYCHL32.73
2,FHBSJZ51.20
2,FHuNHHMY55.42
1,FNXYCHL2.47
2,FNXYCHL67.59
1,FSHHK12hun.45
1,FNXYCHL66.33
2,FJSNT25.102
2,FJSWXJ2.3
2,FHNXY37.96
2,FXJYN1.47
2,FXJYN35hun.65
2,FGZ30M_FDME220052028-1a.100
2,FXJWS29.73
2,NMGEL4.6
1,FCQTY010.122
2,FJSWXJ25.69
2,FeceHuNa150111_FDME220052262-1a.6
2,FSXLL17.91
2,FSDQZ21.146
2,FHuNHHMY70.42
2,FCQTY145_FDME220051185-1a.18
2,FXJSW40.50
2,FYNLJ34.53
2,FQHXN56.17
2,FJSWX107.73
2,FSDQZ46.117
2,FNXYCHL63.7
2,FCQTY149_FDME220051188-1a.35
2,FHNXY45hun.1
2,FNXYCHL39.98
1,FQHXN113.4
2,FGDLZ19_FDME220051917-1a.87
1,FSXTY28.63
2,FAHBZ32_FDME220050712-1a.46
2,FHuNHHMY68.17
1,FSXTY8hun.28
2,FHNFQ8.47
2,FBJ60.94
2,FeceHuNa15012_FDME220052260-1a.112
2,FQHXN67hun.55
2,FSXLL3.73
1,FSXTY29hun.23
2,FXJYN19.111
2,FHuNHHMY69.93
2,FHNFQ23.69
2,FNMHLBE31.78
2,FNXYCHL13.48
2,FeceHuNa150123_FDME220052271-1a.49
2,FHLJZD15.71
2,FJSNT29.35
2,FYNLJ69.42
2,L1EFC230305_FXJWS34_S231_L003.83
2,FHLJZD53.37
2,FNXYCHL53.34
2,FHNXY7.66
1,FeceHuNa150145.46
2,FHuBWH33.61
1,FBJ1.65
2,FZJZJ1.5
1,FSDQZ16.129
2,L1EFC230349_FJXFC31_S307_L004.70
2,FHuNHHMY38.43
1,FGZ38M_FDME220052048-1a.63
1,FeceHuNa150142_FDME220052285-1a.50
