tree_group,mag
1,FSDLZ09.24
2,FGDLZ85.96
2,FSHXBX17.60
2,FSDLZ30.74
2,FXJSW10.68
2,FSHCM51.64
2,FSDQZ18.76
1,FYNLJ46.113
1,FGXGL1_FDME220052056-1a.63
1,FGSZY23.42
2,FXJKS37.93
1,FSCDJY69.168
NA,FJSWXJ8.47
1,FSDJN51.45
2,L1EFC230236_FHLJZD14_S81_L001.98
1,FHNFQ30.17
2,L1EFC230286_FXJCJ60_S169_L002.61
2,FSHCM70.81
2,FNXYCHL50.37
2,L1EFC230359_FSHXBX16_S317_L004.48
NA,FJSWXJ17.4
2,FXJKS35.149
2,FJLHD21.33
NA,FJSWXJ7.72
2,FJSWXJ13.90
2,M2CF05.79
1,FGXGL32_FDME220052087-1a.105
2,FXJSW13.70
2,FAHBZ5_FDME220050687-1a.72
2,FSCPS69.74
1,FCQNA15.41
2,FeceHuNa150118_FDME220052267-1a.58
2,FNMHHHHT15.33
2,M202F01.109
2,FNXYCHL61.101
1,FHuBWH24.13
1,FJXSRPY22.128
1,FCQTY166_FDME220051197-1a.102
1,FeceGuXi15012.62
2,FGDLZ81_FDME220051959-1a.117
2,FSDLZ03.73
1,FTJBH19.74
2,FJSNT23.43
1,FHNFQ2.100
2,FHLJZD41.53
1,FCQNA9hun.139
2,FeceHeNa7.90
2,FSDLZ11.75
1,FGSZY22.60
1,FJLHD6.63
2,FSHXBX57.112
1,FGSYC12.72
1,FNMHHHHT11.138
2,FXJYN29.71
1,FNMHLBE20.89
1,FSHCM15_FDME220054532-1a.38
1,FSHHK23hun.84
2,FHLJZD8.92
2,FJSWXJ38.162
2,FGXGL16_FDME220052071-1a.114
