tree_group,mag
1,FXJYN10hun.51
1,FJSWXJ6.46
2,L1EFC230347_FJXFC25_S305_L004.29
1,M202F01.80
1,FHNXY42.87
1,FAHBZ21_FDME220050701-1a.10
1,M129R01.48
1,L1EFC230354_FJXFC47_S312_L004.16
1,FGSYC78.86
1,M1DZ11.84
1,FAHBZ44_FDME220050721-1a.12
1,M207F02.42
1,FXJKS38.24
1,FQHXN80.22
1,FeceHeNa29.37
1,FXJKS12.48
1,FYNDL13.31
1,FXJKS11.69
1,L1EFC230286_FXJCJ60_S169_L002.20
1,FGDLZ48.34
1,M1DZ02.37
1,M1DZ07.1
1,FQHXN69.74
1,FGXGL95.129
1,FYNLJ40.87
1,FJSWXJ1.10
1,FYNLJ37.61
1,FYNLJ59.3
1,FAHBZ18_FDME220050698-1a.97
2,L1EFC230336_FJXFC07_S262_L003.7
2,FXJKS34.64
1,M1DZ06.71
1,FJSWXJ5.4
1,L1EFC230351_FJXFC35_S309_L004.79
1,FeceHuBe150136_FDME220052850-1a.11
1,M1DZ10.26
2,FTJS030.10
1,FNMHLBE14.36
2,FNMHHHHT27.131
1,M123F01.79
2,FSXLVLS2.32
1,FQHXN74.58
1,FSXTY39.5
1,FGDLZ17_FDME220051916-1a.88
1,FQHXN109.37
1,FQHXN7.177
1,FXJKS37.146
1,FHuNHHMY37.13
1,FeceHeNa19.54
1,M1DZ12.19
1,FSCDJY69.6
1,FHNXY1.68
1,FHHMY84.46
1,FQHXN112hun.4
1,FYNDL7.41
1,FYNLJ62.19
1,FGDLZ29.70
1,FYNLJ35.54
1,FGXGL65_FDME220052120-1a.122
1,FYNLJ57.28
1,FGSYC4.97
1,FHNXY47.57
1,M1DZ04.6
1,FGSZY19.61
1,FQHXN53.41
1,FHNXY19.71
2,FAHBZ41_FDME220050718-1a.30
1,FGSZY53_FDME220051904-1a.78
1,M2CF09.2
1,FJXSRPY22.63
2,FZJTZ34.101
1,FGSZY54.53
1,FAHBZ20_FDME220050700-1a.93
1,FHNFQ20.52
1,FeceHeNa8.63
1,FAHBZ10_FDME220050692-1a.77
1,FQHXN87.21
1,FYNLJ76.55
1,FAHBZ60_FDME220050735-1a.135
1,FNMHLBE10hun.24
2,FXJYN32.1
2,FTJS022.24
1,FGSZY11.69
1,FCQTY085_FDME220051156-1a.88
1,FSDLZ44.157
1,FJSWXJ38.9
1,FTJBH45.111
1,FZJTZ55.80
1,FSHXBX175.39
1,FGXGL10_FDME220052065-1a.63
1,FZJTZ52.31
1,FeceHeNa21.41
1,FXJYN38.137
2,FSHCM57.54
1,M2CF08.43
1,M1DZ01.17
1,FAHBZ23_FDME220050703-1a.48
1,FHNFQ26.42
1,FSHXBX108.9
1,FHuNHHMY13.42
1,FGXGL63_FDME220052118-1a.101
1,FJSWX80.29
1,FHLJYC5.1
1,L1EFC230268_FXJCJ27_S152_L002.39
1,FZJTZ30.118
1,FQHXN96.110
2,FQHXN62hun.125
1,FTJBH55.17
1,FNMHLBE19.15
2,M2CF10.22
1,FJLHD21.46
2,FXJKS49.25
1,FSHXBX146.32
1,FHuNHHMY20.78
1,FeceGuXi15013.142
2,FSDQZ48.61
2,FXJSW16.26
2,L1EFC230319_FTJS0003_S245_L003.22
1,L1EFC230269_FXJCJ28_S153_L002.14
1,FQHXN110.17
1,FJLHD52.71
2,FXJKS3.51
1,FGSYC22.55
1,FYNLJ60.24
1,FXJYN34.42
1,L1EFC230364_FSHXBX42_S322_L004.128
1,FGSZY21.57
1,FAHBZ25_FDME220050705-1a.6
1,FYNLJ52.83
1,M1DZ09.47
2,FSDQZ49.73
1,FHNFQ60hun.66
1,FeceHuNa150112_FDME220052263-1a.18
1,L1EFC230285_FXJCJ59_S168_L002.34
1,FSCPS56.71
1,FQHXN52hun.89
1,FHHMY4.138
1,FXJKS24.36
2,FQHXN73.42
1,FSHXBX116.18
1,FQHXN14.163
1,FGXGL94.43
1,FGDLZ2.27
1,FGDLZ76_FDME220051956-1a.102
1,FHuNHHMY30.82
1,FXJKS51.25
1,FGDLZ13.42
2,FXJKS30.28
