tree_group,mag
1,FSHHK29_FDME220054498-1a.64
1,FJLHD6.130
2,FXJKS43.119
1,FSCDJY64.52
1,FXJSW11.38
1,FJLHD53.13
1,FSHXBX89.39
1,FQHXN60hun.89
1,FQHXN68.159
2,FSDLZ12.136
1,FJSWXJ13.80
1,FXJKS20.112
1,FJSWXJ7.87
1,FSHXBX12.86
1,FJXSRPY45.14
1,FYNLJ22hun.173
1,FGXGL22_FDME220052077-1a.50
1,FJSNT16.64
1,FAHBZ17.115
1,FSCCD11.110
1,L1EFC230371_FSHXBX56_S329_L004.84
1,FHNXY47.66
1,FXJCJ19.86
1,FJNDD15.64
1,FNXYCHL38.115
1,FNMHLBE4.63
2,FGSZY53_FDME220051904-1a.42
1,FGXGL87_FDME220052142-1a.50
1,FSHCM35.80
1,FJLHD52.31
1,SDHZD13.19
1,FQHXN69.7
1,FHHMY84.76
1,FHNFQ5.122
2,FZJTZ40.24
1,FXJYN3.63
1,FXJKS51.51
1,FXJKS45.3
1,FSDLZ15.63
1,FGSZY16.144
1,FeceHuNa150117_FDME220052266-1a.133
1,FHuNHHMY34.60
1,FSHCM62.102
1,JSCZD7.56
1,FJLHD33.43
1,FHNFQ27.75
2,FGXGL2_FDME220052057-1a.92
