tree_group,mag
1,FCQTY109_FDME220051179-1a.10
1,FAHWH19.19
2,FXJYN22.24
2,FeceHeNa16.12
2,FSHXWN24.27
1,FZJHZD17hun.24
2,FZJHZ5.17
2,FYNDL17hun.19
2,FGXGL35_FDME220052090-1a.53
1,FCQTY030_FDME220051124-1a.34
2,FSHXWN11hun.8
1,FHBSJZ51.23
1,FHLJZD39.49
1,FSHHK47_FDME220054514-1a.35
1,FJNDD16_FDME220051233-1a.65
1,FQHXN58.95
2,L1EFC230263_FXJCJ22_S147_L002.44
2,FSHCM69.42
2,FFJLY37_FDME220051266-1a.35
2,L1EFC230234_FHLJZD07_S79_L001.33
1,FHuNHHMY28.20
1,FGXGL83_FDME220052138-1a.38
2,M207F01.36
2,FCQNA22hun.3
2,FCQTY108_FDME220051178-1a.38
2,AHFY1.16
1,FZJHZ25.26
1,FJXSRPYG34.17
2,FGDLZ61_FDME220051940-1a.100
2,M203F02.10
2,FFJLY44_FDME220051272-1a.25
2,FNXYCHL54.16
1,L1EFC230326_FTJS0013_S252_L003.31
1,FNXYCHL32.39
1,FQHXN4.29
1,L1EFC230360_FSHXBX24_S318_L004.36
1,FAHWH36_FDME220050753-1a.26
1,FSDJN10.1
2,FJSWXJ41.19
1,FJSNT15.64
1,FNXYCHL63.2
1,FAHWH41_FDME220050758-1a.62
2,FZJJH13.21
1,FQHXN26.23
1,FSXLL19.44
1,FGDLZ17_FDME220051916-1a.41
2,FSHXBX156.19
2,FSXTY56.12
2,FJSWXJ15.38
2,FCQNA41.8
2,FSDJN25.5
2,FHuBWH7.51
2,FCQTY136_FDME220051181-1a.36
2,FAHBZ39_FDME220050716-1a.9
1,FTJBH62hun.83
1,FSHXXA23.8
2,FSHCM67.45
2,FNXYCHL66.54
2,FeceHeNa15.46
2,FHNFQ49-1.32
1,FNXYCHL23.13
2,FNXYCHL2.27
1,SDZC1.22
2,FHBSJZ14.51
2,FGXGL80_FDME220052135-1a.44
1,FFJLY46_FDME220051273-1a.40
1,FGZ10M_FDME220051987-1a.87
1,FHBSJZ1.6
1,HuNCS8.17
1,FXJSW41.58
2,FSCCD18hun.13
2,FGSYC47.29
1,FJSWXJ12.12
1,FFJLY6_FDME220051243-1a.42
2,FJSWXJ26hun.35
1,FHBSJZ40_FDME220052231-1a.44
1,FGXGL92.34
1,FGSZY24.29
1,FJNDD13_FDME220051230-1a.3
1,L1EFC230373_FSHXBX64_S331_L004.44
1,FJNDD2_FDME220051219-1a.9
1,FSHXXA33.25
2,FZJHZD4.56
1,L1EFC230410_FSXTY46_S53_L003.10
1,FHuNHHMY18.38
1,FHuBWH25hun.24
1,FAHBZ32_FDME220050712-1a.23
1,HeNJZ4hun.6
1,FZJHZD30.38
1,FSHCM72.28
1,FSDJN21.17
2,FGXGL25_FDME220052080-1a.23
1,FeceHuBe150132_FDME220052848-1a.70
2,FeceHeNa31.60
2,M2CF20.35
2,TJWQ1hun.14
2,FZJHZD13hun.7
1,FGSZY43.95
1,FSHXWN35.19
1,FNXYCHL89.37
2,FFJLY77.63
2,L1EFC230329_FTJS0026_S255_L003.46
2,FeceHeNa27.19
2,FSXLVLS11.32
2,FGXGL5_FDME220052060-1a.16
1,FXJYN12.23
2,FAHWH25.43
1,BJHD9.28
1,FSXLVLS4.22
1,M2CF21.82
2,BJHD3.7
1,BJHD7.16
1,FXJYN27.9
1,BJHD2.16
1,L1EFC230385_FSHXXA13_S343_L004.91
1,FNMHHHHT36.93
2,FQHXN57.7
1,FHBSJZ36.49
1,SDHZ14.4
2,FSXTY12hun.80
1,FFJLY5_FDME220051242-1a.72
2,FYNLJ72.25
2,FSCCD11.28
2,FSHHK15hun.25
2,FGXGL100.29
1,FSDLZ28.57
2,FJLHD5.47
2,FHLJYC37_FDME220052686-1a.7
2,FYNDL15.17
2,FXJCJ16.82
1,M1C14.23
2,FJXSRPY24.15
1,FZJHZD22.15
2,FYNDL24hun.15
2,FGDLZ4_FDME220051908-1a.101
1,M1C2.55
2,FJXSRPY52.26
1,FSHCM71hun.56
1,FAHWH30_FDME220050748-1a.20
1,FJLHD14.36
2,FSCPS19.5
1,FSHHK31hun.76
2,FeceHeNa13.31
1,FAHWH09.47
2,FXJWS3.27
1,FSDLZ10.15
1,NMGHHHT4.2
1,FJNDD10_FDME220051227-1a.29
1,FeceGuXi15016.35
1,FTJBH31.5
1,FZJHZ4.33
1,FAHWH33.43
1,FJND2_FDME220051160-1a.16
2,FJSNT55.54
2,FTJBH46.56
2,FCQTY029_FDME220051123-1a.46
1,NMGEL4.34
1,FHuBWH13.28
2,FHLJYC31.55
2,FSHCM1_FDME220054518-1a.26
1,FHBSJZ48_FDME220052239-1a.12
1,FFJLY59_FDME220051278-1a.13
1,FTJBH52.24
2,L1EFC230394_FSHXXA43_S37_L003.11
2,FJSNT40.18
1,FeceHuNa150140_FDME220052283-1a.57
2,FJLHD31.90
2,FJSWXJ39.43
2,FSHXBX111.46
1,FHLJYC12.44
2,FTJBH66.12
2,FNXYCHL13.35
2,FHLJZD24.112
2,FFJLY30_FDME220051260-1a.27
1,FQHXN24.42
2,FCQHC4.13
2,FJXSRPY13.53
1,M206F01.42
2,FSXTY7hun.4
1,FXJYN7.57
1,FCQTY033_FDME220051126-1a.41
1,FHLJYC16.73
2,L1EFC230293_FXJWS14_S176_L002.52
2,FGSYC48.46
1,FTJS021.37
1,FSDLZ30.5
1,FAHWH08.45
1,FSHXXA22.44
2,FGXGL59_FDME220052114-1a.7
2,SDHZ8.57
2,FYNDL6.76
1,FFJLY16.48
1,FSCDJY41hun.62
2,FJND6_FDME220051164-1a.54
2,FHNFQ23.41
2,L1EFC230340_FJXFC13_S266_L003.79
2,FSDLZ43.36
1,FHLJDQ4.37
1,BJCY3.31
1,FSHXBX114.21
1,L1EFC230357_FJXFC55_S315_L004.8
1,SHXXA4hun.21
2,FAHWH34_FDME220050751-1a.102
2,FHLJDQ5.24
1,FSDQZ25.88
2,L1EFC230365_FSHXBX46_S323_L004.67
2,FJLHD4.67
2,FGXGL76_FDME220052131-1a.53
2,FJLHD2.17
2,TJWQ2.16
1,L1EFC230288_FXJCJ64_S171_L002.109
2,FSXLVLS6.16
2,FSCCD3.112
1,FSXTY4.47
1,FGD16M_FDME220051998-1a.58
1,FeceGuXi150116.37
1,FAHBZ28_FDME220050708-1a.68
2,FHBSJZ3.42
2,FGSZY20.43
2,L1EFC230380_FSHXXA04_S338_L004.10
2,FJNDD11_FDME220051228-1a.66
1,FCQNA20hun.24
1,FGDLZ80_FDME220051958-1a.24
2,FSXTY3.126
1,FCQNA7.9
2,FFJLY15_FDME220051249-1a.24
1,FZJTZ14.27
1,FGSYC27.62
1,M2CF15.65
2,FTJBH59.69
1,FGZ37M_FDME220052037-1a.52
2,FZJTZ32.57
1,FSDLZ60.25
1,BJCP1.12
1,FSXTY13hun.22
1,FAHWH13_FDME220050739-1a.15
1,FGSYC50.22
2,FNMHHHHT28.27
1,WH4_FDME220052854-1a.45
1,LNSY2.38
1,FNMHHHHT17.155
2,FAHWH37_FDME220050754-1a.52
1,FeceHuNa150141_FDME220052284-1a.18
2,FXJWS48.4
1,FGXGL91.1
1,FHuNHHMY66.35
2,FJSWX73.1
1,M129R01.61
2,FSDJN28.22
1,JSZJ2.22
1,FHLJZD59.16
1,FSHXBX37.30
1,FFJLY20_FDME220051251-1a.41
1,FFJLY48.16
1,FNXYCHL7.85
1,FSXTY16hun.43
1,BJCY4.4
1,FHuNHHMY53.51
1,FSDJN16.50
1,FNXYCHL67.10
2,FHuNHHMY20.23
2,FSXTY57hun.43
1,FCQTY123_FDME220051180-1a.24
2,FCQTY059_FDME220051139-1a.61
1,FTJBH82.48
1,FGD19M_FDME220052006-1a.77
1,FSHXBX88.79
1,FNXYCHL55.100
2,FNXYCHL73.76
1,FSHCM87.33
1,FHuNHHMY75.13
2,FGDLZ22_FDME220051918-1a.56
2,FJLHD27.39
1,FSCDJY94.157
2,FSHXBX39.16
1,BJSJS1.53
1,FZJJH7.14
1,M130R01.27
2,FFJLY73.70
2,FSHXBX19.13
2,FYNDL26hun.4
2,FQHXN27.59
2,FFJLY71.58
2,FSHCM61hun.6
2,FSHHK1.11
1,FJNDD3.31
1,FAHWH32_FDME220050750-1a.10
1,NMGEL5.32
2,LNSY3.24
1,JSZJ1.24
2,FHBSJZ50_FDME220052241-1a.6
1,FSHXWN33.23
1,FAHBZ37_FDME220050714-1a.13
2,FYNLJ80hun.31
2,FQHXN28.33
2,FNMHHHHT42.19
2,FSDLZ38.12
1,FSHXWN25.23
1,FNXYCHL69.57
1,FFJLY64.51
1,SHXXA5hun.11
1,FSXTY32.49
1,FAHWH02.39
1,FHuNHHMY67.28
1,NMGEL2hun.21
2,FSHXXA45.82
1,FJSNT16.52
1,FSCDJY68.41
1,FCQTY078_FDME220051153-1a.30
1,FSHHK48_FDME220054515-1a.34
1,FJLHD30.125
1,FNMHHHHT7hun.40
2,FCQNA13.41
1,FSHXWN36.9
2,FJSNT8.25
1,FGDLZ47_FDME220051927-1a.16
1,FJSWX71.9
2,FGXGL15_FDME220052070-1a.54
2,FSDLZ48.48
2,FYNDL23hun.98
2,FYNDL18hun.24
2,FAHWH38_FDME220050755-1a.52
2,FSXLL7.24
1,FAHWH39_FDME220050756-1a.1
2,FeceHeNa18.23
2,FNXYCHL18.3
2,FCQNA24.7
2,L1EFC230356_FJXFC54_S314_L004.36
1,FJNDD19_FDME220051236-1a.62
2,FGXGL87_FDME220052142-1a.21
2,FCQNA23hun.37
1,HuBJM2.2
1,FSHHK6.72
2,FHLJYC17hun.24
2,FHLJDQ6.26
1,FSHHK19_FDME220054489-1a.70
1,L1EFC230348_FJXFC29_S306_L004.61
2,FCQTY069_FDME220051146-1b.40
2,FFJLY40_FDME220051269-1a.31
1,FJSWXJ5.34
2,FGXGL27_FDME220052082-1a.33
1,FSCPS52.43
1,FAHWH17_FDME220050741-1a.132
1,FSCDJY53.16
1,FSDLZ16.20
1,FAHWH18.30
1,FJLHD10.18
2,FSHHK24hun.21
2,FGXGL29_FDME220052084-1a.14
2,SDHZD4.74
2,FHuBWH31.43
2,FGXGL52_FDME220052107-1a.32
1,FFJLY22.37
1,FSHHK27hun.11
2,FSHCM59.38
2,FNXYCHL24.52
2,FQHXN47.65
1,FAHBZ46_FDME220050723-1a.35
1,FSHXBX30.24
1,L1EFC230322_FTJS0008_S248_L003.28
2,FJXSRPYG31.35
1,L1EFC230258_FXJCJ14_S143_L002.67
1,LNSY6.10
2,FSXTY6hun.60
1,FZJJHD1.22
1,JXNC4.26
1,FCQTY047_FDME220051132-1a.39
1,FHNXY43.7
