tree_group,mag
1,FJLHD52.22
1,FSHXWN18.29
1,FNMHHHHT32.13
1,FJLHD18.25
1,FSDQZ26.32
1,SDHZ2.43
1,FSCPS69.23
1,FHLJDQ10.27
1,FTJBH41.73
1,FZJTZ33.75
1,FZJTZ28.64
1,FZJTZ6.3
1,FAHWH16.76
1,FHuNHHMY22.3
1,FCQNA6hun.77
1,FGXGL69_FDME220052124-1a.7
1,FSDQZ21.115
1,FNMHHHHT33.79
2,FSCPS35.137
2,M2CF08.24
1,FZJTZ23.35
2,FGXGL52_FDME220052107-1a.52
1,FJXSRPY22.28
1,FZJTZ15.7
2,FQHXN54.58
1,FSHCM86hun.21
2,FGDLZ30.64
1,FGDLZ79_FDME220051957-1a.43
1,FZJTZ13.30
2,FGXGL101.22
1,FCQNA5hun.28
2,FZJTZ18.57
1,FSHXBX18.26
1,FNXYCHL5.61
1,FSCPS43.27
1,FSHXBX147.58
1,FSHXHZ8.37
1,FNMHHHHT31.95
2,FGXGL16_FDME220052071-1a.48
1,FSHXBX9.71
2,FSCPS57.29
2,FHuNHHMY36.45
2,FGDLZ35.9
2,FYNDL13.45
1,FZJTZ44.81
2,FJND24_FDME220051215-1a.26
1,FYNLJ4.54
2,FHuNHHMY85.11
1,FJSWXJ35.5
1,FSCPS65.29
1,FZJTZ32.46
1,FSHCM51.56
2,FGZ2M.60
1,FJXSRPYG28.39
2,FCQNA14.29
1,FJXSRPY45.71
2,FSCPS3.70
2,FGDLZ83_FDME220051961-1a.77
1,FNMHLBE31.58
2,FGXGL84_FDME220052139-1a.4
1,SDHZD1.70
2,FGDLZ65_FDME220051946-1a.40
1,FFJLY79.77
2,FSXTY60.70
2,FSCDJY31.5
2,FGDLZ85.115
1,FZJTZ62.127
2,FYNDL10hun.98
2,FSCPS62.38
2,FCQHC11.7
2,FGXGL22_FDME220052077-1a.54
1,FZJTZ22.4
1,FHBSJZ49_FDME220052240-1a.2
2,FeceHeNa4.26
