tree_group,mag
1,L1EFC230336_FJXFC07_S262_L003.93
1,FSHCM59.10
2,FJXSRPYG28.59
2,FAHBZ48_FDME220050725-1a.66
2,FQHXN70hun.98
2,FHLJYC20.74
2,FZJHZD1hun.60
1,FSXLL11.70
1,FJXSRPY54.81
2,FGSZY12.26
2,FHLJYC14.53
2,FSHXBX112.53
2,FSHCM93.20
2,FTJBH72.27
1,FHBSJZ54_FDME220052245-1a.117
2,FGSYC55.28
2,FAHWH24_FDME220050745-1a.25
2,FQHXN104.29
2,FNMHLBE33.15
2,FGSZY27.61
2,FBJ21.45
1,FJXSRPYG1.74
NA,FGDLZ84_FDME220051962-1a.101
2,FBJ44.44
NA,SDHZD3.13
1,FJXSRPY39.71
2,FSHXBX57.28
2,FSDJN57.25
2,FXJSW5hun.54
2,FXJWS9hun.3
1,FGXGL53_FDME220052108-1a.1
2,FGSZY44.80
2,FSHXBX122.26
2,FHNXY4.15
2,FNMHHHHT7hun.38
2,FQHXN71.16
1,L1EFC230352_FJXFC43_S310_L004.22
2,FSDLZ46.36
2,FHNXY15.81
2,L1EFC230252_FXJCJ02_S137_L002.50
2,FZJTZ65.112
2,FSHXBX44.36
2,FXJSW42.53
2,FGXGL68_FDME220052123-1a.20
2,FZJTZ50.13
2,FYNLJ25.23
2,FHNFQ57.62
2,FJXSRPYG14.57
2,FeceHuBe150121_FDME220052842-1a.202
1,FJXSRPY38.110
2,L1EFC230363_FSHXBX41_S321_L004.63
2,FSCDJY79.39
2,L1EFC230266_FXJCJ25_S150_L002.59
2,L1EFC230325_FTJS0011_S251_L003.35
2,FGSZY21.31
1,FJXSRPY8.156
2,FNMHLBE25hun.59
2,L1EFC230354_FJXFC47_S312_L004.22
2,FXJSW49.14
2,FSHXWN11hun.55
1,FJXSRPY36.150
2,FSHCM94hun.93
2,L1EFC230264_FXJCJ23_S148_L002.70
2,FSHXBX125.63
2,FHNFQ53.60
