tree_group,mag
1,FZJTZ22.20
2,FYNLJ37.42
1,FYNLJ52.23
2,L1EFC230298_FXJWS24_S224_L003.28
1,FSHXBX60.57
1,FYNDL3.81
1,FeceHuNa150126.12
1,FSHCM75.43
1,FSHCM44hun.25
1,FGDLZ35.89
1,FHLJDQ10.69
1,M1C17.75
1,FCQNA28.45
1,FCQNA9hun.167
1,FXJYN38.11
1,FGDLZ36.102
1,SDHZD1.23
1,L1EFC230372_FSHXBX62_S330_L004.100
2,FFJLY40_FDME220051269-1a.73
2,FSHXBX146.19
1,FHuBWH4.6
1,FYNDL28hun.11
1,FAHBZ36.29
1,FSHCM100.126
2,FJLHD6.70
1,FQHXN11.16
1,FXJYN41.59
1,FSHXBX80.116
1,FHNXY44.82
1,FZJTZ24.1
1,FQHXN60hun.10
1,FCQHC1.62
1,FNMHLBE7.2
2,FSXLL6.19
1,FTJBH27.111
1,FSCPS36.73
2,M2CF08.35
2,FCQNA15.88
1,FeceHeNa21.27
1,FXJYN32.102
1,FSCDJY48.73
1,FGXGL2_FDME220052057-1a.85
1,FZJTZ8.78
1,FAHBZ31_FDME220050711-1a.3
1,FHLJZD6.55
1,FHNFQ57.55
