tree_group,mag
1,FHuNHHMY59.13
1,L1EFC230252_FXJCJ02_S137_L002.78
1,FSHCM91.59
1,FGSYC8.34
1,L1EFC230249_FHLJZD48_S134_L002.11
1,FNXYCHL20.71
1,L1EFC230292_FXJWS12_S175_L002.5
2,FQHXN84.74
1,FJLHD21.158
2,FHNFQ21.120
2,FXJKS41.60
2,FJXSRPY30.24
1,FSHXBX173.28
1,FSHCM14_FDME220054531-1a.70
1,FHNFQ56.13
1,FHLJZD16.20
2,FNXYCHL21.14
1,FNXYCHL48.79
1,FSCDYJ7.66
2,FHNFQ43.50
1,FNXYCHL38.108
1,FNMHLBE24.47
1,FSCDJY92.3
2,FXJSW42.17
1,FJXSRPY27.67
2,FXJKS42.80
1,L1EFC230280_FXJCJ46_S164_L002.35
1,FXJSW23.65
1,SDHZD9.20
1,FAHWH35_FDME220050752-1a.71
1,FHLJZD11.57
1,FAHWH37_FDME220050754-1a.3
2,FZJTZ51.42
2,FQHXN85.111
2,FXJKS15.59
1,FHLJYC11.27
1,FSDLZ15.4
1,L1EFC230238_FHLJZD22_S83_L001.40
