tree_group,mag
1,FYNLJ57.46
1,FeceHuNa150114_FDME220052265-1a.15
1,FXJYN36.5
1,FAHBZ25_FDME220050705-1a.33
1,M1C1.109
2,FJSWX107.52
1,FSHXBX120.22
2,FHLJZD8.73
1,FSHXBX12.101
1,FeceHuNa15016.51
1,FJSNT23.54
1,FGSYC16.19
1,FXJKS11.68
2,FJXSRPYG41.31
1,FSHXBX28.65
2,FSHCM96.177
1,FSDQZ31.39
2,FJLHD37.83
1,FXJYN38.126
1,M2CF01.56
1,FQHXN73.134
1,FQHXN72hun.71
1,FeceHuNa150117_FDME220052266-1a.143
2,FGDLZ1.60
2,FSCDYJ9.106
1,FBJ1.29
1,FXJKS20.128
2,FGDLZ3.26
1,FHNXY44.34
2,M104R01.64
2,FJSNT64.4
1,FSDJN50.24
2,FeceHeNa7.11
2,FGXGL84_FDME220052139-1a.60
1,M1DZ07.28
1,M2CF05.32
2,FYNLJ7.78
1,FSDLZ49.95
2,FCQTY092_FDME220051170-1a.15
1,FXJYN40.72
1,FSHXBX60.62
1,FSHXHZ24.15
2,FJLHD43.52
2,FSCPS11.110
1,FSDLZ17.36
2,FXJYN29.70
1,FSDQZ39.141
2,FSHXHZ13.36
2,FeceGuXi150117.23
2,FJSWXJ24hun.23
2,FGDLZ2.16
2,FGDLZ85.114
1,M1C7.21
1,FXJKS4.124
2,FSCPS10.101
1,FSDLZ02.91
1,FeceHuNa15012_FDME220052260-1a.59
1,FSHHK28_FDME220054497-1a.44
2,FYNLJ71.38
2,FYNDL28hun.185
2,FGDLZ27.58
1,FXJKS50.22
2,FYNLJ38.34
2,FZJTZ8.51
1,FNXYCHL5.51
2,FZJTZ21.144
2,FGDLZ65_FDME220051946-1a.63
1,FQHXN109.17
2,FHuNHHMY43.110
1,FSDLZ44.44
1,FXJYN10hun.69
1,FSHXBX130.156
2,FGXGL32_FDME220052087-1a.77
1,FQHXN97.127
1,FQHXN98.33
1,FHNFQ28.14
2,FGDLZ76_FDME220051956-1a.75
2,FCQTY010.92
2,FJSNT30.138
1,FSXTY15.49
1,FHNXY48.68
1,FSCDJY38.88
1,FAHBZ46_FDME220050723-1a.53
1,FSDJN36.90
1,FSHXBX78.35
2,FJSNT21.148
1,FHNXY36.94
1,FXJSW22.73
2,FSDJN12.99
1,FSHXBX148.13
1,L1EFC230363_FSHXBX41_S321_L004.36
2,FeceGuXi150110.107
1,FeceHuNa15011_FDME220052259-1a.52
2,FJLHD32.30
1,FSDQZ35.44
2,FSHCM90.136
2,FJLHD33.26
2,FZJTZ69.86
1,FGSYC30.37
1,FYNLJ74.85
2,FGZ4M_FDME220051972-1a.45
1,FXJKS37.78
1,FGSZY12.83
2,FJSNT20.17
2,FGXGL10_FDME220052065-1a.163
1,FGSZY19.28
1,FSHXBX79.118
1,FSDQZ21.10
1,FHNXY47.14
2,FXJKS35.131
2,FeceHuBe150125_FDME220052846-1a.59
2,FSDLZ20.44
1,FSHXBX98.68
1,FHLJYC26.45
2,L1EFC230239_FHLJZD23_S84_L001.98
2,FBJ60.76
