tree_group,mag
1,FHLJYC40.53
1,FZJJHD2.38
1,FZJHZD7hun.11
NA,FXJSW19.20
3,FSHXXA16.83
3,SDHZD11.34
1,FJLHD30.56
3,FGSZY27.28
3,FSHXBX174.47
3,FAHBZ15.111
3,FSDJN26.50
1,FGXGL20_FDME220052075-1a.114
1,FJXSRPYG1.86
3,FeceHuNa150112_FDME220052263-1a.72
1,FJSNT24.110
3,FQHXN72hun.45
3,FXJYN9.26
3,FGSZY42.13
1,FJSWXJ14.85
1,M2CF01.67
3,FHLJDQ10.58
1,FGXGL76_FDME220052131-1a.57
1,FZJTZ30.4
3,FAHBZ36.82
NA,FQHXN106.19
1,FSHHK10_FDME220054482-1a.14
1,FSDLZ55.79
3,FSXLVWS2hun.29
3,FSDLZ44.136
3,FTJBH41.57
1,FJSNT66.95
3,FJXSRPY12.46
3,FQHXN109.65
1,FJSNT28.91
1,FeceGuXi15011.44
1,FHNXY30.61
3,FSXTY45.120
3,FHuBWH1.34
1,FSHCM52.20
1,FHNXY47.24
1,FNXYCHL38.69
3,FAHBZ5_FDME220050687-1a.74
1,FGDLZ76_FDME220051956-1a.58
3,FSDQZ21.75
3,FAHBZ20_FDME220050700-1a.138
1,FSDLZ50.86
1,FNMHLBE9hun.77
1,FSXTY33hun.27
1,FNXYCHL90.76
3,FSXTY50.26
3,FNMHHHHT18.83
3,FJLHD50.28
3,FNXYCHL36.102
1,FGZ5M.31
1,FAHWH09.40
1,FXJYN21.65
3,FSDJN34.77
3,FTJBH5.30
3,FSHXBX166.70
1,FHLJYC23.35
3,L1EFC230250_FHLJZD56_S135_L002.58
1,FFJLY1_FDME220051239-1a.55
3,FAHBZ51_FDME220050728-1a.77
NA,FQHXN61hun.138
1,FSHCM88hun.48
3,FNMHLBE22.68
3,FNXYCHL66.10
NA,FXJYN3.159
1,FJXSRPY44.92
1,FAHWH06.65
1,FCQTY166_FDME220051197-1a.24
3,FGSZY35.53
3,FHuBWH37.11
1,FGXGL69_FDME220052124-1a.58
3,FNMHLBE10hun.71
3,FHNXY17.110
1,FSHHK26.62
1,FAHWH07.125
NA,FXJKS5.103
3,FJSWX100.61
1,FHNXY45hun.62
3,FQHXN48.122
1,FCQTY077_FDME220051152-1a.30
3,FSDLZ24.54
1,FJSWX85.73
1,FBJ2.30
3,FGSZY26.26
1,FeceGuXi150116.22
1,FJSNT46.17
3,FTJBH17.78
3,FJXSRPY54.18
3,FXJWS4.141
3,FSHXBX148.37
1,FGXGL47_FDME220052102-1a.6
3,FQHXN45.92
3,FSDJN61.21
3,M1C6.74
1,FSHCM94hun.34
3,FAHWH12_FDME220050738-1a.61
3,FSHXBX79.2
3,FGSYC39.34
3,FGSYC12.119
3,FeceHuNa150114_FDME220052265-1a.39
3,FJSNT64.25
1,FTJBH47.95
1,FSHCM26.25
1,FGDLZ10_FDME220051912-1a.90
3,FJSWXJ28.105
1,FGDLZ48.40
NA,FGSZY19.7
3,L1EFC230313_FXJWS45_S239_L003.22
3,FZJTZ8.58
3,FHNFQ33.13
3,FQHXN42.37
3,FNXYCHL12.50
1,FSHXHZ10.30
3,FHLJYC26.69
1,FHLJYC7.64
1,FNMHHHHT20.42
3,FSXLVWS1hun.69
1,FXJYN8.49
3,FSDQZ46.54
3,FNMHLBE23.91
1,FNXYCHL3hun.17
1,FSDJN60.125
1,FZJHZD12.90
1,FGZ4M_FDME220051972-1a.153
3,FSDQZ6.103
3,FJND9_FDME220051201-1a.82
1,FQHXN54.106
1,FBJ69.8
1,FCQTY025_FDME220051121-1a.46
3,FNXYCHL9.72
1,FNMHLBE14.137
3,FHNFQ38.62
1,FSDJN27.60
1,FSHHK35_FDME220054504-1a.40
3,FHNXY21.92
1,FGXGL10_FDME220052065-1a.4
3,FeceHuNa150135_FDME220052278-1a.89
1,FGXGL30_FDME220052085-1a.44
1,FJSWXJ13.107
NA,M1DZ01.101
3,FSHHK11_FDME220054483-1a.76
NA,M1C3.85
1,FeceGuXi15013.97
1,FGDLZ50_FDME220051930-1a.33
3,FSDQZ20.75
1,FAHBZ44_FDME220050721-1a.15
NA,FXJKS14.50
1,FTJBH28.15
1,FGXGL33_FDME220052088-1a.46
3,L1EFC230339_FJXFC12_S265_L003.45
3,FSDJN46.54
3,FSDQZ24.62
1,FZJTZ9.100
3,FXJYN19.84
3,FSDJN39.50
3,FAHBZ29_FDME220050709-1a.32
1,FNXYCHL30.81
3,FeceHuBe150111.45
NA,FXJKS30.50
1,FQHXN67hun.18
1,L1EFC230242_FHLJZD30_S85_L001.34
1,FYNLJ71.35
3,FSHXWN16hun_FDME22H000406-1a.16
1,FZJTZ31.31
1,FJSNT19.90
3,FTJBH25.48
3,FSHHK28_FDME220054497-1a.100
1,FGD17M_FDME220052001-1a.32
1,FJSWXJ38.49
3,FSHXBX106.21
1,FGXGL60_FDME220052115-1a.18
NA,FXJSW50.10
1,FHLJYC2.62
NA,FNMHLBE30.130
1,FZJTZ22.70
1,FHLJZD21.101
1,FCQTY048_FDME220051133-1a.88
1,FSXLVWS9.119
3,FSDLZ48.127
1,FHHMY17.13
1,FSHHK4.125
3,FNMHHHHT21.36
3,FXJKS38.17
1,FHNXY34.75
3,L1EFC230369_FSHXBX54_S327_L004.120
3,FHNFQ56.100
1,FSHCM58.67
NA,FQHXN86.71
3,L1EFC230298_FXJWS24_S224_L003.2
3,M2CF04.104
1,FSHCM23_FDME220054538-1a.74
3,FGXGL61_FDME220052116-1a.95
1,FQHXN1.53
1,FSCCD2.72
3,FSHXBX139.6
3,FTJBH_17.30
3,FHBSJZ46_FDME220052237-1a.49
1,FBJ11.47
3,FXJCJ41.25
1,FSHCM85.77
3,FSDLZ47.14
1,FHNXY57.109
1,FNMHHHHT36.74
3,FHNXY44.37
3,FHNFQ40.12
3,FGSZY46.77
3,FGSZY30.28
3,FNXYCHL61.44
1,FSHCM53.10
1,FCQNA10.31
3,FCQTY155_FDME220051191-1a.114
1,FSHCM35.67
1,FeceGuXi150115.87
3,FQHXN44.4
3,FSDJN31.50
1,FTJS032.72
3,FSXTY6hun.11
3,FNXYCHL50.46
1,FCQNA14.22
1,FCQNA25.114
1,FJLHD34.90
1,FSCPS45.78
3,FNXYCHL45.46
NA,FXJKS37.95
3,FQHXN36.10
3,FTJBH19.144
3,FHNXY16.7
NA,FQHXN108.113
3,FXJSW5hun.20
1,FSHCM56.25
3,FHLJZD3.39
1,FHNFQ35.14
1,FJLHD29.51
1,FJSNT67.5
1,FAHWH05.63
1,FSHCM55hun.31
3,FNXYCHL53.100
1,FSHCM100.42
3,FGSZY24.43
3,FQHXN98.23
3,FSHHK50_FDME220054517-1a.36
1,FCQTY012.50
1,FSHCM49.10
1,FZJTZ55.65
3,FHNXY60.45
3,FSXTY48hun.101
1,FZJTZ65.40
1,FJSWX76.57
1,FHuBWH28.62
3,FQHXN43.62
1,FHuNHHMY75.12
1,L1EFC230390_FSHXXA28_S33_L003.21
1,FHuNHHMY23.51
3,FSHXBX78.79
NA,FXJYN32.57
1,FSDJN55.71
3,FHuNHHMY80.39
3,FHNXY22.106
1,FJNDD5_FDME220051222-1a.26
3,FHNXY1.44
3,FXJKS34.72
1,FSHXBX137.16
3,FNMHLBE15.68
1,FSHXBX15.68
3,FJNDD9_FDME220051226-1a.41
3,FSDQZ31.77
3,FHLJDQ12.30
3,FTJBH27.27
3,FSHXBX142.8
1,FYNDL28hun.43
1,FJXSRPY17.119
3,FJSWX102.38
3,FGDLZ24_FDME220051919-1a.50
3,FHNXY41.47
3,M2CF08.60
1,FJNDD19_FDME220051236-1a.69
1,FAHBZ47_FDME220050724-1a.63
1,FSDJN33.93
1,FBJ58.63
NA,FXJKS12.28
1,FGXGL94.4
3,FSHXBX75.38
1,FSDLZ56.34
1,FHNXY53.95
NA,FQHXN49.82
1,FSHHK40_FDME220054509-1a.13
3,FCQNA28.4
3,FSDJN45.53
3,FSDLZ49.110
1,FSDLZ01.137
1,M2CF14.5
1,FSHHK31hun.38
1,FZJTZ26.147
3,FSXLVLS12.91
3,FCQNA4.47
3,FXJYN33.89
3,FYNLJ80hun.16
3,FGSYC59.2
3,FJXSRPY13.49
1,FHuNHHMY83.99
1,FGXGL72_FDME220052127-1a.29
3,FHNFQ12.86
3,FSDLZ31.82
1,FNXYCHL39.3
3,FXJSW12.63
1,FSDLZ51.3
3,FJXSRPYG41.41
1,FGDLZ79_FDME220051957-1a.76
1,FGDLZ85.79
1,FCQTY024_FDME220051120-1a.73
1,FJLHD15.8
NA,FGSZY52.27
1,FGDLZ8_FDME220051910-1a.55
1,FXJYN41.52
1,FBJ13.77
3,FSHXBX60.59
1,FHuNHHMY71.67
NA,FQHXN112hun.16
3,FAHBZ18_FDME220050698-1a.18
1,FSDJN3.10
1,FSHCM80.19
1,FBJ43.44
3,FGXGL75_FDME220052130-1a.114
3,FJLHD32.58
3,FHNFQ3.7
3,FQHXN22.61
1,FYNLJ50.97
1,FSHCM9_FDME220054526-1a.47
3,FNMHHHHT15.98
3,FSDJN6.7
3,FHLJYC25.49
3,FHNXY36.108
1,FSHXHZ13.119
3,FJLHD16.105
NA,M1C10.111
3,FGXGL74_FDME220052129-1a.77
1,FGDLZ78_FDME220051943-1a.29
3,FNMHLBE7.103
1,FJSNT25.40
3,FSHXBX126.132
3,M116R01.20
3,FJXSRPYG7.34
3,FeceHuBe150122_FDME220052843-1a.109
1,FJSNT39.40
3,FBJ22.39
3,FNXYCHL18.39
1,FZJHZD8.32
1,FJSNT21.8
3,FSXTY39.3
3,M1C8.151
3,FSHXBX17.19
3,FHNFQ27.55
NA,FAHBZ2.68
3,L1EFC230359_FSHXBX16_S317_L004.25
3,FSHCM95.18
1,M2CF17.56
NA,M128R01.85
1,FGD18M_FDME220052004-1a.60
1,FFJLY34_FDME220051263-1a.65
3,FGSYC46.8
1,FBJ42.84
3,FHNXY13.10
NA,FXJKS2.124
1,FHNFQ6.64
1,FJSWX97.68
1,FGSYC78.116
1,FCQHC9.53
1,FSHHK49_FDME220054516-1a.70
1,L1EFC230344_FJXFC20_S302_L004.46
3,FNXYCHL26.139
1,FSHHK42_FDME220054511-1a.94
1,FGXGL40_FDME220052095-1a.45
1,FCQTY078_FDME220051153-1a.67
1,FJLHD43.40
NA,FYNLJ37.93
1,FHLJZD2.15
3,FQHXN96.47
3,FXJKS29.77
3,FSHCM77hun.51
3,FZJTZ2.75
3,FSHXBX111.59
3,FSXLVLS19.136
3,FAHBZ41_FDME220050718-1a.10
3,FGSZY36.84
1,FQHXN31.24
3,FSXLVLS2.65
1,L1EFC230337_FJXFC09_S263_L003.33
3,FHuNHHMY56.41
3,FGSYC13.55
3,FGSYC30.44
3,FJXSRPY22.23
1,FSHXBX89.17
1,FeceHuNa150111_FDME220052262-1a.55
3,FSDQZ3.76
3,L1EFC230305_FXJWS34_S231_L003.72
1,FNXYCHL68.72
1,FGSYC4.47
1,FSXTY35.96
3,FQHXN52hun.69
NA,M115R01.60
3,FSHXXA24.36
3,FSHXBX65.8
1,FSHXHZ15.38
1,FXJSW32hun.63
1,FeceHeNa17.34
1,FAHBZ27_FDME220050707-1a.114
1,FCQTY060_FDME220051140-1a.28
3,FTJBH2.149
1,FJNDD4_FDME220051221-1a.16
3,FXJSW1.25
3,FNXYCHL46.30
1,FHuNHHMY55.59
1,FYNLJ76.84
3,FeceHuNa150117_FDME220052266-1a.53
1,FZJTZ53.58
3,M2CF10.94
1,L1EFC230340_FJXFC13_S266_L003.58
NA,FXJKS45.12
1,FSHCM62.114
3,L1EFC230255_FXJCJ07_S140_L002.33
3,FSHXBX167.25
NA,FXJSW47.56
1,FGXGL34_FDME220052089-1a.91
1,FHLJYC6.86
3,FTJBH55.5
3,FQHXN37.45
NA,FXJKS27.105
3,FHLJZD49.65
1,FGDLZ84_FDME220051962-1a.72
3,FQHXN60hun.88
1,M105F01.119
NA,FXJYN36.133
3,FCQTY106_FDME220051177-1a.17
3,FSDQZ42.45
3,FJSWX98.32
3,FSDQZ35.30
1,FFJLY9_FDME220051246-1a.70
3,FYNLJ7.92
3,FAHBZ59_FDME220050734-1a.143
3,FGZ2M.70
1,FGXGL31_FDME220052086-1a.63
3,L1EFC230268_FXJCJ27_S152_L002.2
3,FGDLZ35.94
3,FGSZY53_FDME220051904-1a.108
1,FeceHuNa15019.32
1,FJSWX82.54
3,FSDQZ11.36
3,FSDJN20.36
3,FXJKS51.70
NA,FAHBZ34.69
3,FGXGL56_FDME220052111-1a.59
3,FGDLZ33_FDME220051920-1a.83
1,FZJTZ24.11
NA,FXJYN38.77
NA,FXJSW42.52
1,FXJSW40.79
1,FGZ6M_FDME220051977-1a.84
3,FSCDJY33.45
1,FJSWX86.28
1,FHNXY40.31
3,L1EFC230285_FXJCJ59_S168_L002.78
3,FTJBH15.45
1,FFJLY78.108
1,FSHXBX5.59
3,L1EFC230319_FTJS0003_S245_L003.147
3,FAHBZ4_FDME220050686-1a.16
3,FSDJN62.81
1,FAHWH15_FDME220050740-1a.56
3,FJLHD19.71
3,SDHZD17.85
1,FGDLZ62.94
1,FSHXWN8.64
1,FHuNHHMY6.155
1,FSHXBX80.34
3,FSDJN50.74
3,FNMHHHHT10.51
3,FSXTY53.29
1,FGDLZ75_FDME220051955-1a.62
1,FHLJZD39.66
3,FSDLZ57.69
3,FSXTY21.31
3,FGSZY21.33
1,FSDLZ39.29
3,FGXGL59_FDME220052114-1a.69
1,FXJYN18.23
1,FeceHuBe150136_FDME220052850-1a.24
3,FHLJZD17.68
1,FNXYCHL55.5
3,FGSZY34.36
1,FSXTY38.58
1,L1EFC230371_FSHXBX56_S329_L004.76
3,FAHBZ60_FDME220050735-1a.2
3,FGSZY33.25
1,FSDJN1.5
1,FBJ32.53
NA,M1DZ06.66
1,FYNDL10hun.44
1,FSCCD8hun.98
NA,FXJKS20.49
1,FSHXXA27.19
1,FHuNHHMY7.80
3,FHNFQ28.67
1,FGSYC82.14
1,FGZ11M_FDME220051989-1a.62
1,FBJ10.75
1,FJSNT23.158
3,FHNXY8.24
1,FJSNT18.113
3,FQHXN70hun.100
3,FBJ50.3
1,FSHXBX108.7
3,FHNFQ32.42
3,FHuBWH32.26
3,FNXYCHL2.38
3,FeceHuNa150137.12
1,FYNLJ34.90
3,FBJ1.84
NA,FSHXWN32.48
3,FSHXBX130.97
3,FGZ35M_FDME220052035-1a.2
3,M1C13.7
3,FXJKS23.75
1,FAHBZ46_FDME220050723-1a.102
1,FJXSRPY37.55
1,FZJHZD15.43
1,FGZ25M_FDME220052017-1a.42
3,FAHBZ21_FDME220050701-1a.149
3,FXJSW44.26
3,FGZ15M_FDME220051995-1a.98
1,FeceHeNa2.59
3,FHNXY63.59
1,FJLHD1.24
1,FeceGuXi150114.84
3,FGSZY11.99
1,FHBSJZ60_FDME220052251-1a.71
3,FHLJZD43.20
3,FSXLVLS21.14
3,FQHXN38.26
1,FJNDD12_FDME220051229-1a.95
3,FeceHuBe150132_FDME220052848-1a.100
1,FHuNHHMY43.105
1,FZJTZ34.14
1,FSHHK48_FDME220054515-1a.68
3,FAHBZ40_FDME220050717-1a.145
3,FSHXWN1.11
3,FHLJZD51.33
3,FCQTY054_FDME220051137-1a.97
1,FeceHuNa15011_FDME220052259-1a.75
1,FXJSW46.21
3,FGSZY29.65
1,FJXSRPYG9.45
1,L1EFC230246_FHLJZD42_S89_L001.4
3,FXJKS35.61
3,FSCPS43.64
1,FSHCM89hun.75
1,FSHHK19_FDME220054489-1a.31
