tree_group,mag
1,FHLJYC24hun.39
2,L1EFC230305_FXJWS34_S231_L003.80
2,FSXTY32.12
2,L1EFC230369_FSHXBX54_S327_L004.53
2,FSDQZ23.46
2,FeceHuNa150135_FDME220052278-1a.96
2,FHLJZD6.104
2,FNMHLBE1.98
1,FJNDD19_FDME220051236-1a.34
2,FTJBH_17.121
2,FNMHHHHT41.6
1,FBJ34.30
1,FZJTZ41.3
1,FGXGL96.80
1,FZJHZD15.71
2,FAHBZ59_FDME220050734-1a.53
2,FJSNT19.25
2,FTJS019.16
1,L1EFC230354_FJXFC47_S312_L004.67
2,FBJ10.67
2,FYNDL21hun.52
1,FFJLY11_FDME220051248-1a.46
2,L1EFC230318_FTJS0001_S244_L003.14
2,FGZ26M_FDME220052020-1a.14
2,FGXGL43_FDME220052098-1a.19
2,FSHXBX65.20
2,FHLJYC13.45
2,FSHXBX57.135
1,FFJLY33_FDME220051262-1a.6
1,FSHCM90.15
1,FNXYCHL72.72
2,FHNFQ12.71
2,FZJHZD18hun.16
2,FTJBH65.14
2,FSHHK12hun.68
2,FSHXHZ20.92
2,FeceHuNa150142_FDME220052285-1a.56
2,FJLHD53.135
2,FXJKS15.76
2,FCQTY102_FDME220051174-1a.45
2,L1EFC230372_FSHXBX62_S330_L004.25
1,FSHCM53.62
2,FZJTZ39.65
1,FHLJYC19.93
2,FSDJN46.36
2,FGSYC80.70
2,FSXLVLS20.130
2,FZJTZ16hun.56
2,FSHXBX63.31
2,FGXGL65_FDME220052120-1a.132
1,FHuBWH36.126
2,FYNLJ23hun.41
1,FXJSW46.80
2,FJSWXJ24hun.10
2,FHNXY37.90
2,FGSZY45.127
2,FAHWH38_FDME220050755-1a.19
2,FSHXBX22.7
1,FGXGL39_FDME220052094-1a.68
2,FJSWXJ14.90
2,FTJBH59.7
1,FHLJZD19.45
1,FHBSJZ41_FDME220052232-1a.66
2,FSCDJY76.3
2,FSDQZ17.6
2,FNMHHHHT17.19
2,FXJYN10hun.49
2,FJXSRPY40.72
1,FSCPS94.13
2,FZJHZD8.80
2,FHHMY84.60
1,FSHXBX128.45
2,FSHXXA14.8
2,FSXTY14.53
2,FSDJN62.39
2,FSHHK50_FDME220054517-1a.29
2,FSDLZ07.55
2,FeceHuBe150125_FDME220052846-1a.74
2,FGXGL41_FDME220052096-1a.89
1,FGDLZ36.137
2,FJSWXJ20.45
2,FSCPS27.6
1,FGXGL86_FDME220052141-1a.29
2,FeceHeNa20.91
1,FHuNHHMY39.47
2,FGSZY48.95
2,FHLJZD46.46
1,FSCPS61.5
2,FSHXBX137.50
2,FGSYC7.26
1,FSCCD14hun.78
2,FSCDYJ7.109
1,FSCPS92.23
2,M1C9.125
1,FGZ39M_FDME220052051-1a.17
2,FGSYC60.132
2,L1EFC230371_FSHXBX56_S329_L004.77
2,FYNLJ22hun.102
1,FXJKS13.53
2,L1EFC230368_FSHXBX52_S326_L004.10
2,FGSZY36.109
1,FBJ20.34
1,FSDJN33.18
2,FeceHuBe15015_FDME220052833-1a.82
2,FXJSW50.32
2,FAHBZ57_FDME220050732-1a.57
2,FSDLZ53.46
2,FSHXBX148.151
1,FCQTY025_FDME220051121-1a.44
2,FHuNHHMY13.170
2,FSHXBX89.68
2,FHNFQ19.20
2,FXJKS42.15
2,FSXLVLS14.6
1,FeceHeNa11.26
1,FJXSRPY47.105
2,L1EFC230321_FTJS0007_S247_L003.42
1,FSHCM84.11
2,FSHXHZ18.59
2,FGSYC62.84
2,FHLJYC12.102
2,FSDQZ20.109
2,FHHMY4.5
2,FGSYC44.76
2,L1EFC230255_FXJCJ07_S140_L002.60
2,FSHXHZ13.22
2,FAHBZ21_FDME220050701-1a.57
2,FNXYCHL56.53
1,FFJLY78.15
2,FJSWXJ4.95
1,FSHCM56.6
2,FSDQZ30.111
2,FHLJDQ10.121
1,FeceHeNa13.48
2,FJXSRPY54.34
2,FGSZY16.49
1,FFJLY42.11
1,FAHBZ25_FDME220050705-1a.119
2,L1EFC230248_FHLJZD47_S91_L001.20
1,FSXTY33hun.120
1,FSDJN26.125
1,FHBSJZ44_FDME220052235-1a.75
2,FHuNHHMY52.92
2,FXJCJ19.59
1,FJXSRPY46.86
2,L1EFC230295_FXJWS19_S222_L003.36
2,FQHXN47.86
2,FTJBH86hun.58
2,FGSYC66.28
1,FJXSRPY21.65
1,L1EFC230310_FXJWS40_S236_L003.79
1,FJLHD37.94
2,FHNXY29.56
2,FAHWH05.73
1,FSCPS73.49
2,FSXLVLS25.85
1,FNXYCHL52.49
2,FHBSJZ24.80
2,FHNXY14.14
2,FAHBZ60_FDME220050735-1a.146
2,FSDQZ29.55
2,FBJ9.28
2,FHLJYC37_FDME220052686-1a.55
2,FGDLZ42.33
1,FCQNA32.42
2,FSHXBX78.59
2,FSHCM80.13
2,L1EFC230324_FTJS0010_S250_L003.55
1,FJLHD25.54
2,FXJSW7.146
2,FFJLY15_FDME220051249-1a.105
1,FNMHHHHT32.100
2,FJLHD30.48
1,FSHXBX49.8
2,M2CF11.59
2,FGSZY28.23
2,FCQTY105_FDME220051176-1a.51
2,FSHCM62.91
1,FTJBH7.70
2,FHNXY57.73
2,FYNLJ36.35
1,FJSWX82.69
1,FJLHD29.84
2,FGSYC22.17
2,FeceHuBe150127_FDME220052847-1a.31
1,FSHXBX157.13
1,FHNFQ53.44
2,FeceHuNa150114_FDME220052265-1a.55
2,FHuNHHMY43.93
1,FCQTY154_FDME220051190-1a.64
2,FGDLZ84_FDME220051962-1a.106
2,L1EFC230361_FSHXBX31_S319_L004.6
1,FSCPS5.94
2,FQHXN72hun.49
2,FHBSJZ31.38
1,FSDJN55.109
2,FQHXN26.43
1,FSDLZ33.66
2,FNMHHHHT10.52
1,FTJBH51.36
2,FSDJN17.66
2,FeceHuBe150111.4
2,FTJBH83.42
2,FSHXWN12.80
2,L1EFC230334_FJXFC03_S260_L003.38
2,FSDJN23.60
2,FHLJYC5.72
2,FCQNA28.104
1,FCQTY070_FDME220051147-1a.52
2,FQHXN62hun.5
2,FSXLVLS12.89
2,FGDLZ19_FDME220051917-1a.60
2,FNXYCHL64.33
2,FHLJZD13.24
2,FJSNT32.105
1,FAHWH30_FDME220050748-1a.42
2,FHLJZD15.24
2,FGSYC72.35
2,FJXSRPYG41.86
1,FSCCD9.47
2,FNMHHHHT12.20
2,L1EFC230236_FHLJZD14_S81_L001.3
2,FSDQZ15.43
1,FGXGL72_FDME220052127-1a.49
2,FSHXBX143.68
1,FGDLZ48.11
2,FNMHHHHT11.21
2,FSDJN3.48
2,FHNXY55.63
2,FNXYCHL42.52
2,FNXYCHL3hun.89
2,FNMHHHHT21.49
2,FNXYCHL30.47
2,FZJHZD7hun.79
2,FHLJZD54.10
2,FSCDJY38.106
1,FGXGL71_FDME220052126-1a.95
1,FSHCM94hun.14
1,L1EFC230251_FXJCJ01_S136_L002.61
2,FXJWS4.94
2,FJLHD18.70
2,FJXSRPY53.12
1,L1EFC230349_FJXFC31_S307_L004.71
1,FSHCM91.109
2,L1EFC230234_FHLJZD07_S79_L001.42
2,FSHCM39.59
1,FGXGL4_FDME220052059-1a.39
2,L1EFC230363_FSHXBX41_S321_L004.31
2,FSHXBX71.90
1,FSCPS25.48
2,FNXYCHL61.121
1,FHBSJZ34.78
2,FNXYCHL50.58
2,FHuNHHMY64hun.56
2,FBJ11.61
2,FXJYN8.20
1,FNMHHHHT31.96
2,M1DZ01.107
1,FBJ65.24
2,FJLHD40.49
2,FSHXBX27.50
2,FSHCM4hun.35
1,FQHXN45.18
1,FSHCM58.110
2,FGSZY41.57
1,L1EFC230274_FXJCJ39_S158_L002.51
2,L1EFC230302_FXJWS31_S228_L003.70
2,FXJYN32.39
2,FHBSJZ22.29
2,FAHBZ1_FDME220050683-1a.6
2,FJLHD55.72
2,FNMHLBE27.32
2,FSDLZ11.88
1,FSHCM31.114
2,FHNFQ3.25
2,FSDJN48.42
2,FNMHLBE25hun.83
2,FSHXBX139.46
1,FeceHeNa19.71
2,FGSYC90.120
2,FXJSW12.56
2,FTJBH15.2
1,FHBSJZ3.28
1,FGDLZ67_FDME220051948-1a.34
2,FHNFQ46.53
2,M1C5.121
2,FSDQZ3.6
2,FHLJYC1.44
2,FJSNT30.181
2,L1EFC230267_FXJCJ26_S151_L002.2
2,FAHBZ27_FDME220050707-1a.60
2,FSHXBX169.119
1,FGDLZ69_FDME220051950-1a.16
2,FNXYCHL65.62
2,FHNXY48.80
2,FSDQZ18.81
2,FSHHK47_FDME220054514-1a.67
1,SDHZD3.74
1,FNMHHHHT33.105
1,M2CF14.31
1,SDHZD10.75
2,FGZ3M_FDME220051970-1a.31
1,FSCPS68.165
1,FJXSRPY22.19
1,FHLJYC4hun.1
1,FJXSRPY45.19
2,FeceHeNa27.72
1,FNMHLBE13.69
1,L1EFC230344_FJXFC20_S302_L004.153
2,FeceGuXi150112.56
2,FSHHK9.85
1,FJXSRPY10.127
2,FSHXBX161.97
2,FNXYCHL41.136
2,FSDLZ30.117
2,FHNFQ21.98
2,FNXYCHL71.69
2,FHNXY31.55
2,FAHBZ15.53
1,FGXGL20_FDME220052075-1a.66
1,FGXGL26_FDME220052081-1a.64
2,FSHXWN22.34
2,FZJHZD6.132
1,FHBSJZ27.56
2,FSHXHZ24.61
2,FGSZY32.56
1,FSHCM83.43
1,FSCPS69.104
2,FCQTY054_FDME220051137-1a.14
2,FYNLJ46.106
2,FHLJYC22.50
1,FSHXWN16hun_FDME22H000406-1a.63
1,FHuNHHMY83.58
1,FSHXBX33.61
2,L1EFC230387_FSHXXA17_S345_L004.100
2,FSXTY39.124
2,FGXGL12_FDME220052067-1a.83
2,FNXYCHL44.18
2,FJLHD52.40
1,FHuNHHMY1.102
2,FTJBH17.122
1,FSDLZ21.26
1,FSDLZ42.19
2,FZJTZ67.2
1,L1EFC230393_FSHXXA37_S36_L003.81
2,FSXLVLS2.46
2,FSHHK7_FDME220054481-1a.52
2,FJSWXJ38.97
1,FFJLY1_FDME220051239-1a.32
1,FBJ30.7
2,FJXSRPY12.48
1,FSDJN13.73
1,FSHCM93.2
2,FQHXN70hun.9
2,FNMHLBE31.99
2,FQHXN107.30
1,FSDQZ35.173
2,FCQTY136_FDME220051181-1a.60
1,FTJBH57.28
1,FSDLZ31.32
2,FHNXY5.63
2,FSHXBX130.7
1,FSHCM12_FDME220054529-1a.63
2,FHLJZD43.59
1,FNMHHHHT20.10
2,FNMHLBE24.125
2,FGSZY30.97
2,FZJHZD9hun.98
2,FGXGL2_FDME220052057-1a.11
2,FAHWH15_FDME220050740-1a.98
1,FZJTZ13.105
2,L1EFC230239_FHLJZD23_S84_L001.17
2,FZJTZ60.87
1,FHuNHHMY70.57
2,FCQTY148_FDME220051187-1a.56
1,FJSWXJ16.9
1,FJSNT20.37
1,FeceHeNa8.29
1,FHuNHHMY40.76
2,FSDLZ17.56
