tree_group,mag
1,FSDLZ53.52
1,FXJCJ34.38
2,FGZ7M.2
2,FCQTY053_FDME220051136-1a.10
1,L1EFC230271_FXJCJ35_S155_L002.13
2,FJNDD9_FDME220051226-1a.47
2,FGXGL56_FDME220052111-1a.98
2,L1EFC230333_FTJS0033_S259_L003.50
2,FGSYC90.147
1,FAHWH28_FDME220050746-1a.63
1,FNMHHHHT27.14
2,L1EFC230326_FTJS0013_S252_L003.8
2,L1EFC230391_FSHXXA34_S34_L003.13
2,FSHCM47.31
2,FCQTY102_FDME220051174-1a.93
2,FBJ44.131
2,FJXSRPYG31.76
2,FGSZY8.48
2,FGDLZ81_FDME220051959-1a.60
2,FGDLZ82_FDME220051960-1a.50
2,FSCPS4.92
2,FTJBH47.101
2,FZJTZ26.137
2,FJLHD38.61
2,FFJLY42.85
2,FCQTY162_FDME220051195-1a.1
2,FGD17M_FDME220052001-1a.99
1,FGXGL26_FDME220052081-1a.104
2,FCQTY071_FDME220051148-1a.23
1,FZJJH11.95
2,FeceHeNa27.4
2,FGSZY43.79
2,FJSNT36.10
2,FGXGL16_FDME220052071-1a.10
2,FeceHuBe150125_FDME220052846-1a.31
1,FHLJYC35_FDME220052684-1a.99
2,FGDLZ84_FDME220051962-1a.148
2,SDHZD2.15
2,FSHCM62.148
2,FSDJN55.44
2,L1EFC230330_FTJS0027_S256_L003.17
1,FBJ14.33
2,FCQTY091_FDME220051169-1a.41
1,FYNLJ52.18
1,FCQTY010.36
2,FSHCM37.6
1,FGXGL72_FDME220052127-1a.23
2,FSHXHZ3.77
2,FGSZY16.83
2,FSHXHZ14.11
1,FYNLJ25.39
2,FBJ31.26
1,FJSNT23.178
2,FeceHuNa150123_FDME220052271-1a.26
2,FJSNT43.78
2,FJSWX85.19
1,FSDLZ39.59
1,FGXGL39_FDME220052094-1a.67
2,FGXGL81_FDME220052136-1a.121
2,FJND9_FDME220051201-1a.26
1,FJSNT31.15
2,FYNLJ35.55
2,FSHCM94hun.110
1,FHNXY46.39
2,FJSNT35.52
2,FFJLY21_FDME220051252-1a.5
2,FHuBWH12.69
2,M2CF14.47
2,FJSWXJ33.25
2,FGDLZ22_FDME220051918-1a.27
1,FGXGL18_FDME220052073-1a.25
2,FCQTY159_FDME220051194-1a.55
2,FSDQZ46.49
2,FSHXBX122.7
2,FHNXY12.46
2,FCQNA32.14
2,FSHHK3_FDME220054479-1a.57
2,FZJHZD19.31
2,FJXSRPYG20.24
2,FXJYN22.55
2,FSHCM51.9
2,FSHXBX111.75
1,FeceHeNa12.24
2,FCQHC16.94
2,FSHXHZ15.19
1,FHLJYC5.76
2,FCQTY054_FDME220051137-1a.22
1,FXJYN9.88
2,FCQTY109_FDME220051179-1a.25
2,FTJBH39hun.68
2,FJLHD23.4
1,FCQTY148_FDME220051187-1a.58
2,FSHCM81.3
2,FAHWH02.57
2,FGZ6M_FDME220051977-1a.19
1,FSDLZ44.36
2,FSHCM71hun.39
2,FGSYC62.93
2,FJLHD3.96
2,FeceHeNa5.39
1,FSXTY48hun.3
2,FFJLY16.63
1,FJLHD22.41
2,L1EFC230319_FTJS0003_S245_L003.5
2,FCQTY077_FDME220051152-1a.18
2,FSCCD10.30
2,FSHCM17_FDME220054534-1a.5
2,FGZ5M.7
2,FSHCM13_FDME220054530-1a.135
2,FSHXBX45.81
2,FGZ9M_FDME220051984-1a.53
2,L1EFC230355_FJXFC53_S313_L004.121
2,FSXLVLS18.31
2,FTJS015.19
1,FZJJH12.64
2,FSXTY16hun.35
2,L1EFC230325_FTJS0011_S251_L003.122
2,M2CF03.37
2,FTJS035.60
2,L1EFC230360_FSHXBX24_S318_L004.28
1,FYNLJ7.48
2,L1EFC230264_FXJCJ23_S148_L002.116
1,FZJTZ11.139
2,FHHMY84.62
2,FGZ15M_FDME220051995-1a.89
2,FGXGL85_FDME220052140-1a.41
1,FJLHD14.16
2,FXJCJ17hun.28
2,FSHXBX12.1
1,FZJTZ4.42
2,FXJYN3.65
2,FGXGL84_FDME220052139-1a.64
2,FTJS032.7
2,FXJSW12.93
1,SDHZ15.9
2,FSHHK49_FDME220054516-1a.148
1,FCQTY058_FDME220051138-1a.22
1,FSHXBX148.140
2,FSHCM69.30
