tree_group,mag
1,FJSWX90.13
1,FJLHD14.29
1,FNMHHHHT10.89
1,FHNXY7.164
1,FSHCM80.21
2,FSHXHZ7.36
1,M101R01.10
2,FGSYC48.40
1,FHNXY12.43
1,FSHXWN12.22
2,FXJKS34.121
2,FHuBWH20.52
2,FHLJYC24hun.6
1,FCQHC8.71
2,FNXYCHL1.12
2,FeceGuXi150117.34
1,FAHWH34_FDME220050751-1a.22
,FBJ13.53
2,L1EFC230264_FXJCJ23_S148_L002.104
1,FSCDJY38.93
2,FGSYC76.53
1,FHNFQ63.2
2,FSHXHZ24.85
2,FSHXHZ20.96
1,FNMHLBE6.40
1,FNXYCHL88.58
1,FJSWXJ15.3
2,FSDJN21.1
2,FSHHK7_FDME220054481-1a.109
,FGDLZ74.101
1,FZJHZD11.85
2,FHuBWH8.44
1,FSDJN42.40
1,L1EFC230274_FXJCJ39_S158_L002.123
1,FSHXHZ1.27
1,FJXSRPY27.129
1,FGXGL8_FDME220052063-1a.19
2,FXJYN27.21
2,FSXLL13.1
2,FGSYC75.46
2,FGSZY50.21
2,FXJCJ29.118
2,FGSYC47.39
1,FSDLZ30.101
2,FTJBH37.14
1,FSDQZ17.82
2,FNMHHHHT29.32
2,L1EFC230314_FXJWS46_S240_L003.1
2,FJNDD9_FDME220051226-1a.89
2,FXJSW23.97
2,FGXGL75_FDME220052130-1a.19
2,FSDLZ10.5
2,FJLHD36.88
2,FSXLVLS1.19
2,FSHCM47.7
1,FSHCM65.42
1,FFJLY29_FDME220051259-1a.42
1,FYNLJ20hun.24
1,FZJTZ41.24
1,FXJWS7.144
1,FXJWS29.70
2,FGXGL53_FDME220052108-1a.45
2,FXJCJ54.91
2,FSHXHZ6.51
2,FXJKS49.5
2,FSHXBX111.41
1,FGXGL47_FDME220052102-1a.8
1,FZJHZD17hun.31
1,FNXYCHL54.4
1,FNMHHHHT42.9
1,FSXTY12hun.16
2,FGSYC16.79
2,FSXTY31.62
2,FHuNHHMY29.45
2,L1EFC230392_FSHXXA36_S35_L003.69
1,FQHXN59.23
2,M1C10.116
2,FGSYC58.86
2,FSXTY13hun.35
1,FGDLZ81_FDME220051959-1a.140
2,FCQHC10.18
2,FSHXWN8.3
2,FHuBWH12.1
2,FAHWH16.81
1,FZJTZ9.59
1,FJNDD13_FDME220051230-1a.5
1,FSHCM49.42
1,FHNXY9.12
1,FNXYCHL68.70
1,FSCCD22.11
,FAHBZ50.24
1,FHuNHHMY10.45
,FGSZY57_FDME220051907-1a.52
,FAHWH19.4
2,FZJTZ63.14
2,FHBSJZ56_FDME220052247-1a.26
1,FXJYN21.13
2,FGSZY10.25
1,FGSYC90.114
1,FCQTY054_FDME220051137-1a.58
1,FGSYC63.4
1,FeceHuNa150140_FDME220052283-1a.73
1,FHLJZD41.76
1,FFJLY40_FDME220051269-1a.15
2,FSDLZ60.5
2,FGSYC77.46
2,FSCCD17.97
2,FXJYN24.32
1,FSHXBX125.92
2,M130R01.8
1,FSXLL18.71
2,L1EFC230303_FXJWS32_S229_L003.36
2,FQHXN19.49
2,FSHCM63.3
1,FTJBH78.3
2,FXJWS43.70
1,FHNXY50.48
2,FJSWXJ18.59
1,FGSYC57.80
1,FCQTY060_FDME220051140-1a.62
1,M1C4.44
1,FeceHeNa11.52
,FHLJYC17hun.30
1,FHuNHHMY7.4
,FAHWH21_FDME220050743-1a.26
1,M2CF12.51
,FAHBZ50.54
1,FAHBZ56.29
1,FXJWS38.76
2,FSXLL12.89
1,FGSYC13.31
1,FGSZY53_FDME220051904-1a.103
2,L1EFC230245_FHLJZD36_S88_L001.66
1,FHNFQ23.26
1,FSHXBX144.72
2,FGSYC42.29
2,FSHXBX61.77
2,FSHCM99.96
1,FJSWXJ28.130
2,FHLJZD55.90
1,FSDQZ43.107
2,FSDLZ01.71
2,FGSYC85.58
2,FNXYCHL92.24
2,FGSYC70.1
2,FHNXY55.95
2,FGDLZ41_FDME220051924-1a.66
2,FGSYC10.58
1,FBJ2.69
1,FAHWH20_FDME220050742-1a.61
2,FXJKS7.4
1,FHBSJZ25.81
2,FJSWXJ23.30
1,FTJS002.4
1,FGSYC91.43
1,FSDLZ34.29
1,FQHXN3.22
,FGSZY57_FDME220051907-1a.1
1,FGXGL38_FDME220052093-1a.50
1,FGSZY47.98
1,FHNFQ28.40
1,FSHXXA46.80
1,FGXGL93.33
2,FQHXN109.60
2,FXJSW46.12
2,FSHXXA42hun.3
2,BJHD7.59
2,FZJTZ2.105
1,FJND15_FDME220051207-1a.8
1,FSXLVLS6.23
1,FJLHD22.40
1,FSHCM41hun.22
1,FNXYCHL18.12
2,FHNFQ33.7
1,FGSYC23.19
2,FYNLJ65.65
2,FHuBWH18.39
2,FSHXBX129.27
2,L1EFC230305_FXJWS34_S231_L003.118
1,FQHXN4.14
1,FJSNT65.26
1,FHLJYC10.64
1,L1EFC230342_FJXFC16_S268_L003.120
1,FSHXWN32.77
2,FSXLL1.26
2,FGDLZ15_FDME220051915-1a.52
1,FGDLZ67_FDME220051948-1a.69
2,FSHCM6_FDME220054523-1a.23
1,FGSZY9.89
1,FZJHZD4.37
,FBJ13.71
1,FHNXY51.57
1,FGXGL60_FDME220052115-1a.49
1,FSXLL6.26
1,FSHCM79hun.12
1,FSXLVLS4.72
1,FHLJYC21.20
1,FGSYC86.33
2,FGSZY14.98
2,FXJSW49.48
2,FQHXN58.10
1,FHNFQ22.72
2,FGDLZ63_FDME220051944-1a.48
1,FGXGL74_FDME220052129-1a.18
2,FXJSW24.75
2,FQHXN6.75
2,FGSZY12.16
2,FHuBWH36.128
1,FSDLZ16.69
2,FGSYC3.23
1,FSHXBX161.93
2,FGZ38M_FDME220052048-1a.18
2,FGXGL76_FDME220052131-1a.49
2,FGD22M_FDME220052013-1a.1
2,FHuBWH30.25
2,FXJSW48.22
2,FYNLJ48.74
2,FGXGL12_FDME220052067-1a.64
2,M2CF07.64
2,FJSWXJ9.1
2,FQHXN2.12
2,M2CF13.90
1,FSHXBX127.67
1,FZJTZ39.16
1,L1EFC230251_FXJCJ01_S136_L002.80
1,FZJJHD2.2
2,FSHCM31.87
1,L1EFC230257_FXJCJ13_S142_L002.44
1,FSHXXA35.46
1,TJWQ2.4
1,FHHMY42.34
1,FJSWXJ32.39
1,L1EFC230332_FTJS0029_S258_L003.11
2,FeceHeNa2.24
1,FGDLZ16.53
,FSHXBX138.42
1,M2CF17.69
1,FSDQZ15.87
1,NMGEL5.22
1,FCQNA13.29
2,FSHCM55hun.24
,FAHWH19.1
1,FSXTY14.70
2,FJLHD15.86
