tree_group,mag
1,FJSWXJ8.44
1,FSHCM13_FDME220054530-1a.78
1,FHuNHHMY64hun.101
2,FCQTY147_FDME220051186-1a.34
1,FSXLL1.120
1,FJSWXJ14.111
2,FHNXY37.87
2,FGXGL81_FDME220052136-1a.148
2,FGDLZ39.60
1,FSHHK50_FDME220054517-1a.43
1,FZJTZ53.82
2,FSHHK41_FDME220054510-1a.78
2,FSCPS35.72
2,FHNXY46.76
1,FNMHLBE25hun.139
2,FXJKS48.109
2,FJLHD19.48
2,FHNXY47.31
2,FXJKS4.142
2,FQHXN97.130
2,FHNFQ2.109
2,FYNLJ51.98
2,FZJTZ67.20
2,FNMHLBE12.120
2,FJSWXJ43.5
2,FHNXY60.91
2,FSDQZ43.26
2,FZJTZ21.71
1,FJLHD44.111
2,FSHCM86hun.6
2,FZJTZ35.50
2,FSHXBX20.80
2,FSHXBX108.95
2,FQHXN52hun.76
1,FZJTZ54.10
2,FJSWXJ38.30
1,FJLHD23.49
2,FXJKS11.92
2,FeceHuBe150132_FDME220052848-1a.33
2,FCQNA15.73
2,FSXLVLS19.107
1,FHHMY63.34
1,L1EFC230247_FHLJZD44_S90_L001.62
2,FJSWXJ2.134
2,FXJKS36.110
2,M2CF05.52
1,FSCPS69.16
2,M1C3.66
2,FAHBZ5_FDME220050687-1a.5
2,M214F02.100
2,FHuBWH28.9
2,M1C6.212
