tree_group,mag
1,FYNLJ37.87
2,FXJKS49.58
1,FTJBH52.53
1,FGXGL83_FDME220052138-1a.19
1,FZJTZ21.110
1,FSHXBX66.31
2,FSDJN34.20
2,L1EFC230302_FXJWS31_S228_L003.22
2,FXJYN37hun.11
2,M1C13.40
1,FJXSRPY37.29
1,FHLJZD28.89
1,FHuBWH33.38
2,FHLJDQ10.22
1,FGSYC69.18
1,FHLJZD52.72
1,JSCZD7.69
1,FGXGL65_FDME220052120-1a.44
1,FHuNHHMY13.165
2,FSHXBX153.80
2,M1C9.187
2,FXJKS37.16
2,FSXLVWS8hun.104
2,FGSYC60.102
2,FHuBWH36.89
2,FXJSW8.121
2,L1EFC230295_FXJWS19_S222_L003.20
1,FNMHLBE25hun.51
1,FSCDJY38.38
2,L1EFC230269_FXJCJ28_S153_L002.10
2,FeceGuXi150112.51
2,FGSZY45.101
1,FHNXY41.31
2,FSDLZ47.50
1,FSHXWN8.19
1,FGXGL63_FDME220052118-1a.55
2,FJSWX105.36
1,FQHXN64hun.125
2,L1EFC230372_FSHXBX62_S330_L004.113
1,FXJSW50.23
1,FAHWH20_FDME220050742-1a.107
2,M105F01.4
2,FXJSW38.33
