tree_group,mag
1,FJSWXJ7.82
1,FJLHD29.8
1,FHuBWH24.61
2,FGXGL40_FDME220052095-1a.39
1,FTJBH2.151
1,FHLJYC14.99
1,FeceHeNa26.9
1,L1EFC230298_FXJWS24_S224_L003.63
1,FSHHK26.45
1,FeceHuNa150137.10
1,FSDLZ02.29
1,FSDJN6.113
1,FJSNT20.77
2,FHNXY8.21
2,FXJYN36.108
1,FHLJYC26.84
1,FGSYC39.25
2,FGSZY48.145
2,FSCDYJ9.75
1,FSHHK10_FDME220054482-1a.43
1,FNMHLBE12.108
2,FSDQZ20.72
2,FCQTY064_FDME220051144-1a.62
1,FBJ44.35
1,FHLJZD43.71
1,FZJHZD18hun.15
1,FSHHK37_FDME220054506-1a.63
1,FJNDD16_FDME220051233-1a.101
2,FSHHK42_FDME220054511-1a.72
1,FGSZY9.4
2,FZJTZ25.93
2,M1C9.36
1,FSDLZ48.109
2,FSXTY60.43
2,FXJYN40.117
1,L1EFC230330_FTJS0027_S256_L003.89
1,FHLJYC19.27
2,FNMHLBE15.106
2,FNMHLBE10hun.49
2,FSXLL14.50
1,FCQTY010.56
NA,FSCPS68.127
1,FSCPS50.54
1,FSHHK38_FDME220054507-1a.26
2,FNXYCHL18.20
1,FSDLZ27.82
2,FGSYC80.1
2,FCQTY031_FDME220051125-1a.48
2,M1C6.213
1,FNXYCHL75.11
2,FZJTZ39.41
2,FZJTZ36.22
2,FSXLVLS6.55
2,FHNFQ31.86
1,FNMHLBE34hun.89
2,FSHCM99.16
1,L1EFC230327_FTJS0023_S253_L003.73
1,FSDJN62.6
2,FSDQZ15.95
2,FNXYCHL20.21
1,FNMHHHHT41.93
1,FeceHuNa150114_FDME220052265-1a.14
2,FJLHD37.154
1,FeceHeNa1.54
2,FAHBZ40_FDME220050717-1a.4
2,FNXYCHL8.39
1,FSDLZ47.22
1,FHNXY60.18
1,FNMHLBE30.126
2,FCQTY101_FDME220051173-1a.18
1,FHNFQ13.14
2,FHLJZD46.6
1,FJSWXJ13.69
2,FGXGL41_FDME220052096-1a.102
2,FHuBWH36.140
2,M106R01.34
2,FGSZY40.39
1,FJLHD44.85
1,FSHCM96.81
1,L1EFC230387_FSHXXA17_S345_L004.24
1,FJNDD5_FDME220051222-1a.86
1,FSHHK44.55
1,FTJS016.76
1,FGZ3M_FDME220051970-1a.70
1,FHBSJZ41_FDME220052232-1a.68
1,L1EFC230239_FHLJZD23_S84_L001.36
2,FGZ9M_FDME220051984-1a.1
2,FZJTZ40.99
2,FSDQZ6.98
1,FJSWXJ17.21
1,FFJLY78.7
1,FGXGL61_FDME220052116-1a.66
1,FSHXWN32.81
1,FSXTY19.1
1,FJXSRPYG1.2
2,FSXTY50.115
2,FSDJN31.76
1,FZJTZ6.23
1,FZJTZ41.10
2,FSHCM57.90
2,FHLJDQ10.97
1,FHLJZD45.98
2,FSHXBX65.105
2,FXJCJ21.125
2,FSXTY45.18
1,FZJTZ65.73
1,FHNXY29.61
