tree_group,mag
1,FHLJZD59.23
2,FZJTZ66.17
1,FJSWX97.46
1,FSXLL7.17
1,FXJCJ29.28
2,FZJTZ54.1
1,FSCPS33.71
2,FSCPS12.10
1,FXJKS2.63
1,FZJTZ2.73
1,FXJKS20.6
2,FSDLZ25.80
2,FCQNA16.30
2,FSCCD15.24
1,FZJTZ44.64
2,L1EFC230234_FHLJZD07_S79_L001.50
2,FHLJZD21.10
2,FHBSJZ40_FDME220052231-1a.28
2,FHuNHHMY30.57
1,FSDQZ18.61
1,FHuNHHMY6.33
2,FAHBZ28_FDME220050708-1a.15
2,FSCDJY93.3
1,FSHXBX157.9
2,FNXYCHL52.80
1,FXJKS27.78
1,FSDLZ46.39
1,FNXYCHL36.162
2,FJXSRPY55.105
2,FZJTZ58.55
2,FJLHD42.55
2,FJLHD24.34
2,FSHXBX152.39
1,L1EFC230311_FXJWS42_S237_L003.50
1,FXJYN23.26
1,FSCDJY22.49
1,FeceHuBe15015_FDME220052833-1a.1
2,FQHXN10.10
2,FNXYCHL49.61
2,L1EFC230251_FXJCJ01_S136_L002.48
2,FHuNHHMY52.75
NA,FJXSRPY25.9
2,FSHHK9.99
2,FAHWH24_FDME220050745-1a.6
2,FHLJZD40.61
2,L1EFC230236_FHLJZD14_S81_L001.114
2,FAHWH23_FDME220050744-1a.93
1,FAHWH38_FDME220050755-1a.43
1,FHLJZD15.41
2,FSHXBX4.43
1,FSCCD18hun.30
2,FHNFQ34.15
2,FJLHD44.17
1,FJXSRPY51.11
1,FSHHK6.27
1,FSHHK19_FDME220054489-1a.48
1,FSXTY31.31
1,L1EFC230269_FXJCJ28_S153_L002.54
2,FBJ36.47
2,FNMHLBE27.61
2,FSDQZ10.22
1,FXJKS25.96
1,FNMHLBE18.57
2,FHLJZD46.47
2,FHLJZD58.87
1,FXJKS19.152
2,FSDJN8.91
2,FJNDD16_FDME220051233-1a.71
2,FSHXWN11hun.9
2,L1EFC230239_FHLJZD23_S84_L001.20
1,FHLJZD52.87
2,FHLJZD11.32
2,FHLJZD24.49
2,FJLHD45.133
2,FAHBZ10_FDME220050692-1a.114
2,FNMHLBE16.8
1,L1EFC230280_FXJCJ46_S164_L002.17
2,L1EFC230233_FHLJZD05_S78_L001.55
2,FXJKS7.56
1,FSCPS3.69
1,FNXYCHL94.6
1,FHNFQ56.70
2,FHNXY26.13
1,FJXSRPY39.86
2,FNXYCHL38.31
1,FSCCD19.14
