tree_group,mag
1,FJSWXJ42.102
1,FSDJN51.87
2,FJLHD39.52
1,FZJHZD28.62
1,FJLHD32.6
1,FNMHLBE23.120
1,FNMHLBE13.52
1,FHuBWH23hun.109
1,FHLJZD53.90
1,L1EFC230372_FSHXBX62_S330_L004.9
1,FJSWX108.47
1,FJSWX87.39
2,L1EFC230388_FSHXXA20_S346_L004.63
1,FSCDYJ9.24
1,FNMHLBE8.80
1,L1EFC230242_FHLJZD30_S85_L001.22
1,FSDQZ19.184
1,FNMHLBE14.111
1,L1EFC230239_FHLJZD23_S84_L001.102
1,FQHXN76.137
1,FXJSW48.1
1,L1EFC230313_FXJWS45_S239_L003.145
2,FSXLVLS3.84
1,FAHBZ5_FDME220050687-1a.61
1,FJXSRPY43.13
1,L1EFC230355_FJXFC53_S313_L004.60
1,FSHHK34_FDME220054503-1a.38
1,FAHBZ40_FDME220050717-1a.103
1,FAHBZ57_FDME220050732-1a.29
1,L1EFC230243_FHLJZD33_S86_L001.24
1,FXJCJ57.56
1,FQHXN10.118
1,FSCPS11.125
1,FQHXN99.3
2,FNMHHHHT32.37
2,FNMHHHHT11.77
1,FXJSW21.24
1,FYNDL6.36
1,FNMHLBE25hun.15
1,FSHXBX157.118
1,FHuNHHMY69.121
1,FSDQZ20.113
1,L1EFC230363_FSHXBX41_S321_L004.77
1,FSXTY3.23
1,FJLHD44.181
1,FNMHLBE18.134
1,FSDJN60.15
1,FSXLL14.48
1,FNMHLBE12.111
1,FAHBZ60_FDME220050735-1a.34
1,FSDJN37.159
2,FTJBH53.26
1,L1EFC230387_FSHXXA17_S345_L004.60
1,FXJSW36.63
1,FSDQZ42.21
2,L1EFC230395_FSHXXA48_S38_L003.111
1,FTJBH7.74
1,FeceHuNa15017.121
1,FXJSW11.131
1,FZJTZ55.68
1,FNMHLBE9hun.115
2,FNMHLBE20.106
1,L1EFC230266_FXJCJ25_S150_L002.44
1,FSDQZ13.130
2,FSHHK9.67
2,FJLHD19.25
1,FSCDJY64.45
1,FHuNHHMY67.26
1,FGXGL6_FDME220052061-1a.90
1,FJXSRPY22.37
2,FSHHK29_FDME220054498-1a.41
1,FHLJYC16.29
2,FAHBZ25_FDME220050705-1a.16
1,FZJTZ54.81
2,FNMHHHHT33.78
1,FQHXN7.47
1,FNMHLBE16.25
1,FJXSRPY33.50
2,FAHBZ46_FDME220050723-1a.30
1,FSCCD11.71
1,FXJSW7.122
1,FGZ15M_FDME220051995-1a.63
1,FSDQZ33.31
2,FJLHD36.96
1,FJSWXJ23.7
1,FXJSW17.33
1,L1EFC230258_FXJCJ14_S143_L002.104
1,L1EFC230300_FXJWS27_S226_L003.60
1,FJXSRPY27.94
1,L1EFC230251_FXJCJ01_S136_L002.73
1,FSCCD9.79
1,FSXTY12hun.90
1,FSHCM55hun.20
1,FSDLZ09.90
1,FJXSRPY44.16
1,L1EFC230336_FJXFC07_S262_L003.69
1,L1EFC230307_FXJWS36_S233_L003.52
1,FSHHK12hun.37
1,FJSWX80.7
1,FJSWXJ1.65
1,FJSWX96.115
1,FJXSRPY54.69
1,FSDQZ30.48
1,FSCDJY31.88
1,L1EFC230236_FHLJZD14_S81_L001.74
1,FSHCM94hun.59
1,FBJ22.83
2,FTJBH52.39
1,FSCDJY22.12
1,FQHXN4.106
1,FQHXN14.160
1,FSHCM93.122
1,FSDQZ29.124
1,FSDQZ35.175
1,FSDLZ59.122
2,L1EFC230389_FSHXXA21_S347_L004.42
1,FJXSRPY8.138
2,FJLHD6.139
1,FSCCD6.35
1,L1EFC230351_FJXFC35_S309_L004.117
1,L1EFC230299_FXJWS26_S225_L003.108
