tree_group,mag
1,FSHHK27hun.8
1,FSCCD19.87
1,FJXSRPY26.43
2,FAHWH32_FDME220050750-1a.22
2,FAHWH36_FDME220050753-1a.36
2,FNXYCHL91.34
1,FSHCM9_FDME220054526-1a.8
2,L1EFC230234_FHLJZD07_S79_L001.22
1,FSCPS52.60
2,FCQNA39.46
1,FHNFQ17.4
2,FNXYCHL7.40
1,FAHWH42_FDME220050759-1a.53
2,FSHXBX142.21
1,L1EFC230265_FXJCJ24_S149_L002.38
1,FSCPS68.76
2,FSCCD17.13
2,FAHWH11.18
2,FNXYCHL39.95
2,M1DZ08.8
2,FQHXN5.12
2,FSHXWN11hun.31
2,FSHHK19_FDME220054489-1a.23
1,FYNLJ50.42
2,FSDQZ32.45
2,FJXSRPY23.43
2,FFJLY5_FDME220051242-1a.57
1,FGZ6M_FDME220051977-1a.52
2,FXJYN35hun.108
2,FSDLZ52.29
2,FHLJZD26.36
2,FZJTZ33.50
2,FCQNA10.7
2,FAHWH13_FDME220050739-1a.54
2,FSCCD15.73
2,FAHWH17_FDME220050741-1a.21
1,L1EFC230367_FSHXBX51_S325_L004.4
2,FGXGL68_FDME220052123-1a.43
2,FNXYCHL52.129
1,FHuNHHMY76.107
2,FSXTY32.39
2,FSCDJY12.92
2,FGDLZ34.46
2,FJXSRPY25.50
2,FHLJZD27.53
1,FXJCJ55.33
1,L1EFC230387_FSHXXA17_S345_L004.65
2,FAHWH39_FDME220050756-1a.94
1,FNMHLBE27.91
1,FGSYC28.43
2,FSCDJY94.148
1,FXJYN17.114
2,FJSNT55.32
1,FZJTZ42.33
