tree_group,mag
1,FCQTY085_FDME220051156-1a.81
1,FJSWX82.55
2,FZJHZ12.10
1,FJSNT27.43
2,FGZ33M_FDME220052033-1a.55
1,FCQTY024_FDME220051120-1a.26
1,FHNXY55.52
2,FSHXBX49.30
2,FAHBZ28_FDME220050708-1a.48
2,FNXYCHL33.108
1,M104R01.35
1,FHuBWH24.55
1,M1DZ10.48
1,FFJLY2.12
1,FSXTY21.47
1,FGZ37M_FDME220052037-1a.95
2,FGSZY48.115
1,M1DZ09.30
1,M1C6.217
1,FCQTY063_FDME220051143-1a.18
1,FZJHZD7hun.58
2,FBJ54.13
1,FBJ60.93
1,FGZ40M_FDME220052053-1a.134
1,FJXSRPY33.78
2,FSHXBX132hun.31
1,FSHXWN7.23
1,FSXLVLS17.3
2,FZJHZD23.25
2,FGXGL69_FDME220052124-1a.24
1,FCQJJ3.56
1,FHuNHHMY77.99
1,FSXLVLS15.96
1,FSHHK35_FDME220054504-1a.10
2,FXJYN17.31
2,FSHXBX25.53
2,FNMHLBE9hun.16
2,FZJHZD15.86
1,FNXYCHL9.6
2,FGXGL12_FDME220052067-1a.104
2,FZJTZ61.14
1,FGSZY37.45
1,M2CF19.69
2,FSHXBX145.55
1,FFJLY33_FDME220051262-1a.101
1,FHNXY22.33
2,FGXGL90_FDME220052145-1a.20
1,FSDQZ37.49
1,FJSWXJ37.26
1,FQHXN101.12
2,FeceHuBe150132_FDME220052848-1a.96
1,FSCDJY98.71
1,FGXGL97.64
2,FHuNHHMY39.27
2,FSHXXA16.64
1,FJNDD9_FDME220051226-1a.57
1,FSHXBX90.72
1,L1EFC230272_FXJCJ36_S156_L002.62
2,M2CF01.22
2,FGSZY23.66
1,FGXGL77_FDME220052132-1a.6
1,FGD18M_FDME220052004-1a.71
2,FHuNHHMY10.89
1,FSHXHZ21.17
1,FSDQZ5.57
2,SDHZD2.158
2,FSCDJY57.99
2,FSDQZ49.25
1,FQHXN84.59
2,FAHWH14.142
2,L1EFC230298_FXJWS24_S224_L003.30
2,FNMHLBE15.76
1,L1EFC230265_FXJCJ24_S149_L002.34
2,FSHXBX157.132
2,FHNFQ6.14
2,FSHXBX139.47
1,FXJYN9.125
2,FSXTY40.98
2,FSXLL10.55
1,FCQTY048_FDME220051133-1a.48
1,FeceHeNa33.85
2,FCQNA43.93
2,FeceHuNa150112_FDME220052263-1a.76
2,FZJTZ3.32
2,FSHCM75.106
1,FZJTZ68.132
1,FQHXN93.33
1,FCQTY014.43
1,FHuBWH23hun.118
1,FHNXY1.46
1,FGSZY56.20
2,FSDLZ41.56
1,FAHBZ51_FDME220050728-1a.57
1,FGDLZ9_FDME220051911-1a.69
1,FSCPS4.39
1,FGSYC30.51
2,FHuNHHMY61.27
1,FHLJYC32.104
1,FHNFQ2.56
2,FAHBZ7_FDME220050689-1a.26
1,FHNFQ13.42
1,FTJBH47.22
2,FJSWXJ24hun.31
1,FSCPS37.46
1,FGDLZ74.49
2,FHNXY23.14
1,FQHXN56.78
2,M202F01.17
2,FHBSJZ39_FDME220052230-1a.78
2,FJXSRPY37.90
1,FHBSJZ41_FDME220052232-1a.56
2,FSHXBX140.34
1,FSHXXA49hun.23
2,FFJLY3_FDME220051240-1a.50
2,FHNXY3.38
1,FZJJH15.25
1,FBJ30.116
2,FNXYCHL28.10
2,FSHXWN11hun.32
2,M2CF21.104
1,FJSNT45.32
1,FGDLZ50_FDME220051930-1a.14
1,FSHXWN27.5
2,FZJTZ15.59
1,FJSNT58.51
2,FXJYN10hun.40
1,FGSYC91.32
1,L1EFC230269_FXJCJ28_S153_L002.33
1,FSHHK31hun.30
1,FXJSW40.99
1,FXJYN7.55
2,FGXGL48_FDME220052103-1a.34
2,FZJHZD25.78
2,FGXGL65_FDME220052120-1a.98
1,FSDJN39.49
1,FHuBWH14.11
2,FGXGL14_FDME220052069-1a.38
1,FHuNHHMY67.37
2,FSDLZ37.28
2,FSXLL2.66
2,FGDLZ82_FDME220051960-1a.78
1,FNXYCHL53.132
2,FSHXWN21.1
2,FSHXHZ10.105
2,FCQTY047_FDME220051132-1a.8
1,FSHXWN35.18
2,M1C12.41
2,FSXTY19.39
1,FGDLZ19_FDME220051917-1a.123
1,FZJTZ16hun.94
1,FeceHuNa150122.18
1,FHLJYC2.82
1,FAHWH44_FDME220050761-1a.65
2,FNMHHHHT18.29
1,FGXGL16_FDME220052071-1a.195
1,FAHWH04.56
2,FeceHeNa11.29
1,L1EFC230301_FXJWS28_S227_L003.27
1,L1EFC230341_FJXFC14_S267_L003.95
1,FXJYN29.131
1,FZJTZ69.16
2,FHLJZD54.64
1,FCQTY067_FDME220051145-1a.29
2,FAHBZ39_FDME220050716-1a.64
1,FSHXBX98.103
1,FCQHC16.81
2,FCQTY073_FDME220051150-1a.26
1,FGXGL4_FDME220052059-1a.34
2,L1EFC230349_FJXFC31_S307_L004.19
2,FHuNHHMY76.71
1,FGSYC49.1
2,FNXYCHL91.10
2,FSHCM53.46
1,FSHCM72.25
2,FNXYCHL15hun.19
2,FSCPS92.84
2,FHLJYC39_FDME220052688-1a.35
2,FFJLY15_FDME220051249-1a.18
1,L1EFC230295_FXJWS19_S222_L003.69
2,FXJWS18.73
1,FTJBH17.79
1,FJNDD4_FDME220051221-1a.66
1,FJSNT72.69
1,FJND12_FDME220051204-1a.4
2,FGXGL107.4
2,FHuNHHMY60.92
1,FGSYC90.48
2,FHNFQ28.75
1,FSHXBX45.39
2,FHNXY10.54
1,FSXLVLS20.110
2,FAHBZ37_FDME220050714-1a.41
2,FSXTY1hun.126
2,FSDJN61.61
2,L1EFC230258_FXJCJ14_S143_L002.151
1,M2CF15.39
2,FHuBWH28.2
2,FAHBZ17.130
1,FGSZY28.60
1,FSHXWN15.123
2,FSHXWN19.5
1,FSHCM90.171
2,FSXLVLS3.67
2,FZJTZ25.35
2,FHNFQ5.102
1,FJSNT20.87
1,FJXSRPYG20.59
2,L1EFC230319_FTJS0003_S245_L003.29
1,FHuNHHMY85.33
1,FGSYC86.11
1,FGSYC28.22
1,FSCPS16.44
2,FSHHK38_FDME220054507-1a.109
2,FNXYCHL36.73
1,FGZ25M_FDME220052017-1a.48
2,FeceHuBe150117_FDME220052839-1a.59
1,FXJWS6hun.24
1,FYNLJ71.47
1,FSCPS36.129
2,FFJLY53_FDME220051276-1a.26
1,FHNXY32.33
2,FGSZY44.17
2,FGXGL58_FDME220052113-1a.43
1,FSHXBX122.34
1,FeceHuNa150139_FDME220052282-1a.64
2,FSHCM22_FDME220054537-1a.46
2,FBJ58.53
2,FSHCM84.16
1,FJSNT39.41
1,FYNLJ37.30
1,FBJ42.26
2,L1EFC230308_FXJWS37_S234_L003.34
1,HuNCS8.2
1,FTJBH33.85
2,FeceHuBe15013_FDME220052831-1a.46
1,FCQTY077_FDME220051152-1a.1
1,FGSZY24.3
2,FXJYN18.21
2,FGSYC83.20
1,FXJCJ4.39
2,FSDLZ56.120
2,FeceHuNa15011_FDME220052259-1a.43
1,FBJ50.93
1,FTJBH46.24
1,FHuNHHMY7.24
2,FTJBH93.47
1,FHLJZD51.51
2,FHBSJZ25.36
2,FSDLZ11.54
2,FHNXY9.49
1,FTJS036.91
1,FXJYN31.28
2,FSDLZ21.92
1,FGSYC72.55
2,FJSWXJ7.97
1,FSDJN60.46
1,FSHXBX131.55
2,FJSNT55.26
1,FJSNT15.102
2,FHLJZD2.50
2,FSXLVWS8hun.91
2,FSDLZ43.40
1,FSCCD3.85
1,FQHXN5.17
1,FGZ38M_FDME220052048-1a.62
1,FQHXN63hun.159
2,FSHXBX50.60
1,FNMHHHHT14.48
1,FHNXY27.5
2,FBJ2.83
2,FeceHeNa29.26
1,FeceHuNa150137.107
2,FAHBZ8_FDME220050690-1a.8
2,FJSWXJ34.9
1,FHuNHHMY3.62
1,FSHCM58.96
2,FQHXN20.42
2,FSXLVLS11.12
1,FHHMY84.44
1,FHLJDQ9.25
2,BJHD9.22
2,FAHWH38_FDME220050755-1a.40
2,FGSZY35.57
2,FSHHK46_FDME220054513-1a.68
1,FJXSRPY26.10
1,FSHXBX150.93
1,L1EFC230277_FXJCJ42_S161_L002.81
1,FSDJN20.143
2,FCQTY166_FDME220051197-1a.69
1,FGSYC71.18
2,FYNLJ68.98
1,FFJLY5_FDME220051242-1a.21
2,FZJJHD2.40
2,FGXGL60_FDME220052115-1a.43
1,L1EFC230324_FTJS0010_S250_L003.52
1,FSCPS68.126
1,FSDQZ10.37
2,FCQTY094_FDME220051171-1a.47
2,FeceHeNa7.176
2,FSHXHZ7.46
2,FHNFQ35.115
2,L1EFC230382_FSHXXA06_S340_L004.30
2,FAHWH05.25
1,FTJS032.30
1,FQHXN33.99
1,FXJYN2.64
2,FZJTZ5.91
2,FSCDJY55.25
1,FAHWH32_FDME220050750-1a.12
2,FHLJZD27.114
1,FQHXN92.31
1,FSDJN3.6
1,FSCCD11.80
1,FCQTY141_FDME220051183-1a.39
1,FJSWX86.22
1,FFJLY11_FDME220051248-1a.98
1,FTJBH74.22
2,FZJTZ10.31
2,JSYZ27.12
1,FAHBZ10_FDME220050692-1a.56
1,FSHCM79hun.35
1,FYNLJ21hun.37
1,FFJLY56_FDME220051237-1a.51
1,FSDJN9.18
1,FSXTY18hun.66
1,FZJHZD5.28
2,FGSYC39.3
2,FZJTZ60.12
2,L1EFC230288_FXJCJ64_S171_L002.85
1,FAHWH12_FDME220050738-1a.96
1,M1C2.36
1,FGDLZ68.82
1,FHuNHHMY1.58
1,FJXSRPY46.56
1,FGDLZ83_FDME220051961-1a.59
1,FHuNHHMY55.65
1,M2CF10.4
1,FSCPS45.90
1,FSHHK39_FDME220054508-1a.33
1,FHuBWH36.132
2,FNMHHHHT19.81
2,FGXGL43_FDME220052098-1a.28
2,FSHHK4.95
1,FSCCD17.16
2,FGDLZ48.35
2,FZJHZD6.28
2,FeceHuBe150112.34
2,FGSYC25.97
1,FCQTY162_FDME220051195-1a.62
1,FZJTZ23.10
1,FJSWX108.43
2,FHNFQ3.40
1,FSCDJY50.19
1,FJSWXJ43.62
1,FNXYCHL38.68
2,FAHBZ11_FDME220050693-1a.33
1,FHLJYC7.40
2,FNMHLBE32.45
2,FHBSJZ11.41
2,FXJCJ55.59
1,FCQTY016.18
1,FSDLZ27.50
2,FHLJZD57.24
2,FZJTZ38.16
1,FQHXN34.9
2,L1EFC230384_FSHXXA08_S342_L004.41
2,FSDJN58.44
1,FGSYC34.32
2,FJSWX76.15
1,FGZ29M_FDME220052027-1a.3
2,FXJYN37hun.56
2,M2CF16.45
2,FXJYN34.4
2,FSHXBX106.122
1,FSDLZ28.49
1,FHNXY20.104
1,FBJ4.60
1,FCQTY058_FDME220051138-1a.18
1,SDHZD7.22
2,FJSNT23.18
2,FAHBZ47_FDME220050724-1a.66
2,FCQTY072_FDME220051149-1a.64
1,FJND3_FDME220051161-1a.14
1,FHNXY11.46
2,FCQTY144_FDME220051184-1a.20
1,L1EFC230346_FJXFC22_S304_L004.51
1,FGSYC32.26
2,FSDQZ43.25
2,FCQTY101_FDME220051173-1a.43
2,FNXYCHL47.46
1,FSHXBX147.36
2,FTJS031.18
2,FSDLZ40.139
1,FeceHeNa20.43
1,FSHCM39.61
2,FSDQZ2.51
1,L1EFC230343_FJXFC19_S301_L004.35
1,FSHCM52.54
2,FSHXBX128.18
1,FCQTY104_FDME220051175-1a.41
1,L1EFC230355_FJXFC53_S313_L004.38
1,FJLHD16.131
2,FXJSW39.82
1,FSCPS95.49
2,FHLJYC21.95
1,FFJLY59_FDME220051278-1a.45
2,FYNLJ38.79
2,FHNXY62.75
2,FSHXBX19.7
2,M2CF18.57
2,FGXGL106.37
2,FHBSJZ36.36
2,FFJLY42.110
1,FeceGuXi15012.51
1,FSDLZ29.27
1,SDHZD4.32
2,FYNLJ51.88
1,FNMHHHHT13.36
2,FSHXBX124.29
1,FHuNHHMY32.122
1,FZJTZ39.54
1,FHBSJZ10.17
1,FHuNHHMY69.49
1,FSHCM99.50
1,FCQHC4.65
1,FSXTY32.66
2,FSHCM13_FDME220054530-1a.126
1,FBJ5.53
1,FSCCD8hun.19
1,FSHXBX142.43
1,FHLJZD49.88
2,L1EFC230379_FSHXXA03_S337_L004.17
2,FSDLZ58.6
2,FZJTZ24.23
2,FeceHuNa150135_FDME220052278-1a.29
1,FSHCM5_FDME220054522-1a.54
1,L1EFC230353_FJXFC44_S311_L004.33
2,FNMHHHHT21.79
2,FeceHeNa31.11
1,FSHXBX63.39
2,FQHXN55.75
1,FSXTY52.69
2,FSHXXA45.5
2,FHNXY5.19
2,FSHXWN32.26
2,SDHZD3.97
1,FeceHuBe150120.57
1,FTJBH86hun.26
2,FJSWX106.24
2,FJSWXJ12.57
2,FSHCM77hun.61
2,FHLJYC41.7
1,FAHWH28_FDME220050746-1a.37
1,FJXSRPYG7.50
1,FGSYC7.120
2,FHuNHHMY78.42
2,FSHCM89hun.23
2,FSHXBX47.81
1,L1EFC230273_FXJCJ38_S157_L002.59
1,FGSYC12.81
1,FFJLY46_FDME220051273-1a.74
1,FZJHZD2hun.6
1,FSHXBX126.53
1,FSHXBX166.145
1,FSHXBX134hun.25
2,FNMHHHHT7hun.6
2,FSHXBX44.72
2,FSDQZ23.94
1,FGXGL80_FDME220052135-1a.64
2,FNMHHHHT45.30
1,FJNDD13_FDME220051230-1a.47
2,FGSYC50.7
1,FGSYC51.64
1,FQHXN43.61
1,FXJYN35hun.4
1,L1EFC230285_FXJCJ59_S168_L002.17
2,FeceHuNa150134_FDME220052277-1a.20
1,FSDLZ54.16
2,FHBSJZ37.15
2,FJXSRPY10.68
2,FBJ57.41
2,FSXLL5.13
2,FTJS016.45
2,FSHHK29_FDME220054498-1a.58
2,L1EFC230278_FXJCJ44_S162_L002.52
2,FGDLZ47_FDME220051927-1a.80
1,FSDLZ06.19
1,FeceHuNa150145.4
1,FBJ37.6
2,FSHCM96.94
1,FSHXBX5.67
2,L1EFC230360_FSHXBX24_S318_L004.50
2,FSHCM11hun.54
2,FCQTY154_FDME220051190-1a.43
1,FJSWXJ14.122
1,FNMHHHHT17.81
2,FCQTY159_FDME220051194-1a.72
1,FCQNA17.17
1,FGXGL94.7
2,FXJSW15.138
2,FTJBH4.51
1,FSHCM15_FDME220054532-1a.71
2,FHNFQ63.99
1,FHuNHHMY68.33
2,FQHXN102.117
1,FJSWX99.48
2,FSDJN7.127
2,L1EFC230300_FXJWS27_S226_L003.83
1,FGXGL75_FDME220052130-1a.91
2,FGXGL61_FDME220052116-1a.101
2,FCQTY021_FDME220051118-1a.15
2,FNXYCHL46.77
2,FSDQZ7.22
2,FGZ27M_FDME220052023-1a.13
1,FGSYC18.30
1,FGSYC65.11
2,FNMHHHHT32.55
2,FZJHZD18hun.23
2,FSDLZ34.42
2,FGZ5M.57
2,FCQNA11.76
2,FFJLY8_FDME220051245-1a.4
2,FSHXBX20.93
2,FCQTY022_FDME220051119-1a.72
1,FHLJYC30.26
1,FTJBH_17.122
2,SDHZD14.13
1,FeceHeNa4.68
2,L1EFC230381_FSHXXA05_S339_L004.23
1,FYNDL2.15
1,FSHCM100.94
1,FQHXN107.78
1,FAHBZ30_FDME220050710-1a.24
1,FCQTY078_FDME220051153-1a.8
2,FSDLZ15.78
1,FCQTY123_FDME220051180-1a.20
2,FCQNA10.3
1,FSXTY38.20
1,FAHBZ23_FDME220050703-1a.62
1,FHBSJZ13.48
1,FAHWH36_FDME220050753-1a.8
2,FNMHLBE25hun.64
2,FGXGL30_FDME220052085-1a.50
2,FHLJYC34.70
1,FJND9_FDME220051201-1a.88
2,FHuNHHMY75.46
2,FBJ20.20
1,M1DZ12.93
1,FGXGL31_FDME220052086-1a.77
2,FZJTZ55.25
2,FNXYCHL24.153
1,FGZ9M_FDME220051984-1a.36
1,FZJTZ41.12
2,FJSNT8.49
1,FGDLZ58.33
2,FSHCM61hun.40
2,FGDLZ84_FDME220051962-1a.170
1,FSDJN32.35
1,FHBSJZ31.81
2,FYNLJ70.57
2,NMGHHHT3.18
1,FAHBZ9_FDME220050691-1a.15
1,FGXGL17_FDME220052072-1a.65
1,FCQTY059_FDME220051139-1a.32
1,FHNFQ16.61
2,M207F02.60
2,FJLHD23.92
1,L1EFC230330_FTJS0027_S256_L003.73
2,FFJLY75.76
2,FHLJZD53.48
2,FSHXBX163.88
2,FSXLVLS21.40
1,FXJYN39.35
1,FYNLJ48.11
1,FTJBH59.13
1,FeceHeNa23.41
1,FBJ48.11
2,FSXLVLS19.8
2,SDHZD11.62
1,FHBSJZ8.12
2,FCQTY076_FDME220051151-1a.29
1,FJSWX101.29
1,FXJWS29.42
2,FHNXY60.119
2,FGDLZ70.10
2,FeceHuNa150113_FDME220052264-1a.15
1,FXJSW48.140
1,FAHWH42_FDME220050759-1a.77
1,FBJ67.74
1,FSHHK7_FDME220054481-1a.26
1,FeceHuNa150114_FDME220052265-1a.91
2,FSHHK26.19
1,FQHXN7.128
1,FHuNHHMY20.19
1,FSHXWN37hun_FDME22H000410-1a.25
1,FJSWX96.34
1,FYNDL3.36
2,FSCDJY53.37
1,FHBSJZ61_FDME220052252-1a.16
1,FNMHLBE8.18
2,FHLJZD3.10
2,FJNDD6_FDME220051223-1a.48
2,FGD17M_FDME220052001-1a.38
1,FJSWXJ20.26
2,FSHXWN10.57
2,FSDJN46.2
1,FHLJYC38_FDME220052687-1a.56
1,FGSZY52.55
1,FFJLY1_FDME220051239-1a.37
1,FAHWH20_FDME220050742-1a.33
2,FCQTY108_FDME220051178-1a.17
1,FSXTY33hun.41
1,FHuBWH25hun.43
2,FGDLZ52.16
2,FSXTY2hun.47
1,M2CF11.93
2,FGD19M_FDME220052006-1a.49
2,FHNXY14.21
1,FSCPS12.54
1,FGDLZ33_FDME220051920-1a.31
1,FSHXWN33.5
2,FHuNHHMY22.16
1,FeceGuXi15019.51
2,FHNFQ47.54
1,FSHXWN13hun.6
1,FCQNA27.22
2,FSHXBX38.17
2,FSHCM7.91
1,FNXYCHL12.42
2,FGSYC61.32
2,FCQNA2.19
2,FHuNHHMY16.71
1,FHBSJZ34.91
1,FeceHuBe150123_FDME220052844-1a.90
2,FNMHHHHT33.11
2,FBJ9.15
1,M128R01.4
1,FXJKS29.49
2,FSXTY53.74
2,L1EFC230340_FJXFC13_S266_L003.21
1,FGDLZ79_FDME220051957-1a.49
1,FCQNA40.43
2,FGSZY34.76
2,FHNXY2.38
1,FCQTY012.48
2,FSHCM97.78
2,FZJTZ58.56
2,SDHZD1.79
2,L1EFC230327_FTJS0023_S253_L003.39
1,FGXGL8_FDME220052063-1a.85
1,FSHCM21_FDME220054536-1a.103
1,FJSWXJ18.39
1,FHNFQ14.37
2,FYNDL13.72
1,FSHXBX74.24
1,FeceHeNa6.67
2,HuNCS3.42
2,FSHXBX14.85
2,FSHXBX125.34
2,FSCPS61.73
2,FZJTZ4.43
2,FTJBH82.17
1,FSHCM86hun.42
2,FNXYCHL58.82
1,FQHXN99.2
2,FSHHK49_FDME220054516-1a.139
1,FGXGL36_FDME220052091-1a.42
2,FJXSRPY15.27
2,FSHXBX161.74
2,FHNXY48.12
2,FeceGuXi15011.36
2,FTJS017.13
2,FCQTY006.22
1,FFJLY32_FDME220051261-1a.62
1,FXJYN5.20
1,FHLJYC26.47
1,FSHXWN34hun_FDME22H000409-1a.2
2,FeceHeNa22.13
2,FCQTY069_FDME220051146-1b.34
1,FQHXN61hun.127
1,FXJWS7.127
2,FBJ19.69
1,FAHWH10.27
1,FTJBH65.66
2,FHuNHHMY9.9
2,FZJTZ34.35
1,FBJ11.43
1,M130R01.52
2,FTJBH83.79
1,FNMHHHHT27.36
2,FBJ1.66
1,FSHHK20hun.2
2,FJXSRPY29.23
1,FGSZY21.85
1,FSCPS81.50
2,FNMHLBE1.113
2,FHLJYC24hun.80
1,L1EFC230356_FJXFC54_S314_L004.8
2,L1EFC230315_FXJWS47_S241_L003.4
1,FTJBH48.101
1,FJSNT14.41
1,FSHHK24hun.18
1,FXJKS33.35
1,SDHZD15.41
2,FeceGuXi150115.34
2,FSHCM42hun.96
1,FSXTY3.22
2,FSXLVLS9.65
1,FSHXBX80.30
2,FSHXBX78.124
2,FJSNT18.60
2,FSDLZ04.12
2,FHNXY33.42
2,FBJ41.24
2,FJSWXJ29.36
1,FJSWXJ16.22
1,FSHXBX130.74
2,FSXTY58hun.2
1,FSHCM51.84
2,FJSNT40.34
1,FSHXHZ1.61
2,L1EFC230378_FSHXXA02_S336_L004.25
2,L1EFC230336_FJXFC07_S262_L003.77
1,FGXGL74_FDME220052129-1a.116
1,FQHXN39.6
2,FGSZY55.47
1,L1EFC230318_FTJS0001_S244_L003.4
2,FSCCD21hun.28
2,FJSNT36.85
2,FSHHK37_FDME220054506-1a.27
2,FSHXBX4.84
2,FGSZY33.60
2,FJSWX100.26
1,FSDLZ01.139
1,M105F01.134
2,FJSWXJ4.76
2,FHuNHHMY19.59
1,FJLHD19.68
2,FNXYCHL42.49
1,FQHXN37.23
1,FHLJYC9.49
2,FSDJN2.39
2,FJSWX87.43
1,FFJLY29_FDME220051259-1a.30
1,FSHXBX103.41
2,FSDLZ17.33
2,FSDQZ21.116
1,FCQTY157_FDME220051193-1a.47
1,FGSYC45.3
1,FGXGL89_FDME220052144-1a.43
1,FSHXHZ14.20
2,FGSZY46.98
1,FFJLY6_FDME220051243-1a.49
2,FHBSJZ58.3
1,FGSYC44.3
2,FJSNT31.79
2,FAHWH02.68
2,FHuBWH2.36
1,FGSZY2.67
1,FGZ36M_FDME220052036-1a.22
1,FAHBZ42_FDME220050719-1a.104
1,FSXTY48hun.48
2,FFJLY58_FDME220051277-1a.22
1,FHBSJZ21.32
1,FFJLY7_FDME220051244-1a.25
1,FCQNA14.26
2,FXJYN1.32
2,FXJSW20.84
2,FSHCM2.4
2,FNMHLBE33.108
2,FSHCM95.42
1,FSHXBX37.7
2,FHNFQ54.75
2,FCQNA6hun.95
1,FSHXBX33.7
1,FGSYC46.3
2,FGSZY26.70
1,FFJLY17_FDME220051250-1a.93
2,FJSNT43.30
2,FHBSJZ4.12
1,FSXLL17.125
2,FHuNHHMY47.28
2,FSHHK10_FDME220054482-1a.36
1,FeceHuNa150124_FDME220052272-1a.4
1,FSHHK44.6
2,FSHCM38.82
1,FXJYN23.106
2,FSDJN17.25
2,FGXGL18_FDME220052073-1a.42
2,FAHWH18.14
2,FSXTY34.30
1,FSCCD1hun.3
1,FSCPS31.40
2,FHLJYC13.53
2,FSCDJY94.99
2,FSHXXA30.26
1,FSCPS46.21
2,FJXSRPYG18.19
1,FCQTY054_FDME220051137-1a.7
2,FYNLJ72.51
1,FSHXWN22.29
1,FSCDJY49.27
1,FAHBZ34.31
2,L1EFC230331_FTJS0028_S257_L003.39
2,FJNDD17_FDME220051234-1a.81
1,FTJBH52.45
2,FCQTY106_FDME220051177-1a.57
1,FJXSRPY12.40
2,FCQTY064_FDME220051144-1a.64
2,FBJ55.26
1,FYNDL7.20
2,FJXSRPY44.37
2,L1EFC230333_FTJS0033_S259_L003.89
2,FGDLZ20.23
1,FHuNHHMY34.27
1,FYNLJ56.101
2,FXJYN19.31
2,FAHBZ20_FDME220050700-1a.72
1,FNXYCHL88.23
1,L1EFC230342_FJXFC16_S268_L003.64
1,FGXGL100.61
1,FJNDD19_FDME220051236-1a.43
1,FGDLZ6.54
2,FSCPS52.84
1,FGSYC73.30
1,FGSYC48.17
2,FCQTY039_FDME220051129-2a.64
2,M2CF07.30
2,JSCZD6.23
1,FSHXHZ18.11
2,FJXSRPY54.9
2,FHBSJZ16.20
1,FJSWX89.55
1,FNMHLBE10hun.22
2,FJSWXJ22.24
1,FSHHK33hun.74
1,M2CF05.4
2,FXJYN3.93
1,FSHCM12_FDME220054529-1a.12
1,FGXGL64.30
1,FSDJN19.52
1,FQHXN97.135
1,M214F02.32
1,FGXGL47_FDME220052102-1a.51
1,FGXGL2_FDME220052057-1a.93
1,FNXYCHL70.73
2,FSHHK18hun.51
1,FSDJN12.172
1,FZJTZ35.33
2,FCQTY105_FDME220051176-1a.20
2,FSHHK42_FDME220054511-1a.40
2,FSHXBX148.18
2,FSHCM69.40
1,FGZ32I2_FDME220052032-1a.36
1,FZJJH11.92
2,FHuNHHMY37.37
2,FSCDJY38.7
1,FGSZY8.52
2,L1EFC230299_FXJWS26_S225_L003.61
2,L1EFC230259_FXJCJ15_S144_L002.2
1,FCQTY088_FDME220051167-1a.26
2,FSDLZ59.118
2,FHBSJZ33.11
1,FBJ32.26
2,FZJTZ43.71
2,FGXGL49.106
1,FHLJZD15.36
2,FQHXN60hun.37
2,FGXGL96.18
2,FQHXN108.44
1,M122R01.42
1,FGXGL6_FDME220052061-1a.76
2,FSHCM17_FDME220054534-1a.67
2,FSDLZ33.54
1,FHBSJZ57_FDME220052248-1a.96
1,FHLJYC40.41
2,FHNXY28.38
1,FXJSW12.49
1,FCQJJ2.6
2,FJSWX103.13
1,FYNDL28hun.176
2,FJXSRPY43.59
2,FeceHeNa16.55
2,FZJTZ18.71
1,FXJCJ53.42
1,FXJKS12.73
1,FGSYC69.39
1,FJSWXJ15.43
2,FJLHD5.27
2,FZJTZ62.111
2,FSDQZ18.121
2,FHuNHHMY57.86
2,FTJBH51.20
2,L1EFC230390_FSHXXA28_S33_L003.74
2,FXJCJ31.111
1,FeceHuBe15015_FDME220052833-1a.31
2,FJSNT28.83
2,FGSZY14.17
1,FHLJYC15.110
1,FQHXN113.108
1,FJSNT6.52
1,FZJHZD8.54
2,FeceHuBe15018_FDME220052836-1a.27
2,FZJTZ13.12
1,L1EFC230347_FJXFC25_S305_L004.16
1,FJND18_FDME220051209-1a.18
1,FAHWH08.59
2,FSDQZ32.73
2,FSXLVWS2hun.85
2,FHNFQ9.23
2,FJSWX80.39
2,FSHHK9.43
2,FSDQZ14.42
1,FZJTZ20.113
2,FTJBH29hun.24
2,FJSWX72.8
2,FZJJH12.96
2,FSCPS39.46
2,FFJLY43_FDME220051271-1a.98
1,L1EFC230302_FXJWS31_S228_L003.122
2,FJSWXJ2.85
2,FJSNT30.95
1,FSCDJY73.8
2,FSXTY20.66
1,FAHBZ25_FDME220050705-1a.39
1,M2CF13.85
1,FAHWH24_FDME220050745-1a.75
2,FSHHK45.56
1,FSHXWN20.32
2,FQHXN57.10
2,FGDLZ4_FDME220051908-1a.24
2,FSCPS35.24
2,FSHHK19_FDME220054489-1a.27
1,FGSZY16.146
2,FSDQZ36.72
2,FGXGL22_FDME220052077-1a.83
2,FXJKS9.10
2,FGXGL102.83
2,FGSZY29.67
1,FGXGL68_FDME220052123-1a.40
1,FGDLZ78_FDME220051943-1a.51
1,FJSNT60.105
2,FSHHK50_FDME220054517-1a.18
2,L1EFC230389_FSHXXA21_S347_L004.72
1,FSDLZ09.81
2,FHNFQ27.60
2,FZJHZD12.81
2,FSHXHZ5.48
1,FNMHHHHT23.16
2,FZJTZ31.22
2,FGDLZ17_FDME220051916-1a.3
2,FSHXBX123hun.20
2,FXJCJ19.106
2,SDHZ11.44
1,L1EFC230387_FSHXXA17_S345_L004.126
1,FGDLZ63_FDME220051944-1a.13
1,FJNDD10_FDME220051227-1a.16
2,FSHHK2.73
1,FGXGL50_FDME220052105-1a.68
2,FJSWXJ21.110
2,FSDLZ13.53
2,JSCZD12.58
2,FSHCM98.62
1,M1C7.33
1,FZJTZ2.40
1,FXJYN41.62
2,FSHXBX167.131
1,FHNXY57.122
1,FQHXN64hun.81
1,L1EFC230326_FTJS0013_S252_L003.48
1,FSXLVLS13.55
1,FQHXN49.34
1,FSHXBX143.65
2,FHNXY21.62
1,FHNFQ12.79
2,FJSWXJ41.35
2,L1EFC230350_FJXFC33_S308_L004.60
1,FXJKS40.39
2,FHNXY40.9
2,FSDQZ38.74
2,L1EFC230352_FJXFC43_S310_L004.37
1,FJSNT25.35
2,FBJ69.65
1,L1EFC230264_FXJCJ23_S148_L002.60
2,FHNFQ33.6
2,FZJHZ14.20
2,FSHXBX138.31
2,FNMHHHHT22.78
2,FCQJJ4.8
2,FTJBH73.49
2,FHLJYC33_FDME220052682-1a.45
2,FSDJN10.45
1,FXJSW16.58
1,FCQTY009.28
1,FSHXBX135hun.5
1,FAHBZ19.6
2,FYNLJ60.31
2,FSHXXA19.61
1,M2CF03.31
1,FSHHK27hun.46
2,FSHHK28_FDME220054497-1a.166
1,FGSZY41.52
1,FSHXHZ11.73
1,L1EFC230383_FSHXXA07_S341_L004.74
1,FQHXN79.48
2,FSDLZ12.93
2,FTJBH100.5
2,FeceHuBe150119_FDME220052841-1a.107
1,FGXGL29_FDME220052084-1a.1
1,FSHXHZ13.78
1,FeceHeNa17.35
1,FXJYN8.19
2,FNXYCHL7.63
1,FCQTY156_FDME220051192-1a.10
1,FSDJN23.1
2,FBJ45.65
1,FGDLZ56_FDME220051936-1a.66
2,FSHXWN12.12
1,FSHXBX152.1
2,FTJBH14.75
1,FCQNA15.33
2,FHNXY16.15
1,FJNDD1.18
2,FBJ65.115
1,FXJKS47.36
1,FSDQZ42.85
1,FHNXY31.2
2,FGSYC16.35
2,FHuNHHMY13.173
2,FSHCM82.36
2,FSHXBX27.31
2,FeceGuXi150113.52
1,FeceHuNa150120_FDME220052269-1a.16
2,FNXYCHL19.22
1,FHNXY19.20
2,FSCDJY67.165
2,FSCCD18hun.43
2,BJCP1.27
1,FGDLZ64_FDME220051945-1a.87
1,FSCPS49.26
2,FXJSW11.53
2,FHNXY36.30
2,FSXTY14.27
1,FHuBWH5.23
2,FGXGL42_FDME220052097-1a.18
1,FJXSRPYG4.79
2,FSDJN25.11
2,FSHCM14_FDME220054531-1a.100
2,FQHXN9.1
1,NMGEL4.12
1,FSHHK30_FDME220054499-1a.73
2,FGXGL87_FDME220052142-1a.99
2,FCQTY031_FDME220051125-1a.126
1,FeceHuNa150140_FDME220052283-1a.28
1,FNMHLBE6.6
2,FJXSRPYG1.51
1,FJSWX77.56
1,FBJ34.38
2,SDHZD12.14
2,FNMHHHHT41.133
1,FFJLY78.16
2,FHuBWH12.21
2,FSHXWN14.73
2,FTJBH25.67
2,FAHWH43_FDME220050760-1a.57
2,SDZB2.29
2,FQHXN14.124
1,FHHMY5.18
1,FeceHeNa2.36
2,FSHCM4hun.108
1,FHBSJZ55.10
1,FGZ30M_FDME220052028-1a.67
1,FBJ14.68
1,FeceHuBe150122_FDME220052843-1a.51
2,FNXYCHL51.26
1,FSXLVLS25.39
1,FJLHD55.51
1,FSXTY35.44
2,FSDJN29.41
2,FGDLZ53.32
1,M129R01.64
1,FGXGL34_FDME220052089-1a.51
1,FXJKS30.22
1,FJSNT11.33
1,FHBSJZ18.10
2,FZJTZ33.29
2,FSHXXA35.59
1,FSHXBX79.78
2,FXJKS10.91
1,FNMHLBE29.42
2,FNMHHHHT11.38
1,FFJLY64.42
2,FBJ26.27
1,FYNLJ58.16
1,FJSWX81.2
1,L1EFC230266_FXJCJ25_S150_L002.105
1,FXJSW5hun.106
2,FXJSW32hun.140
1,FHBSJZ14.21
2,FHuBWH37.19
1,FAHWH37_FDME220050754-1a.47
2,FQHXN45.20
1,FJXSRPYG41.2
1,FHNFQ26.98
2,FSHXXA47hun.22
1,FGSZY9.43
2,FAHBZ29_FDME220050709-1a.40
1,FCQTY007.5
1,FGD16M_FDME220051998-1a.61
1,FeceHuNa15016.38
1,FSDLZ42.109
2,FSDQZ11.58
2,FYNDL23hun.39
1,SDHZD13.111
1,FSXLL18.1
2,FHLJYC1.69
1,FCQNA18.19
1,FSCPS54.24
2,FFJLY10_FDME220051247-1a.112
1,FGZ6M_FDME220051977-1a.25
2,FTJBH11.49
1,FGSZY4.51
2,FSCPS69.13
2,FSDQZ31.55
1,FAHBZ3_FDME220050685-1a.61
2,FSDLZ30.114
1,FAHWH40_FDME220050757-1a.32
1,FNXYCHL44.32
2,FHBSJZ17.6
1,FGXGL3_FDME220052058-1a.101
2,FJSWXJ8.10
1,FeceHeNa1.32
2,FCQTY145_FDME220051185-1a.68
1,FHuBWH8.25
2,FGZ3M_FDME220051970-1a.146
2,FHuBWH30.42
1,FGSYC41.38
1,FAHWH01.66
2,FXJYN24.24
2,FHuBWH39.12
1,FQHXN4.21
2,FSDJN14.62
1,FFJLY26_FDME220051256-1a.14
1,FGDLZ81_FDME220051959-1a.93
2,FHLJYC12.80
1,FCQTY109_FDME220051179-1a.6
2,FJSWXJ30.59
2,FAHWH31.13
2,FQHXN106.4
2,FTJS022.10
2,FZJTZ1.38
1,FZJTZ50.76
1,FSHXWN5.5
2,FeceGuXi150116.67
2,FXJSW46.5
2,FSDQZ3.52
1,FBJ61.37
1,FAHBZ46_FDME220050723-1a.67
2,FSXLVWS9.1
1,FHNFQ55.55
2,FYNLJ65.75
1,FHuNHHMY15.32
1,FZJTZ30.34
2,FeceHuNa150111_FDME220052262-1a.75
1,FHNFQ40.51
1,FGSZY25.63
1,FXJWS30.45
1,FHLJDQ8.13
2,FSHXBX112.14
2,FGXGL52_FDME220052107-1a.8
2,FHuBWH16.23
1,FSHXBX141.7
2,FJXSRPY24.95
2,FAHBZ31_FDME220050711-1a.108
1,M116R01.70
2,FGXGL78_FDME220052133-1a.12
1,FTJBH39hun.25
2,L1EFC230309_FXJWS39_S235_L003.102
1,FAHBZ32_FDME220050712-1a.52
1,FNMHHHHT28.44
1,FNXYCHL13.53
2,FSHXBX61.73
2,FQHXN103.51
2,FJSNT61.54
2,FHHMY63.93
1,BJHD3.27
2,FGDLZ69_FDME220051950-1a.30
2,FJSNT5.69
2,FHNXY47.70
2,FCQTY025_FDME220051121-1a.37
1,FCQTY070_FDME220051147-1a.103
2,FSDLZ48.95
2,FAHBZ52_FDME220050729-1a.44
1,FSDJN1.84
1,FSDLZ57.36
1,FGDLZ11_FDME220051913-1a.22
2,FQHXN105.30
2,FHBSJZ48_FDME220052239-1a.8
2,FJLHD27.15
1,FHuNHHMY53.41
1,FHNXY13.41
1,FJSNT32.27
1,FAHWH41_FDME220050758-1a.36
2,FXJKS42.76
1,FSCPS25.60
2,FHNXY46.115
2,FSHXHZ9.48
1,FSHHK16_FDME220054486-1a.127
2,FQHXN32.55
2,FHNXY41.58
1,FNXYCHL63.29
1,FQHXN36.13
2,FJSNT16.9
1,FHNXY51.60
2,FHNXY6.39
1,FCQTY149_FDME220051188-1a.19
2,FYNLJ22hun.130
1,FCQTY062_FDME220051142-1a.50
1,FGXGL23_FDME220052078-1a.112
1,FTJS019.56
1,FYNDL21hun.98
2,FZJHZD17hun.8
1,L1EFC230339_FJXFC12_S265_L003.84
1,FSHXHZ25.35
1,FHNXY50.47
1,FSXTY39.31
1,FNXYCHL29.22
2,FCQTY036_FDME220051128-1a.25
2,FJSWX104.33
2,FSHXBX53.82
2,FZJTZ52.125
2,FXJSW47.29
2,FHLJZD19.38
2,FSDJN37.66
1,FAHWH23_FDME220050744-1a.83
1,FBJ63.59
1,FSCDJY63.20
1,FGXGL45_FDME220052100-1a.1
2,FSDJN33.119
2,FTJS030.56
2,FHBSJZ51.4
1,FXJYN32.29
1,FSCDYJ9.69
1,FSDLZ16.13
2,FSDJN43.13
1,FGXGL28_FDME220052083-1a.5
2,FSHXBX169.68
1,FSXTY13hun.56
2,FJXSRPYG32.32
2,FSHHK47_FDME220054514-1a.24
2,FJXSRPYG19.11
1,FQHXN15.26
1,FQHXN109.87
2,FJSWXJ19.49
2,FSHXBX162.46
2,FXJYN16.13
2,FHuNHHMY64hun.107
2,FSHXBX43.86
1,BJHD2.28
2,FXJYN36.32
2,FZJTZ8.126
2,FHLJYC4hun.49
2,FGXGL84_FDME220052139-1a.56
1,FCQTY155_FDME220051191-1a.86
2,FSDQZ19.53
2,L1EFC230332_FTJS0029_S258_L003.73
2,FHuNHHMY83.47
2,FSCDYJ6.74
2,FCQTY148_FDME220051187-1a.100
2,FHNFQ53.55
2,FHLJYC25.28
2,FSXTY60.90
2,FZJTZ7.38
1,FeceHuNa150142_FDME220052285-1a.12
1,FHNFQ32.102
1,FAHBZ6_FDME220050688-1a.9
2,FSXLVLS14.57
1,FYNLJ23hun.45
2,FJLHD18.93
2,FSHHK34_FDME220054503-1a.34
1,FJXSRPY13.83
1,FSXLL7.3
1,FXJYN25.22
1,FCQTY033_FDME220051126-1a.23
1,FCQTY079_FDME220051154-1a.23
1,FJSWX105.8
2,FHuBWH29.56
2,FZJHZD1hun.50
1,FeceHuNa150123_FDME220052271-1a.75
2,FJSWXJ17.80
1,FSHXBX66.44
2,FJSWXJ28.77
2,FJSNT71.54
1,L1EFC230325_FTJS0011_S251_L003.2
2,FGXGL108.39
2,FSXLL3.3
1,FSXLVLS7.18
2,FSHXBX155.68
1,FCQNA42.52
1,FHBSJZ23.67
1,FXJYN21.64
1,FJXSRPY6.10
1,FSHHK41_FDME220054510-1a.102
2,FSDLZ44.123
1,FSHXXA27.63
1,FNMHHHHT44.42
2,FJSNT3.30
2,FBJ40.3
1,FQHXN26.13
2,L1EFC230320_FTJS0005_S246_L003.18
2,FGXGL35_FDME220052090-1a.1
1,JSCZD7.95
2,FSCCD14hun.83
2,FCQTY030_FDME220051124-1a.78
2,FTJBH5.35
2,SDWF3.7
1,L1EFC230380_FSHXXA04_S338_L004.31
1,FeceHuNa150138_FDME220052281-1a.3
1,FGSYC6.87
2,FGSZY12.92
1,FTJBH28.50
2,FQHXN22.55
1,FGZ15M_FDME220051995-1a.93
2,FTJBH41.46
1,FJXSRPY21.72
1,FGZ10M_FDME220051987-1a.7
1,M123F01.34
2,FHLJYC35_FDME220052684-1a.43
1,FFJLY25.42
2,FQHXN40.30
1,FGXGL76_FDME220052131-1a.1
1,FHBSJZ44_FDME220052235-1a.91
2,FGXGL26_FDME220052081-1a.13
1,FSXTY41hun.31
1,FHuNHHMY70.74
2,FGSZY40.78
2,FGSZY27.35
1,FBJ16.115
1,L1EFC230366_FSHXBX48_S324_L004.15
1,FTJBH64.3
1,FAHBZ36.100
2,FAHWH25.6
2,FHLJDQ12.128
2,FJSNT46.9
1,FGDLZ66_FDME220051947-1a.74
1,FSDQZ24.93
1,FSDLZ24.70
1,FGZ12M_FDME220051990-1a.48
1,FSHXBX9.17
1,FSDQZ17.18
1,FZJTZ29.39
1,L1EFC230334_FJXFC03_S260_L003.58
1,FSHCM20_FDME220054535-1a.81
1,FSDLZ45.13
2,FSDJN51.24
2,FSDJN18.66
2,FCQTY089_FDME220051168-1a.38
2,FSCCD4.19
2,FSHXWN4hun.33
2,FGDLZ54.51
2,FGXGL32_FDME220052087-1a.168
2,FZJHZ8.10
1,FNXYCHL6.3
2,FSHXWN30.54
1,FZJHZ24hun.1
2,FJSNT24.56
1,FQHXN1.75
1,FNXYCHL26.150
1,M2CF14.27
2,FTJBH55.61
1,FQHXN78.85
2,FJSNT64.40
2,FSDQZ26.57
1,FSHXBX12.119
2,FJSNT35.14
1,FCQTY049_FDME220051134-1a.78
1,FSHCM87.76
2,L1EFC230393_FSHXXA37_S36_L003.51
1,FSHCM57.87
1,FHBSJZ5.57
2,JSCZD5.41
2,FSHCM56.53
2,FZJTZ64.39
2,FHNXY53.20
1,FSHXXA14.46
1,FCQTY102_FDME220051174-1a.68
1,L1EFC230357_FJXFC55_S315_L004.11
1,FGDLZ85.81
1,FXJYN11.43
1,FFJLY47.35
1,FFJLY35.4
1,FAHWH33.57
1,FNMHHHHT10.82
1,FQHXN27.22
1,FSDLZ25.7
1,FYNLJ7.71
2,SDHZD10.10
2,FeceHuNa15019.67
1,FBJ51.75
2,FTJS020.50
1,M1C1.5
1,FGSZY50.42
2,FHBSJZ40_FDME220052231-1a.76
1,FHLJDQ11.31
1,FCQTY140_FDME220051182-1a.23
1,FZJTZ11.125
2,FHLJZD26.9
1,FeceHuNa15012_FDME220052260-1a.38
1,FZJTZ6.117
2,FeceHuNa150118_FDME220052267-1a.14
1,FJNDD2_FDME220051219-1a.21
1,FHLJYC14.82
2,FHLJYC29.134
2,FNXYCHL39.163
2,FHBSJZ26.14
2,FCQTY053_FDME220051136-1a.6
1,FSHXBX22.16
2,FTJBH50.1
1,FXJWS20.53
2,FJSWXJ25.144
2,FTJBH15.65
1,FSXTY51hun.118
2,FTJBH35.31
2,FHLJYC19.94
2,FJXSRPY22.74
1,FGSZY32.27
2,FHLJYC28hun.20
1,FAHBZ1_FDME220050683-1a.14
2,FSHXBX164.35
1,FJSWXJ39.37
2,BJCY4.14
1,FHBSJZ30.49
1,FSHCM83.8
1,FSHXBX89.54
2,FHNXY17.126
1,FBJ43.27
2,FNXYCHL64.45
1,FeceHeNa18.42
1,FSDLZ39.48
2,FJSWXJ6.35
1,M1DZ05.12
2,FHBSJZ20.38
1,FAHWH21_FDME220050743-1a.102
2,FNXYCHL30.29
1,FGDLZ24_FDME220051919-1a.55
1,FCQTY092_FDME220051170-1a.133
1,M115R01.95
2,FGXGL57_FDME220052112-1a.23
1,FGSYC21.59
1,FHuBWH15.19
2,FGXGL1_FDME220052056-1a.147
2,FZJTZ37.3
2,FSDJN27.29
2,FSDJN4.82
2,FJSNT21.164
1,L1EFC230410_FSXTY46_S53_L003.18
2,FGXGL15_FDME220052070-1a.74
2,FXJCJ16.24
2,FHNFQ48.18
2,FSHCM65.64
2,FBJ15.25
2,FSHCM37.79
1,FQHXN71.69
1,FSCPS50.51
1,SDWH1.3
1,FSHCM67.57
2,FHLJDQ10.6
2,FJSNT19.73
1,FeceHeNa27.56
1,FSXLVLS2.26
1,FHuBWH1.52
2,FQHXN6.78
2,FSDJN5.56
2,FSDJN36.36
1,M101R01.7
1,SDHZ24.137
1,FSHHK15hun.14
2,FQHXN54.11
2,FTJBH57.19
1,FZJJH9.14
2,FHuNHHMY80.30
2,HeNJZ9hun.7
2,FSXLVWS7hun.46
2,FJSNT4.64
1,FHNXY30.85
1,L1EFC230348_FJXFC29_S306_L004.3
1,FCQTY060_FDME220051140-1a.84
1,FHNFQ60hun.16
1,FAHWH15_FDME220050740-1a.91
1,FQHXN62hun.64
2,FHNFQ46.47
2,FFJLY16.71
1,FSCDJY78.41
1,FXJSW3.12
2,FJXSRPY45.93
1,FZJTZ63.30
1,FQHXN50.3
2,FNXYCHL31.57
1,FZJTZ28.55
1,FGXGL85_FDME220052140-1a.1
2,FCQNA16.82
1,FQHXN90.103
2,FXJWS17.34
2,SDHZD5.42
1,FGZ11M_FDME220051989-1a.53
2,FXJSW2.120
2,FSDJN8.40
1,FSXTY12hun.63
1,FJLHD39.115
1,FYNLJ36.71
2,FJSWX88.12
2,FJSWXJ33.12
2,FHBSJZ7.4
1,FSHXHZ8.125
1,FSHXHZ2.39
2,FSDJN44.57
2,L1EFC230373_FSHXBX64_S331_L004.42
1,FCQTY010.80
1,FSHCM70.11
2,FHuNHHMY71.34
2,FZJTZ12.110
2,FSXTY43.25
2,FNMHHHHT42.40
2,FSCDJY12.32
1,FGSYC76.31
2,FAHWH09.57
2,FCQTY091_FDME220051169-1a.31
1,FSDJN42.32
2,FSDJN62.66
1,FSCPS27.51
2,FJNDD11_FDME220051228-1a.100
2,FSDLZ05.83
1,L1EFC230311_FXJWS42_S237_L003.76
1,FHBSJZ43_FDME220052234-1a.5
2,FJXSRPY27.48
1,FTJBH32.5
2,FJSWX85.59
2,FGSYC10.67
2,FSCPS89.72
1,FJSWXJ13.109
1,L1EFC230294_FXJWS15_S177_L002.69
2,FHuBWH27.1
2,FSHXBX26.31
2,FGXGL38_FDME220052093-1a.32
1,FGDLZ27.29
1,L1EFC230337_FJXFC09_S263_L003.50
1,FYNLJ66.137
2,FSXLVLS18.15
2,FSHXWN6.81
2,FSHXWN8.39
1,FSHCM88hun.22
1,L1EFC230322_FTJS0008_S248_L003.25
2,FGZ34M_FDME220052034-1a.59
2,FGSZY30.65
1,FNMHHHHT12.27
2,FJXSRPYG9.97
1,FHBSJZ27.42
1,FSXTY22.25
2,FJXSRPYG31.2
1,FQHXN83.24
2,FGXGL13_FDME220052068-1a.15
2,L1EFC230321_FTJS0007_S247_L003.7
1,FZJTZ21.102
2,FSDQZ29.48
1,FHNXY49.29
2,FHLJDQ6.13
2,FXJCJ34.3
1,FTJBH61.28
1,FNXYCHL89.15
1,FAHBZ44_FDME220050721-1a.4
2,FHuNHHMY40.1
1,L1EFC230371_FSHXBX56_S329_L004.32
2,FeceHuNa150110_FDME220052261-1a.50
1,FGSZY15.40
1,M206F01.63
1,FGSYC19.33
1,FSDLZ10.39
2,FSHXBX28.33
2,L1EFC230388_FSHXXA20_S346_L004.59
2,L1EFC230287_FXJCJ63_S170_L002.53
1,FFJLY72_FDME220051238-1a.86
1,FFJLY66.33
1,FeceHeNa5.88
1,FGXGL88.42
2,FYNDL10hun.118
1,FHLJZD8.47
2,FNXYCHL93.34
1,FSHCM3.61
2,FQHXN21.22
2,FYNLJ45.37
1,FZJTZ70.20
2,FXJYN22.17
2,FSDJN45.60
2,FSXLL1.28
2,FCQTY029_FDME220051123-1a.12
1,FSHXWN2.3
1,FXJYN40.66
1,FSHXBX71.59
1,FZJHZD14.20
2,FSXLL8.78
2,FHBSJZ56_FDME220052247-1a.45
1,FAHBZ21_FDME220050701-1a.16
2,FCQTY071_FDME220051148-1a.78
2,FGSYC43.14
1,FHuBWH18.33
1,FGSZY53_FDME220051904-1a.76
2,FJSWX98.56
2,FSHXBX151hun.45
1,FJSNT29.2
1,FGXGL39_FDME220052094-1a.17
1,FSDLZ23.18
2,FSCCD7hun.29
2,FSHCM16_FDME220054533-1a.91
2,FHNXY63.74
1,M124R01.22
2,L1EFC230292_FXJWS12_S175_L002.29
1,L1EFC230274_FXJCJ39_S158_L002.53
2,FJNDD3.7
1,FXJKS22.146
2,FSXLVWS1hun.84
2,FSHHK23hun.73
2,FHNXY4.18
1,FHLJYC5.39
1,FGZ4M_FDME220051972-1a.125
1,FSHXHZ22.82
2,FSDLZ02.22
1,FSCPS62.119
1,FGDLZ8_FDME220051910-1a.5
2,FHNXY7.8
2,FHuBWH32.73
1,FNMHHHHT20.31
1,FTJS006.49
2,FAHWH06.95
2,FJSWX91.52
2,FHNXY34.18
2,M1C5.89
2,FZJHZD3hun.25
2,FeceHeNa19.19
2,L1EFC230253_FXJCJ05_S138_L002.35
2,FHNFQ7.51
2,FSHXXA44hun.15
1,FCQNA9hun.180
2,FNXYCHL55.36
1,FGSYC74.77
2,FSHXXA29.6
2,FNMHLBE27.7
1,FSHXWN26hun.10
2,FJSWXJ27.31
2,SDHZ17.12
2,FBJ52.49
2,FYNLJ69.5
2,FTJBH45.73
2,FSHCM47.72
2,FGDLZ76_FDME220051956-1a.47
1,FeceGuXi150114.56
2,FHLJDQ7.83
2,FHNXY45hun.96
2,FQHXN67hun.87
1,FFJLY9_FDME220051246-1a.55
2,FGDLZ80_FDME220051958-1a.43
1,FAHBZ43.48
2,FeceHuNa150119.44
2,FAHWH07.15
1,FZJTZ67.47
2,FSDJN6.94
1,FSHXBX176.52
2,L1EFC230386_FSHXXA15_S344_L004.38
2,FSDLZ08.36
2,FSHXBX174.75
1,FCQTY165_FDME220051196-1a.54
2,FCQNA22hun.25
1,L1EFC230395_FSHXXA48_S38_L003.1
1,SDHZD17.84
1,FZJHZD28.87
1,L1EFC230335_FJXFC05_S261_L003.71
1,FNXYCHL18.66
2,FAHBZ35.47
2,FZJHZD26.66
2,FSHCM54.43
1,FeceHuNa150117_FDME220052266-1a.89
2,FSDJN56.18
2,FJSWXJ1.52
1,FSHCM85.66
1,FGSYC47.16
2,FHuNHHMY6.54
2,FJSWXJ26hun.41
1,FGSZY13.86
1,FTJBH38hun.19
1,FCQNA3.66
1,FSCDYJ2.15
2,FSHXXA23.6
1,FQHXN80.29
1,FQHXN110.66
2,FNMHLBE26.96
2,FZJTZ65.39
1,FXJKS13.64
2,FHNFQ62hun.96
1,FZJHZD16hun.74
1,FSHXXA25.63
2,FAHBZ38.55
1,FZJHZD11.48
2,FHNFQ41.24
1,FBJ3.44
2,FSDQZ1.37
1,FGSYC58.52
2,FJLHD8.11
2,JXNC4.16
2,FJNDD15.17
2,FCQTY035_FDME220051127-1a.31
2,FSDQZ6.71
1,FQHXN23.18
2,FHHMY79.13
2,FSDJN26.102
2,FCQNA5hun.46
1,FGXGL72_FDME220052127-1a.56
2,FHHMY62.15
2,FSDLZ19.39
2,FHLJZD59.31
2,L1EFC230306_FXJWS35_S232_L003.2
1,FGZ1M.78
1,M1C9.173
1,FGXGL63_FDME220052118-1a.44
2,FHNXY44.36
1,FGXGL51_FDME220052106-1a.38
2,FAHWH16.43
2,FGSZY36.50
2,FNMHHHHT15.25
2,M1DZ11.8
2,FZJHZD9hun.12
2,FSHXXA41hun.60
2,FBJ21.94
2,FBJ7.16
1,FJSWX83.9
1,FGSZY45.73
2,FGXGL104.72
2,FTJBH62hun.8
2,FHBSJZ19.35
2,FSHCM26.47
2,FNMHHHHT31.33
2,FHBSJZ29.14
1,FJND2_FDME220051160-1a.13
2,FSDJN28.64
2,FSHXBX15.54
1,FeceHuBe150125_FDME220052846-1a.32
2,M1C8.86
1,FGXGL103.24
2,FSCPS94.18
1,FXJWS38.70
1,FSXLL11.40
1,L1EFC230283_FXJCJ52_S166_L002.26
2,FJLHD15.55
1,FGZ41M_FDME220052054-1a.42
2,FXJSW36.1
2,FCQTY136_FDME220051181-1a.19
1,FBJ22.63
1,FSDJN50.30
1,FSCPS41.22
2,FSHXBX171.38
1,FJSNT65.54
1,FHNXY43.60
2,FJXSRPY55.20
2,FeceHeNa26.19
1,FHBSJZ42_FDME220052233-1a.13
1,FNXYCHL92.43
2,FNXYCHL23.79
1,FeceHuBe150133_FDME220052849-1a.98
2,FFJLY21_FDME220051252-1a.14
2,FCQTY097_FDME220051172-1a.65
2,FJLHD33.39
1,L1EFC230262_FXJCJ20_S146_L002.31
2,FeceHuBe150111.37
1,FXJWS48.43
1,FGXGL79_FDME220052134-1a.96
1,FeceHuNa150133_FDME220052276-1a.31
2,M203F02.16
1,FNMHLBE5.4
2,FSDQZ47.58
1,FJSWX107.38
1,FCQTY061_FDME220051141-1a.89
2,FHuBWH4.73
2,FCQTY087_FDME220051157-1a.49
2,FGSZY22.16
1,FSXTY57hun.44
2,FZJHZD27hun.29
1,FGXGL10_FDME220052065-1a.24
1,FSXLL9.23
2,FSDJN59.11
1,FSCPS11.219
1,FTJBH30.104
1,FSHXBX70.135
1,M1DZ04.28
2,FAHBZ12.20
2,FSCCD10.22
2,FHLJYC42_FDME220052691-1a.53
1,FGXGL25_FDME220052080-1a.36
2,FSHCM9_FDME220054526-1a.24
1,FGXGL24_FDME220052079-1a.5
2,FZJTZ48.47
1,FeceHuNa150143.7
2,SDHZD16.35
2,FHBSJZ28.56
1,FNMHLBE35.127
1,FeceHeNa9.26
1,FHBSJZ35.31
2,FSHXXA18.35
2,FAHBZ45_FDME220050722-1a.33
2,FHLJYC3.4
2,FSDJN35.95
2,FHLJDQ4.48
2,FSXLVWS6.103
2,FSXTY10hun.38
2,FJSWX90.44
2,FGDLZ77_FDME220051942-1a.18
1,FJSWX84.67
1,M1C10.44
1,FGSYC82.38
1,FSHXBX129.38
2,FGSZY3.29
2,FJSNT66.68
1,FGSYC78.67
2,L1EFC230297_FXJWS23_S223_L003.51
1,FGXGL91.42
1,FSHXBX88.9
2,FHNXY56.48
2,FSDJN31.34
2,FBJ28.56
1,FZJTZ32.20
1,FSHHK25_FDME220054495-1a.126
2,FXJCJ17hun.71
1,FGXGL95.49
2,FJSWXJ40.49
1,FGZ26M_FDME220052020-1a.84
1,FSDJN57.17
2,FGSYC8.20
1,FNMHLBE34hun.35
2,FHLJYC36_FDME220052685-1a.95
2,FHNXY8.45
1,FSHXBX120.68
1,FSHXWN36.4
2,FSXLVLS12.70
2,FJNDD8_FDME220051225-1a.37
1,FSCPS9.118
2,HeNJZ4hun.27
2,FSHHK40_FDME220054509-1a.6
2,FSDJN34.55
1,FBJ35.21
2,FHLJZD1.26
1,FTJBH49.104
1,FNMHLBE4.96
2,FZJHZD13hun.34
2,FQHXN104.24
1,FXJWS41.91
1,FNMHHHHT16.54
2,FHLJZD6.106
2,FJSWX73.4
2,FGXGL105.79
1,FCQHC9.70
1,FJSWXJ3.59
2,FJXSRPY17.70
1,FJSWX97.16
2,FAHBZ26_FDME220050706-1a.6
2,FSDLZ49.81
1,FGZ2M.5
2,FGXGL73_FDME220052128-1a.90
2,L1EFC230271_FXJCJ35_S155_L002.24
1,FQHXN8.67
2,FHuNHHMY59.3
2,FHuBWH33.68
2,FGSZY51.78
2,FGSYC5.8
2,M2CF04.139
2,JSYZ28.18
2,FJSNT38.40
2,L1EFC230284_FXJCJ58_S167_L002.68
2,FHuBWH6.44
1,FJSWXJ9.19
2,FJSWX102.28
2,FHLJYC37_FDME220052686-1a.45
2,FJSWX92.6
1,M106R01.24
1,FQHXN16.60
1,FHuBWH3.31
1,FCQTY004.38
1,FSHXBX158.71
2,FSHCM31.101
2,FJSNT67.120
2,FYNLJ34.16
2,FHNFQ29.93
2,FYNLJ20hun.85
1,FSHXBX18.27
