tree_group,mag
1,FSCDJY67.149
2,FSDLZ09.123
2,FSHHK14.30
1,FZJTZ23.93
1,FYNDL28hun.121
1,L1EFC230250_FHLJZD56_S135_L002.15
2,FXJKS14.83
2,FAHWH09.74
1,FYNLJ52.158
2,FSDQZ31.69
1,FCQTY145_FDME220051185-1a.54
2,FXJKS22.68
2,FXJKS4.81
1,FZJJH12.16
2,FGSZY51.12
2,FSDLZ25.85
1,FNMHLBE23.9
1,L1EFC230376_FSHXBX69_S334_L004.55
1,FHNXY7.148
2,FXJSW11.127
2,FJLHD29.53
2,FJSWX85.33
2,FSHHK38_FDME220054507-1a.67
2,FHLJZD1.19
1,FGSYC25.71
1,FSCPS4.131
2,FNMHLBE18.162
2,FeceHuBe150121_FDME220052842-1a.47
1,FXJSW19.75
2,FHLJYC40.26
2,FQHXN72hun.39
2,M1C1.119
1,FSHCM90.87
2,L1EFC230313_FXJWS45_S239_L003.98
2,FZJTZ69.26
2,FJSNT64.82
1,FSDQZ48.47
2,FAHBZ51_FDME220050728-1a.67
2,FSHXBX20.17
2,FJSWXJ17.43
2,FSHXBX169.29
1,FGXGL3_FDME220052058-1a.1
2,FSHHK25_FDME220054495-1a.105
1,FXJSW7.120
1,FeceGuXi150113.22
1,FHuNHHMY77.32
1,FSHCM63.40
2,L1EFC230302_FXJWS31_S228_L003.109
1,FCQTY010.138
2,FQHXN1.92
1,FHNXY34.126
2,FAHBZ20_FDME220050700-1a.158
1,FGXGL69_FDME220052124-1a.5
2,FGXGL34_FDME220052089-1a.93
1,FSDJN51.71
2,FNMHLBE7.60
1,FHBSJZ42_FDME220052233-1a.108
1,FFJLY7_FDME220051244-1a.55
2,FQHXN106.45
2,FeceHeNa1.7
2,FQHXN68.7
2,FQHXN69.69
1,FSHCM57.135
1,FSDJN60.158
1,FGXGL75_FDME220052130-1a.50
2,M104R01.75
1,FJLHD44.105
2,FHLJZD21.7
1,FGXGL45_FDME220052100-1a.10
2,FHLJZD43.78
2,FXJYN40.104
1,FCQNA9hun.199
1,FNMHLBE25hun.138
2,FSDLZ03.75
2,FXJKS35.60
2,FHNXY44.27
1,FJSNT60.92
1,FGSZY21.81
2,FJXSRPY47.110
2,FHNFQ13.11
2,FJSNT71.33
1,FSCPS35.103
2,FJSWXJ40.8
1,FSCPS68.171
1,FZJTZ62.100
1,FGXGL24_FDME220052079-1a.87
2,FeceGuXi15013.14
1,FZJTZ53.11
2,FGSYC30.107
1,FGXGL23_FDME220052078-1a.125
2,FYNLJ51.21
2,FSDLZ02.130
2,FSCDJY38.100
2,FXJSW17.87
2,FeceHuBe150119_FDME220052841-1a.121
2,FNXYCHL6.46
1,FCQTY155_FDME220051191-1a.134
2,FSCPS36.88
2,FZJTZ54.94
2,FQHXN93.75
2,FSHHK12hun.110
1,FAHBZ34.60
2,FHNXY57.124
2,FSHHK30_FDME220054499-1a.121
2,FHNXY37.132
1,FeceHeNa7.65
1,FGZ6M_FDME220051977-1a.36
1,FZJTZ60.14
2,FSDQZ42.31
2,FSHHK28_FDME220054497-1a.161
2,FNMHHHHT41.31
2,FXJKS46.16
1,FSCDJY69.149
1,FGXGL74_FDME220052129-1a.68
2,FXJKS50.91
2,FJSWXJ14.146
2,FXJKS48.145
2,FJSWX86.58
1,FSHXBX161.48
1,FHuNHHMY74.41
1,FHuNHHMY24.135
2,FeceHeNa8.25
2,FXJKS42.120
1,FHLJZD58.45
1,FeceHuBe150133_FDME220052849-1a.104
2,FeceHuNa15017.132
2,FSDQZ43.92
2,FXJKS20.88
2,FBJ69.82
2,FJSWXJ2.2
2,L1EFC230364_FSHXBX42_S322_L004.106
1,FZJTZ36.15
1,FSDQZ4.70
2,FeceGuXi15011.93
1,FHLJYC32.47
1,FJSWXJ8.55
1,L1EFC230235_FHLJZD10_S80_L001.64
1,FGXGL1_FDME220052056-1a.121
2,L1EFC230239_FHLJZD23_S84_L001.19
2,FJSNT32.88
2,FSHXHZ21.89
1,FSXTY52.29
1,FYNDL10hun.123
2,FSHXBX130.103
2,FXJSW14.57
1,FJSWX87.38
2,FZJTZ8.117
1,FAHWH20_FDME220050742-1a.6
2,FCQNA15.46
2,FSHCM7.115
2,FSCPS11.107
2,FXJSW13.4
2,FYNLJ37.45
1,FSCPS57.34
2,FXJKS49.65
2,FXJKS24.31
1,FNMHLBE31.68
1,FJXSRPY22.102
1,L1EFC230285_FXJCJ59_S168_L002.9
2,FSDQZ18.124
2,FNXYCHL24.169
2,FNXYCHL11hun.77
2,FGXGL10_FDME220052065-1a.76
2,FSDQZ35.164
1,FSHHK40_FDME220054509-1a.22
2,FeceGuXi15015.17
1,FGSYC90.136
2,FXJSW48.142
1,FeceGuXi15012.41
2,FNMHLBE20.13
2,FNMHLBE14.140
2,FXJYN9.100
1,FSDQZ19.90
2,FGSZY48.66
1,FSCPS89.17
2,FTJS006.5
1,FSCPS41.21
1,FZJTZ35.30
2,FSHXBX80.2
2,FHHMY17.2
2,FNMHLBE12.83
2,L1EFC230344_FJXFC20_S302_L004.128
2,FZJTZ15.58
2,FXJKS39.132
2,FSHHK49_FDME220054516-1a.6
2,FSHCM93.55
1,FXJKS23.115
2,FXJKS11.74
1,FJLHD6.71
2,FNMHLBE1.72
1,FGXGL51_FDME220052106-1a.72
1,FZJTZ55.33
1,FJXSRPY37.123
2,FHNFQ36.58
2,FAHWH04.7
1,FGSZY11.16
1,FSCDJY22.27
2,FNXYCHL44.25
1,FZJTZ4.106
2,FZJTZ68.111
2,FAHBZ43.130
2,FXJKS36.103
2,FQHXN52hun.108
2,FNMHLBE22.12
2,FHNFQ2.25
2,FYNLJ46.94
2,FSHXBX71.5
2,FSHHK41_FDME220054510-1a.138
1,FSHHK35_FDME220054504-1a.52
1,FHNFQ60hun.12
2,FHNXY42.12
2,FNMHHHHT17.136
1,FJSWXJ38.24
1,FJLHD50.4
2,FJSNT23.179
2,FZJTZ21.1
2,FHLJZD45.39
2,FSDQZ21.189
1,FJXSRPYG41.32
1,FZJTZ65.3
2,L1EFC230248_FHLJZD47_S91_L001.96
1,FZJTZ43.97
1,FHLJZD16.101
1,FSCPS31.51
1,L1EFC230247_FHLJZD44_S90_L001.38
2,FJSWXJ42.88
2,L1EFC230236_FHLJZD14_S81_L001.136
1,FAHBZ44_FDME220050721-1a.61
2,FeceGuXi150117.32
2,FXJKS13.6
2,SDHZ24.122
2,FAHBZ5_FDME220050687-1a.126
2,FSHHK26.34
1,FZJTZ22.65
2,FTJBH30.8
2,FYNLJ76.89
2,FXJKS47.61
2,FSCPS56.15
2,FXJSW32hun.9
2,FSHHK42_FDME220054511-1a.1
2,FGSZY23.68
2,FHNFQ31.52
1,FFJLY33_FDME220051262-1a.44
2,FXJKS15.48
2,FHHMY63.130
2,FJSWXJ43.1
1,FZJTZ52.23
1,FZJTZ11.31
1,FTJBH49.3
2,FSHHK16_FDME220054486-1a.100
2,FSDJN12.83
2,L1EFC230355_FJXFC53_S313_L004.1
1,L1EFC230335_FJXFC05_S261_L003.38
1,L1EFC230361_FSHXBX31_S319_L004.13
2,FXJYN23.4
1,FSCCD6.70
2,FQHXN76.84
1,FSHXBX153.26
2,FHLJZD53.105
2,FXJKS43.95
1,FHNXY48.23
1,FGDLZ50_FDME220051930-1a.32
2,FYNLJ56.47
