tree_group,mag
NA,FAHBZ45_FDME220050722-1a.71
2,FGSYC47.42
2,FGXGL57_FDME220052112-1a.12
3,FHLJZD32.77
2,FHuNHHMY48.22
2,FHuNHHMY14.13
3,FHHMY63.45
2,FGSYC25.67
2,FAHBZ49_FDME220050727-1a.38
3,FHuNHHMY38.74
2,FHuNHHMY52.97
3,FHuNHHMY76.86
3,FYNDL24hun.11
3,FJXSRPY8.111
2,FZJTZ49.32
2,HNZZ112_FDME220052300-1a.4
3,FSHCM12_FDME220054529-1a.94
3,HNZZ17_FDME220052295-1a.3
2,FSHXBX23.31
2,FSDQZ37.39
3,FQHXN78.55
2,FNMHLBE32.40
3,FSHXWN26hun.12
2,FSDQZ15.80
2,FZJTZ12.94
3,FSHXWN17.50
3,FSCDJY94.124
2,FSDQZ16.172
2,FSHXBX75.21
2,FJXSRPY33.40
2,FQHXN98.15
3,FNMHLBE29.23
3,FeceHuNa150142_FDME220052285-1a.100
3,FHNFQ52.75
2,FGSYC27.43
3,FHNXY48.82
3,FHNFQ43.25
2,FGSZY52.94
3,FGXGL85_FDME220052140-1a.53
3,FHLJZD39.59
3,FHuNHHMY16.124
2,FHLJYC34.55
2,FYNLJ67.24
3,FXJKS6.90
2,FZJTZ66.31
3,FXJKS36.90
2,FJXSRPY38.168
2,FSHXBX7.16
2,FSHXBX130.66
2,FSXTY32.58
2,FSHCM70.22
3,FXJCJ30.2
3,FZJZJ3.11
2,FJXSRPY54.87
3,FQHXN101.23
2,FSHXBX90.60
2,FSCDJY98.81
2,L1EFC230265_FXJCJ24_S149_L002.81
3,L1EFC230280_FXJCJ46_S164_L002.16
3,L1EFC230273_FXJCJ38_S157_L002.49
