tree_group,mag
1,FSCDJY92.70
1,L1EFC230247_FHLJZD44_S90_L001.23
2,FQHXN7.29
1,FTJBH61.10
2,L1EFC230250_FHLJZD56_S135_L002.97
1,FSDQZ18.3
1,L1EFC230237_FHLJZD20_S82_L001.86
1,FZJTZ23.82
1,FAHBZ5_FDME220050687-1a.87
1,FHLJYC29.83
1,FZJTZ12.17
1,FGSZY23.17
1,FSHXBX164.100
1,FSHXBX14.48
1,FNMHHHHT27.126
1,FHuNHHMY39.81
1,FGDLZ25.41
2,FNXYCHL21.44
1,FCQNA9hun.138
1,FSHXBX163.90
1,FSCDJY31.45
1,FHuNHHMY85.27
1,FSDJN12.150
1,FSCPS94.5
1,FYNLJ45.20
1,FSCPS49.76
1,FSDLZ30.98
1,FGDLZ13.45
1,FJXSRPY36.34
2,FSDQZ17.55
2,FQHXN1.130
1,FHuNHHMY29.102
1,FGDLZ35.114
1,FHLJZD43.21
1,L1EFC230236_FHLJZD14_S81_L001.35
1,FNXYCHL65.131
1,FHuNHHMY24.8
1,FAHBZ27_FDME220050707-1a.44
1,FSCPS27.131
2,FNXYCHL24.116
2,L1EFC230235_FHLJZD10_S80_L001.12
1,FGXGL19_FDME220052074-1a.72
1,FNXYCHL46.120
1,FXJSW8.25
1,FSCPS41.108
2,L1EFC230233_FHLJZD05_S78_L001.18
2,FXJKS15.93
1,FSCCD9.140
2,FSDLZ19.7
1,FSCDJY15.79
1,FNXYCHL33.28
1,FGSYC33.76
2,FNXYCHL36.68
1,FSXLVLS3.41
1,FZJHZD28.69
1,FZJTZ69.39
1,FGDLZ34.6
1,FNMHLBE18.144
1,FNXYCHL56.20
2,FSHHK42_FDME220054511-1a.120
2,FGSYC4.42
1,FQHXN34.19
2,L1EFC230239_FHLJZD23_S84_L001.97
1,FSHCM39.44
2,FGDLZ16.55
2,FZJHZD6.55
1,FHNFQ22.58
1,FSCCD8hun.29
1,FHNXY46.47
1,FSDQZ13.163
2,FZJHZD9hun.89
1,FSCPS33.31
1,FGZ28M_FDME220052025-1a.76
1,FSDJN20.8
1,FHLJYC2.24
1,FSCPS31.16
2,FNXYCHL55.105
2,FSDJN31.6
1,FSCPS10.6
1,FSDQZ7.11
2,FSDLZ21.117
1,FXJYN17.50
1,FSHHK17hun.126
2,FNXYCHL25.99
1,FJLHD44.67
1,FYNDL28hun.170
2,FSXLVWS9.143
2,FHNXY38.63
2,FSXTY51hun.39
1,FSDQZ38.26
2,FHLJZD16.88
1,FCQJJ3.61
1,FHLJYC1.80
1,FGSYC78.85
1,FHNFQ57.39
1,FSCDJY76.148
1,FNMHHHHT11.108
2,FNXYCHL41.86
1,FSCCD6.93
1,FGSYC31.18
2,FSDLZ48.59
1,FXJSW17.41
1,FSXLVWS5.21
1,FSCDJY33.48
1,FSCDJY69.161
1,FSCPS68.37
2,FSDLZ09.108
1,FYNLJ23hun.36
1,FSHXBX161.65
1,L1EFC230274_FXJCJ39_S158_L002.108
1,FHLJZD21.35
2,FXJYN4.12
1,FSCDJY13.9
1,L1EFC230373_FSHXBX64_S331_L004.26
1,FXJCJ57.104
1,FJXSRPY27.65
1,FCQHC7.6
1,FJXSRPY30.81
