tree_group,mag
1,FNXYCHL20.81
1,FHBSJZ19.13
2,FSDQZ3.73
2,FHBSJZ27.130
2,FGDLZ48.49
1,FBJ7.19
2,FSHXWN10.78
2,FNMHHHHT10.66
2,FNXYCHL9.86
2,FYNDL28hun.59
1,FXJKS2.4
1,FHNFQ29.13
1,FSDJN3.59
1,FNXYCHL18.68
1,FJXSRPY38.148
2,FHLJZD6.91
2,FJNDD14_FDME220051231-1a.48
2,FHNXY21.46
2,FGDLZ74.105
1,FHLJYC42_FDME220052691-1a.166
2,FBJ44.56
1,FHNXY55.6
2,FGXGL38_FDME220052093-1a.64
1,FQHXN87.101
1,FXJKS40.142
2,FQHXN16.66
1,FXJKS39.37
1,FGSZY13.27
1,FHBSJZ60_FDME220052251-1a.13
1,FBJ65.87
2,FFJLY72_FDME220051238-1a.89
1,FHLJZD19.12
2,FSHXBX60.23
2,FJLHD21.48
1,FSDLZ16.72
2,FZJTZ41.53
2,M2CF12.37
2,FSHXWN27.67
2,FJSWX80.77
1,FHLJZD21.56
2,FFJLY66.19
1,FeceHeNa4.29
2,FSHCM100.45
2,FZJTZ33.16
1,FSHXBX169.48
2,FCQJJ4.40
1,FHNFQ52.13
1,FXJCJ29.2
2,FXJSW16.79
2,FSHCM75.103
1,FHNFQ26.81
1,FGDLZ72_FDME220051953-1a.44
2,FNMHHHHT20.37
1,FXJSW50.47
2,FXJSW13.5
2,FGXGL12_FDME220052067-1a.77
1,FSDQZ42.53
2,FSHCM13_FDME220054530-1a.37
1,FSHXBX71.80
2,FFJLY33_FDME220051262-1a.96
2,FGDLZ56_FDME220051936-1a.86
2,FJSNT24.3
1,FNMHHHHT37.73
1,FSXTY38.50
1,FGXGL20_FDME220052075-1a.117
2,FGXGL3_FDME220052058-1a.106
2,FQHXN72hun.9
1,FSDLZ15.35
2,FHuNHHMY56.67
2,FHuBWH32.37
2,L1EFC230277_FXJCJ42_S161_L002.19
1,FNMHHHHT22.73
2,L1EFC230387_FSHXXA17_S345_L004.92
1,FNMHLBE7.10
2,M2CF14.58
2,FGDLZ55_FDME220051935-1a.97
2,FCQTY157_FDME220051193-1a.56
2,FHuNHHMY39.34
2,FSHXBX9.96
2,FFJLY11_FDME220051248-1a.96
2,FSDQZ19.5
1,FGSZY57_FDME220051907-1a.81
1,FSDLZ47.121
1,FCQNA40.47
1,FNMHLBE4.35
2,FeceHuBe150122_FDME220052843-1a.113
2,FZJTZ62.66
1,FNMHLBE30.74
2,FGXGL101.7
1,FHBSJZ16.59
1,FHBSJZ25.78
2,FeceHeNa20.125
1,FSDQZ27.5
2,FCQTY079_FDME220051154-1a.69
2,FFJLY65.43
2,FGSYC68.12
2,FNXYCHL45.115
2,FGXGL26_FDME220052081-1a.45
2,FHLJZD53.69
2,FXJWS41.66
2,FHBSJZ34.63
2,FSCDJY79.77
2,FQHXN49.77
2,FHLJDQ10.33
1,FXJKS43.72
2,FJNDD11_FDME220051228-1a.25
2,FXJKS12.22
1,FJXSRPY8.15
2,FSDJN20.154
2,FJSWX107.92
2,FSHCM86hun.32
2,FNMHHHHT19.82
2,FJLHD15.34
2,FJSWX86.87
2,FSHXBX28.108
2,FGXGL44_FDME220052099-1a.40
1,FSCPS50.87
2,FJSWXJ43.53
1,FJXSRPYG9.43
1,FNXYCHL8.110
1,FJXSRPY44.25
1,FTJS030.105
1,FQHXN80.36
2,FSDQZ23.17
2,FGXGL84_FDME220052139-1a.47
2,FSHXHZ3.68
2,FGDLZ58.55
2,FTJS016.33
2,FGD17M_FDME220052001-1a.46
2,FGSZY48.63
2,FGZ42M_FDME220052055-1a.88
1,FGDLZ49.99
1,FSXLVWS5.85
2,FeceHuNa150142_FDME220052285-1a.91
1,FSDJN35.6
2,FHuNHHMY24.50
1,FGXGL49.64
2,FTJBH45.78
2,FHBSJZ42_FDME220052233-1a.50
2,L1EFC230343_FJXFC19_S301_L004.51
2,FSCDYJ9.78
2,L1EFC230247_FHLJZD44_S90_L001.107
2,FGXGL102.21
1,FSHXBX78.137
1,FXJYN10hun.108
1,FHLJYC30.15
2,FZJTZ6.98
1,FNXYCHL53.40
1,FHLJZD52.11
1,FSCPS41.34
1,FSCCD14hun.41
1,FSCCD9.13
2,FHuBWH30.57
2,FSHCM7.58
2,FGXGL45_FDME220052100-1a.16
1,FSXTY42.14
2,FSHXBX33.66
2,FSHXBX90.16
2,FGDLZ16.7
1,FHuBWH24.44
1,FJXSRPY47.86
2,FCQNA32.2
2,FSHCM31.43
2,FXJWS29.74
1,FQHXN60hun.61
2,FHNFQ32.61
2,FZJTZ11.36
2,FHLJYC29.21
1,FSXTY14.63
1,FZJTZ39.78
1,FZJTZ22.6
2,FSHXBX76.58
2,FXJWS4.45
1,M2CF08.36
2,FTJBH62hun.63
2,FSHXBX45.28
1,FXJSW11.126
2,FZJTZ40.76
1,M124R01.97
1,FSDJN45.27
1,FAHBZ7_FDME220050689-1a.29
2,L1EFC230325_FTJS0011_S251_L003.105
2,FGSZY12.61
2,FSHXBX22.41
2,FBJ14.10
1,FJLHD16.135
1,FGSYC30.56
2,FSHXBX176.98
1,FGXGL95.72
2,FeceHuBe15013_FDME220052831-1a.13
2,FNXYCHL38.99
2,FSDLZ34.36
1,FXJYN32.105
1,FXJSW3.108
2,FSHHK39_FDME220054508-1a.69
1,FHNXY29.26
1,FHBSJZ46_FDME220052237-1a.45
1,FJXSRPY30.33
1,SDHZD17.88
1,FJXSRPY43.113
1,FQHXN89.86
1,FSXLL1.79
1,FNMHHHHT41.55
2,FSCCD12.55
2,FHLJYC10.80
2,FZJTZ24.10
2,FTJS020.65
2,FBJ53.88
2,FBJ42.108
2,FSXLVLS20.102
2,FSCDJY31.144
2,FXJWS6hun.27
2,FJLHD36.24
2,FeceHuBe150125_FDME220052846-1a.33
1,FNXYCHL5.72
2,FAHBZ60_FDME220050735-1a.39
2,FSCDJY94.22
2,FSHXWN22.54
2,M119R01.74
2,FSHXBX23.35
2,FSXTY6hun.38
2,FCQTY070_FDME220051147-1a.74
2,FeceHuNa150138_FDME220052281-1a.20
1,FSHXBX148.115
2,FAHBZ15.66
2,FHNFQ5.22
2,FSDJN44.46
1,FSDLZ27.67
2,FYNLJ37.8
1,FXJYN9.35
2,FHNXY17.45
2,FSHCM51.33
2,FZJTZ56.55
2,FHNFQ39.92
1,FQHXN96.25
2,SDHZD16.44
1,FNMHLBE14.53
2,FBJ25.50
2,FSDQZ29.4
1,FJXSRPY39.76
1,FSHCM70.83
1,FSDQZ36.59
