tree_group,mag
NA,FZJTZ32.59
2,FQHXN6.49
2,FZJTZ33.104
2,FJLHD15.56
3,FSHXWN6.22
2,FNXYCHL13.29
2,FSCPS9.9
2,FGXGL30_FDME220052085-1a.25
2,FSXLVLS21.62
2,FZJJH11.51
2,FSXTY15.91
2,FSHHK16_FDME220054486-1a.49
2,FJSNT18.109
2,FXJYN3.153
3,FFJLY71.39
2,FNMHLBE2.42
2,FJSNT33.69
2,M1C2.22
3,FGXGL100.21
2,FQHXN26.67
2,FAHWH37_FDME220050754-1a.7
2,FCQTY048_FDME220051133-1a.69
2,FYNLJ34.91
2,FGXGL4_FDME220052059-1a.62
2,FeceHeNa12.14
3,FQHXN71.67
2,FHBSJZ5.22
2,FSHCM21_FDME220054536-1a.92
3,FNXYCHL2.51
2,M124R01.78
2,FSDLZ47.47
2,FHBSJZ1.23
2,FSHXXA35.29
3,FSDLZ51.42
3,FSDJN35.42
2,FSHCM100.75
2,FXJWS38.22
2,FJSWXJ16.68
2,M116R01.57
2,FSHXWN9.57
2,FSXTY26.67
2,FSHCM1_FDME220054518-1a.9
3,FJSNT5.28
2,FHNXY55.48
2,FGDLZ69_FDME220051950-1a.41
2,FSHCM54.11
2,FGZ9M_FDME220051984-1a.54
2,FJNDD5_FDME220051222-1a.51
2,JXNC4.33
2,FSDLZ13.30
2,FHNXY2.47
2,FGD18M_FDME220052004-1a.10
