tree_group,mag
1,FSHXBX28.46
1,FGDLZ68.109
1,FAHBZ43.33
1,FTJBH28.106
1,FXJYN19.22
1,FXJSW48.130
1,FQHXN85.15
1,FZJTZ8.69
1,FAHBZ18_FDME220050698-1a.89
1,FSCPS31.104
1,FGDLZ65_FDME220051946-1a.22
1,FHLJZD54.33
1,FXJKS37.116
1,FCQTY063_FDME220051143-1a.102
1,FAHBZ23_FDME220050703-1a.19
1,FXJSW2.97
1,L1EFC230351_FJXFC35_S309_L004.91
1,FSHXBX79.76
1,FXJYN38.20
1,FQHXN73.29
1,FHNFQ39.13
1,FHNXY8.59
1,FeceHuNa150124_FDME220052272-1a.77
1,FGXGL65_FDME220052120-1a.112
1,FQHXN83.99
1,FHNFQ32.90
1,FGDLZ74.13
1,FGDLZ19_FDME220051917-1a.68
1,FXJKS48.136
2,FSDLZ57.129
1,FXJCJ4.73
1,FJLHD19.24
1,FQHXN84.4
1,FQHXN97.148
2,FXJKS19.159
1,FGDLZ56_FDME220051936-1a.129
1,FAHBZ17.65
