tree_group,mag
1,FJLHD29.13
1,FTJBH74.1
1,M1DZ11.104
2,FGSZY22.123
1,FGDLZ84_FDME220051962-1a.11
1,FHBSJZ41_FDME220052232-1a.88
1,FZJHZD28.95
1,FGXGL4_FDME220052059-1a.92
1,L1EFC230364_FSHXBX42_S322_L004.93
1,FSXLVWS7hun.35
2,FXJKS36.32
1,FTJBH33.37
1,FHNFQ60hun.68
2,M122R01.121
2,M1DZ07.110
2,FXJSW22.81
1,FTJBH84.65
1,FJLHD6.107
1,FSHXBX80.12
1,FSDLZ20.95
2,FAHBZ17.98
1,FAHBZ44_FDME220050721-1a.67
1,FeceHuBe150122_FDME220052843-1a.15
1,FHBSJZ42_FDME220052233-1a.55
2,FXJYN36.26
1,FQHXN64hun.88
1,FSXLVWS9.147
2,FGXGL34_FDME220052089-1a.34
1,FZJTZ25.97
1,FAHBZ18_FDME220050698-1a.24
2,FHuNHHMY64hun.63
1,FFJLY43_FDME220051271-1a.50
1,FGSZY51.52
1,FZJTZ62.55
1,FJLHD34.111
1,FCQNA43.49
2,FXJKS51.144
1,FSHXBX106.80
1,FSDJN60.95
1,FHuBWH36.142
1,FZJTZ15.93
1,FQHXN14.141
2,FSCDJY57.17
2,M104R01.74
1,FGDLZ76_FDME220051956-1a.101
2,FXJYN32.117
1,FJSWX86.27
1,FSDJN36.39
2,FQHXN73.3
1,FGXGL6_FDME220052061-1a.109
1,FFJLY78.52
2,FQHXN68.122
1,FSCDJY22.18
1,L1EFC230325_FTJS0011_S251_L003.21
1,FAHBZ7_FDME220050689-1a.35
1,FCQTY092_FDME220051170-1a.75
1,FHLJYC29.99
1,FHNXY38.139
1,FSDQZ31.85
1,FSHXBX79.84
1,FGDLZ56_FDME220051936-1a.39
1,FGZ3M_FDME220051970-1a.104
1,FJLHD42.41
1,FJSWXJ32.38
1,FSCPS69.87
1,FSDLZ50.43
1,FJLHD32.72
1,FTJBH2.96
1,FSDJN12.3
1,FHNFQ5.81
1,FHNXY49.60
2,FXJKS6.77
1,FHBSJZ44_FDME220052235-1a.39
1,FJSWXJ2.77
1,FHNXY45hun.71
1,FAHWH07.30
1,FeceGuXi150110.73
1,FZJTZ4.56
1,FSXTY33hun.3
1,FSCPS35.70
1,FJSNT27.52
1,FJLHD37.107
1,FGXGL32_FDME220052087-1a.29
1,FJSNT24.35
1,FHLJZD28.68
1,FSCPS11.104
1,FAHBZ21_FDME220050701-1a.186
1,FSHXBX155.27
1,FHuNHHMY30.83
1,FSDLZ24.43
1,FNMHHHHT11.89
1,FJSNT23.6
1,FGDLZ53.18
1,FeceHeNa8.104
1,FSDQZ21.76
1,FHNXY36.157
1,FHNXY48.17
1,FJSWXJ4.37
2,FYNLJ76.46
1,FHNXY7.172
1,FSXTY26.77
1,FHNXY47.81
1,FJSNT30.6
1,FJSWXJ21.106
1,L1EFC230298_FXJWS24_S224_L003.7
1,FHNXY22.92
1,FBJ67.114
1,FSHXBX142.32
1,FeceHuNa150117_FDME220052266-1a.39
1,FSCDJY69.75
1,FNXYCHL65.157
1,FGDLZ85.78
1,FSCDJY67.172
2,M105F01.111
1,FSCDJY31.42
1,FJSWXJ25.101
1,FQHXN26.89
1,FeceHuBe150121_FDME220052842-1a.123
1,FSHXBX108.101
1,FHuNHHMY32.78
1,FHHMY84.59
1,FHLJYC2.68
1,FCQNA9hun.53
1,FZJTZ19.12
1,FGXGL24_FDME220052079-1a.50
1,FHLJZD49.36
2,FXJYN3.156
1,FZJTZ18.68
1,FHHMY4.37
2,FQHXN61hun.37
1,FGXGL16_FDME220052071-1a.134
1,FZJTZ30.44
1,FZJHZD9hun.70
1,FGXGL43_FDME220052098-1a.21
1,FSHCM70.12
1,FSCCD2.95
1,FSDLZ01.141
1,FSHXHZ7.33
1,FSHXBX5.23
1,FSDJN26.120
1,FSDJN44.71
1,FNMHLBE25hun.93
1,M116R01.96
1,FYNDL28hun.75
1,FCQNA15.47
2,FQHXN109.44
1,FAHBZ56.120
2,FSCDYJ7.123
1,FJSWX102.22
1,FeceGuXi15011.70
1,FAHBZ60_FDME220050735-1a.178
2,FXJKS50.61
2,FQHXN106.14
1,FSHCM35.68
1,FZJTZ35.84
1,FeceHeNa20.117
2,FeceGuXi15015.72
1,FeceHuBe150120.72
1,FFJLY66.53
2,FGXGL1_FDME220052056-1a.167
1,FJSWXJ38.15
1,FCQNA40.72
1,FCQTY155_FDME220051191-1a.95
1,FSHHK29_FDME220054498-1a.69
1,FSHCM86hun.84
1,FHLJYC38_FDME220052687-1a.144
1,FTJBH19.51
1,FSHHK47_FDME220054514-1a.33
1,FSHCM13_FDME220054530-1a.7
1,FSHCM37.35
1,FJSWX82.43
2,FGDLZ70.75
1,FSCDJY64.162
1,FSHXBX157.58
1,FGDLZ83_FDME220051961-1a.157
1,FGSYC60.20
2,FeceHuBe150111.62
1,FHuNHHMY83.44
1,FFJLY33_FDME220051262-1a.55
1,FSDLZ55.73
1,FGXGL95.83
1,FTJBH93.18
1,FJNDD5_FDME220051222-1a.104
1,FJXSRPY37.96
2,FHHMY63.134
1,FSXTY24.34
2,FQHXN67hun.31
2,FGSYC30.72
1,FHLJZD51.95
1,FJSWX107.130
1,FHuNHHMY69.89
1,FSHXBX148.111
1,FHNFQ55.1
1,FeceGuXi15013.41
1,FSHHK30_FDME220054499-1a.70
2,FBJ43.32
2,FeceHuNa150118_FDME220052267-1a.11
1,FXJSW1.9
1,L1EFC230341_FJXFC14_S267_L003.9
