tree_group,mag
1,FSXTY54.11
2,FSXLL19.35
1,M203F02.45
2,FFJLY37_FDME220051266-1a.54
2,L1EFC230314_FXJWS46_S240_L003.56
2,FZJTZ64.40
2,FJSWXJ12.13
1,FBJ59.25
2,FZJTZ9.52
1,FHLJYC37_FDME220052686-1a.8
1,FSHXHZ22.62
2,FJLHD29.22
1,FSHCM100.93
1,FGSYC44.5
2,FGDLZ10_FDME220051912-1a.43
1,M1C10.77
2,FFJLY21_FDME220051252-1a.46
2,FZJTZ63.23
2,FSHHK43.40
1,FAHBZ19.69
1,FSHCM80.50
1,FSHXBX123hun.51
1,FGSYC9.25
2,FAHBZ50.23
2,FGDLZ70.7
2,FCQTY102_FDME220051174-1a.86
1,FGSYC86.78
2,FSHCM12_FDME220054529-1a.41
1,FFJLY2.16
1,FFJLY64.17
2,FXJCJ18.21
1,FGZ30M_FDME220052028-1a.12
2,FSHHK6.40
2,FJNDD17_FDME220051234-1a.40
2,FTJS016.59
2,FBJ13.81
1,FSXTY52.22
2,FAHWH07.34
2,FSHHK19_FDME220054489-1a.38
2,FTJS012.50
1,FNXYCHL93.53
2,FSXLL18.70
1,FTJS006.34
2,FJXSRPY52.34
1,FHuNHHMY53.20
1,FSXTY63.77
1,FHuBWH12.49
1,FQHXN10.49
2,FSCPS22.12
1,FHBSJZ48_FDME220052239-1a.66
1,FSDLZ55.74
2,FSHHK26.3
1,FSDQZ25.12
1,FGD16M_FDME220051998-1a.12
1,FSCDJY41hun.18
2,FHNFQ60hun.59
2,M2CF12.48
1,FSHXWN37hun_FDME22H000410-1a.31
2,FCQNA20hun.17
1,FCQTY067_FDME220051145-1a.9
1,FZJTZ21.40
2,FYNDL2.33
1,FBJ19.14
1,FSXLVLS20.127
1,FJND18_FDME220051209-1a.56
1,FeceHeNa12.10
1,FBJ40.39
1,FSXTY24.37
1,FSCCD11.117
2,FAHWH12_FDME220050738-1a.51
2,FGXGL97.73
2,FSHXHZ11.35
2,L1EFC230385_FSHXXA13_S343_L004.108
1,FeceHeNa18.44
1,FSXTY6hun.5
2,FZJTZ44.8
2,FXJYN7.33
2,FJSWXJ16.27
1,FSHHK39_FDME220054508-1a.58
1,FSHXXA35.12
2,FZJTZ19.139
1,FHuNHHMY59.17
2,M2CF21.18
2,FSHHK18hun.21
2,FSHCM67.73
1,FYNLJ20hun.13
1,FSDJN10.23
1,FFJLY46_FDME220051273-1a.9
2,FSHHK30_FDME220054499-1a.78
1,FSDJN8.31
2,M116R01.37
2,FQHXN7.155
2,FGSYC10.63
1,FQHXN92.90
2,FSXTY53.86
2,FZJHZD11.45
2,FSCCD3.61
1,L1EFC230292_FXJWS12_S175_L002.34
2,FZJHZD20.57
1,FJXSRPYG14.31
1,FCQTY070_FDME220051147-1a.34
1,L1EFC230333_FTJS0033_S259_L003.53
2,FGXGL62_FDME220052117-1a.19
2,M2CF19.37
2,FSCDJY50.42
2,FGSYC18.55
1,FXJYN28.1
1,FXJCJ9.19
2,FHuBWH5.39
1,FHuBWH30.64
2,FJSNT9.22
1,NMGHHHT3.19
2,FZJTZ6.49
2,FSHXWN9.66
1,FZJHZD7hun.56
1,FSXLL13.16
2,FSHCM98.15
2,FQHXN54.71
2,FNXYCHL24.13
2,FSXTY18hun.49
2,FAHWH18.82
1,FGSZY46.104
2,FCQNA19.14
1,FGSYC71.23
1,FSDJN14.40
2,FJNDD19_FDME220051236-1a.63
2,FZJTZ50.30
1,FSXTY38.1
2,FSDQZ49.1
2,FZJJH11.117
1,FSXLVLS10.32
2,FGXGL66_FDME220052121-1a.16
2,FSDJN45.18
2,FHLJDQ8.10
1,FNMHLBE35.152
1,FHuNHHMY78.28
2,FAHBZ33_FDME220050713-1a.38
1,FNMHHHHT31.129
1,FSHHK1.55
1,FBJ58.20
1,FSHXWN19.67
1,FHuNHHMY18.11
1,FHuNHHMY7.20
1,FSHXWN36.19
1,FFJLY60.51
1,FNMHHHHT16.36
1,FSCPS37.37
2,FXJWS22.5
1,FHBSJZ8.29
1,FSXTY35.58
2,FQHXN6.9
2,FSDLZ56.38
2,FJSNT46.57
1,FZJHZD8.52
2,FGDLZ48.74
1,FJSNT29.31
2,FJND24_FDME220051215-1a.36
2,FAHWH06.35
1,FTJBH17.134
2,FGZ34M_FDME220052034-1a.91
1,FHLJZD27.26
2,FGXGL42_FDME220052097-1a.7
2,FNXYCHL73.48
1,FSHXWN25.5
1,FSHCM14_FDME220054531-1a.61
2,FJSNT66.99
2,FTJBH32.39
1,FJNDD13_FDME220051230-1a.2
2,FZJHZD24.67
1,FSHCM7.75
1,FTJBH_17.105
1,FGDLZ69_FDME220051950-1a.31
1,FSXTY50.134
2,FNMHHHHT23.47
1,FZJTZ57.14
2,FSHCM51.83
2,L1EFC230348_FJXFC29_S306_L004.66
1,FSXLL12.63
2,FCQTY029_FDME220051123-1a.30
2,FSHCM9_FDME220054526-1a.6
2,FHBSJZ14.55
2,FCQTY004.23
NA,FNMHHHHT15.131
1,FHBSJZ40_FDME220052231-1a.54
1,FHLJYC4hun.38
1,FSXTY25.61
1,FTJBH82.29
2,FSCDJY53.54
1,FXJYN12.14
1,FSHXWN11hun.42
2,FSHHK42_FDME220054511-1a.47
1,FCQTY009.21
1,FNXYCHL92.54
1,FGXGL26_FDME220052081-1a.37
1,FHuNHHMY75.35
1,FGSYC8.42
2,FSHCM65.27
2,FGDLZ19_FDME220051917-1a.122
1,L1EFC230293_FXJWS14_S176_L002.123
2,FSHHK7_FDME220054481-1a.51
1,FNMHLBE2.13
1,FSCPS52.99
1,FFJLY40_FDME220051269-1a.40
2,JSZJ1.10
1,FTJBH46.2
2,FCQTY077_FDME220051152-1a.47
1,FHuBWH3.10
1,FSCPS8.88
1,FZJTZ1.22
2,FZJTZ37.44
1,FSDLZ45.27
2,FGXGL48_FDME220052103-1a.17
1,FGSZY23.51
2,FGSYC73.58
1,FSXTY26.73
2,FSHHK14.27
1,FSXTY32.50
2,FGXGL85_FDME220052140-1a.39
1,FGXGL39_FDME220052094-1a.37
2,FSHCM13_FDME220054530-1a.15
2,FNXYCHL7.11
2,FSHCM37.69
1,M2CF11.74
2,FGZ29M_FDME220052027-1a.17
1,FHLJZD51.16
1,FCQTY071_FDME220051148-1a.70
1,FGSYC32.41
1,FJSNT30.162
2,JSCZD7.39
1,FJSNT4.21
2,FTJBH51.14
1,FZJTZ39.62
2,FSHXBX171.1
2,L1EFC230236_FHLJZD14_S81_L001.96
2,FSXTY31.79
1,BJHD9.21
2,FSXLL8.14
1,FJSNT14.19
2,FGZ37M_FDME220052037-1a.74
1,FHNFQ63.53
1,FFJLY59_FDME220051278-1a.17
2,FAHWH36_FDME220050753-1a.50
2,SDHZD11.22
2,FSDLZ18.146
2,L1EFC230344_FJXFC20_S302_L004.113
1,M1C2.39
1,FHNFQ23.86
NA,FCQTY091_FDME220051169-1a.18
1,FJSWX84.43
2,FJXSRPY10.122
2,FSXTY17.58
1,FHNXY30.84
1,FCQNA43.76
2,FNXYCHL18.52
2,FSDLZ33.29
1,FJXSRPY44.62
2,FJSNT27.38
2,FBJ11.66
2,FCQNA27.33
2,FSDLZ04.56
1,FSXLVWS2hun.56
1,FGSYC79.44
2,FHuNHHMY72.48
1,FSHCM69.25
