tree_group,mag
1,FAHBZ18_FDME220050698-1a.4
2,FAHWH33.54
1,FBJ52.76
1,FCQHC4.48
1,FeceHuNa150141_FDME220052284-1a.25
2,FFJLY16.89
1,FFJLY34_FDME220051263-1a.83
1,FGDLZ58.14
1,FGSZY3.104
2,FGSZY38.21
1,FGSZY46.55
1,FGZ30M_FDME220052028-1a.57
2,FHBSJZ28.19
1,FHNFQ61hun.2
2,FHNXY42.24
2,FHuNHHMY29.118
1,FHuNHHMY55.9
2,FHuNHHMY77.72
1,FJSWX73.30
2,FJSWXJ30.87
1,FNMHLBE28.51
1,FNMHLBE30.53
2,FNXYCHL34.74
1,FNXYCHL50.83
1,FNXYCHL75.10
2,FQHXN108.42
2,FQHXN14.200
1,FQHXN33.153
1,FSCCD10.34
2,FSCPS61.44
1,FSCPS52.28
1,FSCPS68.55
1,FSDLZ19.105
1,FSDLZ28.50
1,FSDLZ15.73
1,FSDQZ28.44
1,FSHCM54.69
1,FSHCM51.55
2,FSHXBX108.5
2,FSHXBX132hun.21
1,FSHXBX18.29
1,FSHXBX32.25
1,FSHXWN33.14
1,FSXTY2hun.83
1,FTJBH53.6
1,FXJKS35.80
2,FXJSW3.40
1,FZJHZD27hun.9
1,FZJJH15.31
1,L1EFC230259_FXJCJ15_S144_L002.73
2,L1EFC230262_FXJCJ20_S146_L002.52
1,L1EFC230335_FJXFC05_S261_L003.47
2,M214F02.103
2,M129R01.58
1,FAHBZ50.5
1,FAHWH10.24
1,FAHWH05.96
2,FCQNA13.27
1,FCQTY054_FDME220051137-1a.46
1,FeceGuXi15012.39
1,FeceHeNa6.39
1,FeceHuNa15016.30
1,FFJLY53_FDME220051276-1a.98
2,FFJLY5_FDME220051242-1a.30
1,FGDLZ39.79
1,FGSYC47.9
1,FGSZY11.11
1,FGZ27M_FDME220052023-1a.21
1,FHBSJZ40_FDME220052231-1a.49
2,FHHMY79.5
1,FHLJYC4hun.39
1,FHLJYC40.63
1,FHuBWH27.38
2,FHuNHHMY60.74
1,FHuNHHMY75.61
1,FJXSRPY27.63
1,FJXSRPY38.101
1,FNXYCHL27.64
1,FNXYCHL47.99
2,FNXYCHL54.53
1,FQHXN50.31
1,FSCDJY73.11
,FSCDYJ2.46
1,FSDJN36.40
1,FSHCM8.15
1,FSHHK45.21
1,FSHXBX137.120
1,FSHXWN20.41
1,FSXTY34.26
1,FSXTY61.20
2,FXJKS14.118
1,FXJCJ4.78
1,FXJYN20.36
2,FYNDL2.63
1,FYNLJ23hun.7
1,FYNLJ52.131
2,L1EFC230392_FSHXXA36_S35_L003.33
1,L1EFC230391_FSHXXA34_S34_L003.43
2,M1C5.61
1,L1EFC230379_FSHXXA03_S337_L004.27
2,FAHBZ61_FDME220050736-1a.49
1,FAHBZ53.26
1,FBJ45.60
1,FCQTY076_FDME220051151-1a.3
2,FCQTY147_FDME220051186-1a.47
1,FeceHeNa27.60
1,FeceHuNa150139_FDME220052282-1a.30
1,FeceHuNa15019.51
1,FFJLY22.30
1,FFJLY26_FDME220051256-1a.41
1,FGDLZ82_FDME220051960-1a.61
1,FGXGL67_FDME220052122-1a.3
1,FHLJZD57.34
1,FHNFQ2.88
2,FHNFQ63.19
1,FHNXY57.103
1,FHuBWH8.69
1,FHuNHHMY3.80
2,FHuNHHMY66.15
1,FJSNT11.67
1,FNMHLBE34hun.53
2,FNXYCHL15hun.45
2,FNXYCHL62.53
1,FQHXN34.5
1,FSCCD22.52
1,FSCPS19.21
1,FSDQZ19.63
1,FSHHK42_FDME220054511-1a.22
1,FSHXWN1.63
1,FSXLL19.20
1,FYNLJ28.75
1,FZJTZ6.89
1,L1EFC230246_FHLJZD42_S89_L001.68
2,L1EFC230339_FJXFC12_S265_L003.22
1,M2CF08.53
1,FAHBZ3_FDME220050685-1a.29
1,FAHBZ8_FDME220050690-1a.42
1,FBJ36.43
1,FBJ66.8
1,FBJ44.135
1,FBJ54.57
1,FCQTY016.34
1,FeceHuBe150120.1
1,FGDLZ21.56
1,FGSYC10.55
1,FGSYC17.4
1,FGSYC24.32
1,FGSYC60.89
1,FGSYC74.28
2,FGSZY55.11
2,FHLJZD58.15
2,FHNXY37.26
2,FHNXY14.33
1,FHuBWH11.10
1,FHNXY60.17
2,FJSNT45.89
1,FJXSRPY13.40
1,FJXSRPY45.89
2,FQHXN102.66
1,FQHXN110.49
2,FSCDJY78.7
1,FSDLZ12.109
1,FSHCM20_FDME220054535-1a.56
1,FSHCM49.52
1,FSHXBX135hun.36
1,FSHXBX61.63
1,FSXLVWS7hun.97
1,FTJBH71.16
2,FXJKS5.117
2,FXJSW21.90
2,FXJKS7.95
1,FYNLJ22hun.46
1,FYNLJ69.39
1,FZJHZD12.73
1,FZJHZD21.33
1,HeNJZ4hun.20
2,L1EFC230314_FXJWS46_S240_L003.37
1,SDHZD11.105
2,L1EFC230390_FSHXXA28_S33_L003.7
1,BJCY4.8
1,FAHBZ24.24
1,FAHWH15_FDME220050740-1a.31
1,FAHWH21_FDME220050743-1a.64
1,FCQJJ2.35
1,FeceHeNa33.75
1,FFJLY15_FDME220051249-1a.95
1,FFJLY59_FDME220051278-1a.57
1,FGDLZ67_FDME220051948-1a.86
1,FGSZY57_FDME220051907-1a.4
1,FGXGL48_FDME220052103-1a.7
2,FGXGL57_FDME220052112-1a.29
1,FGXGL69_FDME220052124-1a.66
1,FGXGL97.26
1,FHBSJZ5.45
1,FHBSJZ52.30
1,FHLJYC13.39
1,FJSWX101.35
1,FJSWX98.30
1,FJSWX84.35
2,FNMHLBE32.67
1,FNXYCHL66.21
1,FNXYCHL95.71
1,FQHXN22.10
1,FQHXN92.44
1,FQHXN7.134
1,FSCDJY98.25
1,FSDQZ21.197
2,FSHHK27hun.49
1,FSHXBX172.60
2,FSHXXA47hun.48
1,FXJYN16.15
2,FYNLJ35.88
1,FYNLJ34.54
2,FZJHZ15.12
1,L1EFC230350_FJXFC33_S308_L004.75
1,M128R01.27
1,L1EFC230373_FSHXBX64_S331_L004.27
1,FAHBZ7_FDME220050689-1a.21
1,FAHWH39_FDME220050756-1a.41
1,FCQNA2.83
1,FCQTY136_FDME220051181-1a.45
1,FeceHeNa2.40
1,FFJLY28.17
1,FGDLZ19_FDME220051917-1a.110
1,FGDLZ48.52
1,FGSYC57.42
1,FGSZY37.42
1,FGXGL40_FDME220052095-1a.73
1,FGXGL72_FDME220052127-1a.26
1,FGZ12M_FDME220051990-1a.46
2,FHLJZD18.74
2,FHLJZD6.34
1,FHNXY39.32
1,FHNXY41.17
1,FHuNHHMY2hun.100
1,FJSWXJ7.43
1,FNXYCHL89.31
2,FQHXN53.84
1,FSCDJY64.44
1,FSDLZ09.69
1,FSDLZ20.101
1,FSDLZ31.91
2,FSDQZ31.95
1,FSHCM57.42
1,FSHCM4hun.62
1,FTJBH59.17
2,FYNDL23hun.13
1,FYNLJ56.81
1,FZJTZ18.70
1,HNZZ13_FDME220052291-1a.17
1,L1EFC230365_FSHXBX46_S323_L004.3
1,FAHWH45.35
1,FBJ22.76
1,FCQTY140_FDME220051182-1a.52
1,FeceGuXi15011.84
2,FeceHeNa26.51
1,FeceHuNa150140_FDME220052283-1a.72
2,FHLJZD11.49
1,FHLJZD51.111
1,FHNXY21.55
1,FHNXY30.114
2,FHuBWH10.19
1,FHuNHHMY40.22
1,FJSWX96.49
1,FJSWXJ20.77
1,FJXSRPY47.98
1,FJXSRPYG1.52
2,FNXYCHL22.57
2,FNXYCHL28.52
1,FNXYCHL72.114
1,FSCPS50.69
1,FSDLZ06.25
1,FSDQZ10.78
1,FSHXBX103.48
1,FSHXBX75.5
2,FSHXBX77.1
1,FSHXWN22.65
1,FSHXXA44hun.50
1,FYNDL10hun.45
2,FZJJH9.30
1,L1EFC230318_FTJS0001_S244_L003.1
1,FAHWH06.73
2,FeceHuBe150112.23
1,FFJLY44_FDME220051272-1a.36
1,FGSZY14.85
1,FGXGL28_FDME220052083-1a.50
1,FGXGL15_FDME220052070-1a.50
1,FGZ33M_FDME220052033-1a.36
1,FGZ34M_FDME220052034-1a.48
1,FHBSJZ14.36
1,FHBSJZ36.48
1,FHuNHHMY22.17
2,FJSNT62.43
1,FJXSRPY6.37
1,FNMHLBE25hun.18
1,FNXYCHL1.70
2,FQHXN51hun.95
1,FSHXBX143.56
1,FSHXBX80.113
1,FSHXHZ12.18
1,FSHXWN17.86
1,FSHXWN11hun.65
1,FSXTY21.24
1,FXJYN4.17
2,FYNLJ26.29
2,FYNLJ59.4
1,FZJHZD23.42
1,FZJJHD2.12
1,L1EFC230282_FXJCJ51_S165_L002.52
2,L1EFC230371_FSHXBX56_S329_L004.22
2,L1EFC230378_FSHXXA02_S336_L004.4
1,FAHWH42_FDME220050759-1a.52
1,FBJ30.39
1,FCQTY101_FDME220051173-1a.1
1,FGDLZ6.29
1,FGDLZ76_FDME220051956-1a.23
1,FGSYC4.29
1,FHBSJZ33.58
1,FHLJZD28.40
1,FHNFQ51.10
1,FHuNHHMY52.59
1,FJNDD4_FDME220051221-1a.39
1,FJXSRPY55.9
1,FJXSRPY51.101
1,FNMHLBE9hun.108
1,FNXYCHL17.12
1,FNXYCHL39.103
1,FQHXN106.7
1,FQHXN39.44
1,FSCCD1hun.78
1,FSCCD7hun.61
1,FSCDJY53.12
1,FSCPS95.3
2,FSDLZ41.6
1,FSHCM81.61
2,FSHHK28_FDME220054497-1a.70
1,FSHHK4.138
1,FSHXBX146.88
1,FSHXXA32.25
1,FSXTY47.66
1,FSXTY9.53
2,FTJBH76.22
1,FXJCJ16.40
2,FXJWS17.15
1,FZJTZ13.73
2,FZJTZ46.45
1,FZJTZ62.121
1,JSCZD7.10
1,L1EFC230331_FTJS0028_S257_L003.35
2,L1EFC230346_FJXFC22_S304_L004.81
1,M115R01.90
1,SDHZD12.26
1,FAHBZ25_FDME220050705-1a.68
1,FCQTY001.41
1,FCQTY141_FDME220051183-1a.57
1,FeceHuBe150121_FDME220052842-1a.55
2,FFJLY64.21
1,FGSYC14.49
1,FGXGL85_FDME220052140-1a.14
1,FHBSJZ27.22
2,FHLJZD55.92
2,FHNXY13.85
2,FJLHD35.64
1,FJSWX107.7
2,FJSWXJ15.16
2,FJXSRPY26.33
1,FNMHHHHT42.20
2,FNMHLBE29.35
1,FNXYCHL24.113
2,FNXYCHL20.105
1,FSCCD17.39
1,FSCDJY19.25
1,FSCDJY45.80
1,FSCDJY92.76
2,FSDQZ33.11
1,FSDQZ4.89
1,FSHXBX154.7
2,FSXTY3.124
1,FSXLVWS9.108
1,FSXLVWS8hun.41
2,FXJYN29.59
1,FZJTZ11.21
1,L1EFC230268_FXJCJ27_S152_L002.20
1,L1EFC230305_FXJWS34_S231_L003.82
1,L1EFC230360_FSHXBX24_S318_L004.55
1,DA3.12
1,FAHBZ48_FDME220050725-1a.75
1,FAHBZ6_FDME220050688-1a.8
1,FBJ14.19
1,FBJ63.68
2,FCQHC10.66
1,FCQNA14.101
1,FGDLZ65_FDME220051946-1a.43
2,FGDLZ73.13
1,FGSYC38.22
2,FGSYC34.52
1,FGSZY16.73
1,FGXGL22_FDME220052077-1a.64
1,FGXGL19_FDME220052074-1a.14
1,FGXGL41_FDME220052096-1a.47
1,FGXGL81_FDME220052136-1a.52
2,FGXGL91.58
1,FHBSJZ61_FDME220052252-1a.11
1,FHBSJZ7.20
2,FHuBWH15.57
1,FHNXY62.29
2,FHuNHHMY12.2
1,FHuNHHMY70.69
1,FHuNHHMY71.42
1,FJLHD27.28
1,FJLHD5.78
1,FJNDD3.42
1,FNMHHHHT45.31
1,FNMHLBE24.137
1,FQHXN76.69
1,FSDLZ50.49
1,FSDLZ58.26
1,FSHXBX134hun.24
1,FSHXBX159.15
1,FSHXBX21.19
1,FSHXHZ9.20
1,FSHXBX79.50
1,FSXLL6.41
1,FSXTY1hun.54
1,FXJCJ55.35
1,FXJKS51.148
1,FXJYN17.25
1,FXJYN33.106
1,FYNLJ45.49
1,FZJJH13.50
2,FZJTZ49.27
1,FZJZJ4.6
1,L1EFC230278_FXJCJ44_S162_L002.47
1,L1EFC230340_FJXFC13_S266_L003.2
1,M104R01.93
1,M1DZ04.80
1,M119R01.138
1,M1C1.52
2,NMGHHHT3.13
1,FAHBZ4_FDME220050686-1a.68
1,FAHWH41_FDME220050758-1a.42
1,FCQJJ1.49
1,FeceHuBe150119_FDME220052841-1a.47
1,FFJLY79.39
1,FGSYC76.16
2,FGSYC77.31
1,FGSZY19.33
1,FGXGL13_FDME220052068-1a.53
2,FGZ36M_FDME220052036-1a.86
2,FHHMY62.13
1,FHLJZD34.94
1,FHNFQ62hun.88
1,FHNXY47.75
1,FHuNHHMY45.35
1,FHuNHHMY49.30
1,FHuNHHMY59.14
1,FJLHD33.81
2,FJLHD10.80
1,FJNDD19_FDME220051236-1a.44
1,FJLHD55.44
1,FJSNT58.3
2,FJSNT4.119
1,FJSNT8.89
1,FJSWX103.15
1,FJSWX83.17
1,FJSWXJ18.36
2,FJSWXJ39.65
2,FNXYCHL57.67
1,FQHXN20.43
1,FQHXN37.29
1,FQHXN70hun.27
1,FQHXN61hun.130
1,FSCDJY12.31
2,FSCPS36.119
2,FSDJN26.64
1,FSDLZ10.22
2,FSDQZ38.126
1,FSHCM94hun.29
1,FSHXBX23.43
1,FSHXWN36.55
1,FSHXXA1.26
1,FSXLL8.22
2,FSXTY17.33
1,FSXTY51hun.94
1,FXJYN2.71
1,FXJYN23.114
1,FYNDL13.38
1,FYNLJ68.113
1,FZJTZ27.43
1,FZJTZ28.37
2,FZJTZ3.12
2,M207F02.2
1,NMGEL4.53
,BJCP2.12
1,FAHBZ10_FDME220050692-1a.120
1,CS10.20
1,FAHWH14.36
2,FAHWH29_FDME220050747-1a.85
1,FAHWH44_FDME220050761-1a.97
1,FBJ3.67
1,FCQTY155_FDME220051191-1a.117
2,FeceHeNa31.68
1,FeceHuBe15019_FDME220052837-1a.28
1,FFJLY11_FDME220051248-1a.26
1,FGSYC48.69
1,FGSZY12.41
1,FGSYC75.56
2,FGXGL4_FDME220052059-1a.68
1,FGZ5M.24
1,FHBSJZ2.29
2,FHHMY5.15
1,FHNFQ8.72
1,FHuBWH32.29
1,FHuBWH31.39
1,FHuNHHMY56.51
1,FJSNT65.12
1,FJSWX88.6
1,FJXSRPY8.122
1,FNXYCHL4hun.25
2,FQHXN21.24
2,FSCCD2.103
1,FSHCM53.43
1,FSHXBX133hun.66
1,FSHXBX155.147
1,FSHXWN2.22
1,FSHXWN8.81
1,FSHXXA35.50
1,FSXTY39.25
1,FTJBH45.61
1,FXJSW11.143
1,L1EFC230238_FHLJZD22_S83_L001.52
1,JSZJ2.26
1,L1EFC230321_FTJS0007_S247_L003.31
1,M2CF03.28
1,M1C7.126
1,BJHD5.23
2,FAHBZ5_FDME220050687-1a.49
2,FCQNA4.42
1,FeceGuXi150112.48
1,FeceHuNa150142_FDME220052285-1a.53
1,FGSYC19.50
1,FGZ29M_FDME220052027-1a.35
1,FHBSJZ37.50
1,FHBSJZ55.64
1,FHBSJZ54_FDME220052245-1a.37
1,FHHMY63.44
2,FHLJDQ11.37
1,FHLJDQ8.27
1,FHLJYC34.37
1,FHNFQ20.91
2,FHNXY10.79
1,FHuNHHMY68.27
2,FJLHD45.174
1,FJSWXJ8.97
1,FJXSRPY35.6
1,FNMHLBE35.138
1,FQHXN103.75
1,FQHXN27.123
1,FQHXN11.2
1,FSDLZ02.59
1,FSDLZ42.47
2,FSDQZ2.101
1,FSHXBX12.68
1,FSHXBX7.58
,FXJSW2.62
1,FXJSW36.120
2,L1EFC230298_FXJWS24_S224_L003.87
1,L1EFC230300_FXJWS27_S226_L003.33
1,L1EFC230345_FJXFC21_S303_L004.34
1,SDHZD19.13
1,L1EFC230383_FSHXXA07_S341_L004.101
1,FAHBZ58_FDME220050733-1a.9
1,FAHWH32_FDME220050750-1a.36
1,FBJ13.52
2,FeceHuNa150133_FDME220052276-1a.47
1,FGDLZ64_FDME220051945-1a.109
2,FGSYC58.98
1,FGSYC84.3
1,FGXGL89_FDME220052144-1a.89
1,FGZ11M_FDME220051989-1a.51
1,FHLJZD1.39
2,FHLJZD24.70
1,FHNXY51.11
1,FHuNHHMY1.103
1,FHuNHHMY14.29
1,FJSWXJ6.66
1,FJXSRPY39.151
1,FNXYCHL59.37
1,FNXYCHL87.60
1,FSCDJY93.56
1,FSDJN10.13
1,FSDLZ21.123
1,FSDQZ46.56
1,FSHCM31.116
1,FSHHK50_FDME220054517-1a.113
1,FSHXBX158.21
1,FSHXBX27.126
1,FXJSW41.29
2,FXJYN32.44
1,FZJTZ7.1
1,L1EFC230255_FXJCJ07_S140_L002.68
1,L1EFC230254_FXJCJ06_S139_L002.56
2,L1EFC230307_FXJWS36_S233_L003.89
1,FBJ40.62
1,FBJ57.14
1,FCQNA10.108
1,FCQNA17.56
2,FHBSJZ49_FDME220052240-1a.33
1,FHLJDQ5.8
1,FHLJDQ6.8
1,FHNFQ5.42
1,FHNXY4.38
1,FJNDD6_FDME220051223-1a.50
2,FJSWXJ24hun.36
1,FJXSRPY46.60
2,FJXSRPY53.35
1,FNXYCHL52.58
1,FNXYCHL70.72
1,FQHXN109.81
2,FQHXN32.94
1,FSCPS8.46
1,FSDJN4.96
1,FSDQZ3.35
2,FSHCM22_FDME220054537-1a.24
1,FSHHK46_FDME220054513-1a.13
1,FSXTY57hun.41
1,FTJBH57.9
2,FXJCJ9.18
1,FXJYN31.56
1,FXJYN41.92
1,FZJHZ24hun.31
1,FZJTZ26.119
1,L1EFC230296_FXJWS21_S300_L004.53
2,FBJ28.9
1,FBJ35.14
1,FFJLY21_FDME220051252-1a.19
1,FFJLY23_FDME220051254-1a.22
1,FGDLZ25.57
1,FGDLZ62.66
2,FGSYC12.60
1,FGXGL8_FDME220052063-1a.8
1,FHBSJZ47_FDME220052238-1a.29
1,FHBSJZ51.14
1,FHBSJZ53_FDME220052244-1a.46
1,FHLJZD50.11
1,FHNXY52hun.39
1,FHuNHHMY36.58
2,FJSNT63.34
2,FNMHLBE17.99
1,FNXYCHL69.94
2,FQHXN30.64
1,FSDQZ11.22
2,FSDQZ42.75
1,FSHXBX169.154
1,FSHXBX88.122
1,FSHXHZ4.93
1,FSHXWN30.52
1,FTJS017.37
2,FXJSW46.75
1,FZJHZ8.12
1,FZJTZ52.77
1,FZJTZ69.78
1,L1EFC230319_FTJS0003_S245_L003.2
,L1EFC230327_FTJS0023_S253_L003.68
1,L1EFC230369_FSHXBX54_S327_L004.83
1,FAHBZ49_FDME220050727-1a.16
2,FeceHeNa11.22
2,FeceHeNa12.26
2,FFJLY7_FDME220051244-1a.120
1,FGDLZ53.61
1,FGXGL86_FDME220052141-1a.17
1,FHBSJZ59_FDME220052250-1a.39
1,FHuBWH14.13
1,FHNXY63.25
1,FHuNHHMY58.82
2,FHuNHHMY9.30
1,FJSWX82.36
1,FNMHHHHT16.24
1,FSDJN3.52
1,FSDQZ39.109
2,FSHCM15_FDME220054532-1a.51
1,FSHCM96.7
1,FSXLVLS25.131
2,FSXTY5hun.35
1,FTJBH14.37
1,FXJKS48.79
1,FXJYN8.8
1,FYNDL7.54
1,FZJJH12.50
1,FZJHZD3hun.71
1,FZJHZD1hun.23
1,L1EFC230267_FXJCJ26_S151_L002.41
1,L1EFC230295_FXJWS19_S222_L003.37
1,M2CF21.59
1,SDZB3.11
2,FAHBZ20_FDME220050700-1a.167
1,FBJ2.16
2,FCQTY021_FDME220051118-1a.65
1,FeceHuNa15011_FDME220052259-1a.6
1,FGD13I2_FDME220051992-1a.7
1,FGDLZ34.34
1,FGSYC20.16
2,FGSYC66.24
2,FGSZY25.31
1,FGXGL50_FDME220052105-1a.17
2,FGXGL65_FDME220052120-1a.129
1,FGXGL59_FDME220052114-1a.21
1,FHBSJZ35.40
1,FHBSJZ6.35
1,FHLJZD41.91
1,FHLJZD59.35
1,FHLJZD8.154
2,FJLHD26.39
1,FJND19_FDME220051210-1a.12
1,FJLHD47.11
2,FJSWXJ42.139
2,FJSWXJ29.63
1,FNMHLBE11hun.54
1,FNXYCHL38.22
1,FQHXN107.14
2,FQHXN52hun.56
1,FQHXN74.64
1,FSCPS6.6
1,FSDLZ08.26
2,FSDLZ05.30
1,FTJBH62hun.56
1,FXJWS6hun.98
1,FXJWS41.42
2,FXJYN3.58
1,FYNLJ51.19
1,FZJTZ8.73
1,HuNCS8.20
1,M137R01.28
1,SDHZD13.35
2,M1C9.126
1,FAHBZ15.72
1,FBJ34.16
1,FCQNA11.90
1,FCQNA27.6
1,FCQTY105_FDME220051176-1a.75
1,FeceGuXi150116.58
2,FeceGuXi15019.21
1,FeceHeNa21.22
2,FeceHuNa150145.26
1,FFJLY6_FDME220051243-1a.28
1,FGDLZ60_FDME220051939-1a.15
1,FGDLZ9_FDME220051911-1a.73
1,FGSYC31.64
1,FGXGL62_FDME220052117-1a.65
1,FHBSJZ29.38
1,FHNFQ54.14
1,FHuBWH25hun.17
1,FHuBWH40.8
1,FJND9_FDME220051201-1a.62
1,FJSNT23.170
1,FJSWX106.33
1,FJSWX108.74
1,FJXSRPY33.91
1,FNXYCHL13.25
1,FQHXN13.9
1,FQHXN64hun.137
1,FSCDJY33.60
1,FSCPS73.45
1,FSDLZ11.123
1,FSDLZ26.58
,FSDLZ38.85
1,FSHXBX125.40
1,FSHXBX136hun.87
1,FSHXBX37.17
1,FSHXHZ2.59
1,FSHXHZ17.59
1,FSHXWN6.43
1,FSXLVLS2.110
2,FSXTY12hun.76
2,FTJS022.27
1,FTJS006.35
2,FXJYN21.84
1,FXJWS10.88
1,FYNLJ57.50
2,FYNLJ66.106
1,FZJTZ22.10
2,FZJTZ24.86
1,L1EFC230257_FXJCJ13_S142_L002.15
1,L1EFC230380_FSHXXA04_S338_L004.36
