tree_group,mag
1,FXJKS5.8
2,FCQTY063_FDME220051143-1a.83
1,FXJCJ21.9
2,FNMHLBE23.10
1,FAHBZ40_FDME220050717-1a.155
2,FHHMY63.112
2,FeceHuNa150112_FDME220052263-1a.15
1,FXJKS10.79
2,FSHXBX157.164
2,FYNDL10hun.60
2,FJSNT20.35
1,FQHXN98.45
1,FQHXN68.9
2,FJLHD32.32
1,FQHXN73.56
2,FYNLJ71.100
2,FXJYN29.37
2,M2CF01.71
2,FSDQZ46.87
2,FSHXHZ24.71
2,FSDJN36.16
1,M104R01.24
1,FXJSW14.22
2,FeceHuNa15016.47
2,FJLHD37.20
1,FHNXY44.51
2,FSHXBX78.63
2,FYNLJ46.140
2,FSHXBX98.127
2,FGDLZ83_FDME220051961-1a.2
2,FYNDL28hun.44
1,M122R01.136
2,M106R01.45
2,FHNFQ20.81
2,FGDLZ54.8
2,FJLHD44.13
1,FQHXN52hun.162
2,FHuNHHMY23.62
2,FNMHLBE7.3
2,L1EFC230300_FXJWS27_S226_L003.91
2,FJXSRPY40.39
2,FHNXY48.48
2,FSCPS11.157
2,FXJSW32hun.72
1,M119R01.61
2,FeceHuNa150118_FDME220052267-1a.42
2,FHuNHHMY1.75
1,FXJKS36.47
2,FZJTZ13.24
1,FXJKS37.109
2,FSDLZ01.82
1,FXJKS14.151
1,FXJSW5hun.63
2,FSHXHZ20.68
1,M115R01.31
2,L1EFC230355_FJXFC53_S313_L004.15
2,FFJLY10_FDME220051247-1a.76
1,FXJKS35.104
1,FQHXN89.33
2,L1EFC230351_FJXFC35_S309_L004.111
2,L1EFC230239_FHLJZD23_S84_L001.48
1,FHNXY38.137
2,FGDLZ65_FDME220051946-1a.53
2,FeceHuNa150142_FDME220052285-1a.62
2,FSDJN48.10
1,FXJYN38.19
2,FSDLZ58.106
2,FJLHD34.18
2,FHLJZD8.136
2,FGSZY45.24
1,FQHXN45.108
2,FSDQZ39.113
2,FNXYCHL44.113
2,FHuNHHMY70.18
2,FJXSRPYG41.35
2,FYNLJ38.41
1,FXJKS22.92
2,FGDLZ15_FDME220051915-1a.13
2,M1DZ11.46
2,M2CF04.2
1,FSHXBX76.41
1,FXJKS12.111
1,FQHXN69.121
2,M1C5.94
2,FJSNT67.115
2,FHNXY49.110
2,FHuNHHMY13.35
2,FSXLVWS7hun.100
2,FeceHuNa15011_FDME220052259-1a.69
2,L1EFC230247_FHLJZD44_S90_L001.131
2,FJLHD19.64
2,FSXTY39.104
1,FQHXN87.106
1,M1C8.157
2,FSDJN60.49
1,M214F02.101
2,FZJTZ19.178
2,FSXLL17.61
1,FAHBZ25_FDME220050705-1a.96
1,FXJKS4.115
2,FGXGL95.7
2,FSXTY60.58
2,FSDLZ02.81
2,FSDLZ49.99
1,FQHXN93.50
1,FXJKS11.119
2,FSDLZ40.99
2,FYNLJ52.30
1,FHNXY62.77
