tree_group,mag
1,FHBSJZ35.21
1,FSXTY53.46
2,FGDLZ49.70
2,FNXYCHL56.168
2,FHLJYC2.6
1,FNXYCHL71.8
NA,FNXYCHL69.62
1,FTJBH52.35
2,FGSYC32.60
1,FeceHuNa150137.123
2,FJXSRPY45.94
2,FSDJN7.114
1,FSXLL13.74
2,FGXGL3_FDME220052058-1a.94
1,FAHWH08.15
2,FJSWXJ25.28
1,FSDLZ01.14
2,FGDLZ70.26
2,SDHZD3.73
2,FNXYCHL65.134
1,FHLJZD58.93
NA,FSXLVLS2.79
2,FGSYC12.100
2,FJNDD19_FDME220051236-1a.7
1,FHLJYC1.85
2,FCQTY064_FDME220051144-1a.22
1,FSDLZ58.62
2,FGXGL34_FDME220052089-1a.77
2,FHuNHHMY55.85
1,FSDLZ30.17
2,FSXLL10.74
1,FCQNA16.37
2,FHBSJZ27.80
1,L1EFC230298_FXJWS24_S224_L003.85
2,FHLJZD1.29
2,FSHCM2.42
2,FGSZY28.58
1,FHNXY46.2
2,FHLJDQ10.94
2,FTJBH51.37
2,FeceHeNa18.36
2,FSCDJY13.64
2,FGXGL61_FDME220052116-1a.84
NA,FJSWXJ43.59
2,FJSWXJ42.3
1,FeceHuNa150124_FDME220052272-1a.68
2,FJSWXJ17.23
2,FZJHZD25.48
1,FXJCJ21.102
1,FTJBH93.94
2,FHLJYC12.31
2,FNMHLBE16.59
2,FHNFQ53.15
2,FJSNT30.154
1,FQHXN16.13
1,FQHXN5.3
2,FHLJDQ6.9
1,FQHXN4.95
2,FSCDJY31.111
1,FQHXN27.82
2,L1EFC230339_FJXFC12_S265_L003.41
2,FSDJN10.56
2,FHLJDQ5.14
1,FNXYCHL32.10
2,FAHBZ60_FDME220050735-1a.163
2,L1EFC230307_FXJWS36_S233_L003.112
2,FAHBZ5_FDME220050687-1a.144
2,FJLHD44.15
1,FBJ25.27
1,FXJYN3.117
2,L1EFC230299_FXJWS26_S225_L003.50
1,FHNFQ8.79
1,FSHHK34_FDME220054503-1a.21
2,FAHBZ38.38
NA,FNXYCHL63.50
2,FGXGL24_FDME220052079-1a.65
2,L1EFC230393_FSHXXA37_S36_L003.109
2,FSCCD8hun.46
1,M119R01.65
2,FSCPS50.68
1,FSHHK35_FDME220054504-1a.68
2,FJSNT60.41
2,FHNFQ61hun.57
1,FJSWX92.14
1,FFJLY33_FDME220051262-1a.95
2,FGD18M_FDME220052004-1a.133
1,L1EFC230325_FTJS0011_S251_L003.88
1,FSDJN9.57
2,FYNLJ68.11
2,FTJBH100.11
1,FSDJN26.31
2,FJXSRPY53.44
2,FXJYN33.109
2,FSDJN60.115
2,FSDLZ25.61
2,FGXGL18_FDME220052073-1a.89
2,FZJTZ30.55
2,FGXGL73_FDME220052128-1a.11
1,FGXGL13_FDME220052068-1a.76
1,SDHZD5.70
2,FTJS030.112
2,FFJLY72_FDME220051238-1a.45
1,FSHXBX28.91
2,FHuNHHMY32.111
1,FGXGL109.71
2,FXJWS18.78
1,FAHBZ35.12
2,FAHBZ39_FDME220050716-1a.32
