tree_group,mag
1,FXJSW39.97
2,FFJLY20_FDME220051251-1a.15
2,FHBSJZ2.10
2,FXJYN29.12
1,FYNDL6.58
2,L1EFC230299_FXJWS26_S225_L003.94
2,FJXSRPY46.90
2,SDZB2.11
2,FGZ15M_FDME220051995-1a.3
1,FSHXBX49.20
2,FHBSJZ41_FDME220052232-1a.52
1,FSHXBX151hun.37
1,FSHXBX171.32
1,FSDJN40.36
1,FSHXWN27.85
1,FJNDD5_FDME220051222-1a.92
2,FSHXXA35.7
1,FGSYC90.64
1,FSHXBX123hun.30
2,FJNDD8_FDME220051225-1a.25
1,FNXYCHL69.19
,FHNFQ61hun.22
1,FNMHHHHT42.36
2,FHLJYC21.98
1,FHLJYC4hun.109
1,HuNCS6.14
2,FSCDYJ6.104
1,HuNCS3.24
2,FNXYCHL17.61
2,FGZ32I2_FDME220052032-1a.20
2,FSHXBX44.32
2,FZJHZD17hun.30
1,FNXYCHL6.11
1,FSDJN2.13
2,L1EFC230282_FXJCJ51_S165_L002.31
2,FQHXN28.3
2,L1EFC230302_FXJWS31_S228_L003.165
1,FSHXBX129.6
2,FSHCM77hun.9
2,FSHXHZ18.109
1,FGSZY30.101
2,FHNXY24.33
1,FSXLVLS1.21
2,FYNLJ68.66
2,FHuBWH31.34
2,FCQTY149_FDME220051188-1a.49
2,FHBSJZ44_FDME220052235-1a.47
2,FQHXN22.171
1,FNMHHHHT11.69
2,FGSYC76.5
1,FXJCJ3.26
1,FJXSRPY25.25
1,FHLJZD54.74
1,L1EFC230237_FHLJZD20_S82_L001.68
1,L1EFC230287_FXJCJ63_S170_L002.40
2,FNXYCHL19.57
,FNMHHHHT15.72
2,FNXYCHL15hun.5
2,FBJ22.79
1,FJLHD38.143
1,FNMHLBE31.107
1,FSHXBX144.56
2,FSCPS50.95
2,L1EFC230356_FJXFC54_S314_L004.29
2,FAHWH02.37
2,FXJCJ57.90
1,FXJCJ19.84
2,L1EFC230254_FXJCJ06_S139_L002.80
1,FHuBWH20.27
,FHLJZD17.13
2,L1EFC230295_FXJWS19_S222_L003.24
,FQHXN4.5
1,FSHXWN4hun.114
2,FTJBH52.12
1,FSHXBX127.45
1,FSHXWN31.16
1,FJSWX108.16
2,FXJSW44.71
2,FGSYC83.24
1,FSHXBX145.70
1,FFJLY29_FDME220051259-1a.76
1,FSDLZ51.43
2,FSCPS41.78
1,L1EFC230359_FSHXBX16_S317_L004.39
1,FHLJYC12.32
1,FXJCJ31.15
1,FHuBWH5.32
1,FXJKS51.46
2,L1EFC230272_FXJCJ36_S156_L002.16
1,FHNXY52hun.62
,FXJSW8.13
2,FSCPS25.92
1,FXJCJ43.50
1,FXJSW20.29
2,FZJTZ45.27
1,FGSYC85.49
1,FSXTY12hun.15
1,FNMHHHHT36.111
1,FQHXN72hun.28
2,FAHWH06.5
1,FNXYCHL52.137
1,FHLJZD19.34
2,FGSZY7.50
2,L1EFC230348_FJXFC29_S306_L004.56
2,FSDQZ7.18
2,FSCDJY50.50
2,FGSZY39.89
2,FXJCJ53.21
1,FSHXBX14.64
2,FGZ12M_FDME220051990-1a.34
2,FSCPS5.89
1,FHLJZD16.123
1,FNXYCHL18.21
,FZJHZD1hun.68
1,FQHXN48.84
1,FSXTY41hun.45
2,FSXTY61.64
1,FBJ45.3
2,FSHXBX154.8
2,FGSZY43.39
2,FSCPS49.27
1,FSHXBX21.7
2,FBJ30.117
1,FSHXXA47hun.6
2,FGSZY40.7
2,FHNFQ9.55
,FXJKS25.42
2,FGZ1M.57
2,SDHZ6.1
1,FJNDD1.5
2,FZJHZ24hun.5
2,FHNXY25.39
1,FSHXBX162.37
1,FHNFQ34.18
2,FSHXHZ14.13
2,FSHXWN17.62
2,FSHCM80.65
1,FHBSJZ22.44
1,FCQTY054_FDME220051137-1a.36
2,FSDQZ40.31
1,L1EFC230258_FXJCJ14_S143_L002.144
2,FSHCM11hun.52
2,FSDJN29.74
1,L1EFC230382_FSHXXA06_S340_L004.51
1,FSDQZ30.57
2,FNXYCHL50.92
1,FNXYCHL68.23
2,FHuBWH8.59
2,FSCDJY13.103
2,FSCCD8hun.60
1,FSDJN36.92
2,L1EFC230265_FXJCJ24_S149_L002.54
2,FAHBZ10_FDME220050692-1a.118
1,FTJBH15.8
2,FNXYCHL4hun.50
2,FSHCM5_FDME220054522-1a.7
1,FXJWS7.119
1,L1EFC230307_FXJWS36_S233_L003.21
1,FHNFQ4.36
1,FGSYC43.80
2,SDWF3.16
,FHLJZD59.8
2,FCQTY010.20
1,FSHXBX37.18
2,FSCPS73.6
1,FNXYCHL59.19
2,FSCPS12.89
2,FHLJDQ4.47
2,FCQHC7.69
1,FSXTY10hun.81
1,FHNFQ29.61
1,FSCDJY68.34
2,FSXTY2hun.86
2,FHLJZD6.61
1,FSDQZ8.13
2,FHBSJZ36.34
2,FHNXY11.58
2,FNXYCHL56.107
2,FQHXN20.74
2,FSHXBX61.49
2,FSDJN23.84
1,JSCZD6.12
1,FGSZY36.28
2,FNXYCHL25.29
1,FNXYCHL28.23
2,FGSYC4.9
2,FXJSW37.82
2,FHNXY46.96
2,FHBSJZ47_FDME220052238-1a.35
2,FXJSW41.52
1,FHuBWH15.48
1,FHNFQ15.61
2,L1EFC230358_FSHXBX08_S316_L004.15
2,FSHHK27hun.53
1,FGXGL29_FDME220052084-1a.25
1,FSCDJY79.5
1,L1EFC230242_FHLJZD30_S85_L001.30
1,FYNLJ26.49
2,FSCCD7hun.50
1,FSDJN4.61
1,FSCCD19.67
1,FJXSRPY51.57
2,FSDJN7.82
1,FHuBWH30.10
1,L1EFC230373_FSHXBX64_S331_L004.72
1,FHBSJZ28.12
,FZJJH16.8
1,L1EFC230308_FXJWS37_S234_L003.37
2,FGXGL7_FDME220052062-1a.48
1,FGSYC61.47
1,FSXLVLS9.45
1,FCQNA7.31
2,FZJHZD13hun.45
1,FeceGuXi150116.24
2,FJSWX74.44
2,FGXGL66_FDME220052121-1a.3
1,FGSZY27.112
2,FCQNA3.73
2,FHNFQ54.5
2,FHLJDQ7.61
2,FFJLY11_FDME220051248-1a.9
2,FJXSRPY44.22
2,HuNCS8.9
,FAHBZ57_FDME220050732-1a.80
1,FHNXY38.64
1,FGSZY20.18
2,FSDJN43.49
2,FSHXBX133hun.35
1,FGZ5M.67
1,FXJWS6hun.36
2,FGXGL8_FDME220052063-1a.81
,FZJTZ63.59
1,FSDJN19.62
1,FGD16I1_FDME220051999-1a.16
2,FSXTY11.45
2,BJHD1.12
1,BJHD9.20
,FGSYC69.11
1,FNMHLBE2.34
2,FSHXBX134hun.13
2,FNMHLBE32.47
2,FHNFQ46.23
2,FXJSW32hun.18
1,FGZ34M_FDME220052034-1a.45
1,L1EFC230379_FSHXXA03_S337_L004.68
1,FJSWX79.57
2,FNXYCHL20.29
1,FHLJZD55.11
1,FNXYCHL58.38
2,FCQNA11.109
1,BJHD2.6
2,FSHXWN1.92
2,FGSZY44.45
1,FSXLVLS3.35
2,FHBSJZ26.39
2,FeceHuBe150132_FDME220052848-1a.3
1,FHBSJZ35.48
1,FZJHZD19.89
1,FQHXN27.104
1,FHNFQ32.66
1,FGXGL85_FDME220052140-1a.69
2,FGXGL5_FDME220052060-1a.9
1,FJND12_FDME220051204-1a.6
1,FHNXY28.49
2,FJLHD47.50
1,FHLJYC34.18
1,FSHXBX139.45
1,SDHZ24.88
1,FSHXWN18.11
1,FTJBH51.92
1,JXNC4.12
1,FSHXWN22.70
1,FSHXBX45.37
1,FXJSW40.25
1,FSDQZ5.101
2,FJXSRPYG31.40
2,L1EFC230375_FSHXBX68_S333_L004.5
1,FSHXBX121.32
,FXJWS48.12
,FSHXBX91.22
1,FSXTY50.75
2,FNXYCHL49.113
2,L1EFC230297_FXJWS23_S223_L003.86
2,FQHXN1.112
1,FNXYCHL23.2
2,FSHXBX125.60
1,FSHXBX106.28
2,FJND7_FDME220051199-1a.35
,FSXLVLS11.60
2,FSXTY9.32
,FSDJN16.12
1,FeceHuNa150143.47
2,FHuBWH34.36
2,FSCPS3.28
2,FZJHZD2hun.22
2,FSHXBX19.51
2,FSHXBX132hun.72
2,FSXTY1hun.17
1,FQHXN55.33
1,FSHXBX63.77
2,FNXYCHL88.46
2,FHLJYC36_FDME220052685-1a.23
2,FXJSW49.59
1,FGSYC18.21
2,L1EFC230267_FXJCJ26_S151_L002.21
1,FYNDL18hun.54
1,FGD18M_FDME220052004-1a.98
1,FSDJN34.4
2,M2CF18.15
1,FYNLJ69.77
2,FGSYC79.11
1,L1EFC230320_FTJS0005_S246_L003.52
1,FHNFQ48.124
1,FSHXBX167.30
2,FAHBZ56.68
1,FGSZY32.63
1,FCQNA16.60
1,FNXYCHL40.46
1,FZJJH4hun.31
1,FSHXBX165.13
2,FCQHC9.83
1,FNXYCHL7.4
2,FGSYC31.21
2,BJCY3.43
2,FFJLY23_FDME220051254-1a.33
2,M1C2.58
1,FSHXWN35.32
,FHBSJZ11.95
2,FZJTZ26.151
1,SDHZ15.14
1,FSXTY34.12
1,FSHXBX47.90
1,FGXGL43_FDME220052098-1a.35
2,FAHBZ48_FDME220050725-1a.65
2,FHuBWH4.82
1,FHuNHHMY45.60
2,FCQNA5hun.35
2,FJSWX97.8
2,FeceHuBe15011_FDME220052829-1a.22
1,FHBSJZ24.75
2,FZJTZ46.7
2,FGSZY16.22
2,FSHCM14_FDME220054531-1a.14
1,FNMHLBE29.27
2,FXJSW1.22
1,FGD16M_FDME220051998-1a.50
2,FHNXY4.72
1,FGSYC8.6
2,FeceHuNa150110_FDME220052261-1a.80
1,FSHXBX22.48
2,FSXLVWS7hun.136
2,FHuNHHMY3.101
1,FNMHLBE15.33
2,FSHCM99.18
2,FNXYCHL51.127
1,FZJHZD11.27
,FNXYCHL22.60
1,L1EFC230361_FSHXBX31_S319_L004.74
1,FGSYC58.74
1,L1EFC230244_FHLJZD35_S87_L001.12
2,FJLHD3.11
1,FAHBZ50.17
2,FHNFQ23.67
1,FQHXN47.80
2,FZJHZD4.53
1,FGSZY29.57
2,FCQTY106_FDME220051177-1a.20
2,FGXGL56_FDME220052111-1a.27
1,FGSZY14.15
2,FSCPS61.39
1,FSDQZ4.15
1,FXJSW16.87
2,FJXSRPY43.98
1,FSXTY14.81
1,FSHXWN5.45
2,FFJLY4.53
1,FSHXBX155.5
2,FZJJH9.8
1,FXJWS20.70
1,FJLHD20.17
1,FNXYCHL66.51
1,FSDJN9.15
2,FSDLZ41.23
2,FSCPS33.24
2,FHNFQ22.74
2,FSHXBX7.24
1,FBJ2.34
2,FCQNA8.56
2,FZJHZD22.8
1,L1EFC230275_FXJCJ40_S159_L002.31
1,FGSYC26.109
1,FSHXBX138.5
2,FAHWH33.25
2,L1EFC230333_FTJS0033_S259_L003.19
2,L1EFC230383_FSHXXA07_S341_L004.93
2,FSHXWN9.40
,FHNFQ31.48
2,FSHXHZ6.87
,FSDQZ33.66
2,FSCPS9.4
1,FHLJZD59.27
2,FCQTY070_FDME220051147-1a.99
1,HeNJZ2hun.18
1,FNXYCHL34.11
1,FXJSW36.96
1,FHLJZD41.130
1,FAHBZ45_FDME220050722-1a.50
2,FHBSJZ52.16
2,L1EFC230334_FJXFC03_S260_L003.78
1,FSHXWN7.5
2,FNXYCHL12.1
1,FNMHLBE1.33
2,FSHCM31.66
1,FHuBWH7.58
1,FSHXXA44hun.56
2,FJLHD4.6
2,FJXSRPY15.29
2,FCQHC8.68
1,FSHXWN21.67
2,FAHBZ20_FDME220050700-1a.69
1,FSHXWN19.74
2,FSHXWN3.54
2,FNMHLBE8.90
1,FGZ33M_FDME220052033-1a.35
1,FNXYCHL67.106
1,FHBSJZ21.24
1,FSHXBX172.52
1,FSHHK45.69
1,JSCZD12.9
1,M1C10.114
1,FNMHHHHT23.85
2,FHNFQ30.27
2,FGXGL65_FDME220052120-1a.33
1,FSHXXA45.36
1,FBJ19.77
1,FXJYN28.51
1,FNXYCHL32.30
2,FJND19_FDME220051210-1a.5
2,SDYT1.2
2,FTJBH53.61
,FSCPS65.5
2,FCQNA39.103
2,FJXSRPY45.9
2,FHBSJZ45_FDME220052236-1a.51
1,FSCCD6.73
2,FQHXN65.39
1,FGSZY35.8
2,FGSZY4.39
2,FXJWS13.83
2,FQHXN16.88
1,FZJJH11.89
2,FXJSW18.22
1,FYNLJ45.31
1,FGSYC86.20
1,FHNXY17.27
2,FSHXBX152.67
2,FAHWH17_FDME220050741-1a.49
1,FGSYC57.44
1,FGSYC51.29
1,FNXYCHL55.45
2,FXJKS34.100
1,FGSZY33.8
1,FGSZY28.38
2,FSDQZ22.110
2,FJXSRPY48.39
,FSHHK16_FDME220054486-1a.48
1,FFJLY18.1
2,FGXGL28_FDME220052083-1a.9
2,FNXYCHL26.13
1,JSYZ28.13
,FQHXN4.10
1,L1EFC230306_FXJWS35_S232_L003.28
1,FSXTY3.41
1,FJLHD31.70
1,FZJTZ50.5
2,SDWH1.7
2,FYNLJ9.73
1,FSDJN24.70
1,FGXGL76_FDME220052131-1a.7
2,FSHXBX26.15
2,FQHXN40.75
1,L1EFC230330_FTJS0027_S256_L003.30
2,FHuBWH12.18
1,FSXLVWS9.142
2,FSXTY56.31
2,FJXSRPY22.39
1,FAHBZ40_FDME220050717-1a.52
2,FHBSJZ39_FDME220052230-1a.34
2,FGXGL93.99
2,FHBSJZ18.70
2,SHMX3hun.4
1,FSHXWN34hun_FDME22H000409-1a.27
1,FGSYC6.1
2,SDZB3.25
1,FSXLVLS13.42
2,FSCPS8.129
1,FHNXY37.1
1,FNXYCHL29.18
1,FGSYC7.47
2,FSHXHZ10.57
2,FNXYCHL92.89
2,FZJHZ6.55
2,FHLJYC3.3
2,FCQTY063_FDME220051143-1a.109
2,L1EFC230253_FXJCJ05_S138_L002.50
2,FZJJH15.22
1,FSHXWN32.9
1,FGZ37M_FDME220052037-1a.79
2,FGXGL39_FDME220052094-1a.85
2,FJSWXJ42.143
,L1EFC230307_FXJWS36_S233_L003.29
1,FSHXWN33.9
,FGZ35M_FDME220052035-1a.46
2,FGSYC37.12
1,FNXYCHL37.94
2,L1EFC230280_FXJCJ46_S164_L002.38
2,FJXSRPY35.32
1,FSHHK31hun.52
1,FHNXY15.36
2,FGSYC1.18
2,FSHXBX173.12
2,FGXGL91.57
2,FHBSJZ38_FDME220052229-1a.8
1,FSXLVLS4.32
1,FXJCJ47.60
2,FNMHLBE19.25
2,FGXGL12_FDME220052067-1a.107
2,FHLJZD45.9
1,FJXSRPY11.79
2,FNXYCHL36.115
2,FNXYCHL16.96
2,FJND17_FDME220051208-1a.23
1,FSHXWN8.87
2,FSDJN8.4
1,FSDLZ19.61
1,FNMHLBE18.7
2,FNXYCHL73.13
1,FNXYCHL72.75
1,FGZ40M_FDME220052053-1a.137
2,SDHZ11.36
1,FNMHLBE16.82
2,L1EFC230329_FTJS0026_S255_L003.74
1,FAHBZ61_FDME220050736-1a.12
2,HNZZ13_FDME220052291-1a.1
2,FJND3_FDME220051161-1a.26
1,FXJSW47.89
1,FGZ28M_FDME220052025-1a.51
2,L1EFC230256_FXJCJ12_S141_L002.56
2,FSCDJY63.98
,FSXLVWS6.20
1,FGSYC10.12
2,FGSZY45.128
2,FSDLZ03.54
1,FXJWS18.79
1,FSHXWN16hun_FDME22H000406-1a.91
1,FeceHeNa33.19
1,FSDLZ50.80
2,FBJ31.42
1,FGSZY26.25
1,FGSZY34.67
1,FXJCJ34.22
1,FZJTZ25.22
2,FGZ6M_FDME220051977-1a.88
2,FSHXWN13hun.126
1,FGZ30M_FDME220052028-1a.28
2,FSDQZ32.47
2,FNMHLBE33.71
1,SDHZD9.126
2,FSXLVWS4.2
1,FXJWS30.5
2,FHuNHHMY38.88
2,FGSZY9.14
2,FHNFQ17.22
2,FXJCJ41.75
2,FQHXN26.64
1,FGSYC35.8
,FAHBZ8_FDME220050690-1a.40
2,FeceHuNa150119.19
2,L1EFC230332_FTJS0029_S258_L003.40
2,FGSYC48.3
2,FJND21.4
2,FBJ14.80
2,FGSYC77.33
1,FGD21I2_FDME220052012-1a.20
1,FZJTZ68.77
2,WH4_FDME220052854-1a.12
2,FHuBWH3.14
2,FSXLVLS5.2
2,FSXTY57hun.79
2,FSXLL8.20
1,FAHBZ54.3
1,FTJBH83.21
2,FSCCD18hun.35
1,JSYZ27.44
1,L1EFC230305_FXJWS34_S231_L003.15
1,FSHXBX112.57
2,FAHBZ26_FDME220050706-1a.86
1,FTJBH33.109
1,FSHXXA23.52
1,FSHXWN25.36
1,FXJCJ29.41
1,FGD16I2_FDME220052000-1a.8
1,FXJKS15.87
1,FHuBWH40.4
1,FZJTZ56.28
2,FSHXBX39.19
2,M2CF20.12
1,FHBSJZ59_FDME220052250-1a.8
2,FAHBZ38.20
2,FHuNHHMY20.8
2,FHNFQ7.1
1,FNMHLBE4.71
1,FAHBZ34.50
2,FFJLY2.18
2,SDHZ2.2
1,FSHXBX147.116
,FXJKS10.87
1,FAHBZ30_FDME220050710-1a.78
1,FGDLZ31.28
2,FSXTY55.9
2,FAHWH18.65
2,FXJCJ9.50
1,FXJKS49.26
2,FGD19M_FDME220052006-1a.74
1,FSDJN49.7
2,FSDJN10.47
1,FGSYC32.31
2,FSHXHZ5.56
,FJND18_FDME220051209-1a.59
,FSDJN58.94
1,FZJHZ8.17
2,FAHWH28_FDME220050746-1a.24
1,FSHXWN11hun.59
2,FGDLZ41_FDME220051924-1a.83
1,FZJTZ66.58
2,FZJTZ16hun.10
1,FSDQZ25.11
2,L1EFC230235_FHLJZD10_S80_L001.6
2,FHNXY55.93
2,FHLJDQ4.15
1,FNXYCHL38.117
1,FFJLY44_FDME220051272-1a.8
2,FeceGuXi150114.22
2,FSDJN14.54
1,FHNXY7.68
