tree_group,mag
1,M1DZ10.23
2,FJSNT67.30
1,FSHXBX108.60
1,L1EFC230364_FSHXBX42_S322_L004.6
1,FHNFQ16.88
1,FXJSW32hun.117
1,FAHBZ56.16
1,FJLHD23.8
2,FJSWX96.93
1,FJSWX89.35
1,FSHXBX106.140
2,FeceHeNa7.49
1,FQHXN84.100
1,FNXYCHL56.169
1,FQHXN45.47
1,FAHBZ59_FDME220050734-1a.109
2,FeceHuNa15017.65
1,FZJTZ65.30
1,FSXLVWS8hun.98
2,FXJCJ43.51
1,FSDQZ29.86
1,FNMHLBE23.8
1,FSXLL17.60
1,FNMHHHHT27.53
1,FGDLZ81_FDME220051959-1a.136
NA,FXJKS48.111
1,FSDLZ12.120
2,FJSWXJ21.81
2,FGXGL32_FDME220052087-1a.30
1,FYNLJ52.103
2,FXJKS24.39
1,FNMHLBE7.177
1,FHNFQ36.76
1,FSDQZ31.102
1,FXJSW50.95
1,L1EFC230247_FHLJZD44_S90_L001.123
1,M1DZ12.81
1,FQHXN83.22
1,FYNLJ74.18
1,FSHHK16_FDME220054486-1a.9
1,FJLHD44.152
2,FGXGL75_FDME220052130-1a.89
1,FGDLZ85.140
1,FHNXY47.32
1,FNXYCHL9.23
NA,M2CF10.77
2,FGXGL34_FDME220052089-1a.31
2,FGXGL74_FDME220052129-1a.98
2,FSCPS56.24
2,FHuNHHMY23.63
1,FHLJZD2.51
1,FNXYCHL65.10
1,FGSZY15.24
1,FSDQZ39.4
1,FXJSW48.123
1,FXJSW15.86
2,FGDLZ84_FDME220051962-1a.66
1,FQHXN85.12
1,FAHBZ20_FDME220050700-1a.78
NA,M1C9.19
