tree_group,mag
1,FQHXN62hun.144
1,FeceHuNa150113_FDME220052264-1a.28
1,FQHXN14.86
1,FNXYCHL42.103
1,FTJS017.10
1,FSHXHZ12.12
1,FSDJN44.80
1,FHuNHHMY80.10
NA,FSHXBX27.24
1,FGXGL71_FDME220052126-1a.47
1,FSDQZ13.34
1,FAHBZ1_FDME220050683-1a.75
1,FSDJN33.23
3,SDHZD2.133
1,FFJLY77.53
1,FHNXY39.39
1,FHNXY58.6
1,FGDLZ81_FDME220051959-1a.28
1,FSHXXA27.68
1,FSHXBX116.10
1,FSDLZ27.4
1,FSHXBX139.30
1,FSDJN51.73
1,FSXLVLS25.124
1,FSDJN61.72
1,FTJBH47.21
1,FSDJN6.85
1,FSCCD8hun.94
1,FJXSRPY47.66
1,FSHHK16_FDME220054486-1a.94
3,FHLJYC22.29
3,FBJ31.6
3,FeceHuNa150138_FDME220052281-1a.42
3,FTJBH93.32
1,FSHHK25_FDME220054495-1a.163
3,FBJ7.6
1,FSXTY16hun.46
1,FSCDJY78.48
1,FHNFQ24.30
1,FJSWXJ7.92
