tree_group,mag
1,FSXLVLS11.54
1,FGXGL96.64
1,FNXYCHL57.40
1,FSHCM99.86
2,FAHBZ34.103
1,FYNDL23hun.57
1,FTJS021.6
1,FSHXBX61.39
2,FAHBZ5_FDME220050687-1a.26
1,FHNXY28.5
1,FJXSRPY23.19
2,FXJKS15.78
1,FQHXN62hun.28
1,FYNDL18hun.35
2,FXJKS36.87
2,FBJ60.108
2,FHBSJZ18.55
2,FQHXN7.104
1,FSDLZ16.107
1,FGD17M_FDME220052001-1a.28
2,L1EFC230295_FXJWS19_S222_L003.53
2,FHNFQ26.14
2,FYNLJ56.91
2,FXJSW24.33
1,FYNLJ45.67
1,FNXYCHL12.59
1,FHNFQ40.126
1,FZJHZD25.103
2,FXJYN27.90
2,SDHZD9.98
1,FAHWH23_FDME220050744-1a.84
1,FSDQZ30.37
1,FYNLJ22hun.156
1,FHLJYC42_FDME220052691-1a.174
1,FJLHD17.50
2,FQHXN14.173
2,M202F01.28
1,FXJCJ10.24
1,FJSWX71.19
1,FHLJYC40.86
1,FFJLY75.88
1,FYNLJ9.12
1,FGZ27M_FDME220052023-1a.23
1,FGXGL67_FDME220052122-1a.61
2,FSHXBX155.99
1,FGSYC4.59
1,FSHCM67.35
2,FSDJN8.27
1,FeceGuXi150112.84
1,FGSYC27.71
2,FNMHHHHT33.59
2,L1EFC230259_FXJCJ15_S144_L002.27
1,FSCCD17.5
1,FNXYCHL59.85
2,FSDLZ15.30
2,FXJSW12.39
2,FGSYC57.69
2,FHLJYC31.61
1,FFJLY20_FDME220051251-1a.25
1,FGZ35M_FDME220052035-1a.77
1,FAHWH41_FDME220050758-1a.28
1,FYNLJ68.120
2,FGSZY43.86
1,FHLJZD39.22
1,FSCPS81.53
2,FXJYN5.60
1,FGXGL50_FDME220052105-1a.40
1,FNMHLBE35.78
1,FJXSRPY8.36
2,FNMHLBE28.63
1,FGSYC85.27
2,FSHHK39_FDME220054508-1a.72
2,FAHBZ50.18
1,FHLJYC21.49
1,FYNDL3.75
1,FHuNHHMY60.22
1,FGDLZ56_FDME220051936-1a.57
