tree_group,mag
1,FSDLZ45.29
2,FCQTY105_FDME220051176-1a.38
1,FTJBH2.86
1,FQHXN40.39
2,FTJBH83.51
2,FZJHZD18hun.22
2,FSXTY13hun.28
2,FCQTY148_FDME220051187-1a.77
2,FNXYCHL45.9
1,FHLJZD1.65
2,FQHXN30.113
1,FSCPS69.54
2,FCQTY050_FDME220051135-1a.75
2,FSHHK2.52
1,HeNJZ4hun.17
2,FHLJYC4hun.121
2,FHuBWH11.36
1,FSHCM89hun.38
2,FSHHK14.129
1,FGZ26M_FDME220052020-1a.81
1,FSDJN57.74
1,FAHWH16.30
2,FHNFQ62hun.22
2,FSHXBX142.103
2,FSCCD10.1
2,FJSNT3.73
1,FGXGL20_FDME220052075-1a.102
1,FAHBZ15.75
1,FSHHK47_FDME220054514-1a.112
1,FTJS002.25
1,FSXLVLS13.31
1,FSHXWN13hun.54
1,FSDLZ38.31
1,FSXLL10.24
2,FSHHK10_FDME220054482-1a.105
1,FSCPS27.121
1,FTJBH5.2
1,FTJS016.73
1,FSDJN28.50
2,FSHCM91.99
1,FSHCM69.27
1,FTJBH27.36
1,FGDLZ33_FDME220051920-1a.40
1,FCQTY047_FDME220051132-1a.63
