tree_group,mag
1,SHMX4_FDME220054478-1a.21
2,FSHXBX169.116
1,LNSY2.19
1,L1EFC230357_FJXFC55_S315_L004.34
2,HuNCS8.6
1,FZJHZ5.4
2,FJXM1_FDME220051158-1a.13
1,FHLJZD59.14
2,FZJJH9.34
1,FSCDJY53.48
2,BJHD2.21
1,FZJHZ7.46
1,LNSY6.23
1,FXJSW41.20
1,JSZJ1.7
2,FSCDJY49.3
2,FJSWXJ26hun.55
1,FHuBWH7.45
2,FXJYN19.56
2,FSHXBX176.34
1,FGSYC48.78
2,FSHHK38_FDME220054507-1a.13
2,FFJLY73.17
1,FJND23_FDME220051214-1a.11
1,FSXTY4.43
1,FTJBH82.2
1,FeceHeNa1.78
1,FGSYC33.69
2,FAHWH25.44
1,FCQNA41.21
1,FHLJYC17hun.17
2,FGDLZ52.42
2,FGSZY1.11
2,FNXYCHL24.104
2,FHLJZD41.6
2,FSHCM41hun.21
1,FHHMY5.20
2,FXJKS14.19
2,FeceGuXi15012.43
1,FSHHK17hun.39
2,CS9.45
1,FAHWH34_FDME220050751-1a.101
2,FHNXY37.14
2,FNXYCHL13.6
2,FeceHuNa150144_FDME220052287-1a.24
2,FSXTY54.21
1,FHuBWH13.12
1,FGSZY46.94
2,FSHXBX27.14
1,NMGEL1hun.7
2,FZJHZ4.40
1,TJWQ2.63
2,FSCPS9.87
1,FSHXXA11.16
1,FXJCJ9.7
1,FGZ38M_FDME220052048-1a.47
2,FeceHuBe150119_FDME220052841-1a.90
1,FJFZ2_FDME220051166-1a.29
2,FAHBZ37_FDME220050714-1a.96
2,FCQTY106_FDME220051177-1a.21
2,FHuNHHMY28.35
1,FAHWH30_FDME220050748-1a.65
1,FFJLY59_FDME220051278-1a.10
1,FHuNHHMY10.73
1,FHuNHHMY66.2
2,FZJHZ13.25
1,FGSYC28.28
