tree_group,mag
1,FJSNT18.90
2,FTJBH19.1
2,FNXYCHL89.22
2,FJSWXJ37.80
2,FHNXY36.34
2,FSDJN16.30
2,FSHHK41_FDME220054510-1a.70
2,FXJKS3.21
2,FSDQZ16.7
1,FJSNT35.68
2,FXJWS6hun.14
2,L1EFC230258_FXJCJ14_S143_L002.20
2,FSHHK18hun.16
1,FCQTY024_FDME220051120-1a.22
2,FNMHLBE25hun.77
1,FNXYCHL87.30
2,FeceHuNa150136.95
2,FXJSW46.33
2,FNMHLBE27.68
1,FGXGL95.73
2,FHNXY20.65
2,M122R01.129
1,FCQTY012.73
2,FQHXN55.15
2,FNXYCHL18.40
2,FQHXN109.101
1,FHuBWH39.90
2,M1DZ10.54
2,FNMHHHHT42.12
2,FSXLL18.16
2,FZJHZD22.67
2,FXJSW5hun.67
2,FQHXN105.70
2,FNXYCHL41.80
2,FSCPS81.127
2,FJLHD16.130
1,FGXGL104.31
1,L1EFC230354_FJXFC47_S312_L004.7
2,FSDQZ21.45
2,FGXGL3_FDME220052058-1a.140
2,FQHXN103.115
2,FJLHD47.36
2,FAHBZ10_FDME220050692-1a.145
2,FXJYN27.60
2,FXJYN29.155
2,FBJ10.7
1,FeceHuBe150125_FDME220052846-1a.158
1,L1EFC230320_FTJS0005_S246_L003.57
2,FXJWS7.135
1,FSCPS68.167
1,FJSWXJ17.94
2,FFJLY46_FDME220051273-1a.33
2,FTJBH64.80
2,FHLJYC2.112
1,FSHCM7.44
2,FYNDL28hun.69
1,FCQTY078_FDME220051153-1a.10
1,FHuNHHMY78.80
1,FQHXN112hun.21
2,M1DZ07.33
2,FSCPS11.177
2,FGZ42M_FDME220052055-1a.37
1,FBJ14.14
2,FeceHuNa150142_FDME220052285-1a.23
2,JSCZD7.76
2,FSDLZ16.99
2,L1EFC230300_FXJWS27_S226_L003.134
2,FeceHuBe150122_FDME220052843-1a.70
2,FXJKS5.135
2,FGSZY24.19
1,FSXTY23.7
1,FHLJDQ12.124
1,L1EFC230353_FJXFC44_S311_L004.17
1,FSXTY26.5
2,FHNFQ50.41
1,FJXSRPY37.23
1,FSHCM58.34
1,FGXGL6_FDME220052061-1a.110
1,FHNXY6.68
2,FFJLY78.56
2,FNXYCHL23.68
2,FSHHK43.7
2,FGXGL87_FDME220052142-1a.65
2,FNMHLBE11hun.75
2,M2CF07.39
2,FTJBH35.9
1,FFJLY32_FDME220051261-1a.89
2,FHNXY45hun.35
2,FHNFQ5.108
2,FCQTY070_FDME220051147-1a.100
2,M2CF16.37
2,FXJYN17.9
1,FTJBH45.113
1,FHLJYC12.20
2,FSXLL1.86
2,L1EFC230322_FTJS0008_S248_L003.29
2,FCQTY043_FDME220051131-1a.54
1,FCQTY105_FDME220051176-1a.49
2,FYNLJ69.53
2,FTJS021.108
2,M2CF01.50
2,FHNXY29.2
2,FSHXBX79.63
2,FSHHK39_FDME220054508-1a.2
2,FQHXN106.80
2,FSHXWN22.78
1,FHBSJZ34.124
2,FFJLY17_FDME220051250-1a.35
2,FQHXN22.91
2,FHuNHHMY34.53
2,FSDJN7.78
2,FSHHK5hun.4
2,FSDQZ42.129
2,M214F02.105
2,FXJWS22.10
1,L1EFC230351_FJXFC35_S309_L004.70
2,FQHXN78.34
2,FXJYN3.35
2,FCQTY039_FDME220051129-2a.31
2,FQHXN92.47
1,L1EFC230336_FJXFC07_S262_L003.43
2,FHNFQ8.45
2,FSXLVLS6.34
2,FJSNT8.87
2,FHBSJZ3.19
2,FHLJYC23.95
2,FAHBZ20_FDME220050700-1a.42
1,FGZ37M_FDME220052037-1a.70
1,JSCZD6.46
2,FGSYC60.71
2,FZJTZ34.41
2,FSCDJY57.135
2,FAHBZ7_FDME220050689-1a.49
2,FAHBZ21_FDME220050701-1a.8
2,FQHXN73.53
1,FGXGL88.67
2,FXJYN33.100
2,FNMHLBE13.19
1,FCQTY007.38
1,JSCZD12.42
2,FQHXN26.24
2,FSDJN37.118
1,FJSWXJ30.55
2,FQHXN113.78
2,L1EFC230308_FXJWS37_S234_L003.41
2,M1DZ11.145
1,FHuNHHMY67.56
2,FQHXN64hun.99
1,M206F01.64
2,FQHXN67hun.89
1,FTJBH53.87
2,FSDLZ46.18
2,FAHBZ46_FDME220050723-1a.62
1,FAHWH23_FDME220050744-1a.97
2,FNXYCHL26.151
2,FHLJZD54.11
1,FTJBH46.11
1,FSCPS69.123
2,FSCCD7hun.98
2,FGSZY8.44
1,FAHWH28_FDME220050746-1a.57
2,FSDQZ35.52
2,FGSZY15.13
2,FSHHK10_FDME220054482-1a.20
2,FQHXN62hun.16
2,L1EFC230339_FJXFC12_S265_L003.95
1,FTJBH62hun.29
2,FXJSW49.4
2,FJLHD30.126
2,FYNLJ46.148
2,FTJBH84.59
2,FSDLZ27.40
2,FSHXBX142.66
2,FTJBH57.88
2,FSXLL10.78
2,FGSZY51.66
1,FCQNA39.89
2,FSHHK34_FDME220054503-1a.29
1,FSHCM3.66
1,FNMHHHHT19.84
2,FSHCM83.18
2,FSXLVLS4.35
1,L1EFC230371_FSHXBX56_S329_L004.21
2,FGXGL92.68
2,FJXSRPY47.102
2,FHBSJZ55.45
2,FCQTY085_FDME220051156-1a.46
2,FeceHuNa15012_FDME220052260-1a.62
1,FSXTY27.36
1,FNMHHHHT21.41
1,FAHBZ61_FDME220050736-1a.34
2,FXJYN41.36
2,L1EFC230319_FTJS0003_S245_L003.134
2,L1EFC230314_FXJWS46_S240_L003.35
2,FQHXN93.92
1,FQHXN102.44
2,FJLHD6.61
2,M2CF11.81
2,FXJYN1.64
2,FHNFQ48.77
2,FJSWXJ25.63
2,FJLHD20.38
2,FSHXWN32.30
1,FJSNT20.137
1,FHNXY38.3
2,FHLJYC5.106
2,FGXGL12_FDME220052067-1a.65
1,FQHXN54.50
2,FJLHD38.90
1,FSHXWN30.39
2,FSDLZ44.63
1,FAHWH18.21
2,FNMHLBE7.27
2,FGSZY27.74
2,FZJHZD30.59
2,FGSYC78.64
2,FFJLY48.26
2,FSDLZ25.98
2,FXJCJ18.28
2,FCQTY073_FDME220051150-1a.44
1,FGXGL65_FDME220052120-1a.72
1,L1EFC230393_FSHXXA37_S36_L003.82
2,FSXTY50.129
2,M1C7.79
2,FNMHHHHT30.31
1,FGDLZ56_FDME220051936-1a.92
2,FeceHeNa19.79
2,FSXTY22.81
2,FTJBH33.130
2,FSHXBX125.45
2,FHNFQ33.3
2,FeceHuNa150110_FDME220052261-1a.64
2,FQHXN63hun.163
2,FSHHK31hun.44
2,FJND9_FDME220051201-1a.34
2,FHNFQ32.108
1,FJXSRPY44.28
1,FHuNHHMY64hun.42
2,FQHXN70hun.101
1,FJSWXJ16.66
2,FQHXN58.48
2,FHNXY34.14
1,FJSWXJ20.66
2,FHNXY3.46
2,FXJKS36.19
2,FYNLJ50.81
2,FNMHHHHT12.81
1,FHNXY49.54
2,L1EFC230318_FTJS0001_S244_L003.72
1,FGDLZ70.65
2,FBJ3.45
1,FJXSRPYG41.67
2,FYNLJ28.2
1,FZJTZ19.121
2,FeceHuNa150117_FDME220052266-1a.130
2,FSXTY60.11
2,FQHXN108.93
2,FAHBZ42_FDME220050719-1a.30
2,FJSWX107.97
2,FQHXN104.49
2,FHLJYC21.48
1,FSCCD2.17
1,FTJBH93.59
2,FSHXBX12.16
2,FNXYCHL12.36
2,L1EFC230326_FTJS0013_S252_L003.23
2,M1DZ12.31
2,FQHXN6.41
2,L1EFC230324_FTJS0010_S250_L003.21
2,FSHHK25_FDME220054495-1a.5
1,FFJLY77.107
2,FJSNT15.22
2,FeceHeNa8.82
2,FCQTY063_FDME220051143-1a.105
2,FXJKS17.36
1,FBJ22.62
2,FQHXN14.63
2,FGDLZ84_FDME220051962-1a.154
2,FGZ40M_FDME220052053-1a.60
2,FGSZY26.74
2,L1EFC230303_FXJWS32_S229_L003.5
2,FGXGL16_FDME220052071-1a.183
1,L1EFC230345_FJXFC21_S303_L004.52
1,FHuNHHMY13.39
2,FSHHK36_FDME220054505-1a.96
1,FSHCM100.1
2,FBJ32.22
1,FGXGL76_FDME220052131-1a.59
2,L1EFC230364_FSHXBX42_S322_L004.72
2,FXJYN39.82
1,FAHBZ27_FDME220050707-1a.34
1,FAHWH30_FDME220050748-1a.101
2,FQHXN52hun.72
2,FSDQZ27.73
2,FeceHuBe15013_FDME220052831-1a.86
2,M123F01.37
2,FSDJN19.46
2,FXJKS27.100
1,FTJBH27.91
2,FBJ57.58
2,FTJBH74.48
2,FGSZY40.98
2,FGXGL32_FDME220052087-1a.40
2,FJNDD11_FDME220051228-1a.11
1,FAHWH15_FDME220050740-1a.90
2,FJSWXJ3.55
2,FHNXY9.33
2,FBJ54.15
2,FNXYCHL33.65
1,FHBSJZ27.36
1,FSHHK33hun.29
2,M1DZ09.36
2,L1EFC230355_FJXFC53_S313_L004.144
