tree_group,mag
1,FXJWS4.19
2,FZJZJ3.1
1,FZJJH3hun.8
1,FHNFQ11.97
1,FJND1_FDME220051159-1a.15
2,FZJHZ4.14
2,FSHXBX26.29
2,FZJHZ25.31
1,FZJHZ24hun.43
1,SDWF1.4
2,HeNXX1.6
2,FJND11_FDME220051203-1a.49
2,FQHXN10.33
1,FZJJH2hun.2
1,FZJHZ11.19
2,FHNFQ59.36
2,BJHD9.10
2,FAHWH11.51
2,FAHWH13_FDME220050739-1a.20
2,LNSY6.15
2,FZJHZD22.106
2,FGXGL37_FDME220052092-1a.20
2,FZJHZ7.32
2,LNSY2.3
1,JLHD2hun.25
2,FQHXN7.84
1,FHNFQ16.28
1,HuNCS6.7
2,TJWQ2.19
2,NMGEL4.25
1,BJHD4.17
1,FJND6_FDME220051164-1a.50
2,SDYT1.33
1,BJHD5.10
2,FHNFQ59.9
