tree_group,mag
1,FSHCM75.42
1,FAHWH19.9
1,FXJSW15.15
2,L1EFC230379_FSHXXA03_S337_L004.76
2,FCQNA10.113
1,FSHXBX147.127
2,FSCCD19.90
1,FGZ37M_FDME220052037-1a.71
1,FSHXBX176.71
1,FSHXHZ15.39
1,FZJHZD8.60
1,FNMHLBE27.46
2,FJSWXJ2.128
1,FJXSRPY27.89
2,FQHXN10.18
2,FNMHLBE20.39
1,FJSWXJ42.90
2,FSDLZ20.52
2,FNXYCHL50.43
1,FJLHD36.43
1,FSHHK9.49
1,FNXYCHL19.36
1,FTJBH48.104
2,FGSYC72.22
1,FNXYCHL7.83
1,FSHXHZ24.26
1,FJLHD53.65
1,L1EFC230233_FHLJZD05_S78_L001.40
1,FSCCD14hun.102
1,L1EFC230410_FSXTY46_S53_L003.54
1,FSCDYJ6.67
NA,FAHBZ37_FDME220050714-1a.32
2,FSHXBX166.21
1,FSCDJY57.144
1,FNMHLBE16.85
1,L1EFC230288_FXJCJ64_S171_L002.20
1,FSXTY50.36
1,L1EFC230235_FHLJZD10_S80_L001.24
1,FCQHC10.59
1,FSHHK41_FDME220054510-1a.68
