tree_group,mag
1,FBJ34.41
1,FGDLZ5_FDME220051909-1a.76
1,L1EFC230320_FTJS0005_S246_L003.65
2,FHLJZD16.15
1,FJSWXJ2.24
2,FSCPS68.122
1,FAHBZ27_FDME220050707-1a.32
2,FQHXN92.50
1,L1EFC230288_FXJCJ64_S171_L002.57
1,FSDQZ20.63
2,FSCDJY49.14
2,M115R01.119
1,FXJYN31.50
1,FJLHD32.49
2,SDHZD3.93
2,L1EFC230304_FXJWS33_S230_L003.13
2,FSHCM58.38
1,L1EFC230332_FTJS0029_S258_L003.113
1,FSDLZ16.80
2,L1EFC230237_FHLJZD20_S82_L001.55
1,FBJ37.4
1,FTJBH38hun.85
1,FSHXBX66.20
1,FXJKS29.42
1,FJLHD38.127
1,FHNXY13.5
1,FHNXY6.10
2,FSHXBX65.126
1,FJXSRPY8.47
1,SDHZD2.91
1,FQHXN15.77
1,FTJBH51.66
1,FCQNA43.20
2,L1EFC230376_FSHXBX69_S334_L004.44
2,FSDQZ33.89
2,FSHXWN14.62
1,FHuNHHMY49.54
1,FSHHK46_FDME220054513-1a.75
1,FXJWS29.31
1,FFJLY72_FDME220051238-1a.88
1,FHNXY20.82
2,FGDLZ51.68
2,FJLHD21.109
2,FXJKS3.109
1,FGXGL81_FDME220052136-1a.136
1,FHBSJZ57_FDME220052248-1a.90
1,FeceHuBe150127_FDME220052847-1a.49
1,M1C3.15
2,FHuNHHMY40.65
1,FGDLZ60_FDME220051939-1a.73
2,FZJTZ19.38
1,FCQTY106_FDME220051177-1a.45
1,FJSNT21.116
1,FSDLZ56.113
1,FHuNHHMY1.76
1,FGDLZ17_FDME220051916-1a.46
1,FGXGL92.26
1,FAHBZ21_FDME220050701-1a.13
2,L1EFC230339_FJXFC12_S265_L003.64
2,FSDQZ42.104
1,FSXLVWS6.75
2,FeceGuXi150110.58
1,FJSWX76.1
2,FSHXHZ4.23
2,FTJS016.51
1,FHLJYC30.43
1,FGSYC39.76
1,FJSNT19.36
2,FQHXN64hun.123
2,M1DZ01.48
1,FSHHK42_FDME220054511-1a.50
1,FSHHK23hun.81
1,FeceHuBe150125_FDME220052846-1a.167
NA,FFJLY43_FDME220051271-1a.57
2,FXJKS36.23
1,FSCPS24.61
1,FCQTY025_FDME220051121-1a.20
1,FNMHLBE7.93
1,FJXSRPYG19.42
2,FYNLJ50.53
2,FHuNHHMY7.114
NA,M2CF10.114
1,FSHHK28_FDME220054497-1a.3
1,FSCDJY57.82
2,L1EFC230292_FXJWS12_S175_L002.54
1,FCQTY007.97
1,FAHBZ46_FDME220050723-1a.83
1,FGXGL51_FDME220052106-1a.18
1,FSCPS25.33
2,FJLHD30.86
1,FSDLZ54.31
1,L1EFC230247_FHLJZD44_S90_L001.48
2,FQHXN93.40
1,FZJTZ43.54
1,FGSZY30.103
1,FSHCM15_FDME220054532-1a.25
2,L1EFC230355_FJXFC53_S313_L004.84
2,L1EFC230344_FJXFC20_S302_L004.2
2,FSCPS11.158
2,FSHXWN9.94
1,FSXTY50.69
2,FSCPS45.28
1,L1EFC230393_FSHXXA37_S36_L003.2
2,FGDLZ74.117
1,FJSNT5.56
1,FYNDL10hun.2
2,FSHXXA16.14
1,L1EFC230321_FTJS0007_S247_L003.28
1,FSCDJY93.81
2,FGDLZ65_FDME220051946-1a.81
1,FSDLZ41.1
2,FGXGL63_FDME220052118-1a.94
2,FQHXN102.125
1,FSCDYJ7.105
1,FHNXY41.87
1,FJSWXJ4.78
1,FSXTY22.27
1,FHLJYC13.61
1,FJXSRPY30.70
NA,FSCPS57.41
2,FTJBH100.86
2,FJSWXJ6.2
1,FHLJYC4hun.148
2,FBJ53.38
2,FSCPS89.24
1,FJSWXJ14.99
2,FSHXBX79.19
1,L1EFC230326_FTJS0013_S252_L003.39
1,FSHXHZ2.32
1,FSHHK38_FDME220054507-1a.72
1,FSDJN37.88
1,FSDQZ38.39
2,FSHCM7.108
1,FGXGL45_FDME220052100-1a.23
1,FJSNT35.10
2,FSHXHZ11.52
1,FHuNHHMY64hun.12
1,FTJBH64.37
2,FGSZY16.112
2,FCQTY154_FDME220051190-1a.50
1,M2CF01.105
1,FAHBZ18_FDME220050698-1a.79
2,FSDQZ19.107
2,FSCDJY33.43
1,FXJYN32.107
1,FSDQZ16.120
1,FSHXWN15.49
1,FGXGL2_FDME220052057-1a.42
2,FXJYN1.40
1,FJXSRPY53.62
1,FZJTZ65.22
2,FTJBH2.10
1,FAHWH23_FDME220050744-1a.43
1,FHLJYC24hun.47
1,FSHHK30_FDME220054499-1a.44
2,FSCDJY76.168
1,FCQTY092_FDME220051170-1a.102
1,FSHHK33hun.82
1,FZJTZ12.60
2,FSHXWN13hun.127
1,FCQNA13.2
1,FSHHK17hun.110
1,FHNXY48.2
2,FGXGL43_FDME220052098-1a.98
2,FHLJZD54.27
2,M1DZ06.3
1,FJLHD23.29
2,FGSYC72.71
1,L1EFC230324_FTJS0010_S250_L003.70
1,FBJ28.37
1,FNMHLBE24.84
2,FSCCD8hun.43
1,L1EFC230298_FXJWS24_S224_L003.3
2,FSHXHZ3.43
1,FSCCD2.90
1,L1EFC230277_FXJCJ42_S161_L002.50
2,FTJS020.19
1,L1EFC230382_FSHXXA06_S340_L004.16
2,FXJKS22.152
2,M124R01.32
NA,M2CF08.28
1,L1EFC230294_FXJWS15_S177_L002.58
1,FHuNHHMY70.53
2,FeceGuXi150116.96
NA,FYNLJ76.8
2,FYNLJ66.27
1,FSHHK4.129
2,FYNLJ74.44
1,FXJYN3.94
2,FSDJN6.52
1,FZJTZ16hun.55
1,FSHXHZ13.49
2,FGDLZ83_FDME220051961-1a.127
1,FSDQZ18.32
2,FCQTY155_FDME220051191-1a.27
2,FHNFQ28.47
2,FeceHeNa7.149
1,FSDQZ21.53
2,FXJYN29.97
1,FAHBZ17.69
1,FAHWH12_FDME220050738-1a.13
2,FNXYCHL71.140
1,FGSZY36.75
