tree_group,mag
1,FTJBH17.5
1,FGXGL4_FDME220052059-1a.70
1,FQHXN68.13
1,FJSWXJ1.49
1,FSDJN26.82
1,FTJBH33.98
1,FQHXN72hun.59
2,FYNLJ38.55
1,FSDJN60.94
1,FHBSJZ44_FDME220052235-1a.81
1,FSHXBX157.84
2,FCQTY092_FDME220051170-1a.141
1,FSHXBX148.163
1,FJLHD44.139
1,FAHBZ56.33
2,L1EFC230341_FJXFC14_S267_L003.27
1,FAHWH20_FDME220050742-1a.93
1,FXJKS50.135
2,FYNDL28hun.38
1,FGSZY53_FDME220051904-1a.71
1,FGSZY30.52
1,FNXYCHL21.35
1,FSXLVWS7hun.127
2,FSCPS69.122
1,FSCDYJ7.77
1,FSHXXA16.86
2,FQHXN54.72
1,FXJKS4.90
2,FBJ69.11
1,FSXLVWS6.62
2,FTJBH39hun.92
2,FGDLZ56_FDME220051936-1a.62
1,FGXGL16_FDME220052071-1a.178
1,FHLJYC38_FDME220052687-1a.12
1,FXJKS51.24
1,FSHXBX70.80
1,FSDQZ46.103
1,FSHXBX155.17
1,FAHBZ44_FDME220050721-1a.5
1,FGSZY22.48
1,FHNXY29.6
1,FHBSJZ41_FDME220052232-1a.55
1,FXJSW2.29
1,M105F01.131
1,FGSYC60.76
1,FHLJYC29.77
1,FSHXBX108.33
1,FSHXBX12.95
1,FJSNT21.105
1,FNMHHHHT12.23
1,FZJTZ69.154
1,M1C8.113
2,FGZ2M.35
2,FQHXN78.69
1,FSHXWN14.55
1,FAHBZ23_FDME220050703-1a.97
2,FGDLZ60_FDME220051939-1a.31
1,FGZ4M_FDME220051972-1a.111
1,FXJYN2.1
1,FGSZY34.73
1,FXJKS35.70
1,M1DZ11.24
1,FTJBH7.59
1,FSDJN55.11
2,FJXSRPYG41.42
1,FTJBH_17.95
1,FHuNHHMY13.157
1,FCQTY144_FDME220051184-1a.61
1,FGXGL71_FDME220052126-1a.26
2,FXJKS22.125
1,FHNXY42.49
1,FJLHD16.89
1,FGSZY51.37
2,FGDLZ84_FDME220051962-1a.129
1,FQHXN73.19
1,FTJBH74.90
2,FSHHK41_FDME220054510-1a.50
1,M101R01.29
2,FJXSRPYG20.35
1,FQHXN69.31
1,FQHXN31.78
2,FCQTY022_FDME220051119-1a.55
1,FSCCD8hun.5
1,FSCPS35.74
1,FXJKS12.61
1,FNMHLBE4.89
2,FGDLZ83_FDME220051961-1a.115
1,FeceHuBe150125_FDME220052846-1a.44
1,FSCPS45.59
2,FeceHeNa5.58
1,FGSZY36.77
1,FXJKS5.61
1,FSHXBX79.51
1,FTJBH2.152
2,L1EFC230337_FJXFC09_S263_L003.65
2,FSCDJY49.84
2,FHHMY79.80
1,FJLHD6.118
2,FZJTZ21.113
2,FeceHuNa150118_FDME220052267-1a.30
1,FSHXBX167.58
1,FXJYN9.64
1,FJSWXJ38.14
1,FTJBH84.136
2,FHuNHHMY74.45
1,FHNFQ38.23
1,FXJCJ4.56
1,FZJHZD16hun.116
1,FXJWS4.123
2,FSCDJY64.25
1,FeceHuNa15011_FDME220052259-1a.60
2,FSHHK28_FDME220054497-1a.144
1,FJSNT58.9
1,FZJTZ62.3
2,FJXSRPY8.93
2,FeceGuXi150113.64
1,M1C7.75
2,FHNXY20.63
1,FSCPS68.12
1,FGDLZ35.62
2,FSCPS27.38
