tree_group,mag
1,FHLJZD9.94
2,FGXGL92.47
1,FGXGL77_FDME220052132-1a.79
2,FSDQZ25.44
1,FSXTY32.51
1,FGZ7M.71
2,FFJLY5_FDME220051242-1a.73
2,FHNFQ50.77
1,FSHXBX175.66
2,FSCPS49.38
2,L1EFC230246_FHLJZD42_S89_L001.87
2,FSXTY11.4
1,FGZ26M_FDME220052020-1a.71
2,FSDQZ38.57
1,FBJ7.146
1,FYNLJ9.82
1,FSCPS5.49
1,FAHWH29_FDME220050747-1a.1
2,FGDLZ22_FDME220051918-1a.45
1,FAHWH28_FDME220050746-1a.50
1,FGXGL91.19
1,FGZ37M_FDME220052037-1a.56
1,FTJS021.109
1,FHuNHHMY20.59
1,FGZ3M_FDME220051970-1a.88
1,FJXSRPY35.85
2,FBJ9.29
1,FGXGL73_FDME220052128-1a.28
1,FJLHD17.44
2,FGDLZ10_FDME220051912-1a.101
1,FSXLL9.71
2,FSHXHZ22.25
2,FJLHD20.46
1,L1EFC230386_FSHXXA15_S344_L004.77
2,FGD17M_FDME220052001-1a.33
2,FJNDD2_FDME220051219-1a.62
1,FHBSJZ35.24
1,FSHXHZ6.58
1,FHLJZD3.13
1,FSHXBX50.21
1,FFJLY18.65
1,L1EFC230364_FSHXBX42_S322_L004.62
1,L1EFC230258_FXJCJ14_S143_L002.54
2,FJLHD23.128
1,FYNLJ56.100
2,FSHXXA27.52
1,FSXLL7.48
1,FSXTY17.17
2,FXJSW23.39
2,FSCDYJ2.19
1,FJSNT31.124
