tree_group,mag
1,FSCPS11.166
1,FNMHLBE7.153
1,M1C9.117
2,FSCPS89.86
1,L1EFC230236_FHLJZD14_S81_L001.80
1,FeceGuXi15011.18
2,FSHCM15_FDME220054532-1a.43
1,M104R01.33
1,FJLHD44.7
1,FXJKS37.89
1,L1EFC230319_FTJS0003_S245_L003.79
2,FGZ4M_FDME220051972-1a.141
1,FHLJZD45.95
1,FQHXN68.38
1,M115R01.37
2,L1EFC230364_FSHXBX42_S322_L004.21
2,FYNLJ52.77
1,FXJKS10.103
1,FeceGuXi150110.32
1,FXJKS14.75
2,FGDLZ77_FDME220051942-1a.12
1,FJSNT67.1
2,L1EFC230372_FSHXBX62_S330_L004.117
2,L1EFC230247_FHLJZD44_S90_L001.10
1,M1C6.46
2,FSCDJY49.79
2,FSDJN60.13
2,FJSNT15.68
2,FSHCM13_FDME220054530-1a.32
2,FZJTZ67.14
1,FSCDJY69.110
1,FCQNA15.37
2,FZJTZ52.106
1,FQHXN69.37
1,FJLHD29.14
1,M2CF10.80
2,FFJLY66.60
2,FTJBH25.54
2,FSHXBX155.78
1,M1C8.109
2,FJLHD32.4
1,FSCPS4.54
