tree_group,mag
1,FNMHLBE23.19
2,FSDLZ58.94
2,FCQNA25.117
2,FeceHuNa150117_FDME220052266-1a.14
2,FJSNT67.6
1,FSDLZ39.135
1,FeceHuBe150121_FDME220052842-1a.143
2,FGXGL16_FDME220052071-1a.32
1,FJLHD45.51
1,FeceHuBe150120.73
2,FJSWXJ32.44
2,M1C5.14
2,FYNLJ76.97
2,FZJTZ65.48
1,FeceHuNa150118_FDME220052267-1a.49
1,FGXGL49.42
2,FHNFQ50.60
2,M1DZ07.52
2,FXJYN9.84
1,FAHBZ17.48
NA,M122R01.15
1,FQHXN1.107
1,FJXSRPY17.17
2,FYNLJ52.142
2,FQHXN99.47
2,FSDQZ19.170
1,FGSYC7.33
1,FGSYC6.16
2,FNMHLBE20.64
2,FYNDL28hun.78
1,FeceHeNa19.53
1,FSCDJY22.129
2,FAHBZ7_FDME220050689-1a.40
1,FSHXBX80.62
2,FSHHK10_FDME220054482-1a.76
1,FeceHuNa15012_FDME220052260-1a.93
1,FZJHZD6.106
2,FGXGL32_FDME220052087-1a.111
2,L1EFC230250_FHLJZD56_S135_L002.45
2,FHLJZD55.91
1,FSHCM31.119
2,FGDLZ56_FDME220051936-1a.38
1,FGDLZ6.42
1,FCQTY144_FDME220051184-1a.34
1,FeceHuNa150111_FDME220052262-1a.93
2,FBJ1.36
NA,FXJKS51.57
1,FZJTZ54.24
1,FQHXN14.28
2,FZJTZ53.50
1,FZJHZD9hun.11
1,FHuNHHMY13.111
1,FSDQZ21.140
