tree_group,mag
1,FAHBZ25_FDME220050705-1a.40
1,FAHBZ12.61
1,FAHBZ5_FDME220050687-1a.104
1,FXJSW13.33
2,FXJKS34.101
1,FJLHD21.37
1,FeceGuXi15011.101
2,FSDQZ43.121
1,FXJSW7.45
2,FGSZY3.37
2,FSDLZ09.21
1,FHNFQ13.19
2,FAHBZ18_FDME220050698-1a.5
1,FZJTZ36.59
1,FHuBWH24.48
2,FSHXBX166.91
2,FXJSW32hun.81
2,FSDLZ48.101
2,FXJKS40.74
1,FSDQZ29.8
2,L1EFC230300_FXJWS27_S226_L003.44
1,FHLJZD41.70
1,FSDLZ07.135
1,FeceGuXi150117.6
1,FSCDJY33.87
1,FNXYCHL55.72
1,FHNXY38.190
2,FJLHD33.75
2,FAHBZ57_FDME220050732-1a.83
1,FSXLVLS3.72
1,FSDLZ01.43
2,FNXYCHL65.88
1,FeceHuNa15016.45
1,L1EFC230247_FHLJZD44_S90_L001.55
1,FXJKS19.72
2,L1EFC230236_FHLJZD14_S81_L001.44
1,FXJSW22.58
2,FSCPS57.26
1,FXJKS50.79
2,L1EFC230248_FHLJZD47_S91_L001.44
1,FeceHuNa150117_FDME220052266-1a.90
