tree_group,mag
1,FeceGuXi15011.37
2,FeceGuXi150117.74
1,FSHHK38_FDME220054507-1a.111
2,FGSZY23.34
2,FHLJZD8.28
2,FSCDJY67.157
2,FJLHD33.55
2,FSDQZ16.158
2,FXJSW20.117
1,FJSWXJ4.77
2,FeceGuXi15013.32
2,FZJTZ19.18
2,FHNFQ36.50
2,FSCPS4.125
2,FSXTY53.13
1,M1C6.17
1,FAHBZ23_FDME220050703-1a.55
2,FSDLZ01.112
1,FeceHuBe150119_FDME220052841-1a.140
1,FSHHK30_FDME220054499-1a.59
2,FAHWH04.31
2,FSCPS62.33
2,FGSYC30.90
2,FSHCM15_FDME220054532-1a.32
2,FSDQZ18.101
2,FZJTZ53.91
2,FNXYCHL24.51
2,FHuBWH36.17
2,FGXGL32_FDME220052087-1a.182
2,FSHCM13_FDME220054530-1a.102
2,FSDLZ21.7
1,FZJTZ54.90
2,FZJTZ69.35
1,FXJKS36.131
2,FXJYN3.112
2,FZJTZ6.77
2,FJSWXJ14.101
2,FJSWXJ2.117
