tree_group,mag
1,FBJ57.91
1,FXJCJ57.53
1,FSXLVWS9.90
1,FHNXY3.48
1,FXJYN18.30
1,FAHBZ7_FDME220050689-1a.12
1,FHBSJZ42_FDME220052233-1a.64
1,FGSZY15.47
1,FSHCM90.138
1,FGZ28M_FDME220052025-1a.66
1,FTJBH84.38
1,FHLJZD18.36
1,FTJS012.20
1,FZJHZD16hun.26
1,FHNXY7.119
1,L1EFC230306_FXJWS35_S232_L003.121
1,FGSZY28.64
2,FNXYCHL18.28
1,FJXSRPYG32.52
1,FNMHHHHT21.40
1,FSHXBX65.83
1,FSXTY1hun.29
1,FHNXY29.31
1,FBJ29.2
2,FSDJN26.40
1,FHLJYC24hun.75
1,FQHXN63hun.78
1,FHLJYC35_FDME220052684-1a.77
1,FSDLZ29.102
1,FTJBH53.92
1,FNXYCHL53.21
1,FSXTY2hun.45
1,FHLJYC7.59
1,FHBSJZ44_FDME220052235-1a.7
1,FHBSJZ41_FDME220052232-1a.49
1,FSDQZ39.55
1,FSHXBX151hun.49
1,FHLJDQ10.132
1,FXJYN19.152
1,FTJBH74.30
1,FSDQZ2.8
1,FSXTY12hun.66
1,L1EFC230274_FXJCJ39_S158_L002.8
1,FSHXWN19.54
1,FSCPS69.170
1,L1EFC230325_FTJS0011_S251_L003.14
1,FSHXBX157.109
1,FHLJYC4hun.37
1,FSXLL17.97
1,FGSYC15.85
1,L1EFC230355_FJXFC53_S313_L004.100
1,FeceHuNa150137.91
1,L1EFC230305_FXJWS34_S231_L003.103
1,FSXLVLS3.135
1,FJSWX86.39
1,FGSYC49.87
1,FGDLZ63_FDME220051944-1a.53
1,FJLHD38.34
1,FJLHD30.107
1,FSHXXA16.79
1,FXJSW10.91
1,FSDQZ29.28
2,FJXSRPYG20.112
1,FQHXN67hun.17
1,FHNXY60.40
1,FGXGL6_FDME220052061-1a.143
1,FNMHHHHT37.117
1,FAHBZ37_FDME220050714-1a.20
1,FJLHD23.17
1,FSXLVWS6.25
1,FXJWS29.3
1,FTJBH62hun.64
1,FHLJYC2.48
1,FSHXBX20.26
1,FYNLJ68.82
1,FHuNHHMY78.95
1,FSDJN1.60
1,FHNFQ7.40
2,FHLJYC21.43
1,FSXTY52.80
1,FNMHLBE10hun.82
1,FSXTY3.44
2,L1EFC230298_FXJWS24_S224_L003.88
2,FeceHuNa150119.35
1,FSDJN60.19
1,FNMHLBE12.44
1,FSHXBX9.104
2,FSHXBX45.44
1,FBJ69.59
1,FHLJZD8.69
1,FSHXHZ4.54
1,FZJHZ8.20
1,FSDJN55.70
1,FSHCM52.36
2,FXJWS41.73
2,FNXYCHL8.112
1,FSDJN23.70
1,FSDLZ56.44
1,FBJ44.124
1,FSHCM37.65
1,FXJCJ21.105
1,FSHXBX147.28
2,FSHXBX166.19
1,FeceHuNa150120_FDME220052269-1a.28
1,FSDJN50.43
1,FSDQZ43.84
1,FHNXY22.84
1,FGSZY16.69
2,FSDJN6.27
1,FNMHLBE4.117
1,FSHXBX167.51
2,FHuBWH36.58
