tree_group,mag
1,FNXYCHL65.126
1,FJLHD33.5
1,L1EFC230269_FXJCJ28_S153_L002.2
1,FCQTY025_FDME220051121-1a.7
1,FeceHeNa20.108
1,FXJCJ4.127
1,FCQTY048_FDME220051133-1a.60
1,FGXGL70_FDME220052125-1a.13
1,L1EFC230344_FJXFC20_S302_L004.121
1,FCQNA22hun.32
2,FGSYC16.43
1,FGSYC62.101
1,FSCDJY38.10
1,FNMHHHHT19.20
1,M2CF05.74
1,FSDJN60.42
1,FAHWH09.50
1,FCQNA23hun.48
1,FGSYC44.57
1,L1EFC230355_FJXFC53_S313_L004.75
2,FSXLL17.32
1,FCQNA10.36
1,FGSZY15.136
2,FAHWH20_FDME220050742-1a.8
1,FCQTY166_FDME220051197-1a.15
2,FHuNHHMY32.25
1,FHuNHHMY1.47
1,FJSWXJ7.81
1,FSCPS35.68
1,FGXGL23_FDME220052078-1a.25
2,FHHMY4.133
1,FSHXHZ8.40
1,FCQTY050_FDME220051135-1a.92
1,FeceHeNa6.57
1,FTJBH33.42
1,FNXYCHL28.3
2,FTJBH38hun.13
1,FHuNHHMY34.22
1,FHuNHHMY37.41
1,FSDQZ36.107
1,FGD17M_FDME220052001-1a.62
1,FCQJJ1.85
2,FFJLY75.90
2,FGDLZ85.49
1,FCQTY155_FDME220051191-1a.146
1,FGSYC14.20
1,FGXGL72_FDME220052127-1a.59
1,FSDQZ35.58
1,FeceHeNa5.87
1,FCQTY101_FDME220051173-1a.56
1,FCQTY140_FDME220051182-1a.49
1,FCQNA39.28
2,FSDLZ44.97
1,FeceHeNa17.84
1,FNXYCHL56.11
1,FSCPS61.45
2,FGXGL11_FDME220052066-1a.66
1,FBJ4.73
2,FYNLJ45.10
1,FGXGL14_FDME220052069-1a.16
1,FGZ6M_FDME220051977-1a.109
