tree_group,mag
1,FQHXN49.30
1,FSHXBX153.25
2,FHuNHHMY1.48
1,FSDJN27.91
2,FAHWH31.16
2,FSDQZ43.3
2,FHNFQ12.70
1,FQHXN37.5
1,FYNLJ58.57
1,FGSYC60.124
1,FZJHZD1hun.49
1,FHNXY57.6
2,FHuNHHMY32.133
1,HeNJZ4hun.28
1,FHLJZD3.16
1,FGSYC19.20
1,FGSYC34.37
1,FJSWXJ38.98
1,FHuNHHMY64hun.95
1,FTJBH57.62
2,FSHXBX76.51
2,FJND9_FDME220051201-1a.45
1,FBJ22.71
1,FNMHLBE4.123
1,FHNXY28.16
2,FZJTZ4.70
1,FSHXHZ13.111
1,FZJTZ11.98
1,FNXYCHL36.22
1,FGSYC12.67
2,FJNDD15.14
1,FXJSW12.43
1,FCQNA25.1
1,FAHBZ20_FDME220050700-1a.148
1,FGSZY22.25
1,FQHXN96.32
1,FSHXWN19.44
2,FGSZY29.63
2,FGSZY27.2
1,FJLHD52.46
1,FHLJYC29.54
1,FGSZY54.27
1,FXJSW46.85
1,FCQHC8.40
2,FBJ9.16
1,FGXGL100.32
2,FeceGuXi150114.29
1,SDHZD16.77
2,FYNLJ23hun.50
1,FHNXY56.21
1,L1EFC230387_FSHXXA17_S345_L004.124
1,FNMHLBE28.44
1,FJSWXJ29.27
2,FSDQZ13.124
1,FGSYC30.52
1,FTJBH19.58
2,FeceHeNa5.100
1,FGSZY23.48
1,FHNXY58.37
1,FGSZY37.81
1,FCQNA28.103
2,FBJ61.71
1,FHNFQ28.103
1,FSHXWN17.74
1,FHLJZD19.22
1,FSDQZ24.17
2,FAHWH10.43
1,FGSZY21.12
2,FJXSRPY21.35
2,FSCCD7hun.25
1,FSHXBX53.80
2,FNXYCHL71.75
1,FNMHLBE10hun.26
1,FAHBZ10_FDME220050692-1a.95
1,FHNXY39.27
2,FSHXBX98.100
1,FJSWXJ24hun.46
1,FGSZY41.92
1,FTJBH39hun.16
1,FGSYC15.23
1,FGSZY48.25
1,M1DZ11.75
1,FAHBZ6_FDME220050688-1a.18
1,FQHXN102.31
1,FHNFQ7.19
1,FSCPS65.44
1,FNMHHHHT22.99
2,FGSZY38.6
1,FHNXY22.21
1,FAHBZ27_FDME220050707-1a.70
1,FFJLY78.48
2,FCQTY010.144
1,FGSYC8.9
1,FSCDJY94.131
1,FJSWX83.50
1,FSHXBX165.6
1,FCQHC16.29
2,FFJLY33_FDME220051262-1a.50
1,FSHXHZ8.25
2,FYNLJ72.3
1,FSHXWN21.6
1,FSDJN55.30
1,FHNFQ11.32
1,FYNLJ52.68
1,FSDJN44.17
1,FSDQZ46.66
1,FSCDJY92.68
1,FAHBZ35.50
2,FJSNT38.57
1,FGSZY10.26
1,FHLJZD17.73
2,FSDLZ56.61
1,L1EFC230310_FXJWS40_S236_L003.99
1,FYNLJ38.31
1,FZJTZ15.55
1,FNMHLBE34hun.72
2,FHuNHHMY70.60
1,FHLJZD53.36
1,FYNDL7.32
1,FGSYC66.50
1,FNXYCHL5.39
1,FSDLZ12.86
1,FHLJZD1.78
1,FGZ2M.85
1,FYNDL3.15
1,FSHXBX26.37
1,FXJWS41.93
2,FHBSJZ55.41
1,FGSZY16.117
1,FGSYC47.10
1,FJSWX96.94
1,FQHXN94.44
2,FXJYN29.115
2,FAHBZ8_FDME220050690-1a.26
1,FGXGL96.40
1,FJSWX76.11
1,FAHBZ36.44
2,FHNXY46.114
1,FTJBH_17.67
1,FTJBH17.29
1,FYNLJ69.81
1,FQHXN62hun.85
1,FJSWX82.75
2,FSXTY39.93
1,M1DZ05.86
2,FNXYCHL46.143
1,FSXLVWS5.24
1,FGXGL77_FDME220052132-1a.30
2,FSXTY59.47
1,FJNDD12_FDME220051229-1a.111
1,FAHBZ52_FDME220050729-1a.40
2,FGSYC76.80
1,FHNFQ53.87
1,FSHXBX7.49
1,FSHXHZ4.77
1,FCQTY050_FDME220051135-1a.86
1,FSHXBX100hun.58
2,FGSZY33.24
2,FQHXN30.21
2,FJXSRPY36.37
2,FYNLJ36.79
1,FQHXN103.63
1,FeceHuBe150120.49
1,FHNFQ47.49
1,L1EFC230359_FSHXBX16_S317_L004.5
1,FNXYCHL66.63
2,FCQTY076_FDME220051151-1a.18
1,M207F02.28
1,FBJ50.89
1,L1EFC230389_FSHXXA21_S347_L004.44
1,FXJYN25.15
1,SDHZ18.13
1,FZJTZ13.72
2,FGSZY30.117
1,FHNXY18.19
1,FYNLJ57.10
1,FSXLVWS8hun.38
2,FGDLZ51.7
1,FBJ15.15
1,FSHXBX130.14
2,FeceHuBe150125_FDME220052846-1a.73
1,FHNFQ13.87
1,L1EFC230342_FJXFC16_S268_L003.31
1,FHuNHHMY3.75
1,FGSYC86.57
2,FSHXXA24.29
2,FCQTY053_FDME220051136-1a.27
1,FTJBH48.29
1,FHNFQ61hun.41
1,FZJHZD9hun.88
2,FGSZY26.93
2,FGSZY35.74
2,L1EFC230339_FJXFC12_S265_L003.78
1,FQHXN97.128
1,FSHCM77hun.72
1,FYNLJ68.92
1,SDHZD11.47
1,FQHXN43.57
1,FZJTZ24.28
1,FSHXBX23.83
1,FSDJN23.80
1,SDHZD1.51
1,FSHXBX43.106
1,FAHBZ24.10
1,FGXGL2_FDME220052057-1a.119
2,FJXSRPYG31.64
1,FNXYCHL2.69
1,FGDLZ25.52
1,FGSYC73.74
2,FGSZY36.68
