tree_group,mag
1,FSHCM86hun.49
1,FTJBH49.12
2,FSXTY47.35
2,FHLJYC15.100
2,FGSZY33.32
2,FNMHHHHT36.86
2,FSHXBX61.20
2,FXJYN1.72
2,FGSZY36.122
1,FSHXBX33.69
2,FNMHLBE14.27
2,FGSZY30.61
2,L1EFC230243_FHLJZD33_S86_L001.57
2,FGSZY29.83
2,FSXLVLS14.1
2,FSDJN21.61
2,FSXLVLS19.56
2,FJXSRPY35.90
2,FGSZY27.45
2,FGXGL71_FDME220052126-1a.62
2,FSXTY28.88
2,FSXTY8hun.5
1,FSCCD22.6
2,FJXSRPYG9.55
2,FXJWS4.40
2,FHuNHHMY3.50
2,FHNXY55.97
2,JSCZD5.87
2,FBJ65.11
2,FNMHLBE4.104
2,M119R01.98
2,FHNFQ20.64
1,M1C12.53
2,FSDLZ02.8
2,L1EFC230325_FTJS0011_S251_L003.61
2,FGSYC46.38
2,FJXSRPY38.84
2,L1EFC230300_FXJWS27_S226_L003.70
1,FXJKS12.49
2,FSDJN44.84
2,FNMHLBE31.128
2,FSCDJY38.42
2,FSHXBX174.30
2,FNMHLBE35.126
2,FGSZY15.68
2,FYNLJ37.88
2,FSDLZ39.105
2,FJXSRPY39.38
2,FJXSRPY8.56
2,FQHXN45.6
1,FXJWS9hun.58
2,FSDLZ47.118
2,FGSZY34.18
2,FSHXBX78.33
2,FSDJN51.81
2,FHNXY7.103
2,FNMHHHHT37.142
2,FJSWXJ30.73
2,FSXTY29hun.30
2,FHNXY22.83
1,FSHCM100.55
2,FSXTY59.27
2,FSHCM23_FDME220054538-1a.21
2,FCQNA5hun.79
2,FSXTY31.49
2,FQHXN64hun.113
2,L1EFC230279_FXJCJ45_S163_L002.23
2,FSDLZ15.11
2,FSXLVLS20.33
2,FSDLZ17.161
2,M1C10.59
2,FAHBZ56.57
1,FSDLZ53.94
1,FSHXBX108.10
2,FSXLVWS1hun.27
1,FSHCM83.114
2,FSHXBX23.55
2,FHLJYC19.60
1,FHuNHHMY70.3
1,FSDLZ16.48
2,FXJCJ29.51
2,FSDQZ23.20
2,FHLJZD2.143
2,FSDQZ3.88
1,FSDQZ4.67
1,FSDQZ21.72
