tree_group,mag
1,FXJSW24.15
1,FGSYC55.5
1,FHNFQ31.5
1,FJSWX104.30
1,FSHCM51.71
1,FGSZY36.26
1,FGSZY33.93
1,FXJKS8.22
1,FHNFQ50.121
1,FAHBZ21_FDME220050701-1a.176
2,FJLHD30.138
1,FGDLZ31.21
1,FXJSW11.89
2,FNXYCHL92.93
2,FXJKS48.68
1,FQHXN99.4
1,SDHZ2.46
2,FSCDJY22.92
2,FJLHD52.20
1,FSHXBX4.33
1,FSHXBX30.58
2,FSDLZ12.105
1,FSHHK17hun.25
1,FXJKS12.36
2,FGDLZ13.48
2,FNMHLBE14.39
2,FXJKS39.115
1,FSDQZ38.27
1,L1EFC230379_FSHXXA03_S337_L004.49
1,FJND3_FDME220051161-1a.1
2,L1EFC230236_FHLJZD14_S81_L001.117
2,FXJSW7.32
1,FHNFQ21.50
2,FZJTZ55.42
1,FJLHD21.45
2,FeceGuXi150110.17
1,FSCCD6.15
1,L1EFC230273_FXJCJ38_S157_L002.71
2,FJLHD45.101
2,FNMHLBE25hun.162
1,L1EFC230288_FXJCJ64_S171_L002.107
1,FAHBZ20_FDME220050700-1a.191
1,FXJKS19.157
2,L1EFC230250_FHLJZD56_S135_L002.119
2,FNXYCHL90.103
2,L1EFC230239_FHLJZD23_S84_L001.131
1,FXJCJ43.38
1,L1EFC230284_FXJCJ58_S167_L002.118
1,FXJWS4.74
1,FGSYC80.47
2,M119R01.5
1,SDHZD9.92
2,FQHXN7.9
2,FHuNHHMY60.18
1,FGSYC76.6
2,FXJKS43.101
2,FQHXN10.124
1,FGSZY30.37
1,FGSZY29.35
1,FNMHLBE27.8
1,FAHBZ10_FDME220050692-1a.17
1,FQHXN93.97
1,FHuNHHMY30.5
1,FSHXBX133hun.47
1,FAHBZ31_FDME220050711-1a.92
2,FXJSW18.14
2,FSCDJY92.22
1,FXJKS13.69
1,FNMHLBE32.112
1,FQHXN85.17
2,FSDQZ26.1
1,FGSZY41.82
2,FXJKS27.119
1,FXJKS17.73
2,L1EFC230280_FXJCJ46_S164_L002.36
2,FHuNHHMY43.145
1,FAHBZ26_FDME220050706-1a.106
1,FAHBZ59_FDME220050734-1a.77
2,FZJTZ54.66
1,FQHXN63hun.46
1,FHNFQ39.70
1,FSHXBX136hun.57
1,FSCPS12.7
1,FXJSW12.45
1,FNXYCHL59.18
1,FQHXN84.38
1,FQHXN91.66
2,FSCDJY76.57
1,FSDQZ18.7
1,FQHXN80.13
2,FXJKS2.122
1,FQHXN52hun.58
