tree_group,mag
1,FHNXY8.9
1,FSDQZ15.60
2,FHLJZD49.42
2,FCQNA43.58
2,FJLHD7.36
1,FYNLJ37.77
1,FNXYCHL5.129
2,FCQTY084_FDME220051155-1a.105
1,FXJYN25.46
1,FSXLVWS7hun.31
1,FSHXHZ18.95
1,FeceHuNa150120_FDME220052269-1a.98
1,FSHXBX76.96
2,FSHCM96.131
1,FSXLL5.28
1,L1EFC230393_FSHXXA37_S36_L003.42
1,FHNXY49.16
1,FSHXBX12.96
2,FZJTZ6.87
1,FYNLJ22hun.20
1,FGSZY42.62
1,FSCDJY76.146
1,L1EFC230332_FTJS0029_S258_L003.46
1,FCQTY031_FDME220051125-1a.53
1,FHNXY19.16
1,M1DZ07.70
1,FXJSW8.12
1,FGDLZ85.100
1,FSXTY59.106
1,FYNLJ66.64
1,FAHBZ44_FDME220050721-1a.85
1,L1EFC230369_FSHXBX54_S327_L004.70
1,FSXTY39.17
1,FSDQZ21.147
1,FSXTY48hun.58
1,FSHXBX157.156
1,M1C12.79
1,FSHHK44.20
1,FSCPS68.96
1,FSHXBX65.53
1,FeceHuNa150135_FDME220052278-1a.55
1,FYNLJ38.62
1,FSHXBX148.64
2,FSDLZ40.49
1,M105F01.84
1,FGSYC30.101
1,M2CF04.81
1,FHLJYC15.26
1,FHuNHHMY24.44
1,FHNXY47.56
2,FSHCM90.92
1,FCQNA15.69
2,FZJTZ35.16
1,FAHBZ40_FDME220050717-1a.87
2,FZJTZ26.133
2,FeceHuNa150142_FDME220052285-1a.33
1,FSXLL1.99
1,FGZ36M_FDME220052036-1a.18
1,L1EFC230305_FXJWS34_S231_L003.81
1,L1EFC230351_FJXFC35_S309_L004.33
1,FSHCM57.162
2,FGXGL28_FDME220052083-1a.16
1,L1EFC230372_FSHXBX62_S330_L004.137
2,FCQTY147_FDME220051186-1a.52
1,FSHXBX108.21
1,FSHCM51.86
1,JSCZD7.26
1,FQHXN113.112
1,FHNXY36.24
2,FSHCM62.79
1,FSHXBX137.38
2,FCQTY060_FDME220051140-1a.14
1,FHLJYC29.39
1,FQHXN45.65
1,FTJBH49.87
1,FGXGL49.97
2,L1EFC230355_FJXFC53_S313_L004.126
1,FHLJYC22.73
1,FSDLZ49.40
1,FSDJN12.119
1,L1EFC230343_FJXFC19_S301_L004.82
1,FXJKS22.140
1,FHNFQ38.64
1,FXJYN29.96
1,FHLJYC39_FDME220052688-1a.52
1,FSHCM31.79
1,FSDQZ3.65
1,FGXGL2_FDME220052057-1a.151
1,FJNDD11_FDME220051228-1a.51
1,FSDQZ23.117
1,FNXYCHL65.109
2,FHuNHHMY43.46
1,FNXYCHL56.77
1,FSXTY50.107
1,FYNLJ68.14
1,M1DZ11.116
1,FXJKS10.154
1,FSXTY51hun.19
1,FBJ44.96
2,FJSNT23.161
1,FHNXY45hun.86
1,FCQNA9hun.100
1,FSHCM55hun.18
1,FJLHD29.55
1,FSXTY53.92
1,FHLJZD8.27
1,FHLJZD21.75
1,FHuNHHMY23.55
2,FJLHD45.76
2,FSHCM85.67
1,FSHXHZ9.9
1,FZJHZD28.102
