tree_group,mag
1,L1EFC230293_FXJWS14_S176_L002.121
1,FSDJN21.51
2,FYNLJ28.85
1,FBJ57.23
1,FTJBH50.47
1,FNMHLBE2.55
1,FSHXXA46.104
1,FJSWX77.8
1,FCQNA5hun.33
1,FCQTY070_FDME220051147-1a.44
2,FYNLJ65.27
1,FSDLZ46.21
2,FXJYN27.65
1,FTJS020.42
1,FCQTY030_FDME220051124-1a.62
1,FSHCM100.111
1,FHNFQ33.9
1,FGZ42M_FDME220052055-1a.41
2,FXJSW36.112
2,FGZ11M_FDME220051989-1a.64
1,FTJS016.54
1,FSHXBX126.10
1,FZJHZD19.10
1,M2CF13.89
1,FZJHZD8.61
1,FQHXN58.104
1,FSDLZ39.55
1,FGZ40M_FDME220052053-1a.38
1,FGSZY26.36
1,FNMHHHHT23.84
2,FCQHC16.54
1,FCQNA39.54
1,FSHXBX135hun.22
1,FeceHuBe15013_FDME220052831-1a.57
1,FSXLVLS15.64
1,FCQTY039_FDME220051129-2a.15
1,FYNLJ60.52
1,FGXGL97.32
2,FSDJN58.70
1,FCQTY031_FDME220051125-1a.125
1,FJSNT28.72
1,FHuBWH11.1
1,FeceHuNa150135_FDME220052278-1a.66
1,FTJS030.116
1,FGXGL100.69
1,FSXLVLS4.63
2,FCQTY050_FDME220051135-1a.82
1,FSXLVLS6.49
1,FGSYC43.29
1,FHBSJZ3.39
1,FeceHuBe15018_FDME220052836-1a.10
1,FSHXWN16hun_FDME22H000406-1a.17
1,FTJBH46.53
1,FFJLY48.3
1,FTJS021.72
1,FNXYCHL29.27
1,FSHCM77hun.86
1,FSHCM42hun.35
1,FSHCM20_FDME220054535-1a.49
2,FHLJYC4hun.91
1,FHNFQ63.39
1,FJSWXJ29.25
1,FHBSJZ25.50
1,M2CF15.100
1,L1EFC230287_FXJCJ63_S170_L002.91
1,L1EFC230312_FXJWS44_S238_L003.62
1,FGSZY34.35
2,FHLJYC24hun.102
1,FSHXWN9.52
1,FJSNT5.46
1,FNMHHHHT21.35
1,FAHBZ45_FDME220050722-1a.38
1,FSXTY49.4
1,FSDJN35.123
1,SDHZ11.27
2,FTJBH59.68
2,FGD18M_FDME220052004-1a.109
1,FSHXBX74.18
1,FSCPS12.75
1,M2CF21.24
2,FSDJN26.75
1,M2CF11.114
2,FSXTY13hun.30
1,FGSZY27.73
1,FGZ4M_FDME220051972-1a.43
1,FCQTY101_FDME220051173-1a.71
1,FQHXN26.60
2,FZJTZ28.4
1,FHNXY51.3
1,FSHXHZ11.115
