tree_group,mag
1,FHuBWH5.7
2,FSHCM6_FDME220054523-1a.42
2,FTJS021.93
2,FCQTY007.22
1,FQHXN14.10
2,FAHWH30_FDME220050748-1a.61
1,FAHBZ5_FDME220050687-1a.34
2,FeceHuNa150140_FDME220052283-1a.15
1,FHNXY13.68
2,FGSZY25.47
1,FQHXN49.29
1,FXJKS48.126
1,FXJSW36.38
2,FHNXY54.28
1,FHuNHHMY77.26
2,FeceHeNa13.70
2,FNXYCHL43.19
2,FeceGuXi150114.78
1,FTJS031.4
1,M1C8.81
1,FGDLZ17_FDME220051916-1a.106
2,FSHCM79hun.59
2,FGSYC44.75
1,FNMHHHHT32.24
2,FeceHuNa150122.45
2,FCQTY078_FDME220051153-1a.81
1,FQHXN63hun.97
2,FXJWS10.86
1,FJSNT21.90
2,FAHBZ42_FDME220050719-1a.33
1,FQHXN52hun.21
1,FHNXY36.58
1,FeceHuNa15019.38
1,FQHXN93.90
1,FQHXN91.35
1,FGDLZ81_FDME220051959-1a.69
1,FSDLZ27.31
1,FXJWS7.41
2,FXJSW24.31
2,M2CF11.20
2,FHuBWH20.49
2,FJLHD30.54
2,FCQTY073_FDME220051150-1a.31
2,FHuBWH6.24
2,FCQNA20hun.47
1,FAHBZ34.74
2,FSDLZ57.41
1,M1C17.52
1,FYNLJ80hun.20
1,FNMHLBE24.110
2,FXJWS43.60
2,M2CF21.31
1,M2CF01.123
1,FGDLZ18.10
1,FQHXN90.20
2,FCQTY140_FDME220051182-1a.26
1,FAHWH14.18
2,FAHBZ47_FDME220050724-1a.20
2,FHNXY57.72
2,FCQTY162_FDME220051195-1a.87
2,FAHWH25.53
1,FHNXY39.9
2,FAHBZ56.109
1,FTJBH39hun.72
2,FHBSJZ24.85
2,FCQTY061_FDME220051141-1a.85
1,FQHXN51hun.5
2,FQHXN20.64
2,FSHCM42hun.69
1,FeceHuBe150112.18
1,FAHBZ27_FDME220050707-1a.110
2,FSHXBX156.27
1,FHNXY34.33
1,FBJ11.28
1,FHNXY14.4
1,FJXSRPY26.9
2,FAHBZ19.52
1,FGSZY46.19
1,FBJ45.28
1,FXJSW22.34
2,FCQTY026_FDME220051122-1a.46
1,FNMHLBE11hun.4
2,FJXSRPY44.110
2,FHNXY60.36
2,FNXYCHL89.72
1,FXJSW15.9
2,FHNFQ33.12
2,FJND18_FDME220051209-1a.53
1,FYNLJ79.71
1,FGZ32I2_FDME220052032-1a.18
1,FGDLZ74.51
1,FeceHuBe150127_FDME220052847-1a.5
1,FNMHHHHT31.4
2,FFJLY22.8
2,FGSZY39.67
1,FYNLJ67.27
1,FQHXN50.49
2,FZJHZD16hun.111
1,FJLHD6.116
2,FSCPS36.86
1,FAHBZ60_FDME220050735-1a.27
2,FNMHHHHT22.44
2,FJXSRPY43.67
2,FHNFQ47.35
2,FZJTZ50.67
2,M2CF13.55
2,FSHCM59.53
2,FSHCM93.5
1,M1DZ01.113
2,FGD19M_FDME220052006-1a.55
2,FAHWH10.47
1,FHuNHHMY67.116
1,FSHXBX130.78
2,FXJCJ19.5
2,FNXYCHL47.68
1,FQHXN55.23
1,FQHXN70hun.104
1,FTJS019.59
1,FGDLZ63_FDME220051944-1a.68
2,M2CF05.8
2,FAHBZ9_FDME220050691-1a.64
1,FGSZY11.53
1,FSDJN34.61
1,FQHXN76.139
2,FAHBZ1_FDME220050683-1a.61
1,FHNXY38.31
1,FHuBWH14.12
2,FZJTZ7.53
1,FQHXN105.37
2,FSXTY5hun.60
2,FSHCM14_FDME220054531-1a.37
2,FZJHZD21.83
1,FAHBZ40_FDME220050717-1a.63
2,FTJBH64.54
2,FHLJYC4hun.62
1,FAHBZ31_FDME220050711-1a.40
1,M1DZ05.98
1,FXJYN38.125
2,FHBSJZ48_FDME220052239-1a.67
2,FJNDD1.3
2,FAHWH18.45
2,FTJBH48.111
1,FXJSW17.147
2,FNMHLBE34hun.40
