tree_group,mag
1,FSCDJY31.139
1,FSDQZ21.107
1,FJLHD33.24
1,FSHXBX106.108
2,FHNXY38.58
2,FXJSW10.146
2,FHHMY63.141
2,FSCPS68.172
2,FAHBZ59_FDME220050734-1a.135
1,FSHCM15_FDME220054532-1a.76
2,FZJTZ19.113
2,FXJKS4.49
2,FGD18M_FDME220052004-1a.82
2,FSDQZ19.120
2,FAHBZ12.40
2,FeceGuXi15013.55
2,FXJKS23.130
2,FXJSW17.128
2,L1EFC230239_FHLJZD23_S84_L001.76
2,M122R01.61
2,FZJTZ36.56
1,FJXSRPY8.32
2,M1DZ11.45
1,FZJTZ6.25
1,FXJKS48.60
2,FHLJZD28.83
2,L1EFC230325_FTJS0011_S251_L003.147
2,FSCPS31.7
2,FJSWXJ14.184
2,FSCPS35.53
2,FeceGuXi15015.67
1,FSCPS89.58
2,FAHBZ44_FDME220050721-1a.10
1,FJSWXJ4.109
2,FCQNA15.40
2,FJSNT23.136
2,FXJCJ21.43
2,FQHXN97.126
2,FeceGuXi150117.7
1,FAHBZ21_FDME220050701-1a.42
1,FXJKS36.171
2,FQHXN93.115
2,FHuBWH36.13
