tree_group,mag
1,FZJTZ33.31
1,FZJJH7.37
1,FAHWH17_FDME220050741-1a.116
2,FBJ16.38
2,FGXGL80_FDME220052135-1a.68
1,FSHHK24hun.59
1,FSDJN10.24
2,FZJTZ32.19
1,FAHBZ28_FDME220050708-1a.39
1,FNXYCHL69.45
NA,FQHXN24.31
1,FGZ34M_FDME220052034-1a.57
1,FAHWH29_FDME220050747-1a.44
2,FSXLVLS13.74
1,FHLJYC9.70
2,FZJTZ28.78
1,FNXYCHL2.86
1,FNXYCHL73.12
2,FJSWX74.10
1,FCQTY030_FDME220051124-1a.50
1,FGDLZ52.36
NA,FJXSRPY29.1
1,FJSNT18.162
2,FSDJN15.43
2,FCQNA12.46
1,FHNFQ63.85
1,FNXYCHL67.58
1,FSCDJY98.79
1,FNXYCHL66.36
1,FAHWH34_FDME220050751-1a.14
1,FSHXXA33.38
1,FHuNHHMY38.48
2,FTJBH31.47
1,FSHXBX19.16
1,FNXYCHL63.101
2,FTJBH14.5
1,FBJ26.30
