tree_group,mag
1,FeceHeNa26.29
1,L1EFC230284_FXJCJ58_S167_L002.107
1,FSHCM96.101
1,FJSWXJ37.61
1,FHuNHHMY32.42
1,M1C9.33
1,L1EFC230239_FHLJZD23_S84_L001.72
1,M1C6.97
1,FJSWXJ4.90
1,FSHCM39.33
1,M1DZ11.124
1,FSHCM62.43
1,FeceGuXi15013.52
1,FJXSRPY10.56
2,FYNDL28hun.36
1,L1EFC230351_FJXFC35_S309_L004.119
2,L1EFC230243_FHLJZD33_S86_L001.46
1,FSXLVWS2hun.11
1,FZJTZ69.92
2,FSXLL17.44
1,FJSWXJ32.68
2,FSDJN60.117
1,FJSWXJ13.61
2,FGXGL6_FDME220052061-1a.2
1,M214F02.70
1,FHuNHHMY23.83
2,FZJTZ19.128
1,FSCPS68.52
2,FeceHuNa150120_FDME220052269-1a.14
1,FGXGL1_FDME220052056-1a.112
2,FGXGL63_FDME220052118-1a.19
1,FSDQZ42.34
2,L1EFC230395_FSHXXA48_S38_L003.126
1,FSHCM55hun.59
1,FJXSRPYG20.1
