tree_group,mag
1,FGXGL40_FDME220052095-1a.86
2,FSHCM86hun.78
1,FSHHK40_FDME220054509-1a.12
2,M1DZ08.36
2,FSDJN26.59
1,FGDLZ19_FDME220051917-1a.82
2,FSHCM100.2
2,FGXGL75_FDME220052130-1a.124
2,FAHBZ48_FDME220050725-1a.70
1,FHNFQ30.77
2,FGSZY53_FDME220051904-1a.14
1,FXJSW22.145
2,FGSYC20.18
1,FXJWS41.65
2,FYNLJ57.2
2,FHBSJZ60_FDME220052251-1a.63
2,FNXYCHL61.100
1,FSDQZ4.64
2,FSHXHZ8.113
2,FGDLZ15_FDME220051915-1a.104
1,FSHCM17_FDME220054534-1a.25
1,FXJYN40.34
2,FZJTZ23.69
2,FZJTZ68.83
2,FCQNA43.29
2,FJSWXJ17.72
1,FJSWXJ43.47
1,FSHXHZ22.47
1,FSHHK33hun.77
2,FNXYCHL50.123
2,FZJTZ6.32
1,FGDLZ70.42
2,FGSZY37.105
2,FXJYN19.73
2,FeceHuNa15017.81
1,FJLHD33.42
1,FHNXY48.61
1,L1EFC230349_FJXFC31_S307_L004.54
1,FSDLZ08.19
2,FTJBH_17.46
2,FXJSW15.69
1,FTJBH2.54
2,FQHXN45.37
1,FGDLZ65_FDME220051946-1a.71
2,FJSWXJ8.9
2,FHNFQ60hun.27
2,FSHXBX45.53
1,FGXGL56_FDME220052111-1a.58
2,FSCPS9.125
2,FSCDJY67.35
2,L1EFC230390_FSHXXA28_S33_L003.54
1,FSHHK35_FDME220054504-1a.67
1,FeceHeNa1.68
1,FCQTY145_FDME220051185-1a.13
1,FZJTZ69.2
1,FXJWS29.99
2,FSHHK23hun.85
2,FSHXBX80.39
1,FeceGuXi15015.128
2,FZJTZ60.19
2,FAHBZ59_FDME220050734-1a.102
2,FHuBWH24.72
1,FSXLVLS14.60
1,FXJSW8.70
2,FSCDJY48.5
2,FJXSRPY37.59
2,FGSYC73.39
1,FBJ25.45
1,FXJKS20.117
2,FXJKS5.2
2,FCQTY048_FDME220051133-1a.104
2,FXJYN9.112
1,FAHBZ43.96
2,FJSWXJ13.47
2,FSXLVLS3.101
2,L1EFC230376_FSHXBX69_S334_L004.32
2,L1EFC230302_FXJWS31_S228_L003.17
2,FNXYCHL93.25
1,FXJSW10.84
1,FCQNA28.66
1,FGXGL51_FDME220052106-1a.55
1,FGXGL24_FDME220052079-1a.54
1,FJXSRPY47.81
2,FJSWXJ4.147
2,FTJBH17.43
1,M130R01.88
1,FHuNHHMY83.102
1,FGDLZ69_FDME220051950-1a.15
1,FCQTY166_FDME220051197-1a.92
2,FAHWH38_FDME220050755-1a.103
2,FJSWXJ37.67
2,FSHHK12hun.102
2,FZJTZ31.66
2,FSHHK15hun.12
2,M1DZ05.70
2,FSHXHZ3.30
1,FJLHD55.78
2,FNMHHHHT11.82
1,FZJTZ67.1
2,FHuNHHMY78.6
1,FSCDJY49.133
2,FSXTY15.105
2,FNXYCHL36.77
2,FAHWH04.12
2,FGSZY48.42
2,FGXGL69_FDME220052124-1a.41
1,FeceHeNa26.99
2,FTJBH33.132
1,FYNLJ58.67
2,L1EFC230295_FXJWS19_S222_L003.71
2,FZJTZ56.32
1,FHuNHHMY52.84
1,FTJBH51.23
2,FXJWS38.42
2,FBJ65.9
2,FJSWXJ6.42
2,FeceHuBe150119_FDME220052841-1a.3
1,FJNDD14_FDME220051231-1a.59
2,FGXGL34_FDME220052089-1a.61
2,FGXGL74_FDME220052129-1a.111
1,FSHXBX28.48
2,FHuNHHMY67.99
2,FSXTY52.38
2,FSHCM55hun.98
1,FQHXN87.68
1,M1C13.63
2,FGDLZ9_FDME220051911-1a.65
2,FZJHZ8.25
1,FGXGL41_FDME220052096-1a.122
1,FNXYCHL56.82
1,FCQTY092_FDME220051170-1a.36
1,FGDLZ24_FDME220051919-1a.76
1,FSHCM7.38
1,FSDQZ35.108
1,FSXTY8hun.85
1,FSCPS62.79
1,M105F01.112
1,FAHWH05.12
2,FGXGL26_FDME220052081-1a.126
2,FSCCD8hun.3
2,FHNFQ5.56
2,FSDLZ56.107
2,M1DZ04.11
1,FJXSRPY12.103
2,FJSWXJ28.127
1,FJSWXJ42.46
2,FHLJYC39_FDME220052688-1a.27
2,FHBSJZ46_FDME220052237-1a.15
2,FGXGL23_FDME220052078-1a.53
2,FGSYC74.95
2,FSHHK38_FDME220054507-1a.30
2,FGSYC80.102
2,FSDLZ47.128
2,FZJTZ13.42
2,FSDJN62.26
1,FXJKS30.51
2,FNXYCHL44.75
2,FSXTY14.31
2,FCQNA9hun.49
1,FSDQZ22.23
1,FSHCM93.32
2,FJSNT21.40
1,FHHMY63.140
1,FHLJYC29.119
2,FSDLZ44.161
2,FSHCM96.66
1,FXJYN29.18
2,FSHCM4hun.56
2,FAHBZ2.22
2,FSDLZ09.49
1,FSHXBX137.52
1,FTJS006.39
2,FNMHLBE1.106
1,FJXSRPYG19.105
2,FJXSRPY17.58
1,FNXYCHL65.94
2,FFJLY10_FDME220051247-1a.49
2,FHuBWH36.87
2,FSHXWN13hun.57
2,FTJBH25.61
2,FXJKS47.102
2,FSHXBX66.12
2,FSHXHZ21.25
2,FJSNT23.13
2,FZJTZ26.91
2,L1EFC230300_FXJWS27_S226_L003.133
2,FGSYC30.106
2,L1EFC230268_FXJCJ27_S152_L002.21
1,FSCPS10.91
