tree_group,mag
1,FJSWX84.64
1,FHLJZD8.17
1,FAHWH36_FDME220050753-1a.34
2,FSDJN24.55
1,FJNDD1.66
2,FZJTZ1.19
1,FSDJN35.41
2,FJSNT19.59
1,FNXYCHL42.32
1,FSXTY53.7
2,FSHXHZ2.18
2,FGZ7M.93
1,FNMHHHHT13.24
1,FJSNT35.26
1,FCQNA43.63
2,FCQTY106_FDME220051177-1a.41
2,FHNFQ46.33
2,FSCDJY67.142
2,FHBSJZ57_FDME220052248-1a.78
1,FCQTY047_FDME220051132-1a.62
1,FGZ36M_FDME220052036-1a.72
NA,FQHXN22.58
2,BJHD3.19
2,FTJBH59.83
1,FGDLZ77_FDME220051942-1a.50
2,FCQTY030_FDME220051124-1a.61
2,FSXTY21.42
2,FSHHK29_FDME220054498-1a.53
1,FSHXBX134hun.5
1,FQHXN58.46
2,FHBSJZ4.11
1,FNXYCHL30.8
2,FCQTY062_FDME220051142-1a.48
1,FXJWS20.8
2,FCQTY014.50
2,FBJ26.55
1,FSDQZ47.52
2,FXJYN8.32
1,FSHXBX150.98
1,FAHBZ13.51
1,FSHHK4.70
NA,FAHWH07.79
2,FNMHHHHT36.82
2,FGSZY37.66
1,FSHXXA14.2
2,FCQTY009.59
