tree_group,mag
1,FeceHeNa13.26
2,FNMHHHHT17.24
1,FHHMY42.22
2,FSHXXA49hun.72
2,FSXLVLS4.15
1,FNMHLBE6.44
1,M137R01.53
2,FQHXN76.34
1,L1EFC230352_FJXFC43_S310_L004.23
1,FZJTZ9.27
1,L1EFC230344_FJXFC20_S302_L004.129
1,FXJWS18.53
2,FXJKS50.15
1,FTJBH51.80
1,L1EFC230364_FSHXBX42_S322_L004.83
1,FQHXN113.48
1,FHLJYC1.6
2,FeceHuNa15012_FDME220052260-1a.33
1,FBJ41.42
1,FNXYCHL42.88
1,FHLJZD57.44
2,FJSWXJ21.114
1,FGSZY39.16
1,FSHXBX14.2
1,FSXLL17.103
1,JSCZD5.6
2,FYNLJ23hun.58
1,FCQTY060_FDME220051140-1a.21
1,FGXGL59_FDME220052114-1a.42
1,FGSYC25.1
2,FSHXBX78.117
1,FXJYN37hun.43
1,FGD17M_FDME220052001-1a.66
2,L1EFC230376_FSHXBX69_S334_L004.70
1,JSCZD12.48
1,L1EFC230239_FHLJZD23_S84_L001.116
1,FSHCM4hun.96
1,L1EFC230389_FSHXXA21_S347_L004.99
1,FSXLVWS6.27
1,FSDJN44.39
1,FSDLZ11.39
1,L1EFC230377_FSHXBX72_S335_L004.71
1,FJXSRPYG20.2
2,FSHXBX23.80
1,FHuBWH23hun.114
2,FXJKS37.134
1,FAHBZ50.46
2,FGXGL43_FDME220052098-1a.93
2,M115R01.24
1,FQHXN85.118
1,FHuNHHMY37.83
1,FHuNHHMY52.5
1,L1EFC230282_FXJCJ51_S165_L002.7
1,FSHHK48_FDME220054515-1a.66
1,FHLJYC24hun.93
1,FJXSRPYG3.66
1,FHBSJZ56_FDME220052247-1a.62
2,FAHBZ29_FDME220050709-1a.58
1,FAHBZ38.57
1,FGDLZ72_FDME220051953-1a.20
1,FXJCJ21.115
1,FeceHeNa27.75
1,FSHCM85.29
1,FSHHK31hun.14
1,FHLJYC9.16
1,FTJBH27.19
2,FHBSJZ11.40
1,FZJTZ57.39
1,FJSWXJ16.59
2,FAHBZ36.18
1,FGSYC14.67
1,FGDLZ24_FDME220051919-1a.33
2,FAHBZ43.142
1,FAHBZ34.27
1,FSDQZ23.115
1,FSXLVWS7hun.112
2,FeceHeNa11.78
2,FHBSJZ25.2
2,FXJSW3.6
2,FeceHuNa150137.18
1,FGSZY52.56
2,FSHXWN17.36
1,FAHBZ17.32
1,FSCDJY49.87
1,FYNDL23hun.75
2,FJLHD6.11
1,FHuNHHMY20.77
1,FSDQZ3.16
1,FGXGL108.55
1,FXJWS6hun.5
1,FHLJZD13.61
1,FGSZY13.12
1,FXJSW40.91
2,FAHBZ22_FDME220050702-1a.75
2,FXJCJ43.7
1,FGXGL71_FDME220052126-1a.23
1,L1EFC230343_FJXFC19_S301_L004.4
1,SDHZD1.5
1,L1EFC230341_FJXFC14_S267_L003.101
1,FNXYCHL45.11
2,FSHXBX137.124
2,FBJ19.2
1,FXJKS22.149
1,FZJTZ43.47
1,FNMHLBE28.65
2,M1DZ01.73
2,FSHXBX27.110
1,FQHXN45.129
1,FJLHD18.14
1,FSHXWN20.15
1,M129R01.28
1,FXJYN2.6
1,FHNXY48.122
1,FSCPS4.129
1,FJXSRPYG31.53
2,FAHBZ45_FDME220050722-1a.48
2,L1EFC230371_FSHXBX56_S329_L004.79
1,FHNXY29.30
1,FeceHuNa150142_FDME220052285-1a.121
2,FSHXBX140.50
1,FJSNT11.73
1,FAHBZ5_FDME220050687-1a.96
1,FSDLZ31.130
1,FSHXXA45.84
1,FGDLZ28.32
1,FJXSRPY40.22
1,FGSZY56.18
1,FeceHuBe150123_FDME220052844-1a.111
1,FHLJZD41.96
1,FSHXBX134hun.11
2,FXJSW24.84
2,FSHXWN6.83
1,FXJKS11.137
2,M122R01.118
2,FYNLJ53.61
2,FHNXY57.117
1,FGDLZ63_FDME220051944-1a.88
1,L1EFC230267_FXJCJ26_S151_L002.114
2,M119R01.105
1,M1C10.9
1,L1EFC230339_FJXFC12_S265_L003.73
2,FSHXWN24.47
2,FHuNHHMY2hun.84
1,FHuNHHMY3.81
1,FNMHHHHT13.47
2,FSHXWN16hun_FDME22H000406-1a.96
1,FSDLZ18.11
1,FSDLZ26.91
2,FSXTY17.76
1,FNMHLBE15.125
2,FQHXN77hun.51
1,FJXSRPY29.8
2,FXJKS38.83
1,FHLJYC30.20
2,FSDLZ56.93
1,FSCPS24.22
1,FHNFQ3.83
1,FJXSRPY44.51
2,FCQTY157_FDME220051193-1a.31
2,FXJKS36.115
1,FHLJDQ12.99
2,FGSZY37.4
2,FTJS006.32
1,FAHBZ40_FDME220050717-1a.31
1,L1EFC230372_FSHXBX62_S330_L004.20
2,FXJSW14.95
1,FNXYCHL73.70
1,FGDLZ58.40
1,FSHXXA14.23
2,FYNLJ19hun.71
1,FNXYCHL5.45
1,FGDLZ51.49
1,FHLJZD53.62
1,FSCCD22.7
1,FHNXY53.77
1,FHHMY79.79
1,FGDLZ6.32
1,FQHXN102.140
2,FCQNA9hun.149
1,FSHCM95.9
1,FJNDD19_FDME220051236-1a.54
1,FCQTY007.23
1,FZJTZ58.70
2,FHNXY60.107
1,FSXLL14.77
1,FHBSJZ22.54
2,FSHCM83.24
2,FHNXY42.8
2,FNXYCHL87.102
1,FeceHuBe150117_FDME220052839-1a.66
2,FXJKS16.7
1,FGSYC78.39
1,L1EFC230327_FTJS0023_S253_L003.13
1,FSXTY51hun.9
2,FTJBH74.112
1,FSHHK36_FDME220054505-1a.66
1,FZJTZ55.81
2,FJSWXJ19.67
1,FSCDJY31.135
1,FHLJZD52.22
1,FXJYN39.85
2,FXJYN3.77
1,FHLJZD43.83
1,FZJTZ12.96
1,FNXYCHL53.86
2,FQHXN78.37
1,FCQNA2.78
1,FSHCM100.100
1,FSHXBX22.59
1,FYNLJ68.12
1,FQHXN83.41
1,FGXGL109.43
2,FXJKS40.102
2,FXJSW22.141
1,FSHCM9_FDME220054526-1a.108
1,FHuNHHMY77.98
2,M1C13.47
2,FSHXBX170hun.36
2,FGSYC22.14
1,L1EFC230382_FSHXXA06_S340_L004.125
1,FNXYCHL50.104
1,FZJTZ70.51
1,FJSWXJ30.84
2,M2CF05.90
2,FTJBH55.80
1,FNXYCHL66.72
1,FNXYCHL37.8
1,FXJWS4.122
2,L1EFC230395_FSHXXA48_S38_L003.125
1,FHBSJZ60_FDME220052251-1a.39
2,FJND9_FDME220051201-1a.32
1,FeceGuXi150113.71
2,M1C9.156
1,FJSWX79.1
1,FGSZY22.109
1,FSXTY24.78
1,FSHXBX171.74
1,FSXTY15.76
1,FHLJZD32.25
1,FSDJN45.11
2,FGDLZ17_FDME220051916-1a.118
2,FSHXBX89.19
1,L1EFC230301_FXJWS28_S227_L003.41
1,FHuNHHMY30.60
2,FJSNT24.107
1,FGDLZ85.95
2,FSCDJY79.43
2,FSCDJY50.13
1,FeceGuXi15013.68
1,FNMHHHHT36.107
1,FHNFQ40.129
1,FHNFQ41.44
1,FNMHLBE12.42
1,FGDLZ78_FDME220051943-1a.81
2,L1EFC230319_FTJS0003_S245_L003.112
1,FGSZY35.10
1,FSXTY5hun.38
1,FGXGL15_FDME220052070-1a.58
1,M2CF12.25
1,FJSWXJ1.12
2,M1C3.56
1,FGDLZ39.6
1,FGSYC18.14
1,FeceHuBe15015_FDME220052833-1a.51
1,FeceHeNa33.59
1,FCQTY159_FDME220051194-1a.13
2,FHBSJZ19.45
2,L1EFC230300_FXJWS27_S226_L003.19
1,FSXLL13.46
1,FSHCM47.85
1,FSXTY34.21
1,FQHXN84.81
1,FZJTZ67.13
1,FCQTY006.26
1,FHLJYC4hun.26
1,FYNLJ45.33
1,FBJ69.52
2,FYNLJ71.19
1,FSHXBX28.109
1,FAHBZ12.29
2,FXJYN24.27
2,FXJYN7.8
1,FSXTY14.102
1,FTJBH19.25
2,FHuNHHMY39.18
1,FHNFQ7.45
1,FSDQZ19.134
1,FNXYCHL2.5
1,FHLJYC2.95
2,FQHXN36.7
1,FSHXBX128.36
1,FSCDJY64.70
1,FJNDD15.84
2,FHuNHHMY55.62
1,FGSYC62.88
1,FCQHC16.82
1,FJXSRPY23.22
1,FSHXHZ5.77
1,FSDQZ29.176
1,SDHZ24.106
1,FQHXN108.83
2,FGSYC12.10
1,FQHXN63hun.27
1,FGDLZ33_FDME220051920-1a.71
1,FHHMY84.53
1,FSCDJY69.140
1,FHuNHHMY49.8
2,FHBSJZ16.14
2,FJSWX77.19
1,FHNFQ13.29
2,FBJ61.24
2,FSDJN46.24
1,FSDLZ24.47
1,FHuNHHMY1.16
2,FeceHuBe150111.27
1,SDHZD10.3
1,FSHCM63.7
2,FCQTY097_FDME220051172-1a.86
2,FHNFQ29.60
1,FSHXBX111.17
1,FGDLZ84_FDME220051962-1a.22
2,FXJYN40.84
1,FNMHLBE9hun.79
1,FSCPS92.51
1,M1C2.35
2,FYNLJ37.73
2,M1C6.67
2,FXJSW36.22
2,FNMHLBE26.24
1,FSXLL18.65
1,FGSZY34.22
1,FAHWH06.22
1,FHNXY58.81
1,FGDLZ29.53
1,FSDLZ02.66
1,FGXGL44_FDME220052099-1a.87
1,FCQTY063_FDME220051143-1a.94
1,FJSWXJ20.76
1,FHNXY63.69
1,FXJYN19.11
1,FSHXHZ18.6
1,FNXYCHL44.34
2,FSXLVLS12.15
2,FCQTY147_FDME220051186-1a.9
1,FSHXXA25.36
1,FSXTY43.55
1,FTJBH78.75
1,L1EFC230310_FXJWS40_S236_L003.59
1,FSXTY29hun.59
1,FHNFQ23.96
1,FSDLZ42.35
1,FSDLZ55.47
2,FNMHLBE19.2
1,FGDLZ56_FDME220051936-1a.58
1,FNMHLBE23.28
1,FXJWS22.20
1,FSHXWN32.4
1,FCQTY106_FDME220051177-1a.43
1,FGSZY36.29
2,FQHXN62hun.30
2,FJSWX76.16
1,FeceHuBe150121_FDME220052842-1a.130
1,FZJTZ60.29
2,FXJYN34.98
1,FYNLJ34.12
2,FGSZY40.22
1,FGSYC90.81
1,FHNFQ62hun.18
1,FSXLL7.35
1,FHNFQ2.40
1,FTJS019.82
1,FHuNHHMY43.109
1,FGDLZ16.32
1,FSCPS37.11
2,FHuBWH39.38
1,FGSYC82.71
1,FSDQZ43.119
1,FGDLZ35.91
1,L1EFC230334_FJXFC03_S260_L003.47
1,FSCPS68.109
2,FXJKS25.41
2,FSHHK41_FDME220054510-1a.23
2,FNMHLBE14.12
1,FHuNHHMY70.22
1,FCQTY165_FDME220051196-1a.25
2,FJSWX105.37
1,FTJBH33.18
1,FSXTY32.71
2,FXJKS24.81
1,FGDLZ4_FDME220051908-1a.86
2,FHLJYC36_FDME220052685-1a.33
2,FXJKS51.152
1,FCQTY108_FDME220051178-1a.2
1,L1EFC230359_FSHXBX16_S317_L004.43
2,FSHCM15_FDME220054532-1a.8
1,FJLHD25.6
2,FQHXN93.137
1,FHBSJZ42_FDME220052233-1a.37
1,FQHXN72hun.115
2,FQHXN79.54
1,FSHXBX70.127
1,FSDJN60.27
2,FGSYC21.5
1,FSDQZ18.96
1,FQHXN22.44
1,FGZ35M_FDME220052035-1a.10
1,FeceHuBe150122_FDME220052843-1a.92
1,FTJBH71.81
1,FXJWS48.61
1,FGSYC68.51
1,FCQTY030_FDME220051124-1a.28
1,FXJCJ65.49
1,FGDLZ34.16
1,FSCDJY48.67
1,FJXSRPY46.73
1,FHLJYC23.106
1,FSHXWN36.24
1,FNXYCHL70.4
1,FJLHD29.36
2,FXJSW19.71
2,FCQTY154_FDME220051190-1a.6
1,L1EFC230234_FHLJZD07_S79_L001.37
1,FTJBH28.10
1,FGSZY12.21
2,FeceHuNa15017.147
1,FNXYCHL71.147
2,FQHXN43.31
1,FHuNHHMY69.19
1,L1EFC230286_FXJCJ60_S169_L002.9
2,FeceHuNa150134_FDME220052277-1a.8
1,L1EFC230305_FXJWS34_S231_L003.8
1,L1EFC230322_FTJS0008_S248_L003.47
2,FGSYC16.78
1,FGXGL77_FDME220052132-1a.39
1,FNXYCHL30.36
1,FNXYCHL92.38
1,FHNFQ31.78
1,FYNLJ20hun.70
1,L1EFC230243_FHLJZD33_S86_L001.71
1,FSCCD4.121
1,FBJ44.120
1,FJSWX83.37
1,FNXYCHL39.7
1,FSDQZ46.59
1,FSCPS25.10
2,FSDQZ4.11
2,FHBSJZ7.49
2,L1EFC230328_FTJS0025_S254_L003.61
1,FGSYC44.59
1,FNXYCHL58.99
2,FGSYC45.91
1,FXJWS16.65
2,FXJSW47.4
1,FSCPS73.67
2,FXJKS8.100
1,FSXTY28.8
1,FHNXY21.89
1,FCQTY078_FDME220051153-1a.3
2,FSHXWN30.24
1,FeceGuXi150115.66
1,FZJHZD21.8
1,FCQTY084_FDME220051155-1a.28
1,FHNXY62.64
1,FNXYCHL6.70
2,FCQTY102_FDME220051174-1a.28
1,FHLJZD51.102
1,FeceHuBe150133_FDME220052849-1a.86
1,FNXYCHL47.147
1,FJNDD14_FDME220051231-1a.15
1,FTJBH48.106
1,FeceHuBe150125_FDME220052846-1a.28
1,FJSWX85.37
1,FJSWX87.41
1,FGXGL105.47
2,FJSWX82.79
2,FAHBZ20_FDME220050700-1a.68
1,FSHXBX9.57
1,FJSWXJ24hun.54
1,L1EFC230246_FHLJZD42_S89_L001.79
1,FSHXHZ3.19
1,FHuNHHMY24.35
1,FHNFQ46.25
2,M1C5.82
2,FXJSW20.38
2,FXJYN9.57
2,L1EFC230330_FTJS0027_S256_L003.78
2,FFJLY5_FDME220051242-1a.71
1,FAHBZ13.78
1,FQHXN7.21
1,FSDLZ21.28
1,FQHXN14.92
1,FHNXY7.171
2,FeceHuNa150117_FDME220052266-1a.8
1,FSCDJY33.57
1,FSHCM56.27
1,FSHXBX66.74
1,FSDQZ2.64
1,FGSYC33.28
1,FJLHD1.2
1,FZJHZD8.66
1,FZJJHD1.45
1,FHNXY45hun.33
1,FQHXN87.31
2,FHLJDQ7.23
1,FJXSRPYG32.56
1,FXJKS47.57
2,FSHXWN13hun.93
1,FXJSW16.65
2,FBJ30.85
1,FSXTY31.17
1,FNXYCHL93.103
1,FHNFQ56.19
1,FSHXWN2.8
1,FGXGL106.8
2,FXJKS46.82
1,FSDLZ05.80
2,FSDQZ31.50
1,FSCPS62.107
1,FJXSRPY22.42
1,FJXSRPY37.12
2,FXJKS20.12
2,FGSYC19.61
1,FSCPS11.181
2,FQHXN103.45
1,FHuBWH24.83
1,FHNXY49.102
1,FSDQZ39.146
1,FNXYCHL95.12
2,FHLJYC38_FDME220052687-1a.153
1,FNXYCHL21.5
1,L1EFC230245_FHLJZD36_S88_L001.67
2,FHuBWH12.24
1,FZJHZD15.15
1,FHLJYC33_FDME220052682-1a.39
2,FJLHD19.63
1,FHNXY17.52
1,FGSZY33.80
2,FGSYC13.34
1,L1EFC230360_FSHXBX24_S318_L004.27
2,FSCCD1hun.84
1,FJSNT23.106
1,FGSZY23.103
1,FSDLZ51.57
1,FSXTY59.26
1,FGSYC51.11
1,FZJTZ23.49
2,FHNFQ58.3
2,FXJKS3.28
1,FGDLZ82_FDME220051960-1a.96
1,FSXLVWS2hun.6
1,FHNXY24.80
1,FSDLZ58.107
2,FXJKS34.6
1,FGDLZ69_FDME220051950-1a.65
1,FZJTZ41.55
1,FSXTY52.2
1,FGSYC20.78
2,FSHCM71hun.2
2,FGSYC73.17
1,FQHXN58.90
1,FJXSRPY43.9
1,FSHHK11_FDME220054483-1a.87
1,FGXGL88.87
2,FXJKS27.107
1,FNXYCHL16.57
1,FGZ38M_FDME220052048-1a.43
1,FGXGL33_FDME220052088-1a.52
2,FXJYN41.3
1,FSDQZ26.106
1,FHNFQ63.97
1,FHLJYC26.24
1,FSHXBX33.46
1,FSXTY12hun.92
2,FSHXBX176.30
1,FGDLZ10_FDME220051912-1a.77
1,FSXTY26.1
1,L1EFC230306_FXJWS35_S232_L003.34
1,FSHXBX108.11
2,FYNLJ27.39
1,FSCPS8.117
2,FQHXN73.54
1,FSXTY27.1
1,FSHXHZ20.39
1,FSDLZ12.1
1,FJSWXJ7.105
1,FGDLZ47_FDME220051927-1a.69
2,FQHXN99.89
1,FGDLZ66_FDME220051947-1a.93
1,FCQNA17.11
1,FNMHHHHT30.62
1,FHNFQ35.76
2,FQHXN52hun.71
1,FHuNHHMY40.10
1,FZJTZ35.34
1,FSDJN6.119
1,FSXTY25.14
1,FSHHK45.10
1,FSCPS41.2
1,FSHXHZ25.11
1,FSHHK5hun.62
2,FSCDJY78.57
1,FHNFQ15.63
1,FNXYCHL90.7
1,FGZ1M.6
2,FQHXN33.119
1,FSHXWN12.60
1,FGSYC60.5
1,FeceHeNa5.108
1,FGDLZ21.58
1,L1EFC230248_FHLJZD47_S91_L001.126
1,FZJTZ30.120
2,FSHXBX144.79
1,FGXGL60_FDME220052115-1a.69
2,FSHXBX25.11
1,FJXSRPY12.55
1,FHLJDQ10.4
1,FSXTY7hun.58
1,FJSWXJ22.35
2,FQHXN59.46
1,FCQTY022_FDME220051119-1a.85
2,FXJKS4.15
1,FGDLZ64_FDME220051945-1a.8
1,FHNXY30.9
2,FeceHuNa150126.24
2,FXJYN11.47
2,FJSWX97.3
1,FBJ58.70
1,FTJBH61.108
1,FGDLZ62.56
1,FSCPS12.31
1,FHuNHHMY51.50
1,FHNFQ16.34
1,FBJ42.18
1,FGSZY27.99
2,L1EFC230258_FXJCJ14_S143_L002.23
1,FSHXWN22.79
1,FeceHuBe15013_FDME220052831-1a.35
1,FeceHeNa17.94
1,FGDLZ42.43
2,FSHXBX71.118
1,FSXTY40.64
1,FNXYCHL3hun.64
1,FSDJN43.25
1,FJLHD44.162
2,FGSZY14.115
1,FTJBH64.51
2,FXJSW6.9
1,FZJTZ56.101
1,FSDJN32.21
1,FSHCM62.73
1,FJSWX107.48
2,FHBSJZ4.104
1,FJLHD33.10
1,FXJCJ47.19
2,FAHBZ23_FDME220050703-1a.23
1,FHNXY14.74
1,FSHXBX155.56
2,FSHXBX26.35
1,FGZ28M_FDME220052025-1a.24
1,FSHXHZ24.18
1,FeceHuBe150119_FDME220052841-1a.97
1,FJXSRPY53.109
1,FSHXBX161.2
1,FNMHLBE1.9
2,FNMHLBE22.88
1,FHNXY9.9
1,FGSYC75.40
2,FXJYN35hun.122
1,FGSYC30.5
1,FCQTY070_FDME220051147-1a.92
1,FGXGL41_FDME220052096-1a.68
1,FZJTZ15.42
1,FGSZY24.13
1,FGDLZ8_FDME220051910-1a.89
1,FGXGL26_FDME220052081-1a.103
1,FGSZY26.24
1,FCQTY149_FDME220051188-1a.52
1,FYNLJ21hun.70
1,FNMHLBE8.92
2,FNMHLBE11hun.3
1,FNXYCHL61.59
1,FeceGuXi15019.18
1,FSXTY23.47
1,FHNFQ22.2
1,FSHHK46_FDME220054513-1a.84
1,FXJSW32hun.55
1,FeceHeNa2.78
1,FGZ3M_FDME220051970-1a.110
1,FHLJZD2.139
2,FGSZY7.52
1,FGXGL10_FDME220052065-1a.19
1,FGSZY29.11
1,FXJCJ29.40
1,FAHWH10.37
1,FSHHK28_FDME220054497-1a.34
2,FeceHeNa19.55
2,FJXSRPYG9.5
1,FeceHuBe150136_FDME220052850-1a.40
1,FGDLZ70.69
1,M1DZ11.15
1,FGDLZ76_FDME220051956-1a.153
1,FZJHZD6.95
1,FAHBZ27_FDME220050707-1a.45
1,FHNXY8.29
1,FNXYCHL60.66
1,FHLJYC37_FDME220052686-1a.29
1,FAHBZ52_FDME220050729-1a.17
1,FAHBZ15.16
1,FJSNT33.43
2,FQHXN49.8
1,FSXLVWS9.128
1,FHBSJZ24.5
1,FZJTZ18.10
2,FGXGL81_FDME220052136-1a.145
1,FJLHD3.102
2,FGSYC86.108
1,FGSZY30.93
1,FGSZY42.70
1,FeceHuNa150118_FDME220052267-1a.60
1,FJLHD52.9
1,L1EFC230237_FHLJZD20_S82_L001.6
1,FSHXBX20.108
2,L1EFC230349_FJXFC31_S307_L004.17
2,M2CF17.7
1,FSHXBX98.148
1,FJSWXJ29.53
1,FGXGL76_FDME220052131-1a.69
1,FeceHuBe150120.74
1,FXJYN5.64
1,FGSZY9.18
1,FSCPS56.25
1,FGZ9M_FDME220051984-1a.13
2,FNMHLBE33.30
1,FeceHeNa20.119
2,FXJKS35.38
1,FSHCM96.17
1,FHLJYC15.36
1,FSDQZ15.123
2,FQHXN112hun.51
1,FSHXBX147.4
1,FBJ21.84
1,L1EFC230369_FSHXBX54_S327_L004.10
1,FSDJN1.70
1,FSXTY8hun.2
2,FQHXN51hun.85
1,FSDLZ08.90
2,FQHXN97.12
2,FHLJDQ11.3
1,FXJCJ31.17
1,FGZ12M_FDME220051990-1a.88
1,FHuBWH36.97
1,FSHCM7.22
2,FXJKS17.12
2,FHNFQ19.65
1,FJXSRPYG28.61
1,FSCPS3.109
2,FQHXN106.141
1,FSXTY3.62
2,FSDLZ30.126
1,FJLHD23.2
1,FSCPS94.65
1,FZJHZD18hun.75
1,FHuNHHMY67.19
1,FSDLZ28.2
1,FHNFQ20.28
1,FJXSRPY17.21
1,M202F01.102
1,FZJHZD7hun.17
1,FSHXBX88.5
1,FXJSW5hun.14
1,L1EFC230255_FXJCJ07_S140_L002.22
1,FYNLJ56.22
2,FSDQZ40.73
2,L1EFC230381_FSHXXA05_S339_L004.90
1,FNMHLBE7.24
1,FSHXBX74.11
1,FeceHeNa4.65
2,FYNLJ22hun.142
1,FZJTZ69.24
1,FHBSJZ44_FDME220052235-1a.28
1,FSXTY39.47
1,FHLJZD31.24
2,FAHBZ1_FDME220050683-1a.19
1,FSHXBX106.18
1,FHLJZD58.36
1,FSCPS61.101
1,FBJ65.137
1,FSXLVLS10.5
1,FJSWX99.18
2,FSHXBX123hun.6
2,FTJBH41.55
1,FHLJYC42_FDME220052691-1a.119
1,L1EFC230335_FJXFC05_S261_L003.49
2,FSHXBX57.137
1,FSDLZ27.73
