tree_group,mag
1,L1EFC230285_FXJCJ59_S168_L002.39
2,FZJTZ67.65
1,FSHXBX120.28
2,FJND15_FDME220051207-1a.15
1,FAHBZ49_FDME220050727-1a.34
2,FSHCM61hun.48
1,FSHXBX43.70
2,FJXSRPY47.28
2,FSHHK16_FDME220054486-1a.126
2,FAHBZ12.52
1,FQHXN73.59
2,L1EFC230327_FTJS0023_S253_L003.98
2,FGSYC27.79
1,FSHXBX156.62
2,FeceGuXi150117.2
2,FGDLZ1.1
NA,FXJKS28.69
2,FJSWXJ8.74
1,FGSYC22.5
2,FSCPS5.16
1,FXJSW18.63
NA,FXJYN2.55
1,FXJSW17.16
1,FSHXBX38.1
1,FAHBZ5_FDME220050687-1a.22
2,FSHXBX166.141
1,FSHXBX140.21
1,FHBSJZ46_FDME220052237-1a.1
1,FQHXN76.14
2,FGSYC23.22
NA,FGSYC17.20
NA,FGDLZ48.23
2,FSHXBX136hun.74
1,L1EFC230300_FXJWS27_S226_L003.69
2,FYNLJ50.80
2,FSXTY47.57
1,FZJTZ52.27
1,M1C7.119
NA,FAHWH07.102
1,FHLJZD28.79
1,FHNFQ21.73
2,TJWQ2.68
2,FHNXY57.1
2,FSDJN51.13
2,FeceGuXi15013.4
1,FSDQZ33.65
1,FAHBZ50.3
1,FXJKS46.63
NA,FXJSW50.54
2,FSHXBX76.57
2,FSHXBX61.30
2,L1EFC230291_FXJWS11_S174_L002.79
NA,FJSWXJ6.24
1,FSDQZ32.90
2,FHuNHHMY40.80
2,FXJSW15.137
2,FSDQZ22.27
1,FSHXXA47hun.45
2,FJSNT43.16
NA,JSZJ4.6
2,FNXYCHL72.99
1,FNXYCHL27.68
2,FHNXY58.111
2,FCQNA7.27
1,FQHXN112hun.67
2,FSHCM11hun.47
1,FHNXY41.41
2,FZJTZ43.53
2,FeceHuBe150133_FDME220052849-1a.55
2,FNXYCHL56.100
2,FeceHuNa15016.25
2,FJSWXJ42.142
2,FJSNT55.89
2,FSCDJY92.48
2,FGXGL28_FDME220052083-1a.4
2,FSDLZ24.69
1,FHNXY63.26
2,FSCPS3.42
2,FZJTZ49.17
1,FHBSJZ47_FDME220052238-1a.36
1,SDHZ2.34
1,FXJSW3.132
2,FSHCM14_FDME220054531-1a.121
2,FHBSJZ57_FDME220052248-1a.103
2,FHLJYC7.34
2,FSHHK11_FDME220054483-1a.71
2,FJXSRPY26.34
2,FSHHK7_FDME220054481-1a.65
2,FSCDJY63.39
1,FGSYC42.14
2,FAHWH39_FDME220050756-1a.83
2,FZJTZ7.3
2,FYNLJ22hun.118
2,FeceHeNa8.65
2,FAHWH38_FDME220050755-1a.39
2,SDHZD11.85
2,FXJWS48.72
2,FYNLJ4.40
1,FZJJH13.5
1,M1DZ08.70
2,L1EFC230245_FHLJZD36_S88_L001.74
1,FSHHK23hun.42
2,FSXTY35.46
1,L1EFC230366_FSHXBX48_S324_L004.81
1,FSHXBX116.7
2,L1EFC230318_FTJS0001_S244_L003.26
2,FSHHK5hun.40
2,FSCDYJ7.3
1,FAHBZ1_FDME220050683-1a.9
2,FSCPS94.41
2,FHNXY60.68
1,FHBSJZ59_FDME220052250-1a.17
1,SDHZ24.80
2,FXJWS10.78
2,FSDLZ01.5
2,FSHXBX147.73
2,FZJTZ18.58
2,FQHXN7.10
2,FGDLZ2.70
1,FXJKS8.113
1,FQHXN55.13
1,FSHXBX155.228
2,SDHZ8.53
1,FSHXBX70.50
2,FSCPS25.103
2,FCQHC8.88
2,FSHXBX129.29
2,FGDLZ36.106
2,M2CF21.92
1,FXJSW46.83
1,FSHXBX74.86
2,FJSNT64.67
2,FSHXBX146.50
