tree_group,mag
1,FHNXY42.14
1,NMGHHHT4.8
1,FZJTZ52.17
1,JXNC2.15
1,FHNFQ51.7
1,JSZJ5.3
2,FCQNA24.39
2,SHXXA4hun.32
1,FYNDL26hun.1
1,FSHXBX148.81
1,FGXGL37_FDME220052092-1a.17
1,JSZJ1.36
1,NMGEL2hun.26
2,FQHXN86.43
1,SDHZ26.13
1,FYNDL14.4
1,FAHBZ41_FDME220050718-1a.16
1,FHNFQ31.79
1,NMGWLCB1hun.33
2,CS9.1
1,FSXTY47.14
1,HeNJZ7hun.13
1,BJHD1.18
1,FSHXBX164.87
2,FXJYN12.4
1,FZJHZ25.36
1,FGZ30I2_FDME220052040-1a.25
1,FGD9I2_FDME220051986-1a.18
1,FHNXY61hun.15
1,FQHXN96.100
2,FHBSJZ50_FDME220052241-1a.21
1,FeceGuXi15016.48
1,FNMHLBE17.24
1,BJSJS1.38
1,FHNFQ21.87
1,FGZ30I1_FDME220052029-1a.12
1,FHNFQ20.73
2,FZJHZ7.9
1,FJLHD47.12
1,FXJYN20.33
2,NMGEL3hun.14
1,FGSYC2.12
1,FQHXN7.30
1,FYNDL27hun.21
2,NMGEL1hun.32
1,FJND20.10
1,FHNFQ18.64
1,FSCPS19.8
1,HNZZ15_FDME220052293-1a.2
1,FYNDL6.56
2,L1EFC230385_FSHXXA13_S343_L004.78
1,FGSYC35.12
1,FSCPS33.5
1,SDHZ5.27
1,FeceHuBe150132_FDME220052848-1a.69
1,FYNDL17hun.5
1,FSDLZ30.124
1,HuNCS1.11
1,FNMHLBE35.112
1,FYNDL18hun.72
1,FAHWH19.6
1,M1DZ08.54
1,SDHZ23.17
1,FeceHuNa150117_FDME220052266-1a.86
1,SDHZD16.115
1,FSDQZ16.63
1,FYNDL15.7
1,FGZ7I2_FDME220051982-1a.7
1,HuNCS6.32
1,FSHXXA11.15
1,FAHWH01.62
1,FZJHZ3.15
1,FAHBZ61_FDME220050736-1a.10
2,HeNXX1.24
1,FSHHK8.6
1,L1EFC230372_FSHXBX62_S330_L004.39
1,BJHD5.2
1,FNMHLBE12.138
1,SDHZ14.7
2,SDWF2.18
1,FGZ14I1_FDME220051993-1a.8
1,FSHXBX163.82
1,FBJ30.16
1,FJXM1_FDME220051158-1a.2
1,SDHZ24.97
1,HeNJZ6.8
2,FXJCJ11.18
1,FQHXN89.47
1,FGXGL5_FDME220052060-1a.27
1,FXJSW19.24
1,FSDQZ37.21
2,FQHXN110.3
1,FQHXN12.16
1,FSHCM57.45
1,FQHXN9.17
1,BJHD4.14
1,FQHXN21.7
1,FSDLZ31.111
1,FSDQZ8.73
1,LNSY6.11
1,FSCCD9.74
