tree_group,mag
1,FFJLY47.47
2,FSHXXA44hun.27
1,FHNXY62.23
1,FGXGL93.5
1,FCQTY059_FDME220051139-1a.54
1,FSHCM97.108
2,FBJ65.19
1,FHuBWH32.36
2,FSHHK41_FDME220054510-1a.44
1,FBJ55.31
1,FGDLZ55_FDME220051935-1a.111
1,FHuNHHMY67.77
1,FGZ9M_FDME220051984-1a.95
1,FGDLZ53.42
2,FCQNA14.74
NA,FFJLY34_FDME220051263-1a.43
1,FSCCD7hun.86
1,FCQJJ2.63
1,FFJLY9_FDME220051246-1a.24
1,FQHXN15.28
2,FXJWS29.40
2,FJSWX99.14
1,FFJLY15_FDME220051249-1a.51
2,FSHCM15_FDME220054532-1a.60
1,FHuBWH39.33
2,FSXTY49.84
2,FJSNT61.23
2,FFJLY37_FDME220051266-1a.77
1,FSHHK49_FDME220054516-1a.14
1,FAHWH33.31
1,L1EFC230318_FTJS0001_S244_L003.27
2,FCQTY039_FDME220051129-2a.27
NA,FSDLZ20.30
2,FTJBH64.1
