tree_group,mag
1,FGSZY13.131
1,FNMHHHHT19.22
2,FHLJZD49.89
2,FCQTY144_FDME220051184-1a.83
1,FXJYN8.44
1,FXJYN5.103
2,FSXLVLS2.102
2,FJSNT72.55
1,FJLHD30.106
2,FAHBZ44_FDME220050721-1a.16
1,FJXSRPY43.8
1,FSXTY30.58
2,M122R01.139
1,FGDLZ27.32
2,FBJ69.92
1,FHBSJZ11.78
2,FSXLVLS13.3
1,FHLJYC30.5
1,FSCPS36.109
1,FXJSW8.23
1,FNMHHHHT41.94
1,FGZ6M_FDME220051977-1a.58
1,FAHWH07.110
2,FXJSW32hun.135
1,FJSNT38.56
2,FSHXBX25.57
2,M106R01.26
1,FHNFQ39.46
2,FJSNT24.47
1,FHNXY19.82
1,FJNDD17_FDME220051234-1a.8
1,FZJJH12.88
2,FSHHK23hun.48
1,L1EFC230233_FHLJZD05_S78_L001.27
1,FSHXBX134hun.38
1,FGSZY24.69
2,FXJWS18.67
1,FZJTZ21.47
2,FSHXBX80.42
2,M214F02.96
1,FGXGL39_FDME220052094-1a.86
1,FSDLZ48.114
2,FJSWXJ21.120
2,FNXYCHL46.58
2,FHLJZD57.9
1,FHNXY16.11
1,FSHHK16_FDME220054486-1a.59
1,FeceHeNa11.21
2,FHNXY1.17
1,FBJ57.42
2,SDHZD17.49
2,FSHXBX43.19
1,FSCDJY48.26
1,FAHWH05.41
2,FZJTZ13.65
1,FXJYN39.98
1,FSHCM94hun.31
1,FQHXN11.7
2,FSDQZ39.26
2,FGDLZ58.49
2,FHuBWH37.28
2,FeceHeNa7.47
2,FSCPS31.102
1,FAHBZ10_FDME220050692-1a.32
2,FSDLZ53.59
1,FSHCM62.137
1,FSDJN26.97
1,FAHBZ59_FDME220050734-1a.16
2,FSDQZ6.122
1,FZJTZ11.116
1,FSCPS94.43
2,FSDLZ24.14
2,FNXYCHL50.50
2,M123F01.58
2,FSDLZ57.81
2,FSCPS45.62
1,FeceHuNa150112_FDME220052263-1a.17
2,FeceHuNa150123_FDME220052271-1a.3
2,FSDLZ30.110
1,FXJKS5.44
2,FCQTY022_FDME220051119-1a.14
2,M2CF17.9
1,FJXSRPY44.35
2,FSDQZ48.36
2,FNMHHHHT33.5
2,FHuNHHMY74.46
2,FYNLJ52.170
2,FSDJN32.43
2,FGXGL11_FDME220052066-1a.93
2,FGSYC46.33
1,FAHBZ41_FDME220050718-1a.25
2,FGSZY39.63
1,FSDJN17.5
2,FHLJZD45.90
1,FJXSRPY27.26
1,FGZ11M_FDME220051989-1a.21
2,FSXLVLS12.46
1,FSHXBX128.70
1,FHNXY63.63
2,FJSWXJ13.15
2,FGSZY26.6
2,FGZ38M_FDME220052048-1a.32
1,FJXSRPY54.11
1,FSDLZ28.75
2,FSDLZ56.48
2,FNXYCHL44.81
2,FBJ63.113
2,FNMHHHHT27.92
1,FHBSJZ10.33
2,FXJSW48.132
2,FSXLVWS1hun.20
1,FHBSJZ42_FDME220052233-1a.40
2,FGSZY46.102
2,FFJLY72_FDME220051238-1a.1
1,FAHBZ57_FDME220050732-1a.120
2,FSXLVWS7hun.30
2,FGXGL61_FDME220052116-1a.71
2,FeceHuNa15017.56
1,FeceGuXi150116.2
2,FSHXBX153.87
1,FSXTY22.90
1,FNMHHHHT42.3
1,FHLJYC29.60
1,FGSZY15.16
1,FQHXN62hun.42
1,FSHCM3.37
2,FSXLL11.16
1,FXJYN25.43
1,FJSWXJ37.56
1,FHNXY36.25
2,FGSZY21.60
2,FZJTZ53.115
2,FNXYCHL93.94
1,FHuBWH36.67
1,FHNFQ28.4
2,FQHXN14.60
2,FSHXBX148.23
1,FTJBH33.89
2,FNMHHHHT31.8
2,FGXGL92.65
2,FHuNHHMY3.67
2,FSXTY39.64
2,FZJTZ15.48
1,FJSWXJ4.20
2,FSCCD2.11
1,FTJBH45.86
1,FHNFQ48.84
1,FSHXBX44.42
1,FSDLZ27.11
1,FBJ25.88
2,FSHXBX176.102
2,FGDLZ53.62
1,FCQTY006.38
2,FCQTY073_FDME220051150-1a.66
2,FSDQZ21.101
1,FJXSRPYG1.113
1,FNXYCHL19.5
2,FHNFQ27.8
2,FGSZY50.25
1,FGSYC45.88
1,FSCPS50.22
1,FHBSJZ7.15
2,FTJBH93.90
2,FGSYC82.56
2,FSXLVWS8hun.144
1,FSHXWN5.60
2,FFJLY34_FDME220051263-1a.82
1,FSHXWN15.112
2,FAHBZ40_FDME220050717-1a.60
2,FQHXN67hun.88
1,FJXSRPY53.99
1,FSHXHZ10.9
2,FSHXWN10.61
1,FeceHuNa15012_FDME220052260-1a.36
2,FTJBH27.49
2,FNMHLBE5.45
1,M1DZ11.17
2,FNXYCHL58.116
2,FGSYC62.30
1,FJSNT20.96
1,FZJTZ5.37
2,FGDLZ65_FDME220051946-1a.66
2,FZJHZD7hun.34
1,FSXLVLS18.23
1,FSCPS68.19
2,FXJSW5hun.42
1,FHNXY7.130
1,JSCZD12.14
2,FJSWX90.1
2,FSHXBX170hun.34
2,FGXGL12_FDME220052067-1a.88
1,FHNXY41.93
1,FSHXBX150.100
2,FZJTZ55.87
1,FSHXBX23.72
1,FSDQZ29.81
1,FSDJN20.88
2,FXJYN29.151
1,FSHXHZ4.5
2,FSDQZ36.38
2,FSDLZ20.84
1,FBJ37.44
1,FJSNT43.104
1,FSHXBX90.104
2,FXJSW46.73
1,FeceHuBe150122_FDME220052843-1a.83
1,FSHCM38.143
2,FSCDJY45.87
1,FQHXN97.29
1,FSHXBX106.17
2,FHNXY21.77
1,FHBSJZ4.91
2,L1EFC230369_FSHXBX54_S327_L004.62
1,FGSYC7.130
1,FGXGL88.81
1,FHLJYC33_FDME220052682-1a.48
2,FAHBZ20_FDME220050700-1a.41
1,FJSNT71.52
1,FQHXN113.107
2,FXJSW20.54
2,FJSWXJ30.92
1,FTJBH17.46
2,FZJTZ24.31
2,FZJTZ36.71
2,FJSWXJ2.131
2,SDHZD5.52
1,FQHXN103.22
2,FSDJN60.168
2,FSHCM31.47
1,FHNFQ38.37
1,FNXYCHL26.158
1,FSCPS61.43
1,FBJ52.26
1,FSHXWN4hun.27
2,FeceHuNa150124_FDME220052272-1a.40
1,FGSZY43.60
1,FHNFQ33.44
1,FJXSRPYG7.13
2,FJXSRPY21.91
1,FSDJN44.36
1,FYNLJ23hun.49
1,FGDLZ66_FDME220051947-1a.85
1,FSHCM17_FDME220054534-1a.66
1,FXJYN23.18
1,FCQTY155_FDME220051191-1a.53
1,FHNFQ35.93
2,FSDJN55.83
1,FNMHHHHT30.87
2,FSDJN36.88
1,FSCPS69.30
2,FSDLZ40.91
1,FSDQZ31.115
2,FAHBZ3_FDME220050685-1a.13
2,FSCPS4.77
2,FSHXBX45.111
2,FSDJN48.13
1,FHNFQ46.16
2,FGXGL85_FDME220052140-1a.44
2,FSDJN56.35
1,FHNXY3.118
1,FHNXY22.82
2,FJSWX80.28
2,FSHXBX98.47
1,FHNXY28.21
2,FGSZY40.23
1,FZJJH11.31
2,M129R01.12
1,FHuBWH28.22
2,FNXYCHL48.112
1,FXJSW40.41
2,FZJTZ63.92
2,FBJ51.82
2,FYNLJ69.95
1,FeceHuBe150111.16
1,FCQTY007.25
1,FGDLZ20.1
1,FSHHK45.47
1,L1EFC230391_FSHXXA34_S34_L003.87
1,FJSNT21.87
2,FSHHK40_FDME220054509-1a.49
2,L1EFC230305_FXJWS34_S231_L003.97
1,FCQNA2.31
1,FGXGL64.39
2,FSHXBX14.17
2,FGSYC34.41
1,FTJBH49.37
1,FCQNA25.111
2,FHLJYC1.56
2,FQHXN72hun.46
2,FGXGL7_FDME220052062-1a.44
2,FCQTY049_FDME220051134-1a.89
2,L1EFC230307_FXJWS36_S233_L003.91
1,FHNXY53.34
2,FXJSW1.11
1,FNXYCHL89.6
1,FXJYN2.23
1,L1EFC230258_FXJCJ14_S143_L002.13
1,L1EFC230379_FSHXXA03_S337_L004.78
2,FBJ14.94
2,FNXYCHL61.14
2,FAHWH38_FDME220050755-1a.13
2,FZJTZ68.119
2,FSHXBX5.41
2,L1EFC230302_FXJWS31_S228_L003.152
2,FJXSRPYG9.87
2,FSHXBX79.104
2,FHNXY17.2
2,FHuNHHMY45.16
2,FZJTZ43.50
2,FTJS031.32
1,FHBSJZ13.29
2,FGSZY37.37
2,FJXSRPY35.88
2,FCQTY012.54
2,FTJBH41.93
1,FHLJZD16.56
1,FGZ26M_FDME220052020-1a.42
2,FHNXY32.65
1,FGDLZ62.95
1,FSDQZ3.44
2,FGSYC77.94
1,FSXTY2hun.16
1,FXJSW21.10
2,FeceHuBe150123_FDME220052844-1a.88
1,FXJYN11.108
1,FGSZY41.20
2,FGDLZ63_FDME220051944-1a.78
1,FHNFQ8.87
1,FHuNHHMY46.56
1,FeceGuXi150114.110
2,FSHXBX103.19
1,FXJYN31.62
2,FGSZY30.75
1,FQHXN87.22
2,FTJBH53.80
1,FSHCM39.43
2,FXJCJ4.94
2,FXJSW12.83
1,FTJBH7.100
2,FSXTY45.71
1,FSHXBX126.124
2,FSHXBX167.49
2,FZJTZ8.98
2,FGSYC25.91
1,L1EFC230268_FXJCJ27_S152_L002.50
2,FJXSRPYG32.49
2,FSDQZ42.148
2,M116R01.85
1,FGSZY56.52
1,FCQTY071_FDME220051148-1a.8
2,FCQNA9hun.86
1,FJXSRPYG3.29
2,FQHXN30.114
2,FFJLY39_FDME220051268-1a.10
2,FCQTY105_FDME220051176-1a.14
1,FSDQZ25.9
1,FHuNHHMY7.32
2,FSHXHZ11.6
1,FHuBWH24.98
1,FGD19M_FDME220052006-1a.40
1,FBJ61.3
2,FGSYC79.29
2,FXJYN40.22
1,FSXTY1hun.128
1,FHuBWH29.71
2,FeceHuNa150136.93
2,FTJS019.49
2,FSCCD8hun.26
2,FXJYN10hun.37
2,FZJHZD13hun.49
2,FSHCM35.88
1,FGSZY16.4
2,FHBSJZ34.88
2,FNMHLBE31.150
2,FSDQZ35.163
2,FHNXY11.65
2,FJSNT30.157
1,FHBSJZ56_FDME220052247-1a.11
2,FSDLZ17.99
1,FHBSJZ26.64
2,FHNXY49.65
2,FSHHK2.14
2,FNMHHHHT32.85
1,L1EFC230254_FXJCJ06_S139_L002.86
1,FSXTY16hun.40
2,FSCPS12.14
2,FZJTZ26.81
1,FHHMY79.37
1,FSHXWN12.55
1,FSHXHZ8.78
1,FGSZY3.116
2,FZJTZ62.94
1,FGSYC89.63
1,FQHXN99.173
1,FGZ30M_FDME220052028-1a.82
1,L1EFC230371_FSHXBX56_S329_L004.81
1,FXJWS29.88
2,FQHXN64hun.29
2,FNXYCHL68.69
2,FAHWH23_FDME220050744-1a.90
2,FZJTZ25.119
2,FGZ28M_FDME220052025-1a.106
2,L1EFC230355_FJXFC53_S313_L004.101
1,L1EFC230284_FXJCJ58_S167_L002.58
1,FSDQZ43.43
1,FNXYCHL9.116
2,FGSZY44.48
1,FSHXWN21.19
1,FHLJZD2.53
2,L1EFC230361_FSHXBX31_S319_L004.109
2,FNMHHHHT44.8
1,FNXYCHL30.45
2,FSHXXA25.26
1,FSDJN2.9
2,FSXLVLS3.155
2,FYNLJ74.30
1,FHNXY58.8
1,FeceHuNa150118_FDME220052267-1a.9
1,FCQTY102_FDME220051174-1a.26
1,FXJYN32.16
1,FeceHuNa150114_FDME220052265-1a.63
2,FJNDD1.36
2,FXJKS10.120
1,SDHZD10.40
1,L1EFC230266_FXJCJ25_S150_L002.24
2,FJLHD18.111
1,FNXYCHL5.4
1,FSDJN31.75
2,FSHXBX157.169
1,FGSZY14.100
2,FQHXN109.117
2,FGXGL56_FDME220052111-1a.40
1,FSCDJY64.59
2,FSDQZ4.81
2,FGSZY52.100
1,FGXGL69_FDME220052124-1a.36
1,FHNFQ60hun.56
1,FSCPS5.18
2,FHNFQ47.65
2,FJXSRPY10.88
2,FBJ67.75
1,FHuNHHMY67.44
2,FJSWXJ25.104
2,FHNFQ13.114
2,FGSYC74.52
2,FSHXBX142.19
1,FHNFQ21.56
1,FSDQZ16.112
1,FXJYN33.60
2,SDHZD15.39
2,FAHWH44_FDME220050761-1a.53
2,FSHXBX123hun.88
2,FGSZY57_FDME220051907-1a.22
1,FSDJN4.25
1,FJSNT5.1
1,FHLJYC9.30
2,FHBSJZ54_FDME220052245-1a.34
1,FHNXY13.27
2,FGXGL51_FDME220052106-1a.107
1,FSHXHZ18.74
2,FSCPS65.14
2,FCQTY149_FDME220051188-1a.69
2,FSCDJY13.73
2,FTJBH19.176
2,FeceHuBe150125_FDME220052846-1a.8
1,FGZ5M.15
1,FHNFQ11.92
1,FSHXWN14.43
1,FHLJDQ9.7
2,FSHXHZ24.33
1,FHuNHHMY47.43
2,FBJ44.62
2,FAHBZ27_FDME220050707-1a.109
1,FGSYC43.85
1,FZJHZD12.62
1,FHNFQ58.62
1,FeceHeNa22.20
1,FAHBZ42_FDME220050719-1a.66
2,FSHCM13_FDME220054530-1a.67
2,FJSNT35.40
2,FQHXN7.50
1,FSHCM65.1
1,FGZ7M.45
1,L1EFC230264_FXJCJ23_S148_L002.93
2,FJSNT25.39
1,FGSYC6.30
1,FCQTY030_FDME220051124-1a.69
2,FHNFQ56.68
2,FXJWS20.19
1,FHNXY47.118
1,FJSNT6.48
2,FZJTZ69.63
2,FSDQZ40.24
1,FSHXHZ6.4
2,FXJYN12.6
2,L1EFC230319_FTJS0003_S245_L003.121
2,FQHXN1.128
1,FGXGL32_FDME220052087-1a.179
1,FJSWX107.122
1,FSXTY53.43
1,FZJTZ30.123
2,FGSZY22.24
2,FAHWH12_FDME220050738-1a.54
1,FHuNHHMY30.94
2,FZJHZD9hun.96
2,FGSYC72.87
1,FZJTZ12.23
2,FXJSW19.30
2,FGSZY33.89
1,FGSZY45.49
1,FJXSRPY22.90
1,FSCCD9.133
2,M137R01.43
2,FSHXBX139.73
2,FTJBH78.47
2,FGSYC5.2
1,FSDQZ46.24
1,FHuBWH23hun.110
1,L1EFC230277_FXJCJ42_S161_L002.53
1,FTJBH39hun.61
2,L1EFC230393_FSHXXA37_S36_L003.48
2,FNMHHHHT20.16
1,FSHXHZ13.4
2,FZJHZD26.83
1,FHNXY62.60
2,FXJYN1.109
2,FGSZY48.57
1,M206F01.31
1,L1EFC230345_FJXFC21_S303_L004.3
2,FSDLZ41.4
1,FSCDJY31.112
1,M105F01.29
2,FHLJZD51.44
2,FGXGL23_FDME220052078-1a.49
1,FCQHC16.66
2,M115R01.131
2,FHNXY8.77
2,FHLJDQ7.89
2,FJSWX89.57
2,FBJ1.24
2,FeceHuNa15016.1
2,FCQTY094_FDME220051171-1a.1
2,FZJTZ1.21
1,FZJTZ4.19
2,FSDLZ02.68
1,FSCPS81.113
2,FeceHuNa150111_FDME220052262-1a.31
2,FGXGL1_FDME220052056-1a.31
2,FSDLZ31.134
2,FSDLZ50.96
2,FSHXHZ14.67
1,FeceHuNa150119.17
2,FGSYC73.26
2,FGSZY9.12
2,SDHZD2.129
2,FGSZY34.107
2,FeceHuNa150135_FDME220052278-1a.18
1,FYNLJ58.114
2,FZJHZD5.68
2,FSDQZ17.39
1,FHLJYC14.52
1,FZJTZ23.11
1,FJXSRPYG19.78
1,FJXSRPY29.21
1,FGSYC13.71
2,FSDLZ09.107
1,FQHXN61hun.62
2,FSHXBX20.52
2,FGZ41M_FDME220052054-1a.10
1,FSHXBX12.54
1,FNXYCHL6.86
1,SDHZD3.51
1,FSCPS25.6
2,L1EFC230300_FXJWS27_S226_L003.119
1,FHBSJZ5.73
2,FJXSRPYG18.12
1,FJSNT60.27
1,FNMHLBE25hun.156
2,FNMHHHHT11.29
2,FAHBZ2.35
2,FSHXBX9.33
2,FJXSRPY8.22
1,FGXGL16_FDME220052071-1a.3
1,FJSNT18.72
1,FBJ53.108
2,L1EFC230312_FXJWS44_S238_L003.106
2,FJXSRPY38.155
2,FHBSJZ27.11
1,L1EFC230333_FTJS0033_S259_L003.48
2,FHLJZD3.5
1,FJXSRPY51.61
2,FAHBZ25_FDME220050705-1a.1
2,FXJWS41.49
2,L1EFC230395_FSHXXA48_S38_L003.88
1,FAHBZ29_FDME220050709-1a.10
2,FHLJYC19.11
1,L1EFC230285_FXJCJ59_S168_L002.84
1,FHLJYC5.47
2,FJSWXJ8.3
1,FSDJN6.74
2,FSHXBX166.79
2,FSDLZ01.61
1,HuNCS3.19
1,FJLHD32.87
1,FYNLJ38.10
1,FeceGuXi150115.113
2,FGSZY36.107
1,FGXGL18_FDME220052073-1a.75
1,FSDQZ15.118
2,FSDJN19.86
1,FJXSRPY13.15
2,FGSYC4.67
1,FNXYCHL33.111
1,FTJBH_17.104
2,FSXTY58hun.18
1,FSHXXA41hun.77
2,FHuNHHMY23.89
1,FHLJZD41.86
2,FSDJN5.68
2,FSDLZ39.95
1,FSHXBX163.79
2,FGXGL81_FDME220052136-1a.103
2,FGSZY27.21
2,FXJKS49.19
2,FFJLY9_FDME220051246-1a.4
1,FGXGL87_FDME220052142-1a.8
1,L1EFC230295_FXJWS19_S222_L003.9
1,FHNXY4.16
1,L1EFC230389_FSHXXA21_S347_L004.43
1,FHLJZD17.67
1,SDHZD11.78
1,FSCPS33.21
1,FGSYC8.46
1,FSHCM86hun.70
1,FZJHZ8.121
1,FGXGL86_FDME220052141-1a.6
1,FJSNT4.118
1,FCQNA32.30
1,FQHXN36.33
2,FTJBH51.99
1,FSHHK9.2
1,FTJS006.36
2,FCQTY060_FDME220051140-1a.86
2,FGSZY35.22
2,FGSYC12.89
2,FAHWH14.104
1,FSHXHZ5.10
2,FGDLZ19_FDME220051917-1a.61
1,FHuNHHMY71.57
1,FHNXY37.105
1,FXJYN17.65
2,FSHXHZ20.35
2,FeceHeNa17.71
1,FAHBZ34.105
1,FGSYC76.89
1,FGSYC69.7
2,FSXLL1.55
2,FHLJYC39_FDME220052688-1a.49
2,FTJBH62hun.79
2,FHLJZD43.91
1,FSDQZ22.50
2,FHNFQ7.79
2,FSHXBX147.67
1,FGSYC49.31
1,FJXSRPY12.12
1,FSCPS41.50
2,L1EFC230376_FSHXBX69_S334_L004.84
1,FHNFQ12.31
2,FQHXN63hun.124
2,FGSZY28.45
2,FJXSRPY39.110
2,FJNDD15.28
2,FSXLVLS19.49
2,FSHXBX151hun.6
2,FGSZY53_FDME220051904-1a.102
1,FSHHK17hun.19
1,FQHXN43.28
2,FCQTY157_FDME220051193-1a.70
1,FSHXHZ3.28
1,FNXYCHL42.91
2,FGSZY51.126
1,FJXSRPYG31.100
2,L1EFC230299_FXJWS26_S225_L003.21
2,FSHHK14.52
1,FSDLZ59.8
1,FXJYN9.126
1,FSXTY40.93
1,FSHXBX4.46
2,FZJTZ65.123
2,FGXGL31_FDME220052086-1a.80
2,FHuNHHMY13.174
1,FSDLZ26.45
2,FGDLZ50_FDME220051930-1a.89
1,FJSWX76.9
2,FSDLZ07.90
1,FeceGuXi150110.30
2,FJLHD39.150
2,FSCPS16.90
2,FCQNA15.7
1,FeceHuBe15015_FDME220052833-1a.61
2,FeceHuNa150120_FDME220052269-1a.60
1,FAHBZ7_FDME220050689-1a.78
2,FSHXBX88.98
1,FSDJN3.72
2,FGSYC58.90
1,FBJ19.51
2,FSHXBX155.62
1,M2CF14.39
2,FSXLVWS9.109
1,FNMHLBE27.98
1,FSCPS49.68
1,FNMHLBE18.148
2,L1EFC230346_FJXFC22_S304_L004.57
2,FHuNHHMY56.43
2,M124R01.100
2,FHuNHHMY53.36
2,FXJKS30.11
1,JSCZD7.60
1,FHNFQ40.73
1,FGSYC86.109
2,FXJSW14.116
2,L1EFC230339_FJXFC12_S265_L003.14
2,FSXLL16.66
1,FAHWH31.44
2,FSHXBX75.62
1,FNXYCHL45.26
2,FZJHZD3hun.108
1,FSHHK38_FDME220054507-1a.122
1,FGDLZ6.2
1,FSHCM15_FDME220054532-1a.69
2,FHuNHHMY19.1
1,FSHXBX164.64
2,FHNXY29.116
2,FSDLZ58.31
1,FBJ7.66
1,FSDQZ23.28
2,FJSWXJ38.174
1,FSHCM57.125
2,FGSZY29.87
1,FNXYCHL39.126
2,FJLHD16.68
1,FHLJZD8.151
1,FHNXY56.38
1,FSCCD4.102
2,FeceGuXi150112.85
2,FGXGL6_FDME220052061-1a.117
2,FHNXY9.16
1,FeceHeNa20.69
1,FNXYCHL71.30
2,FJLHD1.11
1,FeceHeNa5.124
1,FSCDYJ7.146
1,FJSWX102.19
2,FHNXY30.108
1,FAHBZ21_FDME220050701-1a.115
2,FHNFQ6.91
2,FXJSW11.68
2,FTJBH84.66
2,FTJBH74.24
1,FSHCM52.33
2,FXJSW36.89
2,FSHXBX22.67
1,SDHZD1.20
1,FSHXHZ7.50
2,FHuNHHMY61.45
2,FXJSW16.80
2,FNMHLBE7.208
2,FSDQZ7.53
2,FSHXBX28.37
2,FTJS030.19
2,FHLJYC42_FDME220052691-1a.5
1,FSXTY51hun.35
2,FQHXN93.102
1,FZJTZ16hun.93
1,FBJ30.111
2,FGSYC14.31
2,FNMHHHHT18.98
1,L1EFC230382_FSHXXA06_S340_L004.140
1,FHNXY45hun.31
2,FSDJN12.10
1,FSHXBX137.2
1,FQHXN102.34
1,FQHXN89.104
1,NMGHHHT3.38
2,M104R01.7
2,FSHXWN22.3
1,M101R01.84
2,FJSWX106.17
1,FTJBH38hun.15
1,FHLJDQ10.23
1,FSHXWN19.77
2,FSHHK39_FDME220054508-1a.86
2,FSDQZ30.104
2,FSDQZ13.109
1,FGSYC60.103
1,FHNFQ26.92
2,FFJLY42.87
2,FHuNHHMY64hun.69
2,FNMHLBE12.16
2,FGDLZ69_FDME220051950-1a.8
1,SDHZD4.54
2,FeceHuNa150138_FDME220052281-1a.45
2,FHNXY46.112
2,FGDLZ85.111
1,FZJHZD28.132
2,FTJBH30.30
1,FTJBH25.20
1,FNXYCHL38.32
1,FeceHuNa150110_FDME220052261-1a.4
2,L1EFC230310_FXJWS40_S236_L003.2
1,FHuBWH39.59
1,FSHXBX131.7
2,FGSYC90.111
2,FeceHuNa15019.13
1,FGSZY8.91
1,FTJS021.105
1,FGSYC80.26
2,FGSYC3.84
2,FXJKS34.66
1,FXJCJ57.38
2,FZJHZD23.56
1,FSHCM16_FDME220054533-1a.72
2,FHLJZD53.109
1,FQHXN48.21
1,FCQTY010.109
1,FHuNHHMY40.100
1,L1EFC230306_FXJWS35_S232_L003.99
2,FSXTY33hun.35
1,FSDLZ08.101
1,FSDJN51.95
2,FXJCJ29.97
1,FCQNA40.89
1,FHNFQ29.19
2,FSHCM49.34
2,FJSWX98.46
1,M130R01.84
2,FSHHK49_FDME220054516-1a.114
2,FHNXY42.57
1,FSHXWN1.15
2,FXJSW15.133
2,FSDQZ20.122
1,FJXSRPY45.55
2,FSHHK42_FDME220054511-1a.83
2,FGSYC30.32
2,FNXYCHL55.23
1,FSHXBX161.10
1,FAHBZ43.29
2,FSHXBX70.67
1,FXJCJ31.13
1,FHNFQ30.110
2,L1EFC230387_FSHXXA17_S345_L004.35
1,FZJTZ29.36
2,FHLJYC22.65
2,FGDLZ83_FDME220051961-1a.112
2,FHuNHHMY20.10
1,FXJYN36.97
1,FCQTY025_FDME220051121-1a.6
1,FGZ35M_FDME220052035-1a.47
1,FSDJN45.10
1,FSHXBX65.160
1,FAHBZ36.36
1,FNXYCHL41.30
1,FGSYC51.36
2,FXJKS29.6
2,FJXSRPYG4.12
1,FSHXHZ21.39
2,SDHZ24.1
1,FNXYCHL11hun.8
1,FHLJYC38_FDME220052687-1a.98
1,FSHCM96.121
2,FSDJN23.85
2,FeceHeNa6.13
2,FZJHZD8.19
1,FGXGL3_FDME220052058-1a.24
1,FSHXBX57.127
2,FXJKS33.55
1,FNMHHHHT13.4
1,FCQTY064_FDME220051144-1a.21
2,FHuNHHMY39.64
1,FSHCM7.47
1,FGSYC15.72
2,FHNXY48.101
2,FFJLY32_FDME220051261-1a.43
2,FSDLZ15.71
2,FHNFQ62hun.59
2,FHNXY51.12
1,FHLJZD1.22
1,FGDLZ68.7
2,FSDQZ32.6
1,FJXSRPY6.46
1,FJXSRPY24.45
1,FeceHuNa150134_FDME220052277-1a.37
2,FSDJN37.18
2,FYNLJ56.73
1,L1EFC230322_FTJS0008_S248_L003.49
1,FSHHK28_FDME220054497-1a.11
1,FSHXBX108.12
2,FBJ65.13
1,FHNFQ53.17
2,FGSZY12.76
1,FeceHuNa15011_FDME220052259-1a.24
1,FXJYN3.87
2,FNMHLBE15.31
2,L1EFC230294_FXJWS15_S177_L002.25
2,FHuNHHMY29.116
1,FSCPS9.74
1,M207F02.38
1,FSHHK30_FDME220054499-1a.131
2,FJXSRPYG20.4
1,FCQTY078_FDME220051153-1a.9
1,FSHHK41_FDME220054510-1a.72
2,FGSYC19.47
1,L1EFC230288_FXJCJ64_S171_L002.103
2,FGDLZ56_FDME220051936-1a.35
1,FGDLZ81_FDME220051959-1a.149
1,FXJKS11.80
2,FGXGL63_FDME220052118-1a.70
2,FSHXBX135hun.40
1,FBJ29.96
2,FXJSW3.13
1,FGSYC16.3
1,FSXTY15.84
1,FSHXBX89.10
