tree_group,mag
1,FGSYC73.32
2,FAHBZ43.90
NA,FAHWH12_FDME220050738-1a.39
2,FGSYC34.17
2,FAHBZ46_FDME220050723-1a.23
2,FCQJJ4.79
NA,FBJ58.84
2,FGSYC30.82
1,FBJ61.99
1,FGSZY38.50
2,FHLJYC23.122
NA,FGXGL77_FDME220052132-1a.68
1,FHBSJZ52.67
2,FHNXY39.29
2,FGSZY50.20
1,FHNXY19.38
2,FGSZY56.29
1,FHBSJZ7.30
2,FHLJZD19.86
2,FGSZY36.67
NA,FJSNT72.31
1,FHNXY55.43
1,FSDJN48.114
2,FSCCD8hun.116
1,FSCPS36.70
2,FSDLZ09.91
2,FNMHHHHT17.154
NA,FSDJN17.42
2,FSDQZ48.32
1,FSHXBX165.35
2,FNMHLBE30.133
2,FZJHZD25.74
1,FSHXBX57.88
1,FSDLZ53.18
2,FSDQZ35.23
NA,FSXLVLS2.29
1,FSDJN39.58
1,FSDQZ42.162
2,FZJHZD6.45
2,FSHHK3_FDME220054479-1a.42
1,FSHXBX71.146
2,FSHXHZ15.29
2,FSHXBX143.54
1,FYNLJ28.78
1,FSHXBX174.27
2,FNMHLBE5.25
2,FXJYN34.20
1,L1EFC230321_FTJS0007_S247_L003.1
1,L1EFC230328_FTJS0025_S254_L003.49
1,FGSYC63.19
2,FAHBZ24.14
2,FGSYC91.50
1,FFJLY79.55
2,FeceHeNa29.44
2,FHLJZD39.27
2,FGSZY29.1
2,FHuNHHMY56.36
1,FSDLZ03.35
1,FSDLZ17.105
1,FSDLZ05.102
2,FHuNHHMY74.32
2,FSDLZ54.24
1,FHNXY40.30
1,FXJYN25.5
2,FNXYCHL41.39
1,FSDLZ34.85
1,FSDQZ3.19
1,FNMHLBE26.35
1,FSXLVLS18.2
1,FSHXWN32.14
1,FNXYCHL3hun.72
1,FSHXBX153.44
1,FSHXBX26.21
2,FZJHZD9hun.27
2,L1EFC230266_FXJCJ25_S150_L002.113
1,L1EFC230358_FSHXBX08_S316_L004.25
1,L1EFC230376_FSHXBX69_S334_L004.79
2,L1EFC230389_FSHXXA21_S347_L004.2
1,SDHZD15.20
2,FAHBZ33_FDME220050713-1a.82
1,FeceHuNa15019.3
1,FGSYC22.60
1,FCQNA40.108
NA,FCQTY022_FDME220051119-1a.43
2,FGSZY23.60
2,FGSZY26.102
2,FGSZY33.44
1,FHLJYC22.115
2,FHLJZD21.28
1,FHBSJZ17.23
1,FHNXY13.76
1,FSDLZ25.21
1,FSDLZ26.97
1,FSDLZ24.46
2,FJSWXJ21.59
1,FSHXBX158.65
2,FHNXY41.22
1,FSHXWN6.80
1,FSHXWN5.32
1,FSHXBX18.42
1,FNXYCHL72.93
2,FSXLVLS19.76
1,FNMHLBE25hun.104
1,FTJBH100.77
2,FSXLVWS1hun.102
2,FTJBH47.41
1,FZJTZ25.66
1,FGSYC66.12
1,FGSYC3.15
2,FAHBZ49_FDME220050727-1a.58
1,FAHBZ27_FDME220050707-1a.62
2,FAHBZ41_FDME220050718-1a.40
1,FAHBZ29_FDME220050709-1a.45
2,FAHBZ42_FDME220050719-1a.107
1,FAHBZ51_FDME220050728-1a.56
1,FAHBZ58_FDME220050733-1a.16
2,FCQNA28.50
1,FBJ31.31
1,FAHBZ2.20
2,FAHWH15_FDME220050740-1a.82
NA,FeceHeNa26.56
NA,FBJ42.106
1,FCQTY077_FDME220051152-1a.51
2,FHBSJZ25.12
2,FGSZY10.12
2,FHNXY18.26
2,FHLJZD3.37
1,FGZ42M_FDME220052055-1a.62
1,FHNXY33.28
2,FHuNHHMY67.42
2,FSDLZ10.26
2,FHuBWH6.43
2,FJLHD42.90
1,FQHXN62hun.63
2,FQHXN96.12
1,FNMHLBE27.20
1,FQHXN39.46
2,FSDQZ10.43
2,FSDQZ24.71
2,FSHCM16_FDME220054533-1a.61
NA,FSDLZ56.71
1,FSDQZ23.56
1,FSDLZ29.22
2,FNMHHHHT41.46
1,FSDQZ31.68
1,FSHXBX38.18
1,FSHXWN18.8
2,FSHXBX148.133
2,FTJBH48.17
1,FSHXBX98.64
1,FSHHK46_FDME220054513-1a.61
1,FSHXBX127.11
1,FSHXBX100hun.45
2,FTJBH17.8
1,FTJS017.21
2,FZJHZD7hun.7
1,SDHZ2.49
2,L1EFC230375_FSHXBX68_S333_L004.13
1,L1EFC230322_FTJS0008_S248_L003.33
2,FGSYC47.37
2,FAHBZ44_FDME220050721-1a.8
1,FAHBZ26_FDME220050706-1a.54
1,FBJ41.41
2,FCQHC16.71
NA,FAHWH10.42
2,FHNFQ37.16
2,FGXGL40_FDME220052095-1a.57
2,FHLJZD51.36
1,FHNXY34.96
2,FHNXY32.47
1,FSDLZ02.16
NA,FSDJN31.44
2,FSDJN40.2
2,FJSNT23.47
2,FQHXN31.73
2,FTJS015.18
1,FXJYN17.67
2,FZJHZD23.63
1,FSDQZ20.65
1,FSHXBX162.11
2,FTJBH84.122
1,FSDLZ27.89
1,FSXTY5hun.51
1,FSHXBX39.34
1,FYNLJ7.75
2,FNMHLBE34hun.18
1,FZJTZ68.12
1,FZJTZ18.44
2,FAHBZ31_FDME220050711-1a.54
1,FeceHuBe150122_FDME220052843-1a.43
2,FHBSJZ46_FDME220052237-1a.21
2,FHLJYC40.45
2,FHBSJZ49_FDME220052240-1a.4
2,FGSZY30.83
2,FGXGL41_FDME220052096-1a.49
2,FJNDD4_FDME220051221-1a.29
2,FHuNHHMY34.66
2,FJSNT62.17
NA,FJLHD39.82
1,FQHXN97.67
1,FNXYCHL95.29
2,FJLHD16.10
1,FJSNT67.43
2,FJSWXJ34.2
2,FXJWS9hun.38
2,FTJBH_17.65
1,FSHXBX87.43
1,FSHXBX131.47
1,FSHHK36_FDME220054505-1a.114
1,FXJSW9.22
1,FNXYCHL30.61
2,FSDLZ12.6
2,L1EFC230245_FHLJZD36_S88_L001.31
1,SDHZD12.36
2,L1EFC230268_FXJCJ27_S152_L002.18
