tree_group,mag
1,FGXGL13_FDME220052068-1a.63
1,FZJTZ70.39
2,FNMHLBE28.27
2,FJSWX79.33
2,FGZ32I2_FDME220052032-1a.14
2,FQHXN21.9
2,FGXGL20_FDME220052075-1a.45
2,FSHXWN26hun.4
1,FeceHuBe150123_FDME220052844-1a.66
1,FHuNHHMY61.59
2,FSXLVLS13.40
2,FHNXY43.36
2,FAHBZ47_FDME220050724-1a.19
1,FZJTZ62.70
1,FNMHLBE4.10
1,FHLJYC36_FDME220052685-1a.12
2,FXJCJ17hun.68
2,FHLJDQ8.34
2,FHuNHHMY75.48
2,FHBSJZ61_FDME220052252-1a.29
1,FSXLL13.27
2,FGSYC21.17
1,FSHXWN21.4
1,FSDJN6.50
1,FGXGL64.4
1,FYNLJ23hun.88
2,FGXGL26_FDME220052081-1a.73
1,FXJSW37.107
1,FJND18_FDME220051209-1a.71
1,FSDLZ50.50
1,FSDLZ18.52
1,FSHHK41_FDME220054510-1a.20
1,FSDQZ14.43
1,FSXLL8.77
1,FNXYCHL26.50
2,FSCPS46.43
1,SDHZD10.29
2,FTJBH52.48
1,FSHXBX135hun.54
1,FXJSW24.48
1,FSHXBX124.11
1,FSHXWN4hun.50
