tree_group,mag
1,FBJ42.62
2,FGDLZ53.12
1,FSHCM4hun.86
1,FZJTZ68.50
1,FeceGuXi150113.23
1,FHuBWH12.50
1,FSCDJY33.33
1,FGXGL51_FDME220052106-1a.53
1,FSHHK4.102
1,FFJLY65.45
2,FeceHuNa15012_FDME220052260-1a.101
2,FGSZY26.108
1,M123F01.31
2,L1EFC230363_FSHXBX41_S321_L004.29
1,FJSWX102.26
1,FYNLJ74.43
1,FJSWXJ38.136
2,FAHBZ41_FDME220050718-1a.15
2,FXJWS41.78
1,FGXGL60_FDME220052115-1a.8
1,FeceHuBe15017_FDME220052835-1a.51
1,FSHCM55hun.137
1,FSHXBX161.16
1,FHuNHHMY1.92
2,FTJBH62hun.97
1,FGSZY12.68
2,FBJ29.104
2,FSXTY26.54
1,FSXTY33hun.99
2,M128R01.73
1,FSCPS68.49
1,FYNLJ71.88
1,FZJTZ58.38
1,FSHCM84.80
2,FSDLZ01.40
2,FTJBH55.78
2,FeceHuNa150117_FDME220052266-1a.103
2,L1EFC230332_FTJS0029_S258_L003.33
1,FGXGL53_FDME220052108-1a.87
1,FXJSW39.21
1,FSDLZ11.68
2,FSXTY23.83
2,FHNXY45hun.5
1,FSHXBX138.11
2,FSDQZ11.44
2,FGSZY33.9
2,FQHXN50.40
2,FQHXN36.63
2,FAHBZ21_FDME220050701-1a.40
2,FNXYCHL42.47
1,FZJTZ30.64
1,FSDLZ40.10
1,FXJSW49.8
2,FHLJYC5.85
2,FNMHLBE15.13
2,FNXYCHL44.107
2,FHNFQ13.85
1,FSHCM94hun.28
1,FNMHHHHT41.127
1,FCQNA40.44
1,FBJ11.48
1,FAHBZ3_FDME220050685-1a.69
1,FHLJZD21.73
2,FXJSW22.52
1,FSDJN3.15
1,FTJBH48.33
2,FQHXN68.102
1,FGXGL31_FDME220052086-1a.106
1,FeceHuBe150136_FDME220052850-1a.1
2,FHLJDQ10.87
2,FJLHD16.108
2,FSHXWN22.62
1,FCQHC16.27
1,FSDJN1.89
2,FXJKS9.38
2,FGXGL75_FDME220052130-1a.108
1,FGDLZ19_FDME220051917-1a.8
2,FSDQZ46.61
1,L1EFC230382_FSHXXA06_S340_L004.112
1,FGXGL26_FDME220052081-1a.1
1,L1EFC230395_FSHXXA48_S38_L003.102
1,FGXGL6_FDME220052061-1a.45
1,FNXYCHL38.64
1,FHuNHHMY23.23
1,FSHCM38.33
2,FQHXN49.50
2,FHNFQ5.83
2,FTJBH47.4
2,FHLJYC39_FDME220052688-1a.82
2,FHHMY63.21
2,FJSWXJ13.48
1,FeceHuBe150111.34
1,FCQTY022_FDME220051119-1a.50
1,FZJTZ65.1
2,L1EFC230344_FJXFC20_S302_L004.110
1,FeceHuNa150123_FDME220052271-1a.14
2,L1EFC230264_FXJCJ23_S148_L002.55
2,FXJYN41.47
1,FSCDJY67.99
2,FXJKS15.125
1,FSDLZ02.71
2,FHLJYC2.78
1,FXJKS25.23
1,FXJSW15.110
1,FYNLJ66.131
1,FAHWH21_FDME220050743-1a.8
1,FeceGuXi15013.134
1,FZJTZ22.85
2,FQHXN11.50
2,L1EFC230372_FSHXBX62_S330_L004.45
2,FBJ41.43
2,FGXGL20_FDME220052075-1a.25
1,FSDLZ27.74
2,FAHBZ44_FDME220050721-1a.95
1,FSXTY22.13
2,FSDQZ38.92
1,FJXSRPY45.27
2,FQHXN93.67
1,FGXGL71_FDME220052126-1a.32
1,FHLJZD41.18
1,FSHCM51.44
2,FAHBZ23_FDME220050703-1a.64
1,FeceHeNa7.172
1,FHLJYC42_FDME220052691-1a.112
1,FZJHZ8.105
2,FNXYCHL71.9
2,FNXYCHL3hun.99
2,FSDQZ23.36
2,FXJSW11.163
1,FSDQZ42.180
2,FeceHuNa150114_FDME220052265-1a.44
2,FQHXN97.68
2,FJSWX98.20
1,FSXLVLS21.56
1,FHLJYC15.58
1,FCQTY092_FDME220051170-1a.85
2,FAHBZ11_FDME220050693-1a.46
1,FGSYC68.40
1,FeceHuBe150127_FDME220052847-1a.61
2,FHNFQ28.19
1,FAHWH12_FDME220050738-1a.75
2,FXJKS2.91
1,FHLJYC18hun.70
2,FHNXY1.2
2,FXJYN25.26
2,FXJKS51.6
1,FYNLJ58.105
1,FSHXHZ7.27
1,FHuNHHMY52.17
1,FHNFQ50.34
1,FSHXBX155.184
2,FJLHD50.101
2,FSHXXA1.42
2,FXJKS19.52
1,FZJHZD28.12
1,M1C5.19
1,FSXTY39.87
1,FYNLJ40.11
2,FGSYC59.17
1,FSDJN34.42
1,FGZ6M_FDME220051977-1a.53
2,FHNFQ57.15
1,FFJLY43_FDME220051271-1a.95
1,FTJBH2.155
2,FSHCM70.78
2,FGZ5M.88
1,FSHXBX98.169
1,FeceGuXi150114.95
1,FJSWXJ2.32
1,FHuBWH1.56
2,FSXLVWS1hun.43
2,FXJSW1.70
1,FSXTY48hun.61
2,L1EFC230381_FSHXXA05_S339_L004.78
1,FCQNA25.7
2,FSHXBX147.117
1,FHNXY47.42
2,FZJHZD9hun.62
2,FGSYC14.15
1,FXJYN21.21
1,FNMHHHHT10.20
1,FCQTY141_FDME220051183-1a.52
2,L1EFC230355_FJXFC53_S313_L004.98
2,FSHXBX126.41
1,FSHCM90.107
1,FSHXBX23.37
1,FJXSRPYG20.5
2,FXJKS23.97
1,FNMHHHHT21.32
1,FJSNT58.56
1,FSDLZ59.119
2,FSXLVLS20.123
NA,FGDLZ29.27
2,FBJ52.86
1,FCQTY147_FDME220051186-1a.82
1,FSXLVWS2hun.26
2,FSHXHZ10.53
1,FYNDL10hun.71
2,L1EFC230354_FJXFC47_S312_L004.11
2,FSDLZ16.21
1,FGDLZ84_FDME220051962-1a.121
2,FGXGL90_FDME220052145-1a.62
1,FTJBH19.175
1,FHLJYC25.26
2,FSCPS11.243
2,FSHXBX63.37
2,M1DZ11.58
1,FHuBWH39.19
1,FAHBZ40_FDME220050717-1a.72
1,FSHXHZ8.34
NA,FHHMY17.42
1,FSHHK44.15
1,FSXTY38.41
2,FXJKS42.129
1,FBJ69.46
1,FSHHK36_FDME220054505-1a.54
2,FBJ50.62
1,FTJBH49.17
1,FGSYC78.13
1,FHLJYC40.68
1,FJSWXJ3.60
1,FSDLZ58.15
2,FSXTY25.32
2,FGSZY44.118
2,FSDQZ19.175
1,FGSYC30.89
2,FSDLZ57.71
2,FXJKS11.125
2,FSHXBX76.103
1,FeceHuNa150138_FDME220052281-1a.11
1,FZJTZ19.80
2,FJSWX77.14
1,FYNDL21hun.28
2,FSDLZ09.59
NA,FHuNHHMY58.92
2,FAHBZ34.38
2,FXJSW46.55
1,FJSWXJ16.72
2,FXJYN32.95
2,FHNXY21.49
2,FSHXHZ2.25
2,FJLHD53.23
2,FeceHuBe150119_FDME220052841-1a.134
2,FSHXWN15.16
1,FCQTY144_FDME220051184-1a.47
1,FCQTY060_FDME220051140-1a.47
2,FQHXN62hun.40
2,FJXSRPY47.36
1,FHNXY16.66
1,FSCPS16.52
2,FGSZY51.141
2,FSDQZ29.188
2,FAHBZ10_FDME220050692-1a.6
1,FZJTZ18.45
2,FJSNT24.96
2,FQHXN108.3
1,FeceHuNa150133_FDME220052276-1a.29
1,FHNXY20.26
1,FGDLZ8_FDME220051910-1a.26
2,FSXLL10.3
2,FSDJN12.103
2,FHLJZD43.18
1,FSXLVLS3.38
1,FSHCM57.159
1,FSDLZ39.103
2,L1EFC230376_FSHXBX69_S334_L004.13
2,FQHXN70hun.114
1,FXJYN27.26
1,FHNXY58.33
1,FNXYCHL89.49
2,FXJYN1.5
2,FGSYC45.21
2,FSHXWN30.77
1,FSHCM7.63
2,M2CF04.30
1,FSHHK40_FDME220054509-1a.60
1,FHLJYC8hun.48
2,FXJKS48.154
2,FGSYC13.32
1,FHuNHHMY43.99
2,FSDQZ3.45
1,FSXLVWS5.50
1,FGXGL33_FDME220052088-1a.92
1,FZJTZ11.1
1,L1EFC230347_FJXFC25_S305_L004.108
1,FSXLVLS13.104
2,L1EFC230391_FSHXXA34_S34_L003.18
2,FGSZY48.146
1,FSCCD8hun.104
2,FYNLJ48.18
2,FSDJN4.93
2,FSHXWN13hun.27
1,FSHXBX17.16
2,FeceHuNa150135_FDME220052278-1a.67
1,FTJBH45.106
2,FAHBZ59_FDME220050734-1a.146
1,FHuNHHMY29.31
1,FGXGL63_FDME220052118-1a.29
1,SDHZD10.78
1,FJSWXJ1.62
1,FSHHK50_FDME220054517-1a.112
2,FBJ51.15
1,FXJKS35.92
1,FFJLY33_FDME220051262-1a.39
1,FAHBZ17.45
1,FBJ14.13
2,FSHXWN12.69
1,FSDJN36.110
2,FSDLZ50.73
2,FSHXBX22.8
2,FGSZY57_FDME220051907-1a.80
1,FFJLY17_FDME220051250-1a.44
1,FJSWXJ21.30
1,FNMHHHHT20.51
1,FNXYCHL41.61
2,FHLJZD52.33
2,FHLJYC10.63
1,L1EFC230325_FTJS0011_S251_L003.38
1,FSXLVLS14.11
1,FJNDD15.23
2,FeceHuNa15017.70
2,FQHXN64hun.64
2,FGSYC16.23
2,FSHXBX12.106
1,FHLJZD6.15
1,FHuNHHMY47.49
1,FJNDD9_FDME220051226-1a.8
1,FHHMY4.58
1,FSCPS69.101
2,FQHXN113.104
1,FAHBZ56.78
1,FSXTY29hun.61
1,FSHCM93.166
1,FXJSW19.26
2,L1EFC230266_FXJCJ25_S150_L002.5
1,FCQTY063_FDME220051143-1a.47
2,FSHCM17_FDME220054534-1a.84
1,FCQNA14.2
1,FHNFQ53.54
1,FYNDL13.59
1,FTJBH84.14
2,FQHXN22.141
2,FNXYCHL30.84
1,FBJ65.50
2,FHLJDQ12.9
2,L1EFC230304_FXJWS33_S230_L003.91
2,FGSZY35.1
1,FHuNHHMY69.58
1,FTJBH78.84
1,FSXTY59.17
1,M1C8.43
1,FSXTY51hun.103
1,FJNDD5_FDME220051222-1a.71
1,FJNDD11_FDME220051228-1a.107
1,FGDLZ58.28
2,FAHWH15_FDME220050740-1a.38
1,FHuNHHMY13.62
2,FAHBZ15.74
1,FSDLZ47.66
1,FSDLZ48.43
1,FJXSRPY30.35
1,FSHCM100.60
2,FSXLL1.46
2,FHLJZD2.30
1,FJLHD19.46
1,FXJWS4.56
2,FSHCM56.56
2,M2CF19.38
2,FXJKS3.4
1,FHuNHHMY6.172
1,FGXGL2_FDME220052057-1a.81
2,FCQTY048_FDME220051133-1a.7
1,FXJSW40.13
2,FTJBH71.23
1,FSDJN43.22
2,FNMHLBE32.78
1,FSCPS27.91
1,FJLHD1.53
1,FJSWXJ28.23
1,L1EFC230359_FSHXBX16_S317_L004.61
1,FGDLZ5_FDME220051909-1a.22
1,FZJTZ41.29
2,FSHXBX71.123
1,FGDLZ62.28
1,FGXGL87_FDME220052142-1a.33
1,FQHXN8.86
1,FSHXBX127.24
1,FXJYN33.13
2,FZJTZ8.20
1,FHLJZD49.72
2,FSHXWN14.36
1,FeceHuBe150121_FDME220052842-1a.126
1,FZJTZ52.60
1,FSHCM31.72
1,FSHHK30_FDME220054499-1a.142
1,FHuBWH4.49
1,FJSNT23.21
1,FZJTZ2.31
1,L1EFC230298_FXJWS24_S224_L003.71
1,FXJWS38.81
2,FSDLZ53.75
1,FGDLZ35.19
1,FSCPS62.112
2,FHNXY34.37
1,FeceHuBe150125_FDME220052846-1a.120
1,FSCDYJ6.20
1,FCQNA28.75
1,FYNLJ57.103
1,FSHXBX137.28
1,M1C12.38
2,FAHBZ2.28
2,FSHHK49_FDME220054516-1a.24
2,FSXTY24.90
1,FSHXBX165.31
2,FNMHHHHT22.64
2,M1C6.137
1,FGSZY53_FDME220051904-1a.51
2,L1EFC230395_FSHXXA48_S38_L003.95
1,FAHBZ1_FDME220050683-1a.27
1,FSDLZ44.5
2,FSHXWN17.76
1,FGDLZ72_FDME220051953-1a.78
2,FYNDL28hun.35
2,FGSZY50.8
1,FJXSRPY10.11
1,FJXSRPY39.14
1,FHuNHHMY34.51
1,FJLHD37.96
1,FGDLZ71.6
1,FBJ2.60
1,FGXGL16_FDME220052071-1a.64
1,FeceHeNa19.8
1,FCQTY104_FDME220051175-1a.70
1,FZJHZD16hun.36
1,FSXLVLS25.92
2,FGSZY27.44
1,FJSNT30.19
1,FHuNHHMY46.14
2,FXJSW5hun.99
2,FJSWXJ4.61
1,FSHHK9.124
1,FSXLL17.95
1,FSCDJY64.100
2,FGSZY56.41
NA,FSCDJY31.153
1,FAHWH20_FDME220050742-1a.87
1,FHLJYC13.59
2,FJSNT72.74
2,L1EFC230313_FXJWS45_S239_L003.62
2,FXJSW12.77
2,FHNXY17.46
2,M214F02.18
1,FHLJYC19.111
1,FGXGL3_FDME220052058-1a.43
2,FHNXY55.16
1,FJXSRPY38.165
1,FGDLZ74.104
2,FSHXXA14.52
1,FSDJN5.31
2,FSDJN46.66
2,FJXSRPY40.62
1,FNMHLBE23.119
1,FAHBZ43.112
2,FSHXBX80.36
1,FSHCM63.62
2,FAHBZ12.17
2,FXJYN38.69
2,FYNLJ27.15
2,FHNFQ33.62
1,FJXSRPY53.72
1,FSCPS35.29
1,FGXGL69_FDME220052124-1a.40
1,FXJKS21.14
NA,FHuNHHMY49.39
2,L1EFC230239_FHLJZD23_S84_L001.96
2,FSDLZ12.154
1,FYNLJ35.26
1,FHuNHHMY70.7
1,FAHBZ5_FDME220050687-1a.109
1,FTJBH74.63
1,FFJLY78.106
2,FHNFQ60hun.75
2,FSDJN37.127
2,FSDQZ32.29
2,FHLJZD53.116
2,FNMHHHHT17.159
2,FGSYC6.11
1,FHLJZD15.35
1,FSDJN39.70
2,FSDQZ18.58
2,FYNLJ37.21
1,FGDLZ20.49
NA,FSHCM52.70
1,FSXTY40.5
2,SDHZD17.48
1,L1EFC230282_FXJCJ51_S165_L002.75
2,FHNFQ27.65
2,FHNFQ40.69
1,FSHHK26.5
1,FSXTY28.90
2,FNMHLBE7.202
2,FGSZY13.138
1,L1EFC230277_FXJCJ42_S161_L002.23
1,FSHCM17_FDME220054534-1a.68
2,FSHHK10_FDME220054482-1a.50
2,FHLJZD51.96
2,L1EFC230368_FSHXBX52_S326_L004.36
2,FSHXBX158.6
1,FYNLJ20hun.73
NA,FGDLZ68.106
2,FSHXBX176.26
1,FJSWX76.50
1,FAHBZ25_FDME220050705-1a.65
1,FXJSW13.84
1,FZJTZ53.54
2,FGZ2M.21
1,FNMHLBE31.26
1,FNMHLBE34hun.96
2,L1EFC230284_FXJCJ58_S167_L002.98
1,FHHMY79.100
1,FSCDJY22.37
2,FJLHD18.37
1,FHNXY9.82
1,FeceHeNa20.45
2,FZJHZD15.37
1,FSCPS45.47
1,FJXSRPYG9.58
2,FNXYCHL39.32
1,L1EFC230300_FXJWS27_S226_L003.99
1,FFJLY9_FDME220051246-1a.89
1,FSCDJY49.43
2,FHuNHHMY30.70
2,FTJBH28.11
1,L1EFC230250_FHLJZD56_S135_L002.77
1,FAHWH10.8
2,FSXTY27.31
2,FSHCM15_FDME220054532-1a.63
2,FXJSW17.83
2,FQHXN69.32
1,FGXGL1_FDME220052056-1a.143
NA,FHLJYC22.81
2,FHLJZD17.53
1,FGXGL81_FDME220052136-1a.125
1,FGDLZ24_FDME220051919-1a.59
1,FGSZY2.19
1,M2CF07.19
1,FHuNHHMY16.14
2,FSDLZ17.32
1,FJXSRPY17.45
1,FZJTZ60.75
1,FAHWH05.95
2,FHBSJZ60_FDME220052251-1a.4
1,FSCDJY76.139
2,FSDQZ39.115
2,FQHXN76.130
1,FSDLZ31.56
1,FBJ60.47
1,FAHBZ42_FDME220050719-1a.109
1,FeceGuXi150110.96
1,FeceHuNa150119.10
2,L1EFC230292_FXJWS12_S175_L002.69
2,FHNXY22.14
1,L1EFC230318_FTJS0001_S244_L003.37
1,FYNLJ46.66
1,FeceHuNa150118_FDME220052267-1a.24
1,FYNLJ23hun.73
2,FBJ44.45
1,FGXGL45_FDME220052100-1a.92
2,FSCCD2.101
1,FGDLZ28.34
1,FGZ28M_FDME220052025-1a.103
2,FHNFQ39.69
2,FJXSRPYG41.95
1,FGXGL41_FDME220052096-1a.93
1,FQHXN45.132
1,FZJTZ15.62
2,L1EFC230273_FXJCJ38_S157_L002.63
2,FGXGL84_FDME220052139-1a.78
1,FHuNHHMY83.96
2,FGXGL74_FDME220052129-1a.50
1,FSXTY14.71
2,FNMHHHHT15.152
1,FSHXBX157.119
1,FJSNT36.80
1,FJSWX83.49
1,FSHHK25_FDME220054495-1a.48
1,FJXSRPY8.38
2,FHNFQ21.37
1,FSDJN62.94
2,FAHWH44_FDME220050761-1a.85
1,FGDLZ81_FDME220051959-1a.66
1,FHNXY62.16
1,FGXGL101.13
2,FSDQZ16.41
1,FGDLZ55_FDME220051935-1a.2
1,FHLJYC1.22
1,FGSZY23.41
2,FGSZY34.98
1,FJLHD6.120
2,FHNXY51.8
2,FQHXN102.35
2,FeceHuNa15011_FDME220052259-1a.54
2,FSXLVLS19.63
1,FJLHD39.75
2,FJSNT67.108
2,FGSYC7.28
1,FXJYN19.130
2,FHNFQ29.3
1,FHNXY8.82
2,FJLHD7.70
2,M202F01.31
NA,FGXGL65_FDME220052120-1a.141
2,FSXTY50.86
2,FHLJDQ7.116
2,FXJKS13.121
2,M2CF01.49
1,FSCDJY38.118
2,FQHXN43.5
1,FZJTZ13.100
1,FJSWX82.1
2,FHBSJZ5.35
1,FZJTZ24.44
2,FHLJZD58.16
2,FGSZY30.29
1,FHLJYC38_FDME220052687-1a.73
2,FBJ61.28
2,FSDJN23.2
1,FJSWX107.25
1,FeceHeNa27.66
1,FTJBH41.61
2,FHNFQ12.77
2,FTJBH38hun.35
1,FNMHHHHT19.38
1,FBJ58.38
1,M2CF08.68
1,L1EFC230393_FSHXXA37_S36_L003.108
1,FHuNHHMY80.48
1,FGXGL43_FDME220052098-1a.66
2,FJSWX100.42
1,FSHXHZ9.26
2,FZJTZ54.37
2,FJLHD30.110
1,FGXGL40_FDME220052095-1a.72
1,FGDLZ77_FDME220051942-1a.49
1,FCQNA43.111
1,FGDLZ70.40
2,FJSWX99.49
1,FYNLJ19hun.66
1,FNMHHHHT37.147
1,FCQTY031_FDME220051125-1a.141
1,FGZ3M_FDME220051970-1a.129
1,FeceHeNa17.101
2,FCQTY079_FDME220051154-1a.38
1,FJLHD52.83
2,FJXSRPY15.88
1,FQHXN72hun.53
2,FeceHuBe15013_FDME220052831-1a.150
1,FGXGL56_FDME220052111-1a.50
2,FSHXBX9.14
2,FQHXN73.103
2,FGSZY36.25
2,FHLJYC14.70
2,FSDQZ35.70
1,FSHXHZ18.21
2,FHLJYC29.125
2,FGSZY29.71
2,FAHBZ60_FDME220050735-1a.14
2,FXJKS10.44
2,FJXSRPY37.18
2,FSDQZ24.26
2,FGXGL22_FDME220052077-1a.81
2,FSDLZ15.75
2,FAHWH14.44
2,M1C9.81
2,FZJHZD6.143
2,FGSZY42.54
2,FGSYC82.86
