tree_group,mag
1,FXJSW13.1
1,FQHXN61hun.108
2,FSXLVLS20.54
1,FGSYC87.56
1,FXJCJ48.56
1,M203F02.25
1,FQHXN109.79
1,FXJKS5.122
1,FSHXBX74.91
2,FYNLJ56.86
2,FSHXBX67.13
1,FAHBZ48_FDME220050725-1a.10
1,FGSYC90.40
1,M2CF07.12
2,FSHXBX167.140
1,M1DZ03.21
2,FHNFQ27.15
1,FSHXBX23.17
1,FQHXN76.133
1,FGSYC86.8
2,FJXSRPY44.1
1,FXJKS2.135
1,L1EFC230297_FXJWS23_S223_L003.72
1,M104R01.18
1,FXJKS39.90
1,FQHXN99.99
1,FSHXBX106.142
1,L1EFC230300_FXJWS27_S226_L003.118
2,FAHBZ44_FDME220050721-1a.131
1,FGSZY39.8
1,FGSYC61.25
1,FGSZY11.65
1,FXJCJ31.87
1,FAHBZ20_FDME220050700-1a.179
1,FGSYC59.42
1,FAHBZ22_FDME220050702-1a.12
1,FeceHuNa15017.14
1,FXJWS43.75
1,FSHXBX116.5
2,FYNLJ58.86
1,FHNXY32.71
2,FNMHLBE23.6
1,M1DZ04.38
2,FCQNA15.54
1,M1C5.111
2,FAHBZ11_FDME220050693-1a.39
2,FXJKS10.64
1,FXJSW6.37
1,FGSZY57_FDME220051907-1a.70
2,FAHBZ43.104
1,L1EFC230312_FXJWS44_S238_L003.90
2,L1EFC230346_FJXFC22_S304_L004.18
2,FHLJZD59.60
2,FZJTZ49.1
2,L1EFC230368_FSHXBX52_S326_L004.1
1,M120R01.20
2,FGSYC70.29
1,FSHXBX156.76
1,FSHXBX57.44
2,FNMHLBE20.41
1,FAHBZ5_FDME220050687-1a.42
1,FSHXBX103.95
1,M1DZ02.35
1,L1EFC230379_FSHXXA03_S337_L004.74
1,FGSYC55.71
1,FAHBZ1_FDME220050683-1a.68
2,FYNLJ80hun.65
1,FXJKS23.39
1,FQHXN86.103
1,L1EFC230257_FXJCJ13_S142_L002.20
1,FNMHLBE19.52
2,FHLJYC35_FDME220052684-1a.46
1,FSXLVLS2.24
1,FHNFQ43.45
1,M1DZ05.44
2,FJXSRPY11.4
2,FJLHD52.120
2,FYNLJ79.4
1,FXJSW9.18
1,FXJYN11.86
1,FXJKS42.106
1,FQHXN32.4
1,FXJKS51.27
2,FAHBZ34.56
1,FXJYN38.15
1,FHBSJZ55.39
1,FXJYN10hun.44
1,FGSYC25.60
2,FHLJYC26.74
1,FQHXN63hun.41
1,L1EFC230273_FXJCJ38_S157_L002.78
1,L1EFC230268_FXJCJ27_S152_L002.95
1,FXJKS3.74
1,FXJSW12.32
2,FSHXBX27.124
1,FQHXN87.54
2,FNMHHHHT15.119
2,L1EFC230358_FSHXBX08_S316_L004.12
2,FYNLJ67.56
1,FSHXBX166.134
1,FQHXN72hun.82
1,FAHBZ56.52
1,FXJSW2.106
2,FNMHLBE32.1
2,FHBSJZ46_FDME220052237-1a.40
1,FXJKS6.130
2,FHNFQ26.129
1,FXJYN39.55
2,FXJSW10.105
2,FJLHD2.59
1,FAHBZ31_FDME220050711-1a.97
1,M1DZ01.2
2,L1EFC230295_FXJWS19_S222_L003.98
1,FAHBZ53.25
2,FAHBZ33_FDME220050713-1a.70
1,FQHXN106.57
2,FJLHD31.37
1,FHNFQ47.61
2,FJXSRPY43.50
2,FGD17M_FDME220052001-1a.82
1,FGSZY14.120
1,FTJBH33.125
2,FHNFQ7.67
2,FXJKS20.38
2,FYNDL18hun.8
2,FGXGL10_FDME220052065-1a.28
1,FXJWS17.55
2,FXJKS28.72
1,M207F01.20
1,FGSZY53_FDME220051904-1a.23
1,FSHXBX153.85
