tree_group,mag
1,FGXGL39_FDME220052094-1a.62
1,FJNDD8_FDME220051225-1a.17
2,FSXTY22.45
2,FXJKS30.60
1,FGXGL100.58
1,FGDLZ20.59
2,FGZ37M_FDME220052037-1a.110
1,FHuNHHMY39.63
1,FHuNHHMY55.29
2,FQHXN64hun.11
1,FSHCM31.143
1,FHuNHHMY70.23
1,FGXGL15_FDME220052070-1a.7
1,FGXGL79_FDME220052134-1a.10
2,FXJCJ29.65
2,FGSZY39.13
1,FGXGL32_FDME220052087-1a.178
1,FHLJZD9.97
1,FHuNHHMY1.26
1,FSHCM89hun.70
2,FHuBWH7.61
1,FGXGL22_FDME220052077-1a.57
2,FGDLZ12_FDME220051914-1a.60
2,FQHXN67hun.19
1,FGDLZ5_FDME220051909-1a.1
1,FCQTY156_FDME220051192-1a.36
1,FGDLZ53.44
2,M1C2.49
2,FGDLZ82_FDME220051960-1a.81
1,FeceGuXi150112.15
1,FCQTY063_FDME220051143-1a.33
1,FHuNHHMY13.104
1,FCQTY166_FDME220051197-1a.119
1,FGXGL76_FDME220052131-1a.44
1,FGDLZ72_FDME220051953-1a.46
2,FQHXN79.52
2,FXJWS13.74
1,FGXGL71_FDME220052126-1a.93
1,FCQTY031_FDME220051125-1a.99
2,L1EFC230311_FXJWS42_S237_L003.49
2,L1EFC230292_FXJWS12_S175_L002.55
