tree_group,mag
1,FGDLZ42.15
2,FeceHuNa150134_FDME220052277-1a.21
2,FCQTY054_FDME220051137-1a.81
2,FHNXY3.28
2,FJSWXJ1.68
1,FSHHK35_FDME220054504-1a.55
2,FFJLY59_FDME220051278-1a.40
2,FQHXN4.54
1,FYNDL6.48
2,FZJTZ55.90
2,FHNXY13.70
2,FBJ35.33
2,FHNFQ46.48
2,L1EFC230342_FJXFC16_S268_L003.42
2,FZJTZ33.54
2,FJXSRPY22.36
2,FGSZY38.29
2,FFJLY11_FDME220051248-1a.52
2,FeceHuBe150122_FDME220052843-1a.34
2,FHuBWH20.46
2,L1EFC230251_FXJCJ01_S136_L002.51
2,FQHXN69.143
1,FeceHuBe15019_FDME220052837-1a.11
2,FGSZY33.52
2,FSXTY60.33
1,FXJYN31.5
2,FFJLY77.56
2,FSXTY19.58
2,FGDLZ51.74
2,FGD19M_FDME220052006-1a.66
2,FGD16I1_FDME220051999-1a.25
2,FHuNHHMY37.39
1,FCQNA11.86
2,FSDQZ33.117
1,FSDQZ18.24
2,FZJTZ31.98
2,FSHXBX129.63
2,FGSYC82.84
2,FeceHuNa150118_FDME220052267-1a.46
2,FSDJN29.38
2,FXJKS43.29
2,FYNLJ69.117
2,FGDLZ48.45
2,FSHHK36_FDME220054505-1a.73
2,FCQNA10.46
2,FHBSJZ18.61
2,FGSZY46.59
2,FGSYC86.112
2,FQHXN85.27
1,FTJBH18.25
1,FSCPS37.17
2,M1C3.75
2,FGSZY20.27
2,L1EFC230255_FXJCJ07_S140_L002.71
2,FSDQZ28.48
2,FJSNT4.90
2,FHuNHHMY75.18
2,FZJTZ43.26
2,FSHCM14_FDME220054531-1a.104
2,L1EFC230318_FTJS0001_S244_L003.113
2,FGXGL59_FDME220052114-1a.52
1,FAHWH03.28
1,FSHXWN9.87
2,FHLJYC16.49
1,FJSWX72.2
2,FGDLZ53.47
2,FXJKS20.98
2,FZJTZ34.43
1,BJCY3.59
1,FJND23_FDME220051214-1a.3
1,FSHXXA47hun.7
1,FZJHZD27hun.1
2,BJCY1.27
1,FHLJZD51.5
1,FGZ29I2_FDME220052039-1a.9
1,FSHHK12hun.31
2,FGXGL19_FDME220052074-1a.100
2,FBJ69.61
2,FJSNT71.24
2,FGSZY30.119
1,FJLHD27.14
2,FYNLJ45.86
2,FQHXN53.29
2,FHBSJZ61_FDME220052252-1a.74
1,FTJBH14.28
2,FGXGL45_FDME220052100-1a.89
2,FHuNHHMY80.56
2,FCQTY036_FDME220051128-1a.28
2,FCQTY157_FDME220051193-1a.41
2,FGXGL74_FDME220052129-1a.138
2,FSHXHZ24.100
1,FJLHD47.23
1,FHBSJZ26.33
2,FGSYC73.73
1,FSHXBX142.89
2,FCQTY050_FDME220051135-1a.45
2,FSCPS4.11
2,FGSZY8.15
2,FHuNHHMY47.63
2,FeceHuNa150126.9
2,FSHXBX152.42
2,FSXLVLS17.33
2,FJXSRPYG19.30
2,FNMHLBE19.36
1,FJNDD14_FDME220051231-1a.136
1,SDHZD17.86
2,FHNXY29.97
2,FAHBZ3_FDME220050685-1a.28
2,FSXTY2hun.54
2,FQHXN23.88
1,FNXYCHL8.23
2,FQHXN28.34
1,M2CF16.5
2,FXJSW47.24
2,FJSWX89.43
2,FHLJZD41.35
2,FNXYCHL30.109
1,FSXTY53.63
2,FHNFQ26.32
2,SDHZD2.95
2,FCQTY058_FDME220051138-1a.31
2,FGXGL69_FDME220052124-1a.18
2,FSXLL17.37
2,FHNXY61hun.40
1,FSXTY54.64
2,WH4_FDME220052854-1a.19
2,FAHBZ1_FDME220050683-1a.23
2,FCQNA26hun.35
2,FHNFQ6.38
2,FHNFQ33.80
2,FNXYCHL26.16
2,FSHCM16_FDME220054533-1a.70
2,FGSZY40.14
1,L1EFC230330_FTJS0027_S256_L003.58
2,FHuBWH13.43
1,FeceHuNa150114_FDME220052265-1a.110
2,FCQNA23hun.14
2,FXJCJ65.24
2,FHNFQ55.44
1,FHBSJZ45_FDME220052236-1a.29
,FAHBZ25_FDME220050705-1a.42
2,FJXSRPY26.19
,FBJ50.65
2,FSCDYJ7.62
2,FZJHZ17.14
2,FYNLJ65.70
2,FYNLJ51.46
1,FSHXBX37.25
2,FAHWH15_FDME220050740-1a.55
2,FZJTZ41.60
2,FGXGL33_FDME220052088-1a.88
2,FSCDJY45.59
2,M1C6.166
2,FSCCD8hun.75
1,M2CF19.49
2,FNMHHHHT31.126
2,FZJTZ58.18
2,FXJSW42.41
1,L1EFC230242_FHLJZD30_S85_L001.52
2,FSCPS11.137
2,FXJCJ47.16
1,FXJYN29.88
2,FGSYC27.42
2,FBJ22.69
2,FAHWH44_FDME220050761-1a.79
2,FSDQZ38.162
2,FGXGL91.21
2,FQHXN68.112
2,FSHCM61hun.37
2,FGSYC57.96
2,FeceHeNa26.144
2,FQHXN89.88
2,FAHBZ61_FDME220050736-1a.44
2,FXJWS6hun.125
2,FHNXY22.8
2,FSXLVLS25.25
2,FSHXWN24.42
2,FSDQZ3.56
2,FGXGL1_FDME220052056-1a.70
2,FAHBZ15.58
2,FGXGL64.46
1,FXJKS19.37
2,FJXSRPY54.44
2,FJLHD25.76
1,FXJWS3.3
2,FNXYCHL60.24
1,FSHXWN14.32
2,FSHXXA25.28
2,FXJWS16.20
2,FAHBZ14.37
2,SDWF1.18
2,FXJWS29.64
1,FHLJZD6.16
1,FNXYCHL58.66
2,FSHXBX38.19
2,FSXLVLS14.88
2,FeceHeNa31.65
2,FSHHK27hun.73
2,FZJTZ67.5
1,FJSWXJ33.49
2,FQHXN22.34
2,FXJWS9hun.33
2,FZJTZ49.12
2,FSXLVLS6.42
2,FZJTZ10.35
2,FHNFQ20.101
2,FYNLJ56.40
2,FAHBZ29_FDME220050709-1a.41
2,FSHHK50_FDME220054517-1a.121
1,HeNJZ7hun.1
2,FSDQZ16.174
2,FSXTY35.105
1,FJXSRPY25.5
2,FSDQZ49.51
2,FAHBZ23_FDME220050703-1a.50
2,FHNXY7.179
2,FFJLY53_FDME220051276-1a.33
2,L1EFC230395_FSHXXA48_S38_L003.6
1,FJNDD16_FDME220051233-1a.54
1,FFJLY8_FDME220051245-1a.34
2,FQHXN92.83
2,FSCDJY41hun.20
2,FHuBWH40.25
1,L1EFC230371_FSHXBX56_S329_L004.3
2,FSHCM51.25
2,FSDJN59.32
2,FSHHK9.129
2,FFJLY7_FDME220051244-1a.67
2,FAHBZ19.70
2,L1EFC230339_FJXFC12_S265_L003.98
1,FYNDL20hun.48
1,FGXGL41_FDME220052096-1a.72
2,FBJ60.10
2,FNXYCHL91.58
2,FGSYC35.48
2,FHBSJZ37.29
1,FNMHHHHT10.47
2,FNXYCHL71.90
2,FFJLY32_FDME220051261-1a.78
1,FNMHHHHT16.73
1,FJSWXJ6.52
2,FNMHLBE17.68
2,FGXGL72_FDME220052127-1a.10
2,FNXYCHL68.56
1,FSHXWN34hun_FDME22H000409-1a.4
2,FAHBZ39_FDME220050716-1a.69
1,FCQTY106_FDME220051177-1a.64
2,FGSYC38.42
1,FXJYN4.48
2,FJXSRPY13.11
2,FZJTZ62.35
2,FFJLY5_FDME220051242-1a.39
2,FHNXY43.8
2,FeceHeNa20.63
2,FSHXXA12.13
1,FeceHuNa150111_FDME220052262-1a.65
1,L1EFC230287_FXJCJ63_S170_L002.41
2,FNMHLBE10hun.19
2,FBJ55.35
1,FQHXN8.40
2,FHLJYC35_FDME220052684-1a.63
2,FNXYCHL69.41
2,FSHXBX140.40
2,FHuBWH18.31
1,FSHXWN15.30
2,FQHXN40.41
2,L1EFC230237_FHLJZD20_S82_L001.28
2,FGXGL53_FDME220052108-1a.10
2,FGDLZ31.4
2,FJSNT20.92
2,FNXYCHL66.29
2,FJLHD4.66
2,FAHBZ33_FDME220050713-1a.8
2,FNMHLBE14.119
2,FeceHuNa150140_FDME220052283-1a.74
2,FHuBWH16.13
1,FJSWX79.20
2,FeceHeNa6.7
2,FHLJZD43.85
2,FSDJN33.75
2,FHuNHHMY58.109
2,FAHBZ11_FDME220050693-1a.62
1,FXJYN28.10
2,FSCPS8.44
2,FSXTY62.25
1,L1EFC230308_FXJWS37_S234_L003.25
2,SDHZD19.8
1,FNXYCHL89.121
1,FJSWXJ32.46
2,FJLHD16.23
2,FHNXY25.25
1,FSHXBX135hun.8
2,FHuBWH37.8
2,FJSNT21.37
2,FGSYC15.8
2,FTJBH27.86
2,FXJYN9.23
1,FSHXXA30.2
1,FYNLJ34.11
2,FGSZY12.75
2,FJSWXJ7.14
2,FJSWX101.37
1,FTJS031.9
1,FCQTY136_FDME220051181-1a.16
2,L1EFC230349_FJXFC31_S307_L004.38
2,FSDJN12.186
2,FSHXHZ20.78
2,SDYT1.15
2,FJXSRPYG1.97
1,FQHXN65.11
2,FSCPS69.163
2,M1C9.82
2,FGXGL94.30
2,FHBSJZ1.2
2,FJSWXJ20.18
1,FSHXBX26.46
2,FHLJYC40.56
2,FGZ32I2_FDME220052032-1a.5
2,L1EFC230351_FJXFC35_S309_L004.135
2,FNMHHHHT41.66
2,FGXGL93.37
2,FGXGL21_FDME220052076-1a.57
1,FXJCJ57.9
1,FSHXBX159.49
1,FSHXXA22.47
2,FAHWH06.58
2,FJSWXJ16.50
2,FCQTY097_FDME220051172-1a.56
2,FSXLVLS3.133
2,FXJYN32.58
2,FSXTY1hun.117
1,FCQTY016.3
2,FGDLZ85.31
1,FZJTZ37.52
2,FGSZY36.63
2,FQHXN72hun.118
2,FYNDL13.46
2,FXJKS51.145
1,FSCCD19.103
2,FSHHK30_FDME220054499-1a.134
2,FXJKS50.138
2,FYNDL2.44
2,FSDLZ33.41
2,FHuNHHMY61.79
2,FJXSRPY11.101
2,FTJBH72.28
2,FJSNT35.45
2,NMGWLCB1hun.4
2,FHuBWH39.2
2,FCQTY105_FDME220051176-1a.60
2,FHBSJZ13.44
1,FZJHZ5.10
1,FJSNT33.71
1,BJHD5.33
2,FAHBZ18_FDME220050698-1a.38
2,FJSNT43.54
2,FAHBZ4_FDME220050686-1a.28
2,FFJLY2.17
1,FJSNT60.14
2,FCQNA15.90
2,FXJSW48.20
2,FCQNA5hun.82
2,FZJTZ4.112
2,FGZ1M.10
2,FHNXY44.2
1,FSHXXA19.17
1,FGDLZ41_FDME220051924-1a.47
2,FSDQZ31.62
2,FHuNHHMY15.7
1,FSDJN15.74
2,FSDLZ15.93
1,FYNLJ67.23
1,FHBSJZ56_FDME220052247-1a.98
2,FYNLJ76.82
1,HNZZ16_FDME220052294-1a.6
1,FSHXWN30.46
1,FXJWS48.83
2,FSDJN7.65
2,FZJHZ4.23
2,FSXTY7hun.54
2,FHuNHHMY38.105
2,CS7.14
1,FCQTY067_FDME220051145-1a.10
1,FSDLZ19.47
2,SHXXY1hun.10
2,L1EFC230257_FXJCJ13_S142_L002.16
2,FNMHLBE35.132
1,FHNXY60.109
2,SDHZ9.24
1,FJND24_FDME220051215-1a.19
2,FNXYCHL3hun.106
2,FJSWXJ23.8
2,FFJLY37_FDME220051266-1a.80
1,FCQTY154_FDME220051190-1a.16
2,FSCPS95.57
2,FNXYCHL20.48
2,FSXLVWS6.61
2,FeceHuBe15017_FDME220052835-1a.95
2,FXJSW22.71
2,FYNLJ61.40
2,FSDLZ56.66
2,FHuNHHMY13.65
2,FFJLY66.52
2,FeceHeNa29.15
2,FYNLJ21hun.1
2,FCQTY035_FDME220051127-1a.14
2,FSCPS39.53
2,FZJHZD16hun.18
2,FHNFQ59.42
1,FSHXBX120.65
2,FSDJN9.84
2,FSCPS31.131
2,FSDJN57.43
2,FAHBZ6_FDME220050688-1a.44
1,FZJHZ14.33
2,FCQNA2.106
2,FQHXN80.55
2,FHBSJZ24.33
2,FTJBH41.58
2,L1EFC230370_FSHXBX55_S328_L004.14
1,FFJLY74.14
1,FSHXBX144.34
2,FeceHuNa150123_FDME220052271-1a.63
2,FHNXY47.72
2,FSHXBX169.72
1,HuNCS6.23
1,FNMHLBE9hun.121
2,FSCDJY31.121
2,FSHCM95.26
2,FXJCJ41.58
2,FXJKS16.20
2,FXJCJ4.67
1,FZJZJ3.9
2,FSDQZ27.145
2,SDHZD14.33
2,FZJHZ15.14
2,FSCPS57.13
2,FSDQZ41.30
2,FHuNHHMY3.65
2,FJXSRPY23.26
2,FHBSJZ7.8
2,FJXSRPYG3.30
2,FSDQZ5.48
2,FYNDL21hun.82
2,FFJLY75.99
2,FSCDJY94.118
2,L1EFC230285_FXJCJ59_S168_L002.137
2,FSDJN56.29
1,FXJSW24.18
1,SDWF3.5
2,FSXLL12.28
2,FBJ9.31
2,FSHXBX29.9
1,FGDLZ10_FDME220051912-1a.41
2,FHNFQ22.67
2,FSHXBX61.28
1,FJSWXJ17.18
2,FSCCD4.91
1,FHBSJZ12.16
2,FHNXY5.72
2,FSDQZ42.155
2,FAHWH17_FDME220050741-1a.32
1,HuBHS2_FDME220052857-1a.11
2,FYNDL18hun.30
2,FSXTY48hun.55
2,FQHXN51hun.32
2,FJXSRPY24.29
2,L1EFC230304_FXJWS33_S230_L003.49
1,FSHXWN8.70
2,FZJTZ18.50
1,FSHXHZ5.22
2,FSDJN20.114
2,FGSYC48.67
1,FSHHK3_FDME220054479-1a.45
2,FSXLVLS13.91
2,FGXGL88.46
2,FJSWX104.25
1,L1EFC230366_FSHXBX48_S324_L004.33
1,FAHWH05.62
2,FSXLVLS19.98
2,FJXSRPY16.62
1,FXJWS18.31
2,FXJSW38.83
2,L1EFC230259_FXJCJ15_S144_L002.44
2,JSCZD11.22
2,FCQNA13.65
2,FSHHK5hun.54
2,FJSNT58.33
1,FeceHuNa150113_FDME220052264-1a.25
2,FSHXBX74.82
2,FeceGuXi150116.61
2,FGSYC42.27
1,HuNCS3.9
2,FJXSRPY37.19
2,FGSZY24.56
2,FSDJN13.66
2,FeceGuXi150112.4
2,FSCPS6.3
2,FHNFQ53.63
2,FZJTZ36.43
1,FBJ28.88
2,FYNDL10hun.48
2,FTJS006.44
1,FSHXBX116.15
2,FNMHLBE25hun.40
2,FGDLZ84_FDME220051962-1a.159
2,FGZ38M_FDME220052048-1a.97
2,FSHCM39.150
2,FHuBWH4.12
2,FSXTY8hun.92
2,SDZC2.7
2,FJNDD13_FDME220051230-1a.25
2,SDHZ10.18
2,FSXTY29hun.40
2,FeceHuNa15012_FDME220052260-1a.19
2,FHNXY18.34
1,FSCPS89.36
2,FGXGL51_FDME220052106-1a.92
2,FYNLJ50.32
1,FTJBH13.28
2,FZJJH7.27
2,M2CF07.20
2,FZJJHD3.20
2,FSHHK2.48
1,FZJHZD26.63
2,FNMHHHHT32.114
2,FCQTY165_FDME220051196-1a.50
2,FSDLZ03.48
2,FSCDJY76.22
2,FHBSJZ2.32
2,FJSWX92.47
1,FXJWS4.65
2,FNXYCHL42.45
2,FHNFQ10.2
2,FJNDD3.3
1,M2CF13.47
1,FAHBZ43.149
2,FSDLZ25.29
2,FHNXY1.5
2,FSXLVWS1hun.33
2,FJLHD35.48
2,FBJ52.40
2,FQHXN14.190
2,FNXYCHL72.35
2,FXJYN5.1
1,FNXYCHL27.26
2,SDJN3.9
2,FGSYC37.21
1,FSCPS45.97
2,FHBSJZ23.15
1,FGZ37I1_FDME220052044-1a.10
2,FZJTZ69.138
2,FHLJZD27.113
2,FSHXBX80.21
2,FSDJN51.17
2,FJSWXJ35.2
,FHNXY63.8
1,L1EFC230388_FSHXXA20_S346_L004.54
2,FHNFQ13.70
2,FXJKS5.145
2,FNXYCHL63.77
2,FSDJN34.65
2,FCQTY152_FDME220051189-1a.14
2,FNMHHHHT11.90
2,FNXYCHL2.34
2,FBJ20.48
2,FAHWH01.60
1,FCQTY078_FDME220051153-1a.60
2,FSDLZ09.11
2,FYNLJ74.34
2,FBJ41.21
2,FHNXY6.80
2,FeceHuNa150124_FDME220052272-1a.36
2,FSHHK1.41
2,FSDQZ46.88
2,FHLJZD53.24
1,FTJBH40.46
2,FGD16I2_FDME220052000-1a.4
2,FGSZY53_FDME220051904-1a.36
2,FGZ34M_FDME220052034-1a.19
1,FAHWH07.58
1,FHBSJZ36.50
2,HLJDQ3.9
2,FYNLJ23hun.5
2,FSXLVLS2.108
1,FNMHHHHT44.59
2,FGXGL28_FDME220052083-1a.105
2,FXJKS14.98
2,FYNLJ4.25
2,FGXGL34_FDME220052089-1a.53
2,FeceHeNa2.51
1,FeceHuNa150128_FDME220052275-1a.65
2,FeceHuNa150142_FDME220052285-1a.97
1,FGSZY44.44
2,FJLHD2.9
2,FGZ7M.36
2,FSCDJY15.65
2,FSXTY18hun.34
2,FHuNHHMY30.3
2,FJLHD31.36
2,FSDQZ32.111
2,L1EFC230301_FXJWS28_S227_L003.8
2,L1EFC230331_FTJS0028_S257_L003.40
2,FJLHD9.80
1,FZJHZ13.54
2,FSCDJY49.76
1,FGDLZ13.36
2,FHHMY79.46
1,FJSWXJ3.49
2,FHNXY9.13
2,FeceHuNa150120_FDME220052269-1a.86
2,FHBSJZ19.15
1,FGXGL68_FDME220052123-1a.42
1,HNZZ118.4
1,M2CF18.50
1,L1EFC230319_FTJS0003_S245_L003.7
2,FHLJZD9.105
2,FSHXHZ21.40
1,L1EFC230297_FXJWS23_S223_L003.49
2,FAHWH31.34
2,FCQTY049_FDME220051134-1a.26
2,FeceHuBe150136_FDME220052850-1a.38
2,FHNXY31.58
2,FXJKS15.83
1,FGD21I2_FDME220052012-1a.11
2,SDHZD13.40
2,FNMHLBE20.28
2,FJLHD10.51
1,FeceHuNa150145.22
1,FAHWH16.67
1,FSXLL18.24
2,FJXSRPY33.95
1,FHNXY15.46
1,L1EFC230234_FHLJZD07_S79_L001.39
2,FFJLY15_FDME220051249-1a.63
1,HeNJZ5hun.14
2,FHuNHHMY77.25
1,FZJJH12.69
2,FSCDJY57.70
2,FHBSJZ51.31
2,FHNFQ57.18
1,FGSZY52.29
2,L1EFC230346_FJXFC22_S304_L004.42
2,FXJSW15.56
1,FSHHK40_FDME220054509-1a.58
2,FAHBZ30_FDME220050710-1a.25
2,FTJBH50.56
2,FeceHeNa17.91
1,FSHXWN11hun.45
1,FJFZ1_FDME220051165-1a.4
2,FZJTZ7.23
2,FZJTZ65.54
2,FFJLY60.67
1,FAHWH41_FDME220050758-1a.50
1,FYNLJ35.21
1,FYNDL27hun.51
2,FGDLZ80_FDME220051958-1a.22
2,FJND2_FDME220051160-1a.23
2,FJSNT40.10
1,FCQTY030_FDME220051124-1a.26
2,FSHHK42_FDME220054511-1a.58
2,FeceHuBe150120.48
2,FGZ28I2_FDME220052038-1a.10
2,FSDQZ6.7
2,M2CF08.64
2,FSHXHZ18.123
1,BJCP1.25
1,FGDLZ15_FDME220051915-1a.51
1,FQHXN12.5
2,SDHZD10.44
2,FZJTZ70.44
2,FYNLJ59.46
2,FZJHZD8.50
2,L1EFC230368_FSHXBX52_S326_L004.25
2,FNXYCHL52.14
2,FCQTY033_FDME220051126-1a.28
2,FJSWXJ8.94
1,BJCY4.1
2,FAHWH34_FDME220050751-1a.49
2,FNXYCHL32.56
2,FSCPS41.5
2,FHNFQ58.21
1,JXNC4.36
2,FHNXY55.40
2,FSDLZ26.19
1,SHMX1_FDME220054475-1a.18
2,FYNLJ80hun.34
2,FSXTY11.25
2,FSHCM53.7
2,FTJBH25.14
1,FSXTY10hun.28
2,FSCDJY13.65
2,FJLHD26.54
2,FTJBH48.40
1,FJSWXJ28.145
2,FAHBZ60_FDME220050735-1a.140
2,FSXTY43.26
2,FQHXN108.17
2,FQHXN90.104
2,FAHWH09.78
1,FSHXWN16hun_FDME22H000406-1a.3
2,FSDJN19.50
1,FGSYC74.11
2,FGSZY29.32
1,FSHXWN18.62
2,FHNXY28.22
2,FXJSW17.8
2,FJXSRPYG5.27
2,FHLJZD15.2
2,FAHBZ5_FDME220050687-1a.50
1,FeceHuBe150133_FDME220052849-1a.6
2,FHNFQ43.31
2,M1C14.18
2,L1EFC230350_FJXFC33_S308_L004.25
2,FCQTY141_FDME220051183-1a.5
2,FAHBZ59_FDME220050734-1a.98
2,FHuNHHMY26.22
2,FNMHLBE26.47
2,L1EFC230343_FJXFC19_S301_L004.96
2,FZJTZ9.72
1,FSHXXA32.7
2,FHBSJZ59_FDME220052250-1a.57
2,FGXGL57_FDME220052112-1a.20
2,FJXSRPY30.31
1,FSHXXA42hun.33
2,FSXLVLS11.66
2,FGDLZ36.35
2,FXJKS28.55
2,FXJYN19.147
1,FZJTZ68.40
2,FGSYC25.41
1,HNZZ13_FDME220052291-1a.14
2,FHLJDQ12.88
2,FCQJJ2.30
1,FTJS015.42
2,FXJWS50.2
2,FSHXHZ6.54
2,FCQTY140_FDME220051182-1a.30
2,FSDLZ60.21
1,FSDLZ28.54
1,FeceHuNa150122.24
2,FCQNA14.45
1,FNMHLBE4.67
2,FeceHuNa150139_FDME220052282-1a.54
1,FSHXBX89.3
1,FJSNT19.97
2,FAHWH21_FDME220050743-1a.101
2,FGXGL30_FDME220052085-1a.12
2,FGSZY16.90
2,L1EFC230345_FJXFC21_S303_L004.68
2,FNXYCHL5.48
2,FHLJYC25.70
2,FSHHK46_FDME220054513-1a.59
2,FHNXY50.33
1,FSHXBX90.85
2,FZJTZ53.53
2,FNMHLBE6.11
2,FGDLZ24_FDME220051919-1a.46
1,FSDLZ54.42
1,FJSWX96.91
2,FGSZY11.87
2,FCQTY159_FDME220051194-1a.34
2,FGZ37M_FDME220052037-1a.7
2,FSCPS56.89
1,FCQTY077_FDME220051152-1a.44
2,FBJ44.91
2,FQHXN30.47
2,FYNLJ72.67
2,FSXLVLS4.19
2,FNMHHHHT17.121
2,FNMHHHHT15.46
2,FHLJZD29.30
2,FXJSW41.61
2,FJND22_FDME220051213-1a.6
2,FXJSW16.8
1,FFJLY25.57
2,L1EFC230373_FSHXBX64_S331_L004.20
2,FSCCD22.2
2,FNXYCHL15hun.31
2,FSDLZ20.27
2,FFJLY23_FDME220051254-1a.60
1,FGD6I2_FDME220051979-1a.8
1,FNMHLBE27.83
2,FSXTY36.29
1,FNXYCHL14.28
2,FCQJJ4.59
2,FGSYC76.26
2,FGXGL17_FDME220052072-1a.76
2,FJSNT5.48
1,M2CF10.21
1,FQHXN99.73
1,FGXGL25_FDME220052080-1a.4
2,FSHHK11_FDME220054483-1a.28
1,FBJ25.56
2,FXJYN20.23
2,FCQTY061_FDME220051141-1a.21
1,FGXGL10_FDME220052065-1a.67
2,FXJKS46.25
2,FXJKS37.114
2,FHNXY49.103
2,FCQHC8.65
2,FYNLJ60.2
1,M124R01.117
1,FSHCM72.21
2,FXJSW37.42
2,FSDQZ4.60
2,L1EFC230387_FSHXXA17_S345_L004.52
2,FXJYN8.15
2,FBJ59.15
1,FCQTY059_FDME220051139-1a.15
2,FSHHK14.92
2,FSXLL10.14
2,FCQNA19.36
2,FHNFQ5.75
2,FQHXN34.68
2,FJFZ2_FDME220051166-1a.39
1,FGXGL36_FDME220052091-1a.28
1,FSXLL6.24
2,FHLJYC14.46
1,LNSY6.8
2,FJXSRPY47.31
2,FFJLY33_FDME220051262-1a.72
2,L1EFC230284_FXJCJ58_S167_L002.17
2,FHuNHHMY24.87
2,FZJTZ38.46
2,FQHXN93.111
2,FGZ29M_FDME220052027-1a.10
2,FSHXBX163.58
2,FGSYC41.28
2,FeceHuBe150123_FDME220052844-1a.39
2,FJSNT67.86
1,FSHXBX18.58
2,FSCDJY50.14
2,L1EFC230379_FSHXXA03_S337_L004.32
,FFJLY29_FDME220051259-1a.32
2,NMGHHHT3.9
1,FJND12_FDME220051204-1a.11
2,FBJ43.6
2,FZJHZD25.50
2,FSCDJY63.58
2,FAHBZ31_FDME220050711-1a.62
2,SDJN16.1
2,FSDQZ1.19
2,FJSNT8.27
2,FGSYC6.65
2,FJSNT45.57
1,SHXXA5hun.12
2,FSXTY28.62
2,FSHXBX21.60
2,FZJZJ5.17
1,FHLJYC10.18
2,FXJKS39.72
2,FSHXBX43.58
1,FQHXN18.54
2,FXJSW1.2
2,FBJ13.98
2,FQHXN103.108
2,FGDLZ58.41
1,FSXTY45.94
2,FCQTY084_FDME220051155-1a.113
2,FSCDJY93.94
2,FZJTZ19.167
1,FJSNT30.40
2,FGXGL31_FDME220052086-1a.54
2,FAHBZ40_FDME220050717-1a.28
2,FYNLJ66.128
1,FeceHuBe15013_FDME220052831-1a.133
2,FNMHLBE1.67
2,FBJ15.6
2,M1DZ05.97
1,FXJYN37hun.80
2,FAHBZ57_FDME220050732-1a.60
2,FNMHLBE15.52
2,FSCDJY67.134
1,FGDLZ52.40
2,FZJTZ23.100
2,FHNFQ12.45
2,FSCCD23.100
2,FJSWX88.35
2,NMGCF1hun.18
1,LNSY3.22
2,FTJBH59.30
2,FAHBZ20_FDME220050700-1a.97
2,FHHMY42.43
2,L1EFC230309_FXJWS39_S235_L003.107
2,SDHZD18.15
2,FAHBZ52_FDME220050729-1a.18
2,FSCPS73.98
2,FJXSRPYG32.5
2,FSCCD17.56
2,FSXLVLS18.16
2,FGSYC89.38
2,FCQTY092_FDME220051170-1a.151
1,FZJHZD14.4
2,FSXTY5hun.23
2,FSCPS50.4
2,FGSYC33.24
1,FZJTZ50.23
2,FSHXBX88.45
2,FSXLL19.4
1,FSHXBX15.56
1,FGDLZ77_FDME220051942-1a.2
1,FSXTY33hun.16
2,FHNXY16.28
2,FSXLL11.8
2,FBJ7.156
2,FHBSJZ3.47
2,FSHXBX98.69
1,FSHCM47.39
1,FXJSW44.21
1,FCQNA7.33
2,FHuNHHMY81.20
2,FXJKS3.115
2,FHBSJZ6.36
2,FHuNHHMY29.125
1,FGZ7I2_FDME220051982-1a.12
2,FJXSRPY44.82
2,FSHXXA33.35
2,FNMHLBE12.54
1,FSHCM59.42
1,FSHXXA23.48
2,FNXYCHL73.19
2,FHNXY59.3
2,FSDQZ22.2
2,FSHXHZ8.90
1,FHLJZD55.42
2,FZJTZ5.72
2,FGSYC69.57
2,FFJLY16.53
1,FHLJZD39.25
2,BJHD2.18
2,FHNFQ19.62
1,FGDLZ29.11
2,FJXSRPYG7.39
2,FAHBZ21_FDME220050701-1a.55
2,FAHWH23_FDME220050744-1a.155
2,FQHXN79.65
1,FSDJN10.31
2,FSHXBX156.58
1,FJSWXJ12.36
2,FNXYCHL12.78
2,SDHZD6.87
2,FQHXN94.40
2,BJCY2.16
2,M1C1.111
2,FZJTZ35.59
2,FSHXBX25.37
2,FGZ15I1_FDME220051996-1a.5
1,CS10.28
2,FeceHeNa11.92
2,FZJHZD5.38
2,FNXYCHL44.95
1,L1EFC230378_FSHXXA02_S336_L004.23
2,FSXTY23.51
1,FTJBH37.38
1,FJNDD8_FDME220051225-1a.49
2,FJSNT36.69
2,FHNXY38.33
2,FAHBZ54.35
2,FSDLZ02.28
2,FGDLZ47_FDME220051927-1a.14
2,FNXYCHL22.51
2,FGXGL92.51
2,FJSNT64.21
2,FSDJN25.14
2,FHNFQ30.99
2,FGXGL63_FDME220052118-1a.22
2,FSCDJY33.63
2,FSHXBX114.18
2,FHLJYC17hun.27
2,FGXGL98.11
2,FGDLZ76_FDME220051956-1a.121
2,FNMHLBE28.54
2,L1EFC230341_FJXFC14_S267_L003.53
2,FJSNT39.21
2,FAHBZ48_FDME220050725-1a.87
2,FHNFQ21.41
2,FZJTZ29.25
2,FJND11_FDME220051203-1a.2
2,FXJKS45.30
1,FNMHHHHT28.29
1,FSHHK23hun.55
2,FHNXY42.31
2,FSHXBX166.92
2,FQHXN7.55
2,FFJLY18.5
2,FJSNT18.17
1,FSCDJY55.15
1,L1EFC230380_FSHXXA04_S338_L004.29
2,FJSWX97.1
2,FSCPS54.44
2,FYNLJ40.39
2,FNXYCHL94.19
1,L1EFC230361_FSHXBX31_S319_L004.34
2,FJXSRPYG20.48
2,FNMHLBE24.153
2,FHNFQ45hun.7
2,FGSYC8.33
1,FJSWX91.5
2,FAHWH42_FDME220050759-1a.69
2,FGXGL48_FDME220052103-1a.19
2,FJSNT3.20
2,FJXSRPY43.23
2,L1EFC230274_FXJCJ39_S158_L002.92
2,FAHBZ37_FDME220050714-1a.60
2,FBJ16.85
2,FSHHK48_FDME220054515-1a.90
2,FSHCM86hun.97
2,FJSNT61.39
2,FFJLY71.80
2,FQHXN109.68
2,FGZ5M.41
2,FeceGuXi15011.105
1,FGD16M_FDME220051998-1a.45
2,FSCDJY48.37
2,FJSWXJ42.20
1,HeBSJZ1.17
2,FJXSRPYG18.88
2,FeceHuNa150137.74
2,FTJBH30.17
1,FSHXBX157.172
2,FeceHeNa25.22
2,FQHXN73.100
2,FCQTY108_FDME220051178-1a.39
2,FeceHeNa9.25
2,FAHWH43_FDME220050760-1a.37
2,FAHBZ16.38
1,FHNXY34.73
2,FNMHLBE32.92
2,FQHXN32.61
2,FGSZY3.139
2,FYNLJ52.98
2,FBJ19.43
2,FNMHLBE13.12
2,FYNLJ27.60
1,FeceHuBe150112.51
2,FZJHZD9hun.60
2,FXJSW19.21
2,FHuBWH27.11
2,L1EFC230243_FHLJZD33_S86_L001.29
2,FQHXN45.104
2,FZJJH9.47
2,FZJJH13.2
2,FZJTZ46.2
2,FCQTY101_FDME220051173-1a.57
1,FHLJZD59.51
2,FGDLZ75_FDME220051955-1a.54
2,FCQTY079_FDME220051154-1a.25
2,FGXGL90_FDME220052145-1a.70
1,FSHHK20hun.65
2,FYNLJ79.8
2,FGDLZ6.73
2,FZJHZD2hun.31
2,FSHXXA45.16
2,FFJLY27_FDME220051257-1a.41
2,L1EFC230340_FJXFC13_S266_L003.52
2,FCQTY148_FDME220051187-1a.65
2,FQHXN96.57
2,FGSYC58.7
2,FXJKS11.113
2,FGSYC87.3
2,FHBSJZ53_FDME220052244-1a.8
2,FHBSJZ16.87
2,FJSWXJ9.18
2,FSDQZ14.16
2,FHLJZD2.115
2,SDHZ14.22
2,FSDJN21.54
2,M214F02.76
2,FeceHuBe15015_FDME220052833-1a.86
2,FJSWXJ27.15
2,FSCDJY79.1
2,FeceGuXi150110.34
2,FYNLJ58.29
2,FSDQZ30.121
2,FSHXBX146.56
2,FXJKS2.21
2,FHNXY48.90
2,L1EFC230272_FXJCJ36_S156_L002.24
1,L1EFC230384_FSHXXA08_S342_L004.16
1,FFJLY6_FDME220051243-1a.35
2,FBJ42.49
2,FQHXN19.54
2,FGZ31I2_FDME220052041-1a.6
2,FGSYC91.15
1,FGD21I1_FDME220052011-1a.7
1,FeceHeNa16.58
2,FSHXBX161.58
2,FXJKS8.61
2,FHNXY62.26
2,SDHZ5.19
1,FNMHHHHT13.61
2,FQHXN59.42
1,FGXGL102.132
1,FGXGL37_FDME220052092-1a.14
1,FSHXBX27.90
2,FGSYC9.16
2,FGXGL87_FDME220052142-1a.55
2,M1DZ04.97
1,FGXGL50_FDME220052105-1a.67
1,FGD22M_FDME220052013-1a.29
2,FSHCM85.4
2,FSHHK25_FDME220054495-1a.79
2,FHBSJZ35.34
2,FZJHZ12.13
2,SDHZ2.16
2,FZJTZ24.74
2,FSDQZ29.39
2,FSHXBX167.122
2,FZJJH11.21
1,FQHXN20.8
2,SDHZ15.11
1,FZJHZ3.30
2,FeceHuNa150112_FDME220052263-1a.71
2,FGXGL46_FDME220052101-1a.22
2,FSHCM63.58
2,FeceHeNa23.14
2,FNXYCHL70.95
2,FSXLL2.55
2,FHuNHHMY18.22
1,JSZJ1.28
1,FFJLY26_FDME220051256-1a.1
2,FNXYCHL41.87
2,JSZJ2.30
1,FGDLZ18.39
1,FJSNT55.21
2,FeceHuNa150117_FDME220052266-1a.94
1,FXJSW20.72
2,FHLJZD46.70
1,FSHXWN33.37
2,FGSYC71.43
2,FNXYCHL47.93
2,FHNFQ2.8
2,FZJTZ28.24
2,FAHWH08.31
1,FGZ3I1.4
2,FXJSW32hun.49
2,FJXSRPYG31.45
2,FBJ58.83
2,FSCCD14hun.100
1,FSDJN31.31
2,FCQTY145_FDME220051185-1a.101
,FSHXXA41hun.10
2,FNXYCHL65.76
2,FHNXY17.64
1,FSHXBX154.41
1,FHNFQ7.30
2,FGDLZ20.73
1,FNMHLBE3.67
2,FQHXN58.61
2,FSCCD21hun.44
2,L1EFC230372_FSHXBX62_S330_L004.124
2,FGSYC3.52
2,FHNFQ50.113
2,FYNLJ48.48
2,FSCPS52.46
2,FSXLVLS9.28
1,FSDLZ10.44
2,FSHCM67.63
1,SDJN10hun.9
1,FHNXY12.19
2,FGDLZ62.37
1,FSHHK28_FDME220054497-1a.28
2,FNMHLBE22.73
1,FNMHLBE29.45
1,FSHHK24hun.55
2,FJXSRPY29.33
1,FSDJN16.42
2,FSHXBX91.3
2,FNXYCHL28.46
2,FGDLZ22_FDME220051918-1a.40
2,FJSWXJ5.9
2,FQHXN78.8
2,FSHCM49.31
2,L1EFC230246_FHLJZD42_S89_L001.62
2,JSYZ28.8
1,M2CF20.2
2,FCQTY155_FDME220051191-1a.57
2,FGDLZ66_FDME220051947-1a.52
2,FZJHZD4.19
2,FSDJN4.59
2,FXJYN18.89
2,FSXLVWS8hun.97
2,FeceHuNa15017.6
2,FGSYC68.62
2,FSXLVWS7hun.95
2,FHHMY62.10
2,L1EFC230365_FSHXBX46_S323_L004.15
2,FHBSJZ30.28
2,FSCPS5.68
2,FNMHLBE30.134
1,FSHHK17hun.76
2,FXJYN2.89
2,FSHCM42hun.34
2,FYNLJ57.92
2,FCQHC16.28
2,FSDLZ30.79
2,FGXGL23_FDME220052078-1a.42
2,FHLJYC38_FDME220052687-1a.104
2,FHuNHHMY78.68
2,FSDQZ25.82
2,FGSZY39.83
2,SHXXY2.26
2,FHNXY10.43
2,FAHBZ36.46
1,FXJYN11.80
2,FAHBZ34.71
1,M1DZ08.39
1,FHLJZD1.52
1,FGSZY41.93
1,FSCDJY53.3
2,FQHXN9.28
1,FSXTY44.13
1,FHBSJZ47_FDME220052238-1a.19
2,L1EFC230271_FXJCJ35_S155_L002.58
1,FGXGL38_FDME220052093-1a.90
2,L1EFC230300_FXJWS27_S226_L003.11
2,FSHXHZ14.3
2,FHNFQ11.12
2,FJSWXJ40.97
2,FBJ51.58
2,FSCCD7hun.71
1,FJND18_FDME220051209-1a.39
2,FBJ57.39
2,FHNXY56.28
2,FSDQZ24.42
2,FJSWX105.53
2,FJXSRPY38.116
2,M2CF04.61
2,FHNXY23.36
2,FAHWH25.63
2,FXJYN1.66
2,FGSYC17.24
2,FHNFQ41.28
2,FSDJN27.40
2,L1EFC230244_FHLJZD35_S87_L001.30
2,FSCPS19.33
2,FSHXBX45.8
1,FHLJZD21.92
2,FSHCM15_FDME220054532-1a.59
2,FQHXN48.75
2,BJHD9.24
2,FJSNT2.35
2,FJNDD12_FDME220051229-1a.43
1,L1EFC230364_FSHXBX42_S322_L004.105
2,FAHBZ53.65
2,FZJHZD23.43
2,FQHXN52hun.151
2,FHLJZD17.86
1,FSDLZ22.27
1,FSHXWN37hun_FDME22H000410-1a.59
1,FSXTY57hun.64
2,FHNXY57.47
2,FHBSJZ25.60
2,FNXYCHL29.74
2,FHuNHHMY55.33
2,FSHXWN12.41
2,FSHCM87.49
2,FeceHuNa15016.26
2,FSHHK18hun.65
2,FSXTY61.22
2,FBJ65.146
2,FSXLVLS5.10
2,L1EFC230367_FSHXBX51_S325_L004.25
2,FSDJN38.50
2,FSDJN11.58
2,FCQNA3.33
2,FSXTY63.48
2,L1EFC230336_FJXFC07_S262_L003.22
2,FeceHeNa33.54
2,FCQNA16.58
2,FZJJH14.30
2,FAHBZ50.25
1,FXJWS22.51
1,FTJBH7.105
2,FSDQZ2.99
1,FXJCJ9.31
2,FCQTY162_FDME220051195-1a.82
1,FCQTY070_FDME220051147-1a.70
2,L1EFC230310_FXJWS40_S236_L003.34
2,L1EFC230256_FXJCJ12_S141_L002.16
2,FBJ40.47
2,FeceHuNa15019.17
1,LNSY2.6
2,FSHHK29_FDME220054498-1a.24
2,FHBSJZ55.57
1,FAHWH30_FDME220050748-1a.54
2,SHMX4_FDME220054478-1a.26
1,FSHXWN25.22
2,JSYZ27.15
2,FNXYCHL6.109
2,FBJ30.68
2,FHLJYC32.65
1,FSHXHZ25.90
1,FSXTY9.26
1,FHNFQ51.14
2,FXJSW50.40
2,FHNXY32.87
2,FHLJZD34.69
2,FJSWXJ14.117
2,FGSYC77.95
1,BJHD3.24
2,FHBSJZ57_FDME220052248-1a.10
2,FJXSRPY27.61
2,FZJTZ16hun.65
2,FCQNA39.93
1,SDHZ24.32
2,FJXSRPY55.133
1,FQHXN5.49
2,FNMHHHHT23.30
2,FCQTY123_FDME220051180-1a.15
2,FSXTY25.72
2,FNXYCHL67.101
2,FHNFQ48.68
2,L1EFC230347_FJXFC25_S305_L004.90
1,FHuBWH30.48
2,FJXSRPY49.74
1,FJSNT27.65
2,L1EFC230356_FJXFC54_S314_L004.91
2,FSHXHZ1.79
2,FXJSW2.55
2,FGZ15I2_FDME220051997-1a.3
1,FHNXY26.7
1,FSXTY56.20
2,FGSYC70.7
1,HuNCS4.4
2,FSCCD15.8
2,FGDLZ33_FDME220051920-1a.14
2,FHuBWH23hun.126
2,FNXYCHL19.65
2,FYNLJ19hun.62
2,FSCCD9.59
2,FFJLY17_FDME220051250-1a.58
1,FGSYC43.83
2,M1C4.83
2,FXJCJ34.42
2,FSHXBX122.43
2,M207F02.24
2,FYNLJ70.56
1,FXJSW10.101
1,FCQTY047_FDME220051132-1a.15
2,FeceGuXi150115.58
2,FSDJN43.71
2,FHNFQ47.75
2,FSXLVWS5.35
2,SDHZD9.66
2,M1C12.22
2,FGXGL16_FDME220052071-1a.115
2,FQHXN62hun.115
1,FSHXXA18.31
2,L1EFC230238_FHLJZD22_S83_L001.38
2,FHNFQ62hun.103
2,FHNFQ23.28
1,SDWH1.6
2,FSHXBX153.16
2,FSXLL13.57
2,FSXLL16.84
1,FXJKS7.45
2,FJSWX103.17
2,FGSZY9.75
2,FJSNT15.57
2,FNMHHHHT7hun.49
2,FAHBZ41_FDME220050718-1a.17
2,FNXYCHL11hun.35
2,FBJ54.58
2,FXJCJ16.93
2,FGXGL4_FDME220052059-1a.47
2,FSHHK15hun.11
2,FSXLVWS9.141
2,FZJZJ1.8
2,M2CF05.27
2,FGSYC4.54
2,FSHCM80.95
2,L1EFC230326_FTJS0013_S252_L003.42
2,FSHHK34_FDME220054503-1a.37
1,FCQNA42.51
2,FTJBH47.24
2,TJWQ2.29
2,FXJSW14.2
1,M1C2.4
2,FYNLJ68.50
2,FJLHD22.43
2,FHNXY19.36
2,FHuNHHMY23.8
2,FZJJH6.24
2,FSDLZ12.102
2,DA3.6
1,FSDLZ45.16
2,FZJTZ32.34
2,FTJBH38hun.39
1,FZJTZ39.57
2,FHBSJZ4.111
2,FSHXHZ3.33
1,HuNCS8.14
2,FJSNT23.139
2,FNMHLBE18.108
1,FSXLVLS10.47
2,FSHCM62.27
2,FXJCJ10.11
2,FCQNA22hun.9
2,FSDJN37.45
2,FQHXN83.40
2,FAHWH04.29
2,FSCDJY38.138
2,FHNFQ31.62
1,FZJHZ24hun.30
2,FHNFQ25.59
2,FHNXY40.3
2,FCQNA9hun.113
2,FGZ39M_FDME220052051-1a.28
2,FSHHK37_FDME220054506-1a.3
2,FQHXN70hun.19
2,FSDQZ40.67
2,BJHD7.56
1,FSXLVLS20.81
2,FGSYC46.50
2,FQHXN35.75
2,FQHXN3.45
2,FHLJYC11.15
2,FCQNA20hun.53
2,FXJSW23.53
1,FSHXWN32.35
2,FSDQZ23.39
2,FSCDJY69.178
1,FQHXN105.17
2,FXJKS18.2
