tree_group,mag
1,FSDLZ02.123
1,FSHCM90.164
1,FSCPS11.240
2,FHNXY49.33
1,FHLJYC42_FDME220052691-1a.168
1,FNMHLBE10hun.44
1,FSXLVWS8hun.140
2,FSHXBX108.102
2,FQHXN113.89
1,FSDLZ12.30
1,FSHCM96.107
2,FSXLVWS7hun.16
1,FSHXXA38.19
1,FSHCM62.113
1,FSHCM55hun.37
2,FXJCJ4.113
1,FHLJZD16.10
2,FQHXN45.87
1,FJLHD44.73
1,FHLJYC2.88
1,FJSWX86.8
1,FNMHLBE4.110
1,FSCPS68.2
1,FHLJYC29.131
1,FHLJZD8.49
1,FSCDJY67.181
1,FSXTY15.66
1,FSHCM39.83
1,FHBSJZ11.39
2,FeceHuNa150120_FDME220052269-1a.49
1,FSCPS69.65
2,FXJYN38.71
2,FSDQZ39.43
1,FSDQZ21.49
1,FSHCM53.48
1,FHLJYC38_FDME220052687-1a.114
2,FSHXBX137.77
2,FSHXBX155.58
1,FFJLY78.70
2,FXJYN29.145
1,FSDLZ58.86
1,L1EFC230247_FHLJZD44_S90_L001.1
1,FSHXHZ18.49
1,FAHBZ17.68
