tree_group,mag
1,FXJCJ21.111
2,FSHXHZ10.29
1,FSXTY61.45
2,FHNFQ22.50
2,M2CF11.53
1,FXJYN37hun.57
2,FSCPS50.85
2,FHuNHHMY1.69
2,FSDJN38.23
2,FHLJYC39_FDME220052688-1a.25
1,L1EFC230263_FXJCJ22_S147_L002.61
2,FHuNHHMY70.49
2,FXJWS7.125
2,FSDLZ40.71
2,FBJ65.70
2,FHNFQ20.47
2,L1EFC230325_FTJS0011_S251_L003.43
2,FBJ57.89
1,FSHXXA46.62
2,FSCPS33.4
2,FJLHD55.3
2,FGXGL71_FDME220052126-1a.72
2,L1EFC230383_FSHXXA07_S341_L004.44
2,FHBSJZ23.91
2,FSHXBX167.43
2,FGXGL89_FDME220052144-1a.41
2,FCQNA3.48
1,FXJYN29.53
1,FYNLJ48.37
1,L1EFC230307_FXJWS36_S233_L003.79
2,FSXLVLS3.90
2,FHLJDQ10.44
2,FSDJN11.33
1,FSDLZ36.37
2,FSHCM62.54
1,FQHXN14.168
2,FBJ53.125
1,FCQTY067_FDME220051145-1a.44
2,FGXGL40_FDME220052095-1a.18
2,L1EFC230314_FXJWS46_S240_L003.42
2,FGXGL38_FDME220052093-1a.92
2,L1EFC230345_FJXFC21_S303_L004.82
2,FXJYN18.25
2,FJLHD15.85
2,FHLJDQ12.27
2,FSCDYJ7.144
2,L1EFC230344_FJXFC20_S302_L004.13
2,FSDLZ22.44
1,FQHXN63hun.110
2,FGDLZ58.44
1,FJLHD10.85
2,FSDJN20.45
2,L1EFC230382_FSHXXA06_S340_L004.38
1,FHNXY53.7
2,FSHXBX66.83
1,L1EFC230369_FSHXBX54_S327_L004.72
2,SDHZD17.60
1,FNMHHHHT11.39
2,FSDLZ42.1
2,FNMHHHHT36.56
2,FSDQZ39.56
2,FBJ21.74
2,FNXYCHL2.7
2,FHuBWH28.30
2,L1EFC230393_FSHXXA37_S36_L003.34
1,FQHXN97.8
2,FQHXN24.18
2,FSDLZ50.68
2,FFJLY26_FDME220051256-1a.34
2,FXJCJ19.66
1,FXJSW32hun.43
2,L1EFC230349_FJXFC31_S307_L004.94
1,FBJ2.15
2,L1EFC230387_FSHXXA17_S345_L004.75
2,FGZ36M_FDME220052036-1a.33
2,L1EFC230273_FXJCJ38_S157_L002.67
2,FGXGL41_FDME220052096-1a.44
2,FGZ9M_FDME220051984-1a.71
1,FXJWS10.17
2,FSHCM21_FDME220054536-1a.123
2,FHNXY54.31
2,FGDLZ77_FDME220051942-1a.21
2,L1EFC230332_FTJS0029_S258_L003.49
2,L1EFC230342_FJXFC16_S268_L003.45
2,FGXGL18_FDME220052073-1a.6
1,FQHXN16.28
1,L1EFC230299_FXJWS26_S225_L003.29
2,FGSZY25.43
2,FXJWS6hun.50
2,FSHXBX63.66
2,L1EFC230338_FJXFC11_S264_L003.52
2,L1EFC230392_FSHXXA36_S35_L003.45
2,FSHCM8.22
1,FSDJN12.86
2,FZJTZ25.49
2,FSDJN46.21
2,FHNFQ23.83
2,FFJLY72_FDME220051238-1a.55
1,FAHBZ8_FDME220050690-1a.58
2,FHBSJZ27.109
1,FSDLZ35.10
2,FNXYCHL8.75
2,FSXLL17.124
2,FJSNT23.67
2,FHNXY56.24
2,FHuBWH8.72
2,FSHXWN3.52
2,FSDQZ35.31
2,FSDJN7.19
2,FHBSJZ33.25
2,FSDQZ21.113
2,FTJBH49.26
2,L1EFC230385_FSHXXA13_S343_L004.111
2,FCQHC7.56
2,FeceHeNa26.173
2,L1EFC230262_FXJCJ20_S146_L002.19
1,FSHXWN24.64
2,FTJBH41.38
2,FHBSJZ5.19
2,FSHXHZ7.49
2,FNXYCHL73.36
2,FGDLZ5_FDME220051909-1a.38
2,FSDLZ49.16
1,M1C1.78
2,FJSWX86.11
1,FSHXBX79.94
2,M2CF12.69
1,FXJYN41.15
1,FYNLJ70.66
2,FFJLY11_FDME220051248-1a.15
2,FGXGL61_FDME220052116-1a.77
2,FCQTY141_FDME220051183-1a.98
2,FNMHHHHT13.51
2,FQHXN48.121
2,FSXTY35.85
2,FHBSJZ30.11
2,FSDJN19.33
2,FGDLZ82_FDME220051960-1a.52
1,M203F02.26
2,FGXGL58_FDME220052113-1a.45
2,FQHXN31.48
2,FGXGL53_FDME220052108-1a.97
2,FTJBH37.40
1,L1EFC230291_FXJWS11_S174_L002.16
2,FGSZY3.66
2,FSHCM39.9
2,FSHXWN32.2
2,FNXYCHL66.14
2,FGDLZ19_FDME220051917-1a.15
2,FGXGL44_FDME220052099-1a.46
2,FSHCM14_FDME220054531-1a.51
2,FSHCM56.66
2,FJLHD17.48
2,FTJBH5.65
2,FZJTZ40.22
2,L1EFC230339_FJXFC12_S265_L003.131
1,FQHXN47.32
2,FSCPS4.138
2,FSDQZ30.99
2,FeceGuXi150112.10
2,FSXTY5hun.37
2,FSHXBX145.38
2,FSHCM96.103
2,FHBSJZ21.14
2,FGSZY16.98
2,FJNDD5_FDME220051222-1a.10
2,FHBSJZ34.86
1,FNMHLBE25hun.63
2,FJSNT11.62
2,FBJ25.52
2,FeceHuBe150117_FDME220052839-1a.7
2,FGXGL35_FDME220052090-1a.22
2,FGDLZ55_FDME220051935-1a.108
2,FJNDD19_FDME220051236-1a.8
2,FSDLZ32.11
2,FSXTY52.40
2,FHLJYC21.56
1,FeceHuBe150122_FDME220052843-1a.115
2,FTJBH71.32
1,M2CF13.59
2,FSDQZ3.81
2,FGZ3M_FDME220051970-1a.116
2,FJXSRPYG1.60
2,FSHXBX131.8
2,FHNFQ63.48
2,FSCPS5.52
2,FSXTY31.27
2,FHLJZD8.34
2,L1EFC230319_FTJS0003_S245_L003.49
2,FSDLZ13.76
2,FFJLY18.30
2,FHLJZD6.42
2,FSXTY14.37
2,FHuNHHMY10.7
2,FSCCD11.88
2,FSCPS61.34
2,FQHXN6.46
2,FAHWH34_FDME220050751-1a.72
2,FGDLZ39.70
2,FSHXBX44.13
2,FGDLZ67_FDME220051948-1a.51
2,FSDJN23.20
2,FCQTY054_FDME220051137-1a.96
2,FGXGL100.40
2,FGZ40M_FDME220052053-1a.65
2,FHBSJZ18.33
2,FSHXHZ18.65
2,FGDLZ22_FDME220051918-1a.60
2,FGXGL74_FDME220052129-1a.103
1,FAHBZ53.53
2,L1EFC230377_FSHXBX72_S335_L004.17
2,L1EFC230310_FXJWS40_S236_L003.115
2,FHNXY11.109
1,FHBSJZ59_FDME220052250-1a.1
2,L1EFC230381_FSHXXA05_S339_L004.27
2,FJXSRPY12.45
1,FSDLZ57.38
2,FXJSW3.67
2,FNXYCHL6.108
2,FFJLY74.61
2,FSDJN35.32
2,FSDQZ23.38
2,FJXSRPY17.118
1,FSDJN6.81
2,FTJS030.106
2,FSHXBX14.13
1,FXJSW49.20
1,FNXYCHL64.24
2,L1EFC230395_FSHXXA48_S38_L003.86
2,FGXGL34_FDME220052089-1a.17
1,FHLJZD55.60
2,FHNXY12.39
2,L1EFC230353_FJXFC44_S311_L004.58
2,FSHCM42hun.45
2,FSHXBX98.149
2,FNXYCHL1.93
2,FSXTY10hun.68
2,FNXYCHL10.24
2,FNMHLBE4.9
2,FHLJYC8hun.28
2,FHLJYC12.28
1,FXJYN5.114
2,FSHCM95.36
2,FSHCM3.54
2,L1EFC230312_FXJWS44_S238_L003.16
2,FGDLZ4_FDME220051908-1a.7
2,FGXGL102.27
2,FCQTY091_FDME220051169-1a.28
2,FHLJYC2.8
2,FXJWS13.98
1,FHBSJZ47_FDME220052238-1a.18
2,L1EFC230303_FXJWS32_S229_L003.43
2,FHNXY47.106
2,FTJBH28.77
2,FBJ22.80
2,FGZ11M_FDME220051989-1a.13
2,FHLJYC28hun.15
2,FTJBH13.40
2,FFJLY78.86
2,FYNLJ68.93
2,FSDLZ47.35
2,FNMHLBE2.49
2,FSHXBX126.15
2,FHuNHHMY72.15
1,L1EFC230287_FXJCJ63_S170_L002.13
2,FGD18M_FDME220052004-1a.22
2,FZJHZD19.72
1,FSHXWN27.74
2,FSHXBX157.15
2,FSHCM55hun.1
2,FGSYC60.92
2,FSXTY19.27
2,FSCCD3.29
2,FZJTZ62.84
1,FQHXN30.34
1,FGSYC39.46
2,FJLHD3.62
2,FSCDJY57.78
2,FSDLZ56.88
