tree_group,mag
1,FYNLJ46.65
1,FJSWXJ8.19
2,FAHBZ44_FDME220050721-1a.135
1,FSCPS62.97
2,FXJKS47.52
1,FNMHLBE10hun.29
1,FHLJZD28.81
1,L1EFC230363_FSHXBX41_S321_L004.8
1,FJSWXJ42.123
2,FQHXN69.19
2,FHLJZD51.68
1,FSXTY42.31
1,FNXYCHL56.110
2,FNMHHHHT17.14
1,FGXGL28_FDME220052083-1a.56
1,FHNFQ13.13
1,FSXTY60.3
1,FSXLVWS9.32
1,FSHXBX130.76
1,FZJTZ54.69
1,FJSNT67.55
1,FSHXWN15.126
1,FGDLZ58.18
1,FNXYCHL58.37
1,FNMHHHHT10.99
1,FTJBH19.80
1,FSCPS27.53
2,FSDLZ40.69
1,FNMHHHHT19.26
1,FSXTY54.28
1,L1EFC230355_FJXFC53_S313_L004.39
1,FQHXN22.3
1,FAHBZ59_FDME220050734-1a.119
2,FJSWXJ32.16
1,FHuNHHMY58.17
1,FCQNA43.48
1,FJSNT32.85
2,FSCDJY64.158
2,FGSYC30.92
1,FSHXBX20.126
1,FXJKS36.128
2,FSDJN60.99
1,FJXSRPYG19.70
1,FeceHeNa20.113
1,FSHXBX176.70
1,FGSZY11.58
1,FCQNA15.27
2,FAHBZ2.51
1,FTJS030.121
1,FNMHLBE7.16
1,FBJ29.150
1,FAHBZ10_FDME220050692-1a.138
1,FHBSJZ11.69
1,FGSZY45.19
1,FJSWXJ21.37
2,FAHWH07.36
1,FAHWH05.60
2,M105F01.137
1,FXJSW32hun.92
1,FXJSW11.167
2,FSXLVLS19.65
2,FXJKS13.73
1,FNXYCHL24.110
1,FSCPS4.9
1,FSHXBX5.32
1,FSHHK28_FDME220054497-1a.14
2,FQHXN97.76
1,FAHWH38_FDME220050755-1a.74
1,FGSZY53_FDME220051904-1a.70
1,FGXGL10_FDME220052065-1a.87
1,FJSNT19.108
1,FGXGL26_FDME220052081-1a.91
1,FSHXHZ18.104
1,FAHBZ60_FDME220050735-1a.54
1,FSHCM7.50
1,FGSYC59.44
1,FSHHK42_FDME220054511-1a.128
1,FeceHuNa150137.44
1,M1C9.9
1,FXJCJ43.86
1,FCQTY136_FDME220051181-1a.22
1,FGXGL81_FDME220052136-1a.98
1,FZJTZ26.69
2,FHNFQ12.21
1,FSHCM15_FDME220054532-1a.26
2,L1EFC230372_FSHXBX62_S330_L004.96
1,FSHXBX169.115
1,FGSZY13.56
1,FHNFQ2.104
1,FHNXY63.17
1,FHuNHHMY24.103
1,FGXGL34_FDME220052089-1a.29
2,FAHBZ25_FDME220050705-1a.90
1,FZJTZ11.73
1,FHBSJZ42_FDME220052233-1a.69
1,FGXGL31_FDME220052086-1a.9
1,FHNXY7.53
2,FNMHLBE32.49
1,FHuBWH36.10
1,FHNXY60.115
2,FQHXN68.148
1,FSCPS94.51
1,L1EFC230319_FTJS0003_S245_L003.33
1,L1EFC230300_FXJWS27_S226_L003.78
1,SDHZD11.33
1,FXJYN3.51
1,FeceHeNa2.11
1,FNXYCHL55.81
1,FAHWH02.55
1,FSDQZ29.97
1,FeceGuXi15011.90
1,FNMHLBE31.32
1,FTJBH93.49
2,SDHZ24.95
1,FSHXBX153.91
1,FSDLZ44.38
1,FSHXBX80.38
1,FCQNA6hun.91
1,FJLHD44.127
1,FGDLZ9_FDME220051911-1a.12
1,FGSYC90.84
1,FYNLJ52.11
1,FSDQZ27.130
1,FHNFQ5.17
1,FSHCM42hun.79
1,FHNXY42.6
1,FAHWH04.18
2,FYNLJ76.57
1,FGSZY16.138
1,FSHHK41_FDME220054510-1a.47
1,L1EFC230387_FSHXXA17_S345_L004.30
2,FXJKS39.24
2,FQHXN61hun.74
1,FHLJYC38_FDME220052687-1a.8
1,FSHXBX106.34
1,FHNFQ20.25
1,FTJBH7.96
2,FSHCM49.20
1,FNXYCHL42.83
1,FJSNT58.22
1,FSDJN62.116
1,FQHXN48.83
1,FXJKS49.46
1,FGSYC46.30
1,M1C1.92
1,FJSWXJ2.52
2,FXJSW12.104
1,FHNXY37.8
1,FHLJYC2.145
1,FJSNT61.16
1,FSDQZ43.32
1,FGXGL32_FDME220052087-1a.48
1,FJSWXJ40.18
1,FFJLY33_FDME220051262-1a.25
1,L1EFC230292_FXJWS12_S175_L002.11
1,FSCPS89.57
1,FSHCM100.37
1,FTJBH30.79
1,FSDQZ13.20
1,FHLJZD55.45
2,FXJYN9.69
1,FSHCM96.91
1,FSCPS11.69
1,FSDLZ01.72
1,FJXSRPY17.11
1,FGXGL6_FDME220052061-1a.99
1,FHLJYC5.29
1,FSHHK30_FDME220054499-1a.105
1,FSXLVLS3.161
1,FSHHK25_FDME220054495-1a.25
1,L1EFC230349_FJXFC31_S307_L004.99
1,FSHCM26.43
1,FSCPS69.125
1,FGSZY48.142
1,M1DZ08.3
1,L1EFC230347_FJXFC25_S305_L004.110
2,FSHCM13_FDME220054530-1a.28
1,FHBSJZ60_FDME220052251-1a.34
2,M1C8.184
1,FXJSW48.118
1,FHNXY5.47
1,FSDJN37.24
1,M1C12.73
1,FGSZY51.29
1,FJSWXJ25.56
1,FHBSJZ44_FDME220052235-1a.79
1,FHHMY63.53
1,FSHHK38_FDME220054507-1a.115
1,FSCPS41.10
2,FXJKS51.129
1,FHNXY57.45
1,L1EFC230286_FXJCJ60_S169_L002.19
1,FCQTY010.162
1,FJSWXJ14.150
1,FGD18M_FDME220052004-1a.113
1,FGSZY22.49
2,FXJKS22.179
1,FJXSRPY22.67
1,FSCDJY67.138
1,FNXYCHL6.107
1,FSHHK35_FDME220054504-1a.96
1,FeceHuBe150119_FDME220052841-1a.152
1,FQHXN108.1
1,L1EFC230354_FJXFC47_S312_L004.47
1,FNMHLBE4.122
1,FSCDJY76.147
1,FJLHD16.124
1,FHLJZD8.54
1,FSHHK23hun.21
2,FSHHK10_FDME220054482-1a.79
1,FSDLZ17.4
1,FeceGuXi15012.15
1,FAHBZ43.56
1,FXJYN36.1
1,FSXTY52.60
1,FNXYCHL44.80
1,FNMHHHHT27.97
1,FSXLVLS25.87
1,FGDLZ50_FDME220051930-1a.65
1,L1EFC230332_FTJS0029_S258_L003.99
1,FZJTZ8.45
1,L1EFC230298_FXJWS24_S224_L003.18
1,FSCPS68.162
1,FQHXN93.140
1,FSHCM53.23
1,FSDLZ53.45
1,FXJYN23.17
1,FHuBWH29.22
1,FSDQZ16.150
1,FSHHK33hun.84
1,FSDJN51.92
1,FJLHD32.60
1,FSHXHZ13.31
1,FHuBWH23hun.119
2,FXJKS5.142
1,FXJKS30.13
2,FQHXN109.118
1,FHLJZD6.90
1,FSHHK14.61
1,FSHXBX28.107
1,FSCDJY49.86
2,FXJYN40.68
1,FSCDJY31.15
1,FHLJYC42_FDME220052691-1a.157
2,FXJKS37.82
1,FGXGL1_FDME220052056-1a.92
1,FQHXN7.112
1,FSCDJY48.56
1,FHuBWH24.70
1,FSXLL10.119
1,L1EFC230325_FTJS0011_S251_L003.16
1,FSDQZ19.67
2,FGXGL69_FDME220052124-1a.48
1,FSDQZ35.168
1,FYNLJ68.77
1,FGXGL3_FDME220052058-1a.138
1,FSDJN26.68
2,FXJYN38.82
1,FNMHHHHT41.95
1,FSXTY50.85
1,L1EFC230341_FJXFC14_S267_L003.77
2,FXJKS3.61
1,FNXYCHL65.6
1,FSDQZ18.31
1,FJXSRPY10.25
1,FSHHK44.42
1,FSHXWN22.88
1,FNMHLBE25hun.56
1,FeceHeNa8.86
1,FSDQZ22.52
2,L1EFC230327_FTJS0023_S253_L003.50
1,FGXGL16_FDME220052071-1a.141
1,FAHBZ56.82
1,FSHXBX166.2
1,FAHBZ40_FDME220050717-1a.101
1,FYNDL10hun.20
1,FXJSW10.28
1,FGDLZ49.113
1,FHLJDQ7.45
1,M1C6.40
1,FSHHK50_FDME220054517-1a.13
1,FJSNT43.40
1,FSHHK49_FDME220054516-1a.13
2,FAHBZ18_FDME220050698-1a.12
2,FXJKS34.57
1,FZJHZD26.59
1,FGSYC12.78
2,FSXLVWS1hun.113
1,FHLJZD41.105
1,FJSNT27.40
1,FTJBH78.60
1,FSHXBX70.85
2,FTJBH2.143
1,FJSWXJ37.126
1,FSHHK17hun.130
1,FJSWXJ28.117
1,L1EFC230285_FXJCJ59_S168_L002.111
1,L1EFC230391_FSHXXA34_S34_L003.11
1,FGSZY3.20
1,FSDLZ09.28
1,M1C3.83
1,FJSWXJ43.78
2,FXJKS14.13
1,FNMHLBE13.100
1,FSHXBX155.130
2,FXJKS43.121
1,FSDLZ07.8
1,FCQTY157_FDME220051193-1a.57
1,FGXGL65_FDME220052120-1a.20
2,FAHBZ21_FDME220050701-1a.145
1,FZJTZ62.91
1,FHNXY62.47
2,FAHBZ17.82
1,FHNXY48.128
2,FJSWXJ7.80
1,FSHXBX98.26
1,FNMHLBE8.30
1,FHuNHHMY52.127
1,L1EFC230318_FTJS0001_S244_L003.99
1,FJSNT30.152
1,FeceGuXi150117.43
1,FSHHK16_FDME220054486-1a.120
1,M2CF07.21
1,FSDLZ18.113
1,FSDLZ08.67
2,FXJKS10.140
1,FGDLZ84_FDME220051962-1a.84
2,FGDLZ81_FDME220051959-1a.89
1,FeceHuBe150133_FDME220052849-1a.85
1,FSCPS35.16
2,FGDLZ24_FDME220051919-1a.82
1,FQHXN99.136
1,FCQNA9hun.31
1,FXJYN29.162
1,FSCPS92.71
1,FeceHuNa150114_FDME220052265-1a.117
2,L1EFC230335_FJXFC05_S261_L003.24
1,FFJLY34_FDME220051263-1a.22
1,FJSWX85.74
1,FSCPS9.64
1,FSHCM38.115
2,FGZ4M_FDME220051972-1a.105
1,FSDLZ12.46
1,FJSNT20.42
1,FeceHeNa1.18
1,FCQTY155_FDME220051191-1a.104
1,FJSWXJ17.78
1,FSHCM39.85
1,FZJTZ65.11
2,FXJKS42.49
1,FJSNT23.76
1,FNMHLBE23.69
1,FJLHD52.1
1,FJSWXJ38.134
1,FJSNT60.29
1,M1C5.134
2,FJSWX96.44
1,FJLHD23.83
1,FSHXBX12.22
1,M1C7.93
1,FSDLZ11.117
1,FQHXN45.17
2,FeceHuNa15017.97
1,FSHHK12hun.91
1,L1EFC230344_FJXFC20_S302_L004.38
1,FHuNHHMY83.35
1,FHLJYC40.8
1,FHuNHHMY32.115
1,L1EFC230236_FHLJZD14_S81_L001.61
1,FHBSJZ57_FDME220052248-1a.71
1,FSHXBX57.45
1,FSHXBX71.135
1,FYNLJ51.64
1,FSDQZ42.131
1,FNXYCHL30.34
1,FSDJN31.14
2,FTJBH47.30
1,FSDLZ21.130
1,FHLJYC32.55
1,FNXYCHL53.76
