tree_group,mag
1,FGDLZ65_FDME220051946-1a.58
1,FCQTY165_FDME220051196-1a.19
2,L1EFC230368_FSHXBX52_S326_L004.45
1,FHuNHHMY58.39
2,FXJYN10hun.47
1,FJSNT20.86
1,FeceHuNa150117_FDME220052266-1a.109
1,FAHBZ23_FDME220050703-1a.80
2,FeceHuNa15011_FDME220052259-1a.84
2,FQHXN80.87
1,FGDLZ64_FDME220051945-1a.81
2,FYNLJ67.10
2,FXJKS1.37
1,FeceHuBe15017_FDME220052835-1a.45
1,FeceHuNa150133_FDME220052276-1a.59
2,FGSZY21.84
1,FHuNHHMY16.76
1,FGDLZ50_FDME220051930-1a.47
2,FGDLZ54.72
2,FXJKS37.55
1,FGDLZ2.43
1,FHuNHHMY83.72
2,FGSYC14.35
1,FYNLJ41.25
2,FGDLZ10_FDME220051912-1a.47
2,FXJKS23.142
1,FJLHD33.95
1,FHuNHHMY77.13
1,FGDLZ29.9
2,FJSWXJ4.9
1,FXJKS14.58
1,FJSWX80.6
1,FGDLZ1.48
2,FCQNA9hun.110
2,FJSWXJ7.49
2,FXJSW49.15
2,FXJKS21.47
2,FGDLZ9_FDME220051911-1a.49
1,FAHWH45.20
2,FQHXN77hun.48
1,FQHXN60hun.97
2,FGDLZ75_FDME220051955-1a.69
1,FZJTZ35.6
2,L1EFC230372_FSHXBX62_S330_L004.42
2,FGXGL45_FDME220052100-1a.85
1,FJLHD43.28
1,FHuNHHMY71.14
1,FXJKS41.37
2,FGSZY19.34
2,FYNLJ80hun.28
2,FHNXY35.14
1,M2CF10.93
1,FGXGL33_FDME220052088-1a.6
1,FGDLZ71.5
1,FJSWXJ1.36
2,FHBSJZ49_FDME220052240-1a.94
1,FSDJN1.51
2,FYNLJ79.55
1,FHHMY4.67
1,FYNLJ40.26
1,FQHXN52hun.82
2,FNMHLBE10hun.74
2,FQHXN93.77
1,M207F02.51
1,FJXSRPY24.37
2,FJLHD53.21
1,FJSNT21.112
2,FeceGuXi150111.69
2,FGDLZ84_FDME220051962-1a.90
2,FXJKS45.63
2,FNXYCHL25.63
2,FeceHuNa15012_FDME220052260-1a.120
1,FQHXN54.94
2,FGXGL51_FDME220052106-1a.112
2,FBJ50.119
1,FJSNT36.60
2,M1C8.145
1,FGDLZ17_FDME220051916-1a.92
2,FZJTZ60.49
2,FSHHK4.85
2,FXJKS50.86
2,FHNXY42.90
1,FAHBZ17.107
1,FXJKS16.49
1,FeceHuNa150126.29
1,FXJKS15.38
2,FXJSW18.37
1,FQHXN51hun.50
1,FQHXN59.14
1,FGDLZ3.9
2,FHuNHHMY81.40
1,FSCCD1hun.42
