tree_group,mag
1,FGZ7I2_FDME220051982-1a.8
1,FGD22I1_FDME220052014-1a.1
1,FGZ29I2_FDME220052039-1a.6
1,FJSWXJ20.58
2,SDHZD6.125
1,FeceGuXi150117.58
1,FGZ25I2_FDME220052019-1a.27
2,FJXSRPY46.65
NA,FGZ15I2_FDME220051997-1a.5
1,FGDLZ3.38
2,FSHCM2.2
1,FGZ4I2.15
1,FGDLZ1.19
1,FeceGuXi15019.22
1,FGD9I2_FDME220051986-1a.35
1,FZJHZ25.12
1,FHNXY57.25
1,FSHXXA22.58
1,FGXGL9_FDME220052064-1a.57
2,FHHMY63.77
2,FJXSRPY21.50
1,NMGHHHT4.19
1,FGD24I1_FDME220052016-1a.7
NA,FZJJH2hun.17
1,FJND11_FDME220051203-1a.36
1,FJND10_FDME220051202-1a.6
2,FJXSRPY24.104
1,FeceGuXi15015.38
2,FXJKS7.101
1,FJSNT67.126
1,FSDLZ54.59
1,FSDQZ20.4
1,L1EFC230370_FSHXBX55_S328_L004.15
1,FAHWH16.28
1,SDHZ12.15
2,FNMHLBE20.51
1,FGXGL57_FDME220052112-1a.30
2,FHuNHHMY29.89
1,FJLHD48.16
1,FSCPS25.50
1,FHuNHHMY74.95
1,FGZ1I2_FDME220051966-1a.6
1,L1EFC230243_FHLJZD33_S86_L001.79
1,FSCPS24.38
NA,JXNC1.10
1,NMGEL3hun.7
1,TJDG4.10
1,FGD17I2_FDME220052003-1a.15
1,FGZ30I2_FDME220052040-1a.21
1,FGDLZ58.37
NA,SDZB4.14
1,FGDLZ48.18
1,FZJTZ55.75
1,FJND20.8
1,FSHXBX146.74
1,FHNFQ45hun.16
1,FNXYCHL59.23
1,FZJTZ8.5
1,FSDQZ14.28
1,FGDLZ2.35
1,FJXSRPYG28.62
1,FHuNHHMY68.1
1,FZJHZ11.11
1,TJDG2.1
1,FSHCM86hun.26
2,FJXSRPY33.27
1,HLJDQ2.15
2,FQHXN71.47
NA,FGZ28I2_FDME220052038-1a.7
1,FSCPS94.68
1,FSHHK26.39
1,FJND4_FDME220051162-1a.12
1,FJSNT29.42
2,FSHCM47.82
2,FeceHuBe150123_FDME220052844-1a.104
1,FZJTZ43.58
1,FZJTZ44.7
1,FGZ12I1_FDME220051991-1a.11
1,FSDQZ16.58
1,SDYT1.5
1,FGSYC9.30
1,FAHBZ12.43
2,FNMHLBE26.44
1,FHNXY41.44
1,FGSYC47.38
2,FXJYN34.104
2,L1EFC230336_FJXFC07_S262_L003.48
1,FSHHK5hun.37
2,FQHXN74.126
1,NMGEL2hun.28
1,FSHXXA23.15
1,FGZ26I1_FDME220052021-1a.8
2,FGSYC61.31
1,FGSYC35.40
1,FSHXHZ8.51
2,FXJKS8.38
2,FJXSRPY27.5
NA,L1EFC230259_FXJCJ15_S144_L002.58
1,FJND17_FDME220051208-1a.9
1,TJWQ2.52
1,HuNCS1.33
