tree_group,mag
1,FQHXN61hun.47
2,FQHXN42.43
2,FGDLZ52.9
1,FSXLVLS18.3
2,FHuBWH33.27
2,FHuNHHMY26.26
1,FSXTY23.35
2,FSCCD2.24
2,FBJ2.45
2,FSHXBX44.22
1,FSHXBX66.51
1,FQHXN90.100
2,FTJBH84.8
1,FHLJYC22.36
2,FeceHuBe15015_FDME220052833-1a.66
2,FSHCM26.38
2,FCQHC8.59
2,FSCCD10.20
2,FZJTZ66.46
1,FSHXWN30.2
2,FSCPS27.99
2,L1EFC230327_FTJS0023_S253_L003.43
1,FNXYCHL30.94
1,L1EFC230259_FXJCJ15_S144_L002.84
2,FXJCJ21.48
1,L1EFC230312_FXJWS44_S238_L003.14
2,FNMHLBE35.94
1,FGSZY7.38
2,FBJ29.36
2,FGSYC76.77
2,FHuNHHMY32.40
2,FNMHLBE34hun.81
1,FSHXBX130.162
2,FSHCM5_FDME220054522-1a.10
2,FQHXN97.20
1,FSHXBX166.115
2,FZJTZ2.58
2,FJNDD2_FDME220051219-1a.4
2,FHLJZD45.106
1,FSHXBX112.87
2,FHNXY30.65
1,FHNXY11.16
2,FHNXY50.37
2,M203F02.28
1,FTJS022.29
1,FSDQZ46.3
2,FeceHeNa25.62
2,M1DZ02.53
2,FCQTY085_FDME220051156-1a.76
1,L1EFC230379_FSHXXA03_S337_L004.16
2,M1C5.49
1,FXJYN24.10
2,FJSWX106.5
2,FeceHeNa5.11
1,FNXYCHL88.44
2,FTJBH37.44
2,FGXGL15_FDME220052070-1a.22
2,FSHXBX43.39
2,FSHCM7.18
2,FFJLY53_FDME220051276-1a.110
2,FSHXBX23.77
1,FSXLVLS12.37
2,FFJLY40_FDME220051269-1a.62
2,JSCZD12.44
1,FSHXBX71.103
2,FSDLZ27.71
2,FSCDJY79.6
2,FHLJYC33_FDME220052682-1a.2
2,FSHXXA38.77
1,FSHXBX145.18
2,M2CF21.81
1,FSXTY5hun.17
1,M1DZ06.48
1,FAHBZ44_FDME220050721-1a.98
2,FSDQZ40.10
1,FHBSJZ11.83
1,L1EFC230346_FJXFC22_S304_L004.21
2,FSHXHZ3.60
2,FSHXBX14.24
2,FJSWX105.58
1,L1EFC230381_FSHXXA05_S339_L004.45
2,FSDJN45.22
2,FSDLZ08.38
2,L1EFC230389_FSHXXA21_S347_L004.13
2,FCQHC9.108
2,FHuBWH39.57
1,FSHXBX140.49
2,FHuBWH12.25
2,FSCCD7hun.57
2,FZJTZ21.88
1,FXJKS51.125
2,FJND9_FDME220051201-1a.40
2,FYNLJ65.60
2,FSXTY12hun.74
2,FJLHD45.108
2,FAHWH36_FDME220050753-1a.17
2,FGXGL93.47
2,L1EFC230273_FXJCJ38_S157_L002.60
2,FHLJYC42_FDME220052691-1a.14
2,FSDJN5.30
2,FJXSRPY33.19
2,FGDLZ8_FDME220051910-1a.6
2,SDHZD6.82
2,FSHXHZ9.59
2,FeceHuNa150142_FDME220052285-1a.81
2,FSHXHZ12.8
2,FSDJN42.25
2,FYNLJ53.2
2,FAHWH41_FDME220050758-1a.23
2,L1EFC230283_FXJCJ52_S166_L002.24
2,FJLHD7.63
1,FXJYN32.112
1,FHLJYC18hun.18
2,FGDLZ55_FDME220051935-1a.26
1,FSDJN3.18
1,SDHZ11.35
2,FGDLZ42.60
1,FHBSJZ60_FDME220052251-1a.7
2,FNMHHHHT45.48
2,FQHXN59.20
2,FNXYCHL44.84
2,FeceHuNa150111_FDME220052262-1a.35
1,FSHCM77hun.48
1,FSXTY41hun.10
2,FHNXY60.90
2,FGXGL58_FDME220052113-1a.53
1,FXJSW47.86
2,FXJYN7.14
2,FGSYC20.14
1,FBJ21.75
1,FNMHLBE5.2
2,FGSZY56.5
1,L1EFC230330_FTJS0027_S256_L003.48
2,FSXTY47.40
2,FTJBH29hun.5
2,FSDLZ41.81
2,FSDJN19.78
2,FNXYCHL61.17
2,FSHCM23_FDME220054538-1a.43
1,FTJBH72.46
2,FHLJYC15.34
2,FNXYCHL50.54
2,FZJHZ8.64
2,FSHXBX91.30
1,FCQTY078_FDME220051153-1a.76
2,FCQTY108_FDME220051178-1a.40
2,FeceHeNa26.47
2,FGSYC16.58
2,FSDQZ6.127
1,FXJYN38.21
2,FHNXY46.104
2,FGDLZ62.31
2,FHBSJZ26.73
1,FHBSJZ22.39
2,FAHBZ37_FDME220050714-1a.54
2,FYNLJ19hun.14
2,SDHZ24.6
1,M1C12.58
2,FFJLY21_FDME220051252-1a.2
1,FZJHZD25.82
2,FXJYN17.10
2,FHNFQ35.105
2,FHBSJZ16.52
2,FQHXN43.41
1,FHBSJZ31.50
2,FFJLY42.72
1,FSDLZ12.41
1,FSHXHZ24.47
1,FXJKS20.104
2,FSHCM75.33
2,FGXGL51_FDME220052106-1a.80
2,FJXSRPY39.15
1,L1EFC230366_FSHXBX48_S324_L004.31
2,FXJKS19.80
2,FFJLY46_FDME220051273-1a.50
1,FSDQZ48.89
2,FHuNHHMY58.63
2,FJXSRPY23.20
1,FFJLY79.28
2,FHNFQ32.14
1,FGSZY2.65
1,M1DZ07.13
2,FHLJZD1.54
2,FBJ50.60
2,L1EFC230342_FJXFC16_S268_L003.22
1,FGSYC3.78
2,FCQTY006.75
1,FGD22M_FDME220052013-1a.46
2,FZJHZD24.52
1,FSDLZ26.84
1,FSDJN35.59
2,FXJCJ29.12
1,FHNXY16.61
2,FQHXN55.10
2,FZJTZ62.21
2,FSDJN22.66
1,FGSZY25.26
1,FGSZY10.7
2,FJSWXJ25.18
2,FHBSJZ19.26
2,FQHXN14.64
2,FJSWXJ20.69
2,FZJTZ5.66
1,FTJBH76.48
2,L1EFC230334_FJXFC03_S260_L003.35
1,FGSYC77.101
2,FGSZY46.103
2,FCQTY021_FDME220051118-1a.66
2,FJXSRPYG9.99
2,FXJWS16.25
2,FAHBZ60_FDME220050735-1a.161
2,FGXGL84_FDME220052139-1a.91
1,SDHZ8.21
2,FSHXBX18.45
2,FGD17M_FDME220052001-1a.12
2,FXJSW24.36
2,FSHXBX87.35
1,FSHXBX33.72
2,FGSYC62.75
2,FTJBH53.69
1,FXJCJ4.75
2,FTJBH71.8
2,FSHXBX53.20
2,FSHXBX45.24
2,FSHCM49.27
2,FSHXWN15.45
2,FCQTY049_FDME220051134-1a.40
1,FJLHD25.80
2,FGSZY21.35
1,FBJ45.44
2,FGXGL81_FDME220052136-1a.77
2,M2CF06.34
2,FSCCD9.112
2,FHLJDQ11.13
2,FNMHHHHT22.41
2,FSXTY3.113
2,FHNFQ62hun.76
2,FXJYN39.4
1,FGSYC90.75
2,FAHWH16.21
2,FSCPS35.19
2,FFJLY58_FDME220051277-1a.7
2,FSHXXA41hun.57
2,FSHXBX61.16
2,FSCDJY93.89
2,FHLJYC10.58
2,FGXGL63_FDME220052118-1a.111
1,FNXYCHL37.71
1,FSHXBX121.83
2,FSHXBX134hun.68
2,FFJLY1_FDME220051239-1a.54
2,FZJTZ25.92
2,FAHBZ59_FDME220050734-1a.110
2,FGZ11M_FDME220051989-1a.69
2,FFJLY34_FDME220051263-1a.34
1,FSDQZ5.56
2,FSHXBX132hun.71
2,FGDLZ35.127
1,L1EFC230294_FXJWS15_S177_L002.73
2,FSHXHZ10.45
2,FSHCM70.52
2,FJND15_FDME220051207-1a.44
2,FSDLZ44.127
1,M206F01.49
1,FJSWXJ23.2
2,FFJLY33_FDME220051262-1a.90
2,FNMHHHHT41.76
1,FXJCJ17hun.72
2,FHuBWH11.41
1,FHNFQ33.42
2,FTJBH49.103
2,FHBSJZ47_FDME220052238-1a.7
2,FJSWX108.63
2,FCQNA7.13
1,FSDQZ18.83
2,FGDLZ51.34
1,FJNDD15.71
1,SDHZD2.151
2,FHNXY31.7
2,FSXLVLS14.16
1,FXJYN22.31
2,FJSWX76.3
1,FHNXY32.16
2,FSHXBX155.122
1,FSHXBX167.89
2,FSHXHZ8.16
2,FZJTZ43.76
2,FSHHK11_FDME220054483-1a.70
1,FSHXBX137.115
2,FSDQZ4.61
2,FNXYCHL46.61
2,FJSWX82.48
2,FGSZY29.37
2,FHLJZD2.87
2,FSDJN31.89
2,L1EFC230277_FXJCJ42_S161_L002.42
2,L1EFC230300_FXJWS27_S226_L003.130
1,FTJBH78.27
2,FAHBZ20_FDME220050700-1a.144
2,FGXGL4_FDME220052059-1a.50
2,FHuBWH34.33
2,FGXGL67_FDME220052122-1a.16
2,FSHXBX4.105
2,FGXGL69_FDME220052124-1a.21
1,FHBSJZ5.10
2,FSDJN4.80
2,FTJS030.29
2,M116R01.17
2,FHBSJZ59_FDME220052250-1a.44
2,L1EFC230376_FSHXBX69_S334_L004.67
2,L1EFC230371_FSHXBX56_S329_L004.14
2,FAHWH38_FDME220050755-1a.110
1,FGSZY39.42
1,FSHCM39.92
1,FSHXWN27.34
1,FSDQZ42.49
2,FZJTZ18.27
1,M1DZ11.83
2,FSXLVLS9.49
2,FHBSJZ35.71
2,FSCCD11.43
2,FGDLZ16.60
1,FeceHuBe150120.14
2,FCQTY089_FDME220051168-1a.63
2,FCQTY014.58
2,FQHXN7.53
2,FCQTY070_FDME220051147-1a.41
2,FJSNT28.20
2,FHLJYC40.15
1,FAHBZ29_FDME220050709-1a.4
2,FGXGL11_FDME220052066-1a.4
2,FSCDJY64.50
2,FZJTZ57.12
2,FSDLZ28.16
2,FSCDJY57.34
2,FCQNA14.3
2,FCQTY050_FDME220051135-1a.66
2,FCQTY026_FDME220051122-1a.28
1,FNMHLBE22.43
1,FAHBZ42_FDME220050719-1a.96
2,FSXLL7.9
2,FTJBH19.120
2,FYNDL10hun.124
1,FSXLVLS16.8
2,FXJYN5.14
2,FHHMY4.135
2,FXJCJ10.8
2,FJLHD2.31
2,FGSYC26.122
1,FSDQZ1.26
2,FGSYC32.49
1,M207F01.11
2,L1EFC230336_FJXFC07_S262_L003.66
1,FSHXBX135hun.28
1,FSDLZ49.73
2,FCQTY101_FDME220051173-1a.28
2,FYNLJ74.39
1,FSDQZ24.56
2,FZJTZ14.59
2,FJSWXJ4.116
2,FGXGL85_FDME220052140-1a.11
1,FGSZY41.30
2,FGSZY37.115
1,FXJSW8.45
2,FSDJN18.44
2,FCQTY039_FDME220051129-2a.41
2,FXJCJ3.39
2,FHLJYC28hun.14
2,FHNFQ53.12
2,FSHXHZ25.91
2,FJLHD31.42
2,L1EFC230309_FXJWS39_S235_L003.78
2,FSXTY50.39
2,FSDJN36.111
2,FBJ38.98
1,FBJ20.86
2,FGXGL53_FDME220052108-1a.26
1,FeceHuNa150144_FDME220052287-1a.11
2,FHNXY36.52
1,FSDQZ17.67
2,FGSYC45.28
2,FTJBH59.62
2,FNXYCHL73.46
2,FSHCM58.73
1,FSXTY59.117
1,FSHXBX169.95
2,FHuNHHMY13.115
2,FSHCM12_FDME220054529-1a.62
2,FYNLJ37.81
2,FGSZY11.107
1,FXJKS15.10
1,FHNXY63.68
2,FBJ61.48
2,FGXGL99.49
2,FHuNHHMY15.65
2,FSHCM67.67
2,FFJLY22.26
2,FSDQZ32.17
1,FTJBH64.10
2,FSHXBX19.35
2,FHNFQ48.115
1,FAHBZ8_FDME220050690-1a.19
2,FZJHZD5.63
2,FGSZY33.61
2,FJND24_FDME220051215-1a.31
2,FAHBZ48_FDME220050725-1a.52
2,FQHXN78.15
2,FFJLY16.18
1,FXJKS44.44
2,FHLJYC39_FDME220052688-1a.26
2,FXJKS35.143
1,FHuNHHMY37.2
2,FJXSRPY37.109
1,FXJSW16.63
1,FHNXY29.94
1,FSDJN28.28
2,FJLHD19.61
2,FSDLZ11.16
2,FXJSW36.99
2,FSXTY45.29
1,FNXYCHL16.69
2,FXJSW7.35
2,FSHXHZ15.43
2,FGSZY34.33
2,FJSNT67.150
1,FXJKS34.136
2,FHBSJZ61_FDME220052252-1a.26
2,FGDLZ13.76
1,FXJKS48.3
2,FJSWX90.65
2,FSCPS54.33
1,L1EFC230272_FXJCJ36_S156_L002.10
2,FHNFQ54.21
2,FGSZY14.9
2,FHLJYC35_FDME220052684-1a.28
2,FHNXY58.73
2,FAHBZ50.28
2,FHNXY5.95
2,FFJLY25.70
1,FGSYC79.61
2,FSHCM96.134
2,FJNDD4_FDME220051221-1a.79
1,FJNDD14_FDME220051231-1a.42
1,FHLJDQ5.12
1,FQHXN89.24
2,L1EFC230318_FTJS0001_S244_L003.90
2,FQHXN6.45
2,FJSNT63.25
2,FCQHC16.87
1,FGSYC17.28
1,FXJKS9.22
2,FTJBH25.38
2,FCQNA26hun.37
2,FSHCM53.44
2,FSCDYJ7.34
2,FXJSW3.77
2,FJXSRPYG1.114
2,FGXGL59_FDME220052114-1a.3
2,FYNLJ4.14
2,FSHXBX26.24
2,FSHCM88hun.33
2,FSXTY53.61
1,FHLJYC21.131
2,FSDJN39.67
2,FSHXBX80.68
1,FHNXY45hun.79
2,FJSWX97.32
2,FSCDJY15.71
2,FGXGL24_FDME220052079-1a.92
2,FJXSRPYG34.70
2,FGD19M_FDME220052006-1a.51
2,FSXLVLS25.81
2,FGXGL89_FDME220052144-1a.47
2,FXJYN33.48
2,FSHHK50_FDME220054517-1a.95
2,M2CF14.41
2,FSCPS33.90
1,FNMHLBE9hun.21
1,FHLJYC29.8
2,FSXTY34.24
2,FNMHLBE17.32
1,FNMHHHHT31.99
1,FSHXBX126.87
2,FBJ53.117
2,FYNLJ22hun.41
2,FJSWXJ22.14
2,FSCCD3.87
1,FQHXN72hun.94
2,FeceHuNa150137.47
2,FSHXXA1.38
2,FeceHeNa20.70
2,FSCDJY68.7
2,FHLJZD13.80
2,FJSNT16.2
1,FSHXBX74.8
2,FGDLZ59_FDME220051938-1a.54
1,FHNFQ60hun.76
2,FJSNT21.141
1,FSDJN13.84
2,FSHXWN9.2
1,FXJKS24.46
1,FHNXY56.39
1,FCQNA3.27
2,FJSWX100.66
2,FeceHuBe150123_FDME220052844-1a.27
1,FQHXN24.52
2,FSHCM90.95
2,FGSZY30.107
1,FSXTY2hun.17
2,FAHBZ56.3
2,FZJTZ53.34
2,FQHXN54.38
2,FGXGL87_FDME220052142-1a.35
2,FSDLZ02.89
2,FHNFQ30.61
2,FSDLZ53.84
2,FHLJZD50.30
2,FSXLVLS10.77
1,FHNFQ25.3
1,FHNXY59.28
2,FJXSRPY27.41
1,FBJ66.33
2,FQHXN48.31
1,FXJSW19.6
2,FQHXN27.100
1,FHNFQ12.47
2,FGSYC7.19
1,M1DZ01.55
1,FSXTY25.23
2,L1EFC230332_FTJS0029_S258_L003.83
1,L1EFC230278_FXJCJ44_S162_L002.20
2,FJSWXJ13.16
2,FGXGL12_FDME220052067-1a.78
2,FGZ3M_FDME220051970-1a.139
2,FGDLZ15_FDME220051915-1a.8
2,FSXLVWS8hun.71
1,FCQTY048_FDME220051133-1a.85
2,FZJTZ20.37
2,FSHXXA14.41
2,FHHMY63.138
1,FXJKS23.6
2,FSHHK25_FDME220054495-1a.167
1,FXJKS4.159
2,FSCDJY61.38
2,FSHXBX79.8
2,FCQNA13.60
1,FSDLZ01.52
2,FSXTY6hun.25
1,FAHBZ9_FDME220050691-1a.45
1,FJSWX84.32
1,FHuBWH29.18
2,FQHXN37.17
2,FGSYC82.61
2,FGSZY3.93
2,FJNDD11_FDME220051228-1a.58
1,FTJBH50.46
2,FSCPS31.130
2,FGXGL43_FDME220052098-1a.33
2,FGXGL34_FDME220052089-1a.22
1,FGSYC61.42
1,FAHWH23_FDME220050744-1a.133
2,FeceGuXi15015.51
2,FYNLJ56.32
2,FHLJZD15.26
2,L1EFC230368_FSHXBX52_S326_L004.60
2,FSHXBX151hun.9
2,FHBSJZ46_FDME220052237-1a.39
2,L1EFC230274_FXJCJ39_S158_L002.125
1,FGSYC87.14
2,FeceHuNa150112_FDME220052263-1a.68
2,FHBSJZ37.12
2,L1EFC230263_FXJCJ22_S147_L002.42
2,FGZ12M_FDME220051990-1a.43
2,FSCDJY63.17
2,FFJLY20_FDME220051251-1a.17
1,FCQTY022_FDME220051119-1a.98
2,FGSZY38.37
2,FSHHK17hun.43
2,FSHCM54.90
2,FGZ7M.12
1,FXJKS2.30
2,FSDLZ15.96
1,FSDLZ16.28
1,FHNFQ34.42
2,L1EFC230373_FSHXBX64_S331_L004.77
2,FGZ2M.86
2,FXJWS17.29
1,FHLJDQ6.5
2,FeceHeNa13.79
2,FJXSRPY8.101
2,FSHXWN5.12
2,M1C9.85
2,FJSNT64.53
2,FSDLZ21.2
2,BJ1.18
2,FGXGL8_FDME220052063-1a.53
1,FNMHHHHT16.103
1,FSHXWN11hun.49
2,FCQTY084_FDME220051155-1a.53
1,FGSZY52.35
1,L1EFC230363_FSHXBX41_S321_L004.112
2,FGSYC12.75
2,FeceHeNa19.68
2,FGDLZ50_FDME220051930-1a.63
2,FXJWS22.75
2,FSHXBX89.49
2,FHuNHHMY38.108
2,FCQTY149_FDME220051188-1a.63
1,FNMHHHHT30.86
2,FYNLJ80hun.69
2,FCQJJ1.67
1,FXJKS37.136
1,FSHXBX90.39
2,FZJTZ28.40
2,FJNDD5_FDME220051222-1a.73
1,FNXYCHL94.4
2,FSHXWN2.44
2,FSHXXA27.87
2,FAHWH14.5
2,FSHXBX138.62
2,FXJWS13.3
2,FGXGL23_FDME220052078-1a.135
2,FSHXWN18.33
2,FeceHuBe150111.19
2,FHNXY51.51
2,FBJ54.42
1,FGSYC25.100
1,FQHXN109.20
2,FGDLZ71.30
1,FXJKS29.37
2,L1EFC230304_FXJWS33_S230_L003.66
1,FNMHLBE26.12
2,FGDLZ10_FDME220051912-1a.105
2,FGSZY23.126
1,FJSWX86.42
1,FZJHZD11.91
1,L1EFC230295_FXJWS19_S222_L003.8
2,FSHXHZ14.12
1,FXJSW17.77
1,FHNXY18.13
2,FHLJYC41.31
2,FCQTY031_FDME220051125-1a.14
1,FAHBZ58_FDME220050733-1a.42
2,FAHWH28_FDME220050746-1a.2
2,FTJBH47.32
2,L1EFC230237_FHLJZD20_S82_L001.54
1,FSDLZ14.54
2,M214F02.34
1,M1C1.138
2,FHuNHHMY61.95
2,FSHHK19_FDME220054489-1a.3
2,FGZ37M_FDME220052037-1a.72
2,FCQHC4.35
2,L1EFC230349_FJXFC31_S307_L004.74
2,FSDLZ56.109
2,FSCCD17.76
2,FSXLL3.38
2,FFJLY60.71
2,FNXYCHL53.39
2,FGXGL9_FDME220052064-1a.35
1,FSDJN57.54
1,FGSZY19.52
2,FSHXBX120.27
2,L1EFC230395_FSHXXA48_S38_L003.99
2,FJSNT24.100
1,FCQTY042_FDME220051130-1a.37
1,FSHXBX165.44
2,FBJ65.40
2,FTJBH38hun.81
2,FSHXXA22.46
2,FQHXN36.16
1,FSHXBX5.72
1,FXJCJ31.93
1,FSHCM48.39
1,FBJ5.52
1,FQHXN4.31
1,FGSYC86.60
2,FGXGL56_FDME220052111-1a.46
1,FSHXHZ18.27
2,FSCDJY31.69
1,FCQTY007.112
1,FXJSW20.49
2,M106R01.94
2,FHLJYC34.88
2,L1EFC230244_FHLJZD35_S87_L001.8
2,FHLJYC19.104
2,FNXYCHL6.54
1,FHNFQ38.34
2,L1EFC230246_FHLJZD42_S89_L001.116
2,FNXYCHL56.104
2,FCQTY088_FDME220051167-1a.14
1,FHNXY13.15
2,FGSYC6.45
2,FYNLJ79.69
1,FGSZY50.34
2,FSXTY15.10
2,FHuNHHMY51.32
2,FQHXN56.58
1,FBJ42.37
2,FNXYCHL18.60
2,FGXGL27_FDME220052082-1a.58
1,FAHWH44_FDME220050761-1a.82
2,FSDLZ19.91
1,FeceHuNa150124_FDME220052272-1a.82
1,L1EFC230410_FSXTY46_S53_L003.66
1,FXJKS3.60
2,FGSZY26.81
2,FXJYN21.14
2,FHBSJZ57_FDME220052248-1a.57
2,FSHXBX76.10
2,FJSNT23.146
1,FQHXN107.43
2,FZJTZ48.20
1,SDHZD5.28
2,FZJTZ26.35
2,FSHXHZ13.29
1,FHNXY21.111
2,FXJCJ57.98
2,FHuBWH8.39
1,L1EFC230303_FXJWS32_S229_L003.65
2,FQHXN47.16
2,FSDLZ40.14
1,FSDLZ30.76
2,FGXGL50_FDME220052105-1a.50
2,FJLHD10.32
2,FGSZY48.22
2,FJSNT43.77
2,FSXTY30.83
1,FSHXBX144.52
1,FSDLZ07.11
1,FSDLZ38.48
2,FCQTY162_FDME220051195-1a.9
2,FAHWH09.8
2,FGDLZ41_FDME220051924-1a.33
2,FHLJYC20.31
1,FCQNA6hun.68
2,FGXGL14_FDME220052069-1a.5
2,FHuNHHMY53.48
1,FNMHLBE3.40
2,FGSZY27.6
2,FJLHD17.93
2,FeceHuBe15018_FDME220052836-1a.9
2,FCQTY092_FDME220051170-1a.94
1,FeceHuNa150113_FDME220052264-1a.84
1,FBJ37.30
1,FHNXY34.115
2,FGXGL73_FDME220052128-1a.7
2,FeceGuXi150115.99
2,FHNXY37.13
2,L1EFC230393_FSHXXA37_S36_L003.29
1,M124R01.31
2,FSDLZ57.94
1,FJSNT18.211
2,FGXGL72_FDME220052127-1a.54
1,FCQNA5hun.14
2,FCQTY067_FDME220051145-1a.39
2,FXJWS10.41
2,FHuNHHMY9.6
1,FHLJYC13.2
2,FZJTZ52.58
2,FQHXN77hun.41
2,FHBSJZ45_FDME220052236-1a.65
2,FGZ6M_FDME220051977-1a.20
2,FeceHuNa150135_FDME220052278-1a.44
1,FSXLVLS3.85
2,FJXSRPY47.103
2,FNXYCHL64.127
2,FSXLL15.50
2,FSHCM20_FDME220054535-1a.42
2,FSHHK47_FDME220054514-1a.45
1,L1EFC230387_FSHXXA17_S345_L004.32
2,FGSYC46.36
2,FHLJZD21.103
2,FSHCM84.42
2,FSCCD14hun.40
2,FJND18_FDME220051209-1a.72
2,FGXGL20_FDME220052075-1a.40
2,FBJ19.32
1,L1EFC230369_FSHXBX54_S327_L004.46
2,FGZ35M_FDME220052035-1a.109
1,M123F01.8
2,FSCDJY78.63
1,FHLJYC12.88
2,FSHXWN4hun.6
2,FSHXBX50.86
2,FCQTY097_FDME220051172-1a.89
2,FHuNHHMY29.32
1,FTJBH57.66
2,L1EFC230236_FHLJZD14_S81_L001.89
1,FSHXHZ20.123
2,FBJ35.47
2,FXJSW49.85
2,FGXGL3_FDME220052058-1a.104
2,FeceHuBe150122_FDME220052843-1a.105
2,M137R01.37
2,FQHXN50.69
1,FeceHuNa150134_FDME220052277-1a.59
2,FJSWX91.50
2,M1C6.194
1,FHBSJZ48_FDME220052239-1a.11
2,FQHXN22.79
1,L1EFC230321_FTJS0007_S247_L003.21
2,FHLJYC37_FDME220052686-1a.33
2,FSHCM38.23
2,FZJTZ30.28
2,FTJS016.26
1,FXJCJ43.41
2,FGDLZ12_FDME220051914-1a.19
1,L1EFC230388_FSHXXA20_S346_L004.47
1,FJSWXJ24hun.7
1,SDHZD12.8
2,FGXGL75_FDME220052130-1a.15
2,FCQNA9hun.80
1,FSDJN62.29
2,FJSWXJ14.104
2,FGDLZ65_FDME220051946-1a.33
1,FSHXXA25.21
2,FYNLJ45.29
2,FGDLZ85.40
2,L1EFC230340_FJXFC13_S266_L003.66
2,FeceHuBe15017_FDME220052835-1a.2
1,FXJKS14.87
2,FGSZY53_FDME220051904-1a.31
2,FSHCM99.35
2,FSHXBX125.73
2,L1EFC230308_FXJWS37_S234_L003.50
2,FBJ58.56
2,FSHXWN3.70
2,FGXGL91.10
1,FSDQZ49.117
2,FSHXXA24.9
2,FXJCJ53.9
1,FNXYCHL93.43
2,FQHXN44.23
2,FJSWX77.77
2,L1EFC230384_FSHXXA08_S342_L004.10
2,FYNLJ36.36
2,FSXTY22.46
2,M2CF05.96
2,M1DZ03.61
2,FSCCD4.108
2,FCQTY043_FDME220051131-1a.84
2,L1EFC230324_FTJS0010_S250_L003.33
1,FSHXBX174.52
2,FGZ4M_FDME220051972-1a.126
1,FSHXWN20.40
2,FeceHeNa31.21
2,FHuNHHMY34.30
1,FSDJN59.7
2,FNMHLBE8.98
2,FSXTY20.49
1,FAHBZ46_FDME220050723-1a.109
2,FHLJZD32.37
1,FQHXN103.20
2,FSHHK49_FDME220054516-1a.58
2,FBJ28.38
1,FSHXBX38.29
2,FXJCJ16.22
2,FYNLJ21hun.66
2,FSDLZ20.77
2,FJLHD50.29
2,FZJTZ68.137
2,FSCDJY73.51
2,FFJLY74.57
1,FeceHuBe150112.38
2,FeceHuBe150136_FDME220052850-1a.46
2,FSCCD8hun.107
2,FHNFQ39.57
1,FSDJN14.77
2,FHuNHHMY43.112
2,FGZ36M_FDME220052036-1a.58
1,FSHXHZ4.37
2,L1EFC230328_FTJS0025_S254_L003.70
1,FXJKS45.14
1,FHLJYC4hun.82
2,FAHBZ17.119
2,FGXGL90_FDME220052145-1a.31
2,FBJ14.3
2,FJXSRPY11.67
2,FSHXHZ5.9
2,FGSZY57_FDME220051907-1a.25
1,FXJWS7.115
2,FJLHD53.48
2,FGSYC59.46
2,FJSWX101.33
2,FeceHeNa21.29
2,FYNLJ58.76
2,FCQTY155_FDME220051191-1a.79
2,FGSYC35.74
2,FSHXBX88.82
2,FJXSRPY17.88
2,FCQTY060_FDME220051140-1a.65
2,M2CF01.104
2,FeceHuNa150117_FDME220052266-1a.112
2,FJSNT33.86
1,FSHXBX148.42
2,FSDJN49.36
2,FGXGL74_FDME220052129-1a.46
2,FNXYCHL92.60
2,M105F01.41
1,FSDQZ29.140
2,M1C4.36
2,FBJ57.53
2,FGDLZ83_FDME220051961-1a.69
2,FAHBZ52_FDME220050729-1a.31
2,FAHWH15_FDME220050740-1a.21
2,FHLJYC36_FDME220052685-1a.71
2,FJXSRPY6.14
2,FGXGL52_FDME220052107-1a.68
1,FBJ67.66
2,FHNFQ28.44
2,FFJLY47.27
2,FSXLL6.44
2,FGSZY42.12
2,FFJLY43_FDME220051271-1a.87
2,FHLJZD58.31
2,FTJBH2.32
2,FSXTY38.73
2,FSXLVLS6.78
2,FJSWX102.33
1,FZJHZD18hun.64
2,FSHCM87.64
1,FBJ51.24
2,FSXLL2.5
2,FTJBH66.13
1,SDHZD3.25
2,FZJTZ11.121
2,FXJSW14.70
2,FNMHHHHT14.39
1,FSDJN23.94
1,FSHXBX27.92
2,FTJBH56.32
1,FNXYCHL58.51
2,FXJYN41.9
2,FSHXBX123hun.97
1,FeceHuNa15019.24
2,FHNFQ29.67
2,FGXGL10_FDME220052065-1a.102
2,FSDLZ09.88
2,FHLJZD55.25
2,FeceGuXi15013.104
1,FXJKS10.16
1,FHBSJZ29.93
2,FGDLZ76_FDME220051956-1a.9
2,FGSYC22.59
2,FSHXXA19.50
2,FHHMY17.6
2,FSHCM37.61
1,FQHXN51hun.7
1,FSHXBX12.29
2,FGSYC24.8
1,FXJSW11.169
2,FQHXN32.98
2,FCQNA39.57
2,FSHCM86hun.72
2,FYNDL18hun.57
2,FFJLY3_FDME220051240-1a.41
2,FHBSJZ49_FDME220052240-1a.78
2,M2CF07.42
2,FCQTY159_FDME220051194-1a.27
2,FXJWS38.55
1,L1EFC230286_FXJCJ60_S169_L002.47
2,M1C7.130
2,FTJBH61.18
2,FJLHD20.30
2,FSCDJY48.39
1,FSHXBX162.40
1,FSHXWN24.82
1,FXJKS47.70
1,FAHBZ30_FDME220050710-1a.34
1,FNMHHHHT27.1
1,FSXLVWS1hun.47
2,FSHXXA26.46
1,FQHXN76.128
2,FCQTY030_FDME220051124-1a.37
1,FXJCJ19.105
2,FHLJZD53.50
2,FHLJZD19.9
1,FGSYC44.62
1,FNMHHHHT33.68
2,FSHXBX139.19
2,FNXYCHL26.74
2,FGZ9M_FDME220051984-1a.73
2,FGDLZ5_FDME220051909-1a.5
2,FHNXY52hun.19
2,FSHHK4.111
2,FGDLZ30.53
1,FJSWXJ42.141
1,L1EFC230282_FXJCJ51_S165_L002.98
1,FHBSJZ56_FDME220052247-1a.30
2,FYNLJ67.31
2,FAHBZ21_FDME220050701-1a.170
2,FGSYC71.88
2,L1EFC230255_FXJCJ07_S140_L002.81
2,M2CF04.120
2,FFJLY11_FDME220051248-1a.59
1,FNXYCHL9.76
2,FSDLZ37.42
1,FGSZY8.4
1,FNXYCHL47.115
2,FBJ60.114
2,FSHXBX77.10
2,FXJSW32hun.24
2,FSCCD6.86
1,FHNXY43.41
2,FJXSRPY21.54
2,FXJWS9hun.39
1,FHNFQ58.45
2,FAHBZ45_FDME220050722-1a.43
2,FeceHuBe15011_FDME220052829-1a.50
1,FSHXXA49hun.14
2,FSDLZ48.64
2,M1C2.20
1,FSHXWN12.40
2,FCQNA2.3
1,FHBSJZ51.51
1,FSDJN7.4
2,FNMHLBE6.1
2,FGSZY35.41
2,FHLJZD16.125
2,FQHXN58.18
1,FJSWXJ3.35
2,FZJTZ16hun.64
2,FSDLZ47.130
2,FJLHD44.166
2,FAHBZ1_FDME220050683-1a.30
2,L1EFC230247_FHLJZD44_S90_L001.21
2,L1EFC230386_FSHXXA15_S344_L004.4
2,FZJHZD1hun.42
2,FSHHK41_FDME220054510-1a.130
2,FSHXBX157.105
2,FSCPS65.48
1,FSHXXA45.69
2,FSHCM83.124
2,FZJTZ40.58
2,FHuBWH27.37
2,FGXGL70_FDME220052125-1a.52
2,FSCCD1hun.24
2,L1EFC230266_FXJCJ25_S150_L002.11
2,FSHXBX7.37
2,FSDJN11.18
1,FJSNT27.92
1,FSXLVLS19.32
2,FFJLY56_FDME220051237-1a.53
2,FGSYC41.6
1,FSHXBX60.52
1,FHBSJZ30.24
2,FSHXBX153.27
2,FSHCM63.64
2,FeceHeNa4.55
1,FHLJYC24hun.84
2,FSHCM95.47
1,FJSWXJ39.46
2,FNMHLBE29.10
1,FXJSW44.66
2,FSXTY33hun.118
2,FSDJN56.5
2,FGDLZ60_FDME220051939-1a.30
1,FSHXBX78.44
2,FGSYC34.38
2,FHuNHHMY80.55
2,FSDLZ31.42
2,FSDLZ46.23
1,FXJKS16.45
2,FJXSRPY45.40
2,FGDLZ47_FDME220051927-1a.43
2,FGXGL60_FDME220052115-1a.41
1,FNMHLBE10hun.144
2,FSDLZ25.107
2,FQHXN108.112
2,FSCPS92.64
2,FeceHeNa9.17
2,FSHCM31.128
2,FQHXN98.32
2,L1EFC230380_FSHXXA04_S338_L004.56
1,FNMHHHHT44.87
2,FJSWXJ30.12
2,FSXTY58hun.32
2,FSHXBX172.9
2,FSHCM85.63
1,FQHXN52hun.104
2,M130R01.53
1,FSHXWN7.48
2,FJXSRPYG19.67
2,FHNXY35.22
2,FAHWH08.20
1,FSXTY27.10
1,FGSYC47.12
1,FXJKS7.71
2,FSHXBX146.63
2,FYNLJ7.50
1,FHNFQ20.112
2,FGSYC38.10
2,FGXGL40_FDME220052095-1a.56
2,FeceGuXi150112.36
2,FSXLVLS21.61
2,FGDLZ84_FDME220051962-1a.151
2,FAHWH31.55
1,FSHXHZ1.69
2,FAHBZ53.31
1,FXJYN10hun.5
2,FSDQZ11.9
2,FYNLJ23hun.89
2,FHBSJZ8.81
2,FSHCM97.86
2,FZJTZ8.90
2,FGDLZ72_FDME220051953-1a.88
2,FHuNHHMY39.3
2,FGSYC68.63
2,FGXGL16_FDME220052071-1a.94
2,FGXGL41_FDME220052096-1a.101
1,FSXTY24.59
2,FYNLJ57.111
2,FSDLZ59.85
2,FTJBH45.23
2,FNMHLBE31.109
2,FZJHZD19.105
1,FSXTY1hun.23
1,FXJSW23.98
2,FGSZY28.81
2,FHuNHHMY24.95
2,FJXSRPY36.85
2,FSHCM52.63
2,FFJLY38_FDME220051267-1a.54
2,FAHBZ57_FDME220050732-1a.9
2,FSXTY49.19
2,FSXTY35.116
2,FBJ52.93
2,FHuNHHMY78.45
1,FAHBZ4_FDME220050686-1a.4
2,FCQTY079_FDME220051154-1a.65
1,FHNXY54.8
2,FXJCJ18.13
2,FSXTY29hun.75
2,FSHXWN1.64
2,M1C3.63
2,FYNDL28hun.113
2,FNMHHHHT17.94
2,FZJHZD21.55
2,M1DZ04.71
2,FYNDL23hun.67
1,FSDQZ3.59
1,FNXYCHL23.75
1,FNMHLBE11hun.25
1,L1EFC230288_FXJCJ64_S171_L002.75
2,FCQTY147_FDME220051186-1a.44
2,FSHXHZ21.19
2,L1EFC230390_FSHXXA28_S33_L003.40
2,FSHHK31hun.77
2,FGDLZ17_FDME220051916-1a.36
2,FYNLJ26.25
2,FYNLJ27.7
2,FGXGL97.62
2,FCQTY054_FDME220051137-1a.35
2,FJSNT20.151
2,SDHZD7.15
2,FSDLZ39.30
2,FGXGL79_FDME220052134-1a.71
2,FTJBH93.40
2,FGXGL76_FDME220052131-1a.41
2,FHLJZD9.59
2,FJLHD30.78
2,FeceGuXi150111.1
2,FSDQZ22.36
2,FSXTY31.10
2,FJNDD17_FDME220051234-1a.6
2,FNXYCHL36.75
2,FGXGL83_FDME220052138-1a.57
2,L1EFC230310_FXJWS40_S236_L003.120
2,FYNLJ25.48
2,FGSZY36.93
2,FGDLZ73.4
2,FeceHeNa17.33
2,FSHCM79hun.43
2,FQHXN23.69
2,FGDLZ53.45
1,FSDLZ58.79
2,FJLHD4.49
2,FGSZY32.22
1,FHNFQ56.27
2,SDHZD16.93
2,L1EFC230353_FJXFC44_S311_L004.28
1,L1EFC230257_FXJCJ13_S142_L002.50
2,FTJBH91.53
2,FJNDD9_FDME220051226-1a.14
1,FXJYN36.7
1,FZJTZ55.30
2,FeceHuNa150123_FDME220052271-1a.23
2,FGDLZ49.21
2,FZJTZ70.9
2,FJXSRPY35.125
2,FSHXBX136hun.83
1,L1EFC230394_FSHXXA43_S37_L003.35
2,FAHBZ10_FDME220050692-1a.103
2,FGSYC33.12
2,FGXGL102.62
1,FGSYC58.76
2,L1EFC230391_FSHXXA34_S34_L003.20
1,FGSZY44.29
1,FHNFQ40.110
2,FHNFQ50.13
2,FGXGL39_FDME220052094-1a.80
2,FXJKS49.32
1,FQHXN71.74
2,FCQTY144_FDME220051184-1a.27
2,FSXTY60.74
2,L1EFC230285_FXJCJ59_S168_L002.55
1,FBJ13.14
2,FCQTY094_FDME220051171-1a.78
