tree_group,mag
1,L1EFC230306_FXJWS35_S232_L003.73
2,FHLJYC8hun.66
1,FJSNT15.42
2,FFJLY66.129
2,FHLJYC21.28
2,FSHXBX167.6
1,M214F02.171
2,FYNLJ76.43
2,FNMHLBE10hun.63
2,FSXTY42.12
2,FHNXY41.24
2,FHuNHHMY58.47
2,FHNXY42.69
1,L1EFC230294_FXJWS15_S177_L002.34
2,FQHXN68.61
1,FSHXBX43.35
2,FXJYN3.82
2,FXJKS50.34
2,FXJKS42.70
2,M122R01.54
2,FJSNT23.74
2,FHNXY38.88
2,FSHXBX20.20
2,FHLJYC18hun.32
2,FSXLVLS19.125
1,L1EFC230395_FSHXXA48_S38_L003.42
2,FGSZY40.103
1,FeceHuNa150120_FDME220052269-1a.95
2,FeceHuNa150114_FDME220052265-1a.72
1,FJSNT16.25
2,FSHXHZ13.68
2,FNMHLBE14.108
2,M1DZ07.45
1,FGSZY11.66
2,FXJYN11.139
2,M101R01.25
2,FQHXN93.162
2,FJSWXJ14.130
1,FGXGL1_FDME220052056-1a.67
1,FGDLZ85.106
2,FSDLZ02.87
2,L1EFC230247_FHLJZD44_S90_L001.65
2,FQHXN22.127
2,FXJKS4.54
2,FYNLJ52.61
2,FSHXBX169.30
2,FGXGL6_FDME220052061-1a.53
NA,FeceHeNa8.7
2,FHNXY60.57
2,FSDLZ58.96
2,FSHXBX155.49
2,FGXGL24_FDME220052079-1a.60
