tree_group,mag
1,FCQTY155_FDME220051191-1a.112
2,FHNXY48.37
2,FSHHK25_FDME220054495-1a.121
2,FGSZY51.1
2,FSXTY53.81
2,FZJHZD6.141
2,FJSWXJ32.78
2,FZJTZ30.46
2,FJSNT20.51
2,FSXTY15.87
2,FHNXY57.92
2,FJSNT64.42
2,FZJTZ21.30
2,FZJTZ53.25
2,FHLJYC5.3
2,FSHCM39.132
2,FJSWXJ8.5
1,FCQNA9hun.198
2,FSDQZ29.150
2,FSHHK49_FDME220054516-1a.126
2,FHLJYC38_FDME220052687-1a.92
2,FAHBZ43.141
2,M2CF05.58
2,FSDLZ11.73
1,FSHHK12hun.17
2,FTJBH25.1
1,FTJBH30.70
1,FCQTY145_FDME220051185-1a.9
2,FSHHK16_FDME220054486-1a.133
2,FJSNT30.30
2,FJSWXJ37.59
2,FJSWXJ38.154
2,FSXLL17.116
2,FGSZY3.108
2,FeceHuNa15016.46
1,FSHHK20hun.37
2,FQHXN23.26
2,FGSZY48.84
2,FJSNT32.28
1,FGXGL10_FDME220052065-1a.17
2,FGSYC30.35
1,FSCDJY67.137
2,FSDQZ39.155
1,FeceHuNa150120_FDME220052269-1a.40
2,FXJYN40.24
2,FSXLVWS8hun.120
2,FJSWXJ7.41
2,FZJHZD9hun.32
2,FSHXHZ20.80
1,FSDLZ02.131
2,FJSWXJ2.43
2,FSHXHZ13.15
2,FSHCM15_FDME220054532-1a.45
1,FTJBH2.144
2,FSHHK30_FDME220054499-1a.136
1,FSDQZ18.22
2,FNXYCHL44.12
2,FSCPS69.20
2,FQHXN99.148
2,FNMHLBE10hun.78
2,FJSWXJ40.23
2,FXJSW32hun.16
2,FJSWXJ43.108
2,FNMHLBE18.74
2,FSHHK23hun.22
