tree_group,mag
1,FSCDJY98.44
2,FHuBWH27.10
2,SDHZD4.2
1,FSHXBX172.44
1,FHBSJZ47_FDME220052238-1a.23
2,FFJLY74.60
1,FSHHK46_FDME220054513-1a.85
1,FSHCM13_FDME220054530-1a.109
2,FSXTY49.68
1,FSHCM63.47
1,FSHXBX158.15
1,FGSYC9.31
1,FSXLL6.39
1,FSHXWN3.35
1,FNXYCHL26.69
1,FBJ3.18
1,FNXYCHL28.37
1,FSHXBX127.70
1,FNMHHHHT36.75
1,FGXGL50_FDME220052105-1a.87
1,FQHXN90.96
2,FSHXWN16hun_FDME22H000406-1a.56
1,FXJCJ9.54
1,FHLJYC34.93
1,FHNXY15.61
2,FXJYN34.60
1,FJLHD47.61
2,FHBSJZ16.21
1,FSCPS54.35
1,FSHCM84.51
1,FHuBWH8.26
1,FGZ35M_FDME220052035-1a.15
1,FSHCM99.133
2,FXJYN37hun.20
2,FQHXN62hun.18
1,FJXSRPYG14.26
1,FBJ28.103
1,FHLJDQ9.40
1,FFJLY20_FDME220051251-1a.82
1,FSDJN46.30
1,FSCCD11.26
1,FSHXBX26.36
1,FJLHD20.23
2,FNMHHHHT12.73
1,L1EFC230274_FXJCJ39_S158_L002.98
1,FQHXN27.56
1,FGSYC90.60
1,FSHXHZ25.70
2,FHBSJZ19.19
1,FJLHD15.82
2,SDHZD11.25
1,FGZ40M_FDME220052053-1a.81
1,M2CF11.118
2,L1EFC230362_FSHXBX40_S320_L004.5
1,FQHXN24.48
1,FBJ10.14
1,FCQHC8.39
1,L1EFC230263_FXJCJ22_S147_L002.67
1,FQHXN40.6
1,FSXTY56.13
1,FSHCM80.45
2,FBJ16.79
1,FSXTY12hun.56
1,FJSWXJ30.93
1,FSHXBX171.39
1,FGXGL9_FDME220052064-1a.14
1,FGXGL76_FDME220052131-1a.56
2,M206F01.53
1,FSHXBX154.31
1,FHNXY60.47
1,FeceHeNa9.10
1,FSHXBX47.88
1,FHLJYC9.47
1,FHBSJZ59_FDME220052250-1a.12
1,FGXGL77_FDME220052132-1a.16
2,FHBSJZ52.26
1,FJLHD22.74
1,FSHXBX28.158
1,FSXTY3.108
1,L1EFC230309_FXJWS39_S235_L003.85
1,L1EFC230344_FJXFC20_S302_L004.69
2,FHNXY24.71
1,FSHCM91.74
1,SDHZD15.57
1,L1EFC230303_FXJWS32_S229_L003.7
1,FGXGL95.50
1,FHuBWH20.24
1,L1EFC230314_FXJWS46_S240_L003.58
1,FTJBH48.69
2,FXJYN39.91
1,FHLJYC4hun.88
2,L1EFC230367_FSHXBX51_S325_L004.6
1,FeceHeNa16.29
2,FHLJYC18hun.41
1,FQHXN24.26
1,FSHXBX125.24
