tree_group,mag
1,FHBSJZ40_FDME220052231-1a.34
2,FHBSJZ22.59
2,FXJKS29.85
1,FSDQZ33.42
1,FHLJZD58.92
2,FJSWX79.25
2,FHNXY37.89
2,FGXGL40_FDME220052095-1a.8
2,FSHXBX45.50
1,FFJLY15_FDME220051249-1a.75
2,FZJTZ16hun.57
2,FHNFQ27.78
2,FGDLZ61_FDME220051940-1a.17
2,FCQTY108_FDME220051178-1a.4
1,FGZ27M_FDME220052023-1a.14
2,FJLHD16.22
2,FGXGL11_FDME220052066-1a.58
2,FGDLZ21.43
2,FGDLZ14.46
2,FJXSRPY38.139
2,FGZ36M_FDME220052036-1a.14
2,FSHXWN15.25
2,FGSYC51.38
2,FGZ32I2_FDME220052032-1a.24
1,FJSNT3.60
1,FJSNT39.61
2,FCQNA11.75
2,FeceHuNa150114_FDME220052265-1a.92
2,FSHHK47_FDME220054514-1a.54
2,FGXGL8_FDME220052063-1a.61
2,FZJTZ55.57
2,FGXGL107.64
1,FHuNHHMY67.100
2,FGDLZ25.29
1,FSDQZ28.64
2,FQHXN99.57
1,FCQTY162_FDME220051195-1a.63
2,FNMHLBE17.86
2,FGXGL21_FDME220052076-1a.23
2,FeceGuXi150112.45
2,FJXSRPYG28.26
1,FSHXHZ2.26
2,FSCDJY38.112
2,FSHXBX155.203
2,FSXLVLS1.107
2,L1EFC230345_FJXFC21_S303_L004.39
1,FCQTY071_FDME220051148-1a.67
2,FYNDL20hun.1
2,FJXSRPY22.112
2,FGSYC62.100
2,FHuNHHMY51.36
2,FSDLZ06.36
1,FJNDD3.8
1,L1EFC230295_FXJWS19_S222_L003.82
2,FNMHLBE26.84
2,FHLJYC28hun.3
2,FJXSRPY36.102
2,FJSNT66.53
2,FNMHLBE32.69
1,FGZ28M_FDME220052025-1a.77
2,FSCDJY45.55
2,FHLJYC5.121
2,FHuNHHMY55.78
2,FJSWXJ6.27
2,FAHBZ31_FDME220050711-1a.90
2,FHLJZD54.86
1,FZJTZ2.28
2,FJLHD30.47
2,FHHMY4.88
2,FAHBZ7_FDME220050689-1a.52
1,FBJ51.77
2,FXJKS23.13
1,FGZ35M_FDME220052035-1a.5
2,FSHXWN17.9
2,FGZ4M_FDME220051972-1a.112
1,FFJLY26_FDME220051256-1a.44
1,FCQTY067_FDME220051145-1a.65
1,FJSNT4.27
1,FSHXBX171.33
2,FGDLZ64_FDME220051945-1a.14
1,FGSYC86.50
2,FSDQZ31.11
2,FGDLZ24_FDME220051919-1a.43
2,FHBSJZ39_FDME220052230-1a.15
2,FHLJYC23.55
2,FYNDL7.42
2,FAHBZ45_FDME220050722-1a.61
2,FXJYN10hun.30
1,FGZ2M.56
2,FGSZY57_FDME220051907-1a.11
2,FGXGL61_FDME220052116-1a.19
1,FCQTY006.18
2,FSHCM75.23
2,FSDQZ1.10
2,FZJJHD2.8
2,FGSYC34.36
2,FJSWXJ12.67
2,FSCDJY73.82
2,FJSWX81.21
2,FJSWXJ38.133
2,FSHXBX158.52
1,FGSZY15.99
2,FSHXBX131.58
2,FSHCM97.42
1,FSDJN5.40
1,FCQHC10.43
2,FHLJDQ7.2
2,FCQTY155_FDME220051191-1a.10
1,FSCCD6.47
1,FFJLY74.89
1,FNXYCHL11hun.36
1,FGZ25M_FDME220052017-1a.73
2,FSHHK37_FDME220054506-1a.57
2,FGSZY56.33
2,L1EFC230339_FJXFC12_S265_L003.49
2,HuNCS8.19
2,FGXGL33_FDME220052088-1a.50
2,FNMHHHHT11.42
2,FeceGuXi150111.17
2,FSDJN34.3
1,FJSWX99.44
2,FZJTZ42.55
2,FHLJZD24.78
2,FTJBH93.82
2,FCQTY078_FDME220051153-1a.4
1,FeceHeNa20.128
2,FCQTY084_FDME220051155-1a.46
2,FeceHuBe150122_FDME220052843-1a.81
2,FGXGL89_FDME220052144-1a.29
2,FAHWH42_FDME220050759-1a.24
2,FSDLZ59.115
1,FHBSJZ25.14
2,FCQTY091_FDME220051169-1a.21
2,FSXLVWS8hun.117
2,FYNLJ26.18
2,FXJKS9.7
1,L1EFC230267_FXJCJ26_S151_L002.20
1,FCQTY156_FDME220051192-1a.46
1,FSHXBX26.9
2,FGXGL14_FDME220052069-1a.17
2,FSHCM63.11
1,FSCDJY93.15
2,FZJJH15.8
2,FHuNHHMY14.62
2,L1EFC230349_FJXFC31_S307_L004.26
2,FHBSJZ49_FDME220052240-1a.76
2,FSCPS43.41
1,FeceHeNa16.100
2,FSCPS57.23
2,FHLJYC38_FDME220052687-1a.91
2,FeceHuNa15012_FDME220052260-1a.14
2,FJXSRPY8.65
2,FXJYN8.26
2,FHNFQ28.33
1,FGZ30M_FDME220052028-1a.71
1,FeceHeNa15.35
1,SDHZD16.49
2,FSDJN7.40
2,FHNXY39.43
2,FSHXBX90.14
2,FXJSW17.49
2,FYNLJ80hun.58
2,FJSWXJ37.19
2,FSCDYJ7.64
2,FZJTZ25.1
2,FHuNHHMY3.132
1,FHNFQ61hun.9
2,FNMHLBE34hun.49
1,FZJJH11.103
1,M202F01.75
2,FJSWX89.44
2,FYNLJ71.54
2,FJXSRPY21.15
2,FSDJN3.42
2,FJSWX87.4
2,FGDLZ74.37
2,FSHCM72.26
2,FGDLZ13.95
2,FeceHuNa150138_FDME220052281-1a.44
1,L1EFC230381_FSHXXA05_S339_L004.17
2,FJNDD12_FDME220051229-1a.47
2,FSHHK27hun.65
1,FSHXWN20.56
2,FJXSRPY48.26
2,FAHBZ25_FDME220050705-1a.102
2,FHuNHHMY80.31
2,FQHXN54.61
2,FJSWXJ39.22
2,FJXSRPY25.76
1,FGSZY50.12
2,FSCDJY19.4
2,FGXGL31_FDME220052086-1a.100
1,FTJBH45.42
1,FTJBH29hun.34
2,FSCDJY22.80
2,FHNFQ19.59
2,FCQTY144_FDME220051184-1a.23
2,FGDLZ52.13
1,FGXGL30_FDME220052085-1a.8
2,FCQTY077_FDME220051152-1a.2
2,FFJLY53_FDME220051276-1a.41
1,FGDLZ22_FDME220051918-1a.79
2,FGXGL101.33
2,FSXLVWS7hun.47
2,L1EFC230338_FJXFC11_S264_L003.20
2,FGXGL106.34
2,FSCDJY57.131
2,FNMHLBE13.50
2,FSHXBX5.29
1,FHLJZD34.38
2,FSCPS65.10
2,FCQNA40.13
1,FNMHLBE4.59
2,FHLJYC42_FDME220052691-1a.150
2,FGDLZ55_FDME220051935-1a.14
2,FJLHD19.97
1,FCQTY053_FDME220051136-1a.3
2,FGDLZ6.39
1,L1EFC230348_FJXFC29_S306_L004.69
2,FGSYC66.10
2,FJSWX106.27
1,FeceHeNa5.101
2,FBJ22.12
2,FQHXN50.76
2,FZJTZ26.17
2,FGXGL35_FDME220052090-1a.45
2,FGSYC87.38
2,FJSWX85.9
2,FeceHuBe150112.52
1,FJSNT33.13
2,FZJJH16.13
1,FAHWH17_FDME220050741-1a.72
1,FeceHeNa26.60
1,FCQNA4.41
1,FGSZY12.66
2,FJSWXJ19.72
2,FGSZY24.6
2,FAHBZ47_FDME220050724-1a.53
2,FQHXN7.127
2,FAHBZ38.32
2,FHuNHHMY81.51
2,FTJBH55.54
2,FAHBZ8_FDME220050690-1a.43
2,FCQTY104_FDME220051175-1a.54
2,FGDLZ42.40
2,FAHWH24_FDME220050745-1a.106
1,FGXGL85_FDME220052140-1a.47
1,FeceGuXi150116.72
1,FFJLY44_FDME220051272-1a.29
2,FJXSRPY26.25
1,FGSYC32.62
2,FHBSJZ36.23
2,FGDLZ62.59
2,FeceHuNa150110_FDME220052261-1a.57
2,FAHWH33.68
2,FJSWX77.33
2,FYNDL23hun.30
2,FGSZY8.101
2,FHBSJZ4.61
1,FNXYCHL63.10
2,FGXGL16_FDME220052071-1a.162
2,FAHBZ60_FDME220050735-1a.109
2,FJXSRPY45.8
2,FHLJZD50.1
1,FCQTY064_FDME220051144-1a.81
2,FHHMY79.70
2,FHuNHHMY49.18
2,FSCPS49.7
2,FYNLJ67.47
2,FSHXWN18.66
1,FSDQZ38.21
2,FXJSW14.109
2,FSXTY1hun.58
2,FCQHC1.31
1,FCQNA27.8
2,FeceHuBe15017_FDME220052835-1a.71
2,FNMHHHHT10.6
2,FHuNHHMY56.48
2,FJSWXJ30.64
2,FGDLZ11_FDME220051913-1a.9
2,FHLJYC29.79
2,FAHBZ27_FDME220050707-1a.135
2,FJLHD5.15
1,FNXYCHL71.23
2,FSHXBX151hun.46
2,FCQNA16.76
2,FXJWS43.77
2,FBJ14.15
1,FHLJZD13.20
2,FAHBZ42_FDME220050719-1a.91
2,FYNLJ79.74
2,FSHCM79hun.20
2,L1EFC230238_FHLJZD22_S83_L001.42
1,FeceHeNa23.22
2,FCQTY022_FDME220051119-1a.58
2,FGXGL100.37
2,FHNXY16.30
2,FAHBZ3_FDME220050685-1a.74
2,FGDLZ19_FDME220051917-1a.10
2,FAHBZ26_FDME220050706-1a.85
2,FGDLZ79_FDME220051957-1a.12
1,FJSNT2.33
2,FHLJYC41.14
2,FGXGL81_FDME220052136-1a.113
1,FGXGL59_FDME220052114-1a.36
2,FAHBZ52_FDME220050729-1a.11
2,FBJ52.32
1,FTJBH76.58
2,FTJBH82.11
2,FNMHHHHT15.36
2,FGSYC78.25
2,FHuNHHMY71.77
2,FHuNHHMY61.16
1,FFJLY29_FDME220051259-1a.23
2,FAHWH12_FDME220050738-1a.68
2,FSDJN20.49
2,FNMHLBE5.7
2,M203F02.4
1,FFJLY59_FDME220051278-1a.38
2,FTJBH4.4
2,FGDLZ8_FDME220051910-1a.64
1,FJNDD11_FDME220051228-1a.88
2,FGXGL13_FDME220052068-1a.13
2,FeceHeNa25.53
1,FHuNHHMY70.11
1,FJSNT15.106
2,FHuNHHMY34.58
2,FXJKS18.18
1,FJSWX103.20
2,FAHBZ28_FDME220050708-1a.45
1,FJSNT5.45
2,FHuNHHMY78.52
1,FCQTY148_FDME220051187-1a.5
2,FGXGL6_FDME220052061-1a.79
2,FNMHLBE35.95
2,L1EFC230344_FJXFC20_S302_L004.60
2,FJSWX83.26
2,FAHBZ21_FDME220050701-1a.7
2,FHBSJZ38_FDME220052229-1a.6
2,FSCDJY92.30
2,FGDLZ71.25
2,FJLHD36.32
1,L1EFC230328_FTJS0025_S254_L003.54
2,FHLJZD18.62
2,FGXGL105.29
2,FSCPS10.49
1,FJNDD10_FDME220051227-1a.13
2,FGXGL94.32
2,FCQJJ1.1
2,M2CF20.50
1,FSXTY5hun.53
2,FAHBZ48_FDME220050725-1a.62
2,FGZ9M_FDME220051984-1a.32
2,FGSYC21.16
2,FJSNT46.62
2,FCQTY140_FDME220051182-1a.29
1,FHLJYC1.40
2,FHNFQ16.94
1,FHNXY51.44
2,FBJ60.80
1,FeceHuBe150117_FDME220052839-1a.56
2,FGDLZ34.40
2,L1EFC230306_FXJWS35_S232_L003.53
2,FXJCJ29.75
1,FHuNHHMY29.107
1,FGSYC44.37
1,FHLJZD38.20
2,FGSYC59.74
2,FGXGL22_FDME220052077-1a.88
2,FGSZY25.1
2,FSHXXA27.24
2,FSHXWN3.72
2,FCQHC9.10
2,FCQJJ4.23
2,FCQNA28.85
2,FSDLZ58.21
2,FXJYN27.81
2,FGDLZ82_FDME220051960-1a.67
1,L1EFC230286_FXJCJ60_S169_L002.12
2,FJSWXJ28.30
1,FeceHuBe15015_FDME220052833-1a.55
2,FQHXN62hun.48
2,FSDJN33.16
2,FGXGL91.53
2,FSHCM38.19
1,FQHXN33.150
2,FYNDL3.67
2,FSCCD8hun.119
2,FTJBH39hun.9
1,FZJHZD12.61
1,L1EFC230282_FXJCJ51_S165_L002.16
2,FXJWS41.12
2,FSHXXA1.54
2,FJLHD52.102
1,FCQTY079_FDME220051154-1a.45
2,FJXSRPY24.93
1,FYNLJ4.15
2,FAHWH39_FDME220050756-1a.8
2,FJSWXJ4.102
2,FSDJN18.59
1,FHNFQ7.10
2,FQHXN10.75
2,FFJLY47.41
2,FJXSRPYG9.86
2,FXJKS33.20
2,FSDJN48.89
2,FXJKS46.27
2,SDHZD14.26
2,FGXGL58_FDME220052113-1a.18
2,FXJKS7.69
2,FHLJYC14.1
1,FeceHeNa22.3
2,FSHXXA24.7
2,FSHXBX153.76
1,FHNFQ12.53
1,FHHMY73.12
2,FZJTZ68.22
2,FSHXBX88.17
2,FGXGL65_FDME220052120-1a.144
2,FJXSRPY39.137
1,FQHXN4.67
2,FSHXHZ17.61
2,FGDLZ30.76
1,FNXYCHL39.1
2,FSHXWN13hun.13
2,FJSWXJ24hun.27
1,FGDLZ47_FDME220051927-1a.33
2,FeceHeNa11.62
2,FAHBZ35.3
1,FGXGL97.13
1,FCQTY009.103
2,FJXSRPY35.13
2,FNMHLBE3.72
2,FeceHuBe150119_FDME220052841-1a.71
2,FSHXXA14.34
2,FHLJDQ8.65
2,FeceGuXi150114.98
2,FCQTY102_FDME220051174-1a.77
2,FXJCJ41.18
2,FXJCJ48.9
2,FGSYC31.58
2,FHuNHHMY58.7
2,FGXGL52_FDME220052107-1a.43
2,FGDLZ59_FDME220051938-1a.64
2,FZJTZ7.2
2,FAHBZ58_FDME220050733-1a.11
2,FTJS017.32
2,FSHXWN12.61
1,L1EFC230342_FJXFC16_S268_L003.11
2,FGXGL62_FDME220052117-1a.28
2,BJCP1.29
1,FHNXY31.29
