tree_group,mag
NA,FJSNT64.61
2,FHNXY19.32
2,FSXTY51hun.37
2,FHNXY41.11
2,FeceHuNa15016.49
2,FJSWX85.36
2,FSDQZ31.119
2,FJLHD53.44
2,FHNXY37.107
3,FSDJN60.62
3,FJLHD44.18
2,FSHHK17hun.75
2,FNMHLBE4.19
2,FZJTZ35.37
2,FSDQZ35.79
2,FeceHuNa150118_FDME220052267-1a.28
2,FGDLZ50_FDME220051930-1a.71
2,FSDQZ27.88
2,FSDLZ17.30
3,FSCDJY69.107
3,FHNFQ60hun.92
3,FJLHD7.14
3,M101R01.22
2,FSCDJY38.17
2,FGXGL63_FDME220052118-1a.8
3,L1EFC230364_FSHXBX42_S322_L004.1
3,FHNFQ2.96
2,FSHXBX167.136
2,FSDJN51.42
2,FSDJN12.162
3,FGDLZ24_FDME220051919-1a.11
3,FJSWX96.84
3,FHLJYC5.92
