tree_group,mag
1,FZJJH15.41
2,BJSJS1.9
2,BJHD7.28
1,FHNFQ49-1.1
1,FFJLY44_FDME220051272-1a.28
2,FJSWXJ40.43
1,FQHXN21.3
1,FZJJH16.7
2,FSHXBX19.27
1,FSXLL15.20
1,L1EFC230365_FSHXBX46_S323_L004.46
1,FAHBZ61_FDME220050736-1a.15
1,BJCY1.13
1,HNZZ13_FDME220052291-1a.18
1,FXJYN22.20
2,BJ1.5
1,FZJTZ36.60
2,FNXYCHL30.17
2,FSDLZ02.11
1,SDWF3.26
2,FSDJN46.67
1,FHuNHHMY53.60
2,FXJSW41.34
1,SHXXA4hun.35
1,FHuNHHMY75.34
1,FAHWH42_FDME220050759-1a.29
1,FZJHZD11.66
1,FZJJH8.5
1,FXJCJ9.23
1,FCQNA11.28
1,FeceHuNa150141_FDME220052284-1a.19
1,FeceHuNa150145.15
1,FCQNA19.32
2,NMGHHHT3.26
1,FHBSJZ32.11
1,FHuNHHMY60.78
1,FJSNT2.27
1,FSDJN16.34
1,FFJLY59_FDME220051278-1a.39
1,FYNLJ72.1
2,SDHZ8.29
1,FJXSRPY46.46
2,FJND23_FDME220051214-1a.15
2,FeceHuNa15019.83
1,FJSWXJ3.62
2,FZJHZ9.63
1,FJLHD28.34
1,FGD18M_FDME220052004-1a.24
1,FYNDL23hun.24
1,FGDLZ18.46
1,FSCCD17.57
1,FJXSRPY25.39
1,FNXYCHL57.32
1,FFJLY26_FDME220051256-1a.11
1,FHNFQ23.57
1,FSHXWN33.25
1,SDHZ17.14
1,FSHXWN35.3
1,HuNCS8.13
1,FSHXBX10.9
1,FQHXN57.40
1,WH4_FDME220052854-1a.36
1,FHBSJZ50_FDME220052241-1a.29
1,M2CF16.18
2,FNXYCHL42.64
2,FGXGL5_FDME220052060-1a.14
1,FGSYC84.11
2,FSHXBX114.10
1,FZJHZD20.34
1,M2CF20.58
1,FGSZY1.8
1,FNXYCHL43.9
1,FNMHHHHT28.35
1,FHBSJZ4.72
1,L1EFC230263_FXJCJ22_S147_L002.79
1,FSCCD19.92
2,FSDLZ43.27
1,FBJ18.44
1,FXJYN12.24
1,FSHXXA29.65
1,FJLHD27.19
1,FSCCD13.7
2,FJSWXJ39.66
1,FSHXWN36.23
1,FJSWXJ8.35
1,FGSYC92.44
1,L1EFC230367_FSHXBX51_S325_L004.55
1,FJSNT29.40
1,L1EFC230345_FJXFC21_S303_L004.61
1,FJXSRPY10.95
1,FGSYC85.55
2,FYNLJ50.60
1,FNXYCHL2.46
1,FSDLZ51.8
2,FHBSJZ43_FDME220052234-1a.17
2,FCQTY123_FDME220051180-1a.14
2,SHMX4_FDME220054478-1a.5
1,FHHMY73.6
1,FSDLZ60.8
1,HeNJZ4hun.16
1,FHuNHHMY12.5
1,FAHWH34_FDME220050751-1a.35
1,FNXYCHL66.81
2,FHuBWH16.1
1,FGZ32I1_FDME220052031-1a.12
1,FGDLZ84_FDME220051962-1a.36
1,FCQTY087_FDME220051157-1a.2
1,FSXLL19.26
1,FGZ10M_FDME220051987-1a.56
2,FGSYC27.6
2,FQHXN5.7
1,L1EFC230329_FTJS0026_S255_L003.50
1,FZJJHD1.6
1,FGZ29M_FDME220052027-1a.42
2,FSXTY4.44
2,FSHHK6.36
2,FSHXBX142.75
1,FSCDJY50.17
1,FAHWH36_FDME220050753-1a.20
1,FAHWH18.54
1,FSHXBX26.19
1,FZJZJ3.5
1,JSZJ1.5
2,FZJJH6.15
1,FSCDJY60.53
1,FSCDJY53.7
1,FSHXWN37hun_FDME22H000410-1a.19
1,FNMHLBE33.8
1,FSDLZ52.18
1,FCQNA3.77
1,FGXGL17_FDME220052072-1a.18
2,TJWQ1hun.16
2,FCQTY152_FDME220051189-1a.4
2,FJNDD3.29
1,FSCDJY41hun.66
2,FHNXY26.32
1,FeceHeNa1.61
1,FNXYCHL4hun.47
1,FJSWX74.4
1,FQHXN91.36
1,FFJLY71.21
1,FZJJH9.19
1,FJLHD25.87
1,FFJLY29_FDME220051259-1a.7
1,FJSNT44.23
2,FHBSJZ45_FDME220052236-1a.113
2,FSHXBX168.29
1,L1EFC230301_FXJWS28_S227_L003.123
2,L1EFC230372_FSHXBX62_S330_L004.95
1,FSHHK34_FDME220054503-1a.5
1,FYNDL2.59
1,FAHWH01.2
1,FHuBWH34.3
1,L1EFC230340_FJXFC13_S266_L003.61
2,FSCPS24.21
1,FFJLY74.21
1,M1C1.68
1,FZJTZ37.18
1,FHBSJZ30.40
1,FHuBWH7.12
1,M130R01.26
2,FXJCJ16.31
2,FNXYCHL3hun.59
1,FJXSRPY52.46
1,JSYZ28.9
1,JSZJ2.25
1,FTJBH71.68
2,FBJ16.82
1,FGXGL58_FDME220052113-1a.20
1,FeceHuBe15019_FDME220052837-1a.17
2,FAHWH16.20
1,FZJHZD2hun.49
1,FQHXN27.64
1,FCQNA23hun.24
1,FGXGL98.10
2,FTJBH30.36
1,FTJBH31.35
2,SDHZ16.3
1,BJHD5.9
1,FCQTY104_FDME220051175-1a.87
1,FSHXBX27.87
2,FSHXBX32.15
1,FGXGL7_FDME220052062-1a.43
2,FBJ59.24
1,FGDLZ80_FDME220051958-1a.41
1,FXJKS51.164
1,M203F02.48
1,M1C9.124
1,FHLJYC11.17
1,FJSWX84.30
1,FAHWH02.27
1,L1EFC230238_FHLJZD22_S83_L001.46
2,FXJCJ30.12
1,FSXTY32.36
2,FJLHD35.13
2,FeceHuNa150114_FDME220052265-1a.100
1,FeceHuNa150140_FDME220052283-1a.38
1,FSHCM5_FDME220054522-1a.79
1,FCQTY004.43
1,FGZ42M_FDME220052055-1a.13
2,FGXGL80_FDME220052135-1a.69
1,FSHXBX124.30
2,FFJLY73.31
1,FSHXXA23.4
2,FGDLZ33_FDME220051920-1a.81
1,FSCPS15.54
1,FSHXBX156.45
1,FZJTZ64.4
1,FQHXN87.41
1,FSHXBX169.45
1,JSYZ27.46
1,FNXYCHL31.48
2,FHuBWH13.32
1,L1EFC230288_FXJCJ64_S171_L002.77
1,FSXLVLS1.10
2,FSHXXA33.45
1,FXJCJ18.107
1,FGXGL68_FDME220052123-1a.69
1,FSHXBX122.6
2,FNXYCHL91.61
1,BJHD9.33
1,FJND2_FDME220051160-1a.31
2,FAHWH05.30
1,FGSYC38.26
1,FSHXWN25.4
1,FJSNT4.72
2,FNXYCHL94.31
1,FSDQZ1.45
1,FCQTY047_FDME220051132-1a.36
1,FHBSJZ58.42
1,HuNCS3.35
1,FAHBZ39_FDME220050716-1a.8
2,FCQTY059_FDME220051139-1a.34
1,FSHXBX37.24
1,FHuBWH15.27
1,FCQNA7.23
1,FSCDJY98.19
2,FSCPS19.2
1,FCQNA20hun.83
1,FeceHeNa22.60
2,FSDQZ25.77
1,FGXGL91.5
1,FXJCJ41.46
1,FZJHZD17hun.21
1,FHuNHHMY29.84
2,FHNXY19.50
2,FAHBZ13.82
1,FZJTZ27.2
1,FSHXWN24.90
1,FHBSJZ2.40
1,FQHXN2.18
1,M1C14.21
1,FNXYCHL49.48
1,FSHXHZ25.83
1,FSHXBX159.18
1,FZJHZ7.33
1,FHHMY62.5
2,FeceHuNa150122.39
1,FHBSJZ6.12
1,FJXSRPYG18.36
1,M207F01.33
1,FHLJYC17hun.4
1,FFJLY64.20
1,FZJHZD22.50
2,FSXLVLS6.25
1,FAHWH11.20
1,FGXGL13_FDME220052068-1a.37
2,FJXSRPYG4.56
2,FZJHZ5.41
1,SDWF1.7
1,FSDJN9.92
1,FJNDD2_FDME220051219-1a.33
1,FSHCM47.19
1,FSHCM67.49
2,SDHZ2.18
1,FJSWX92.29
1,FHLJZD15.7
1,FGZ32I2_FDME220052032-1a.27
1,FHuBWH18.17
1,FJSNT3.34
1,L1EFC230234_FHLJZD07_S79_L001.67
1,FJSNT40.11
1,FSHXXA39.6
1,FZJTZ42.4
1,L1EFC230326_FTJS0013_S252_L003.12
1,FJND6_FDME220051164-1a.10
1,LNSY3.21
1,FGSZY20.45
1,FGSYC28.39
1,FHNXY31.51
2,FGSYC12.35
1,FZJJH12.19
1,FJSWXJ6.11
1,FZJJH13.12
1,FeceGuXi15016.70
2,FHNXY61hun.2
1,FSXTY31.74
1,FHBSJZ40_FDME220052231-1a.56
1,SDWF2.17
2,FSCPS89.37
1,L1EFC230244_FHLJZD35_S87_L001.29
1,FYNDL20hun.46
1,FHNXY59.50
2,FSHHK19_FDME220054489-1a.71
1,FeceHeNa9.33
1,FHuNHHMY49.37
1,FeceHuNa150144_FDME220052287-1a.39
1,FGDLZ41_FDME220051924-1a.49
1,FCQTY029_FDME220051123-1a.57
1,FNMHHHHT44.93
2,FGXGL99.14
2,CS7.2
1,FSHXWN7.10
1,FZJTZ38.71
1,FHuNHHMY76.109
1,FSHHK24hun.1
1,FSHXHZ22.24
2,FBJ58.60
1,FXJCJ55.63
1,FFJLY5_FDME220051242-1a.52
2,FSDLZ14.22
1,FSHHK48_FDME220054515-1a.49
1,FSHXXA22.79
1,FHBSJZ14.26
1,FGXGL18_FDME220052073-1a.77
1,FFJLY18.73
2,FJFZ2_FDME220051166-1a.9
1,FFJLY6_FDME220051243-1a.18
2,FZJJHD3.31
1,FJND18_FDME220051209-1a.10
1,FSCDJY55.22
2,FAHWH25.27
1,FHNFQ3.47
1,FSHXBX154.20
1,FSDQZ9.50
1,FSCPS37.35
1,FZJTZ66.21
1,FSHXXA12.10
1,SDHZD9.76
1,FJXSRPY35.66
1,FBJ38.56
1,FJSNT8.1
1,FSCPS22.19
1,FSHXBX171.55
1,FGXGL103.6
1,FZJJH4hun.25
2,FSCPS25.26
2,FHBSJZ1.16
1,FTJBH65.36
1,FZJHZD3hun.39
2,FSHHK38_FDME220054507-1a.8
2,FeceHuBe150120.25
1,FSDJN10.16
1,FJXSRPY21.14
1,FSDJN21.24
1,FAHWH32_FDME220050750-1a.7
2,FYNLJ57.68
1,JLTH1.7
2,FSDLZ10.38
2,JSZJ4.31
1,FHLJDQ4.44
1,FHLJZD39.53
1,FJLHD26.68
2,FJSNT19.81
1,FXJCJ19.92
1,FQHXN20.75
2,FYNLJ36.50
1,L1EFC230249_FHLJZD48_S134_L002.32
1,FJXSRPY49.19
1,FZJHZ4.43
1,FNXYCHL69.84
1,FFJLY4.15
2,FSXLVLS5.18
