tree_group,mag
1,FCQHC8.82
1,FAHBZ37_FDME220050714-1a.69
1,FHNFQ17.15
1,FAHWH13_FDME220050739-1a.28
1,FHLJZD24.104
1,JSZJ1.23
1,CS9.36
2,FQHXN2.20
1,FSHXXA12.9
1,FSCDJY13.87
1,FSHXWN24.23
1,FZJTZ68.51
1,SHXXA4hun.10
1,FZJZJ3.3
2,FQHXN24.40
1,L1EFC230242_FHLJZD30_S85_L001.36
1,FJND4_FDME220051162-1a.24
1,FAHBZ13.69
1,FSCPS52.45
1,L1EFC230308_FXJWS37_S234_L003.31
1,FNXYCHL87.64
2,FNXYCHL32.43
1,BJHD1.30
1,FSXTY12hun.1
1,FCQJJ3.3
1,FSDJN15.61
1,FSDQZ22.61
1,FHuNHHMY38.11
1,FCQNA16.1
1,SDWF1.20
1,TJHX1.22
1,FSCPS37.26
1,FNXYCHL94.24
1,FXJCJ54.9
1,FHNFQ4.16
1,FSCPS5.111
2,FSDQZ42.72
2,SDHZ6.9
2,HeNJZ7hun.5
1,FYNDL3.90
1,FFJLY59_FDME220051278-1a.19
1,FJND14_FDME220051206-1a.11
2,FCQNA12.40
1,NMGEL1hun.6
2,FHuNHHMY67.67
1,FSHCM14_FDME220054531-1a.18
1,FGXGL68_FDME220052123-1a.25
2,FSDQZ10.54
1,FAHWH11.29
1,FJND13.26
2,FHNFQ34.46
1,SDHZ12.33
1,FSCPS8.90
1,SHXXY2.7
2,SDWF3.29
1,FJLHD10.29
1,FSDQZ32.134
1,FXJCJ57.11
1,FSDQZ20.29
1,FHuBWH13.30
1,L1EFC230233_FHLJZD05_S78_L001.14
1,L1EFC230235_FHLJZD10_S80_L001.17
1,FHBSJZ38_FDME220052229-1a.4
1,FeceGuXi15019.50
2,FHBSJZ40_FDME220052231-1a.53
1,FQHXN4.114
1,FSCDJY79.91
1,L1EFC230303_FXJWS32_S229_L003.67
1,FSXTY3.36
2,FSDJN28.35
1,FSCPS49.79
2,L1EFC230251_FXJCJ01_S136_L002.23
1,FXJCJ30.51
2,FAHWH31.6
2,L1EFC230234_FHLJZD07_S79_L001.55
1,BJSJS1.25
1,FSDQZ15.64
1,FAHWH24_FDME220050745-1a.82
2,FSCDYJ2.48
1,LNSY2.37
1,FSHHK11_FDME220054483-1a.73
1,FeceHuNa150145.43
1,L1EFC230277_FXJCJ42_S161_L002.80
1,FAHWH34_FDME220050751-1a.95
1,L1EFC230252_FXJCJ02_S137_L002.30
1,L1EFC230246_FHLJZD42_S89_L001.35
1,FGXGL28_FDME220052083-1a.76
1,FSHHK7_FDME220054481-1a.68
1,JSYZ28.7
2,FQHXN33.22
1,FZJTZ58.34
1,FZJJH6.5
1,L1EFC230386_FSHXXA15_S344_L004.76
2,FZJHZ25.33
2,FSDJN10.15
1,FSHXXA32.22
2,FHuNHHMY10.42
1,FCQNA2.36
1,L1EFC230249_FHLJZD48_S134_L002.34
2,L1EFC230248_FHLJZD47_S91_L001.90
1,FNMHLBE27.51
1,FXJSW41.4
1,FSHXXA19.75
1,FQHXN65.1
2,FXJYN27.74
1,FXJCJ55.55
1,FSXTY26.11
1,FNMHLBE17.45
2,FAHBZ28_FDME220050708-1a.58
2,FCQNA20hun.64
1,FZJHZ7.14
2,FGSYC44.58
1,FAHBZ39_FDME220050716-1a.54
1,FSDJN25.8
2,FHuNHHMY26.33
1,FGSYC48.21
1,FJND23_FDME220051214-1a.18
1,FNXYCHL90.42
2,FXJSW24.95
2,FSCDJY94.8
NA,L1EFC230244_FHLJZD35_S87_L001.23
1,FSXTY54.30
1,FSCDJY93.27
1,FGSYC4.81
1,DA3.16
1,FYNDL24hun.14
1,FZJTZ33.23
1,FSCCD22.38
1,L1EFC230296_FXJWS21_S300_L004.57
1,FSCPS22.1
1,FNXYCHL23.59
1,CS10.26
1,L1EFC230329_FTJS0026_S255_L003.45
1,FZJTZ3.45
1,FHNFQ18.12
1,SDHZ9.28
1,FJLHD5.46
1,L1EFC230385_FSHXXA13_S343_L004.81
1,FHLJZD46.21
1,L1EFC230237_FHLJZD20_S82_L001.41
1,FNXYCHL11hun.18
1,FHBSJZ39_FDME220052230-1a.37
2,NMGHHHT3.34
2,FHLJZD32.45
1,TJWQ2.11
NA,FXJCJ16.15
2,FZJJH14.29
1,FXJCJ9.40
2,FHLJZD11.39
2,FSXTY35.42
1,FYNLJ20hun.22
2,FCQNA19.18
1,FCQHC7.2
1,FXJYN33.124
1,FAHWH17_FDME220050741-1a.121
1,FAHWH32_FDME220050750-1a.15
1,FSXTY27.11
2,FAHWH30_FDME220050748-1a.74
2,FSHHK17hun.66
1,FSXTY47.37
1,FJXSRPY23.59
1,FSXTY52.47
1,L1EFC230238_FHLJZD22_S83_L001.29
1,FHuNHHMY59.47
1,FZJTZ27.61
1,FNMHLBE16.54
1,HeNXX1.19
1,FXJYN35hun.33
1,FSCCD13.67
1,FNXYCHL89.44
1,FSCDYJ6.6
1,FHLJZD27.30
1,L1EFC230345_FJXFC21_S303_L004.47
1,FJXSRPY29.36
1,FNXYCHL60.42
1,FGD20I2_FDME220052010-1a.18
2,FGDLZ17_FDME220051916-1a.66
