tree_group,mag
1,FFJLY46_FDME220051273-1a.2
1,FSDJN10.54
1,FFJLY15_FDME220051249-1a.69
1,FAHWH37_FDME220050754-1a.32
1,FXJWS13.75
1,FNMHHHHT22.38
1,FGXGL99.73
1,FSHXXA14.13
1,FCQNA3.21
1,FGSZY23.52
1,M2CF17.52
1,FXJYN18.39
1,FXJSW24.90
2,FGSYC80.30
1,FXJWS4.3
1,FGXGL88.70
1,FJSWX74.37
1,FSCPS8.70
1,FXJCJ47.37
1,L1EFC230320_FTJS0005_S246_L003.30
1,SHXXA4hun.38
1,FNXYCHL40.35
1,FSXLVWS4.61
2,FXJKS39.16
1,L1EFC230280_FXJCJ46_S164_L002.43
1,L1EFC230288_FXJCJ64_S171_L002.42
2,FXJKS15.16
2,FGSYC84.16
1,FJSWX73.2
1,FJND9_FDME220051201-1a.83
2,FBJ16.33
1,BJHD7.54
1,FeceHuNa150143.32
1,FCQNA20hun.37
1,M1C7.48
1,FAHWH41_FDME220050758-1a.7
1,FSHHK34_FDME220054503-1a.47
1,M2CF11.92
1,L1EFC230284_FXJCJ58_S167_L002.114
1,FGXGL47_FDME220052102-1a.49
2,FGSYC60.11
1,FSDJN35.114
1,FNXYCHL31.37
1,L1EFC230294_FXJWS15_S177_L002.9
2,FXJKS35.133
2,FXJKS10.138
2,FXJKS2.137
2,FQHXN106.144
NA,FHLJZD18.38
1,FSHXWN4hun.41
1,FSHXWN1.93
1,FTJBH53.98
1,FCQNA42.50
1,FGSYC1.19
1,FTJBH29hun.28
1,FGZ37M_FDME220052037-1a.20
1,L1EFC230266_FXJCJ25_S150_L002.64
1,FAHWH13_FDME220050739-1a.62
1,FJLHD6.57
1,FQHXN62hun.101
1,FSHCM35.43
1,FJNDD9_FDME220051226-1a.61
2,FQHXN19.47
1,M1C8.61
1,FSCCD18hun.10
1,FNMHHHHT16.9
1,FHuBWH14.38
1,FJSWX108.75
2,FXJKS42.102
1,FCQTY010.8
1,FSCPS9.100
1,FeceHuNa150140_FDME220052283-1a.69
1,FNMHHHHT45.27
2,L1EFC230375_FSHXBX68_S333_L004.16
1,FSCCD15.71
2,FXJKS16.6
1,FSXTY12hun.58
1,FGZ41M_FDME220052054-1a.22
1,FCQHC4.23
1,FSHHK19_FDME220054489-1a.39
1,FXJCJ18.36
1,FSXTY3.71
2,FXJKS34.89
1,FBJ58.18
1,FGXGL93.31
1,FBJ21.91
2,FBJ66.43
1,FSDLZ46.77
1,FHLJYC23.12
1,L1EFC230279_FXJCJ45_S163_L002.60
1,FSHXBX4.58
NA,FQHXN89.121
1,FQHXN4.40
1,FSDJN40.39
1,FBJ26.41
1,FYNLJ4.19
2,FXJKS37.175
1,FBJ41.46
1,L1EFC230274_FXJCJ39_S158_L002.16
1,L1EFC230315_FXJWS47_S241_L003.17
1,FJSWX81.13
1,M104R01.21
1,TJDG4.4
1,SDHZ26.14
1,FJLHD19.49
NA,FQHXN91.47
