tree_group,mag
1,L1EFC230341_FJXFC14_S267_L003.62
1,FCQNA26hun.48
1,FGSYC46.13
1,FHNXY18.5
1,FQHXN105.54
1,FSXLVLS5.12
1,FAHBZ47_FDME220050724-1a.32
1,M1DZ10.19
1,FSHXWN19.24
1,FHBSJZ40_FDME220052231-1a.14
1,FNMHHHHT19.6
2,FSHXWN1.72
1,FNMHLBE3.115
1,FGSYC49.16
1,FSHXBX87.45
1,FSDLZ04.54
2,FSHXHZ15.87
1,M130R01.38
1,FSHXBX127.2
1,FXJYN35hun.50
1,FNMHHHHT45.15
1,FGSYC68.6
1,FXJYN31.79
1,FJNDD19_FDME220051236-1a.30
1,FHuBWH31.30
1,FNXYCHL55.101
1,FJSWX76.30
1,FAHWH35_FDME220050752-1a.35
1,L1EFC230373_FSHXBX64_S331_L004.51
1,FNMHHHHT7hun.16
1,FSXLVLS10.82
1,FSXLVWS2hun.93
1,FCQTY084_FDME220051155-1a.103
1,FSHXWN6.49
1,FCQTY053_FDME220051136-1a.48
1,FGSYC9.2
1,FGSZY27.18
1,FGZ41M_FDME220052054-1a.64
2,FSHXBX133hun.16
2,FSHXBX157.66
1,M2CF05.15
1,FHBSJZ39_FDME220052230-1a.11
1,FQHXN109.71
1,FeceHuBe150120.13
1,FBJ1.20
1,FSHXBX126.6
2,FSHXBX164.66
1,FSHXWN14.76
1,FQHXN49.35
1,FGDLZ74.44
1,M105F01.107
1,FYNLJ72.53
1,FJSNT33.30
1,L1EFC230331_FTJS0028_S257_L003.62
2,FSXTY14.110
1,FGSYC66.62
2,FJSWX100.4
1,FeceHuNa150110_FDME220052261-1a.89
1,FHBSJZ35.57
2,FHNFQ46.92
1,FSXTY33hun.88
1,FSHXWN5.44
2,L1EFC230262_FXJCJ20_S146_L002.66
1,FHuBWH12.75
1,FSHXWN30.93
1,FCQTY031_FDME220051125-1a.39
1,FSXLVLS21.80
1,FSHXWN32.53
1,FQHXN62hun.72
1,FXJYN5.16
2,FGSZY10.32
1,FSHXWN12.66
1,FGSYC55.43
1,FTJBH78.81
1,FHBSJZ58.17
1,FSHXBX47.62
1,FSHXWN18.5
1,FSHHK5hun.72
1,FJLHD40.31
1,FSXTY45.76
1,FZJJH15.2
1,FXJSW42.44
1,FXJCJ4.9
2,FHLJYC35_FDME220052684-1a.73
2,FSHXWN9.54
2,M1DZ04.10
1,FXJKS33.31
1,FTJBH41.35
1,L1EFC230365_FSHXBX46_S323_L004.62
2,L1EFC230395_FSHXXA48_S38_L003.101
1,FGSZY20.24
1,FSXLVWS1hun.103
2,FSHXBX142.24
1,FHuNHHMY80.4
1,FYNLJ40.2
2,FZJTZ24.78
1,FHBSJZ46_FDME220052237-1a.30
1,FXJYN19.82
1,FGZ37M_FDME220052037-1a.11
1,M1DZ11.10
1,FSHXBX176.4
1,HeNJZ4hun.4
1,FGSYC90.148
1,FSHXBX155.179
1,FSHXBX65.2
1,FNXYCHL88.63
1,FYNLJ26.2
2,FJSWXJ37.97
2,FGSYC63.5
1,FHLJZD3.75
1,FGSYC57.27
1,FSHXWN10.32
1,FSHXHZ23.66
1,FJSWXJ25.4
1,FCQTY047_FDME220051132-1a.51
1,FQHXN60hun.80
1,FXJYN18.88
1,FQHXN104.69
1,FYNLJ68.83
1,FSHXHZ4.75
1,FHBSJZ29.30
1,FNXYCHL26.41
1,FHNFQ28.98
2,FGXGL71_FDME220052126-1a.39
1,FBJ57.21
1,FSHXBX153.43
1,FSDJN22.28
1,FSHXHZ18.68
1,FQHXN57.14
2,FSHXBX129.61
1,L1EFC230342_FJXFC16_S268_L003.15
1,FSXLVLS12.78
1,FJLHD47.21
1,FQHXN18.52
1,L1EFC230350_FJXFC33_S308_L004.33
1,FGSZY19.39
1,M202F01.15
1,FTJS022.9
1,FFJLY8_FDME220051245-1a.42
1,L1EFC230366_FSHXBX48_S324_L004.117
1,FHNFQ32.101
1,FSDJN40.59
1,FGSZY26.29
1,FSHXBX39.15
1,FHNXY22.44
1,FZJHZD2hun.63
1,L1EFC230294_FXJWS15_S177_L002.54
1,FSXLVLS19.99
2,FGSZY12.13
2,FSHXBX163.50
1,FSHXBX170hun.11
1,L1EFC230272_FXJCJ36_S156_L002.52
2,FSHXHZ13.118
1,L1EFC230314_FXJWS46_S240_L003.43
1,FGSYC83.68
1,FSHXWN36.20
2,FTJBH47.73
2,FSXLL8.12
2,FGSYC12.26
1,FGSZY37.71
1,FXJKS47.32
1,FGDLZ15_FDME220051915-1a.130
1,FeceHuNa15011_FDME220052259-1a.12
2,FHuBWH32.38
1,FSHXHZ22.27
1,L1EFC230344_FJXFC20_S302_L004.148
1,FSHXBX169.106
1,L1EFC230338_FJXFC11_S264_L003.88
2,FSHXHZ14.88
1,FQHXN91.45
1,FGSZY34.61
1,M203F02.14
1,L1EFC230319_FTJS0003_S245_L003.139
1,FHBSJZ49_FDME220052240-1a.59
1,FGSZY13.119
2,FQHXN108.101
1,FSHXWN21.46
1,FCQTY009.79
2,FZJTZ28.3
1,FBJ22.14
1,FGSYC72.54
1,FYNLJ41.56
1,FBJ31.30
2,L1EFC230268_FXJCJ27_S152_L002.67
1,FSHXBX49.65
1,FSDJN11.81
1,FGDLZ79_FDME220051957-1a.1
1,FSCCD8hun.45
1,L1EFC230285_FXJCJ59_S168_L002.8
1,FHLJYC42_FDME220052691-1a.100
1,FHNXY35.15
1,FSHXWN17.56
2,FSHXBX38.31
1,FSCPS8.123
1,M2CF14.21
1,FHBSJZ37.8
1,FSHCM63.66
1,M1C6.35
1,FTJS032.28
1,FSXLVWS8hun.17
1,FSHHK31hun.1
1,SDHZD11.37
1,FSHXWN22.41
1,FGSZY35.38
1,FTJS035.52
1,FNXYCHL12.40
1,FJXSRPY12.36
2,FSHXWN15.79
1,L1EFC230333_FTJS0033_S259_L003.41
1,FSHXBX152.84
1,FAHBZ36.21
1,FSDJN44.18
1,FQHXN14.111
1,FSDJN42.41
1,FTJS021.38
1,FXJSW40.49
1,FSXLVWS6.114
2,FSDJN48.8
1,FSHXWN7.69
1,FSHXBX134hun.100
1,FGZ2M.39
1,FGSZY42.36
1,FGSZY52.57
1,FAHWH23_FDME220050744-1a.58
1,M1C9.90
1,FSDJN19.8
1,FJSWXJ24hun.32
1,FYNLJ37.102
1,L1EFC230256_FXJCJ12_S141_L002.64
1,FJSWXJ39.40
1,FSHXBX124.37
1,FSHXXA25.58
2,M1DZ05.61
1,FNMHHHHT22.80
1,FHuBWH1.35
1,NMGEL4.35
1,FSHXBX74.10
1,FSHHK33hun.10
1,FSDLZ53.110
1,FeceHuNa150117_FDME220052266-1a.73
1,M2CF09.42
1,FQHXN80.49
1,FSHHK17hun.121
1,FGD19M_FDME220052006-1a.18
1,L1EFC230301_FXJWS28_S227_L003.93
1,FQHXN97.53
1,FGD17M_FDME220052001-1a.9
1,L1EFC230349_FJXFC31_S307_L004.90
1,FJXSRPY17.41
1,FGSYC27.59
1,FGDLZ11_FDME220051913-1a.29
1,FTJBH84.85
1,FSHXBX22.90
1,FNXYCHL5.98
1,FBJ18.46
1,FNXYCHL1.92
1,FSHXBX53.98
1,FSHXXA24.10
1,FTJBH62hun.77
1,FSHXWN3.42
1,FGSZY56.47
1,SDHZD3.99
1,FSHXBX88.16
1,FSHXBX148.79
1,FJND18_FDME220051209-1a.86
1,FSHXBX23.71
1,FBJ42.11
1,FSXTY21.38
1,FSHXBX166.52
1,FYNLJ57.58
1,FSDLZ13.45
2,FSXTY16hun.4
2,FXJYN8.17
2,FAHWH28_FDME220050746-1a.69
1,FZJHZD21.18
1,FTJBH74.40
1,FSDQZ49.81
1,FSDQZ24.88
1,L1EFC230384_FSHXXA08_S342_L004.42
2,FSHHK30_FDME220054499-1a.82
1,SDHZ2.13
1,FSHXBX18.4
1,FXJYN17.91
1,FHBSJZ38_FDME220052229-1a.93
1,FSDJN18.18
1,FGSYC15.42
1,FQHXN103.66
1,FGZ4M_FDME220051972-1a.109
1,FGXGL99.68
1,M1DZ12.82
1,FNMHHHHT30.96
1,FNMHLBE4.65
1,FAHWH20_FDME220050742-1a.43
