tree_group,mag
1,FXJYN23.62
1,FHNXY37.118
1,FSHCM15_FDME220054532-1a.2
1,FSXLVLS13.87
1,FZJTZ12.81
2,FXJSW1.16
1,FBJ13.80
1,FXJYN2.92
1,FSDQZ35.91
1,FHNFQ33.2
1,FSXTY12hun.31
2,FJSNT27.8
1,FXJYN21.18
1,FHuNHHMY49.41
1,FJSWXJ18.84
2,L1EFC230274_FXJCJ39_S158_L002.35
1,FSHHK20hun.1
1,FBJ58.80
2,FHBSJZ24.101
2,FXJCJ21.74
1,L1EFC230389_FSHXXA21_S347_L004.81
1,FSDLZ01.48
1,FSHXBX90.23
1,FGXGL88.2
1,FSXTY3.38
2,L1EFC230391_FSHXXA34_S34_L003.3
1,FSHXBX169.75
2,L1EFC230292_FXJWS12_S175_L002.17
1,FGDLZ58.45
1,FZJJHD2.58
1,FSDJN41.58
1,FJSNT61.15
1,FJSNT45.67
1,FJSNT60.33
1,FYNLJ52.52
2,FeceHeNa26.114
2,FSHCM57.48
2,FHBSJZ22.45
1,FGXGL81_FDME220052136-1a.63
1,FHHMY4.122
1,FSHCM100.137
1,FHLJYC21.147
NA,FeceGuXi150114.68
1,FSXTY32.46
1,FGSYC49.46
2,L1EFC230393_FSHXXA37_S36_L003.61
NA,FXJKS29.32
1,FNXYCHL58.88
1,FHuNHHMY67.18
1,FNMHHHHT15.150
1,FQHXN102.27
1,FeceHuBe15013_FDME220052831-1a.143
1,FXJYN25.53
1,FSHXWN6.102
1,L1EFC230310_FXJWS40_S236_L003.46
1,L1EFC230302_FXJWS31_S228_L003.28
1,FHNXY63.72
1,L1EFC230339_FJXFC12_S265_L003.16
2,FSDLZ32.100
1,FSHHK36_FDME220054505-1a.81
1,FSDLZ41.32
1,L1EFC230284_FXJCJ58_S167_L002.67
2,L1EFC230306_FXJWS35_S232_L003.84
1,FNXYCHL24.1
1,FSHXWN13hun.71
1,FSHHK31hun.5
1,FBJ37.54
1,FHNXY9.51
2,FAHBZ57_FDME220050732-1a.134
1,FNMHHHHT27.135
2,FSDLZ18.104
1,FSCCD14hun.143
1,FAHBZ59_FDME220050734-1a.147
2,FGSYC39.75
1,FAHWH15_FDME220050740-1a.62
2,FSHXBX61.59
1,FSDLZ40.119
2,FHBSJZ4.110
2,FGXGL74_FDME220052129-1a.89
2,FSCPS24.24
1,FGSYC12.37
1,FHNFQ28.95
1,FSHHK34_FDME220054503-1a.53
1,FTJS016.86
1,FGXGL30_FDME220052085-1a.5
1,FHNFQ15.69
2,L1EFC230268_FXJCJ27_S152_L002.19
1,FGSYC4.55
2,FXJYN36.107
1,FXJKS33.70
1,FSHXBX106.104
1,FFJLY42.25
1,FGXGL100.60
2,FXJYN11.32
2,FHuNHHMY3.143
1,FSHHK18hun.60
1,FGSZY40.52
1,FQHXN10.30
2,FFJLY15_FDME220051249-1a.89
1,FeceHuNa150137.119
1,FSHXWN15.57
1,FGXGL11_FDME220052066-1a.8
1,FHLJZD9.74
2,FSHHK11_FDME220054483-1a.62
1,FSHXWN30.33
1,FHuBWH24.5
1,FHuBWH12.67
2,FSHHK23hun.67
1,FGD18M_FDME220052004-1a.13
2,FAHBZ26_FDME220050706-1a.108
1,FSHHK43.53
1,FJXSRPY43.60
1,FNMHLBE16.65
2,FHuNHHMY1.46
2,FSXTY29hun.21
1,FSCDJY93.39
1,FSHHK42_FDME220054511-1a.70
1,FTJBH19.125
1,L1EFC230312_FXJWS44_S238_L003.26
1,FSCPS89.43
1,FSHHK39_FDME220054508-1a.20
1,FSDQZ20.39
1,FSHXBX27.46
1,FHNXY60.69
1,FHBSJZ57_FDME220052248-1a.34
1,FJSNT43.14
1,FSDQZ16.136
1,FNXYCHL68.79
2,FJLHD33.48
2,FAHBZ43.83
1,FFJLY7_FDME220051244-1a.11
1,FJSWXJ17.40
1,FSHXBX176.131
2,FGDLZ77_FDME220051942-1a.30
1,FJSNT21.10
NA,FGXGL39_FDME220052094-1a.47
2,FSHHK17hun.84
1,FQHXN30.55
1,FQHXN103.95
2,FGXGL89_FDME220052144-1a.84
2,FXJKS40.62
1,FeceGuXi150112.63
1,FSHHK48_FDME220054515-1a.87
1,FJLHD39.108
1,M1DZ11.38
1,FNMHLBE4.100
2,FQHXN6.14
2,FAHWH23_FDME220050744-1a.53
1,FSHXWN14.49
1,L1EFC230307_FXJWS36_S233_L003.65
1,L1EFC230295_FXJWS19_S222_L003.97
2,FGSYC72.74
1,L1EFC230388_FSHXXA20_S346_L004.95
1,L1EFC230332_FTJS0029_S258_L003.17
1,L1EFC230349_FJXFC31_S307_L004.68
2,FBJ53.60
1,FSDJN15.71
1,FeceHuNa150119.42
1,FSXTY35.54
2,FHuBWH39.98
1,FGXGL56_FDME220052111-1a.81
1,FNMHLBE35.3
1,L1EFC230386_FSHXXA15_S344_L004.72
1,FJSWXJ20.15
1,FBJ57.85
2,FSHCM96.152
1,FSDLZ08.28
1,FNXYCHL41.84
1,FSXTY52.54
1,FCQNA6hun.78
1,FSHXBX45.64
1,FSHHK9.125
1,FYNDL13.18
2,FHNXY19.123
1,FJLHD37.65
1,FAHWH01.33
2,FSDJN55.94
1,L1EFC230320_FTJS0005_S246_L003.28
1,FHLJYC10.79
1,FHNFQ55.3
2,FHuNHHMY78.84
1,FSHCM9_FDME220054526-1a.77
1,FSHXBX143.6
2,FGXGL61_FDME220052116-1a.134
2,FJSNT16.1
2,FHLJZD32.36
1,FSHHK14.50
2,FSXLVLS4.28
2,FFJLY37_FDME220051266-1a.22
1,FSHXBX66.8
1,FXJWS48.54
1,L1EFC230328_FTJS0025_S254_L003.50
2,FQHXN18.14
2,L1EFC230382_FSHXXA06_S340_L004.18
1,FJXSRPY44.114
1,L1EFC230371_FSHXBX56_S329_L004.92
1,FSHXWN19.60
1,FQHXN26.52
1,FSCPS31.77
1,FSHXBX166.41
1,FTJS020.17
1,FQHXN15.84
1,FSCDJY45.25
1,L1EFC230305_FXJWS34_S231_L003.126
1,FAHWH38_FDME220050755-1a.58
1,FBJ28.51
2,L1EFC230390_FSHXXA28_S33_L003.98
NA,FJSWXJ4.155
1,FSHCM13_FDME220054530-1a.42
1,FeceHuBe150133_FDME220052849-1a.50
1,FHuNHHMY38.107
2,FGSYC65.85
1,FNXYCHL70.7
1,FBJ63.22
2,FSHXXA26.100
2,FNXYCHL45.96
1,FCQNA42.17
1,FJSNT18.112
1,FJSWXJ41.32
1,FTJS006.24
1,FHNFQ5.73
1,FBJ61.60
1,FSHXWN8.68
1,FSHHK10_FDME220054482-1a.95
1,FSCPS41.56
1,M2CF19.100
2,FJSWXJ14.132
2,FFJLY71.34
1,FeceHuNa150111_FDME220052262-1a.43
1,FHNXY21.61
1,FHuBWH23hun.107
2,FGXGL59_FDME220052114-1a.79
2,FGXGL4_FDME220052059-1a.32
1,FFJLY65.76
1,L1EFC230381_FSHXXA05_S339_L004.89
1,FSHHK44.19
2,FSHHK29_FDME220054498-1a.74
1,FQHXN64hun.71
1,FGZ28M_FDME220052025-1a.45
1,FGSZY3.113
1,FQHXN23.19
1,FHNFQ30.92
1,FHNFQ13.3
1,FJSWXJ13.62
2,FSDQZ13.50
1,L1EFC230341_FJXFC14_S267_L003.29
1,FZJTZ69.130
2,FAHWH12_FDME220050738-1a.94
1,FSDLZ33.4
1,FSXTY1hun.43
2,FSHXXA16.36
1,FSDQZ32.125
2,FSCPS25.73
1,M214F02.170
1,FAHWH04.21
1,FSDJN27.61
1,L1EFC230299_FXJWS26_S225_L003.96
2,FNXYCHL11hun.87
1,L1EFC230267_FXJCJ26_S151_L002.19
1,FSCPS95.52
1,FGXGL29_FDME220052084-1a.28
1,FGZ15M_FDME220051995-1a.9
2,FAHWH30_FDME220050748-1a.21
2,FSCDJY49.99
1,FSCPS92.92
1,FZJTZ55.96
2,FHNFQ3.84
1,FJSWXJ6.20
1,FSHHK47_FDME220054514-1a.27
1,FAHBZ56.31
1,FSCDJY33.31
1,FSHXBX78.34
1,FSCDJY31.124
1,FSHXXA35.26
1,FSXLVLS20.89
1,FSHXBX123hun.101
2,L1EFC230258_FXJCJ14_S143_L002.132
1,M2CF12.41
1,FeceHeNa2.49
1,L1EFC230369_FSHXBX54_S327_L004.115
1,FHuNHHMY32.139
NA,FSCDJY12.52
1,FSHHK35_FDME220054504-1a.43
