tree_group,mag
1,FHNFQ15.33
1,FSDJN4.32
1,SDHZD13.83
1,FBJ52.48
1,L1EFC230366_FSHXBX48_S324_L004.77
1,FHLJYC25.86
1,FTJBH51.3
2,FSXTY48hun.24
1,FSDJN46.49
2,FGSYC77.87
1,L1EFC230369_FSHXBX54_S327_L004.40
2,FNXYCHL9.52
2,FHLJYC22.74
1,FGSZY39.47
1,FJSWX102.12
2,FSCPS54.85
1,FJXSRPY33.155
2,FBJ65.109
2,FSCCD2.31
1,FHuNHHMY56.1
1,FSHXBX14.78
1,FGXGL47_FDME220052102-1a.44
2,FNXYCHL26.70
2,FSCCD22.29
2,FSHXHZ10.55
1,FXJSW20.89
2,FYNLJ37.38
2,FNXYCHL12.91
1,FeceGuXi15013.50
2,FBJ2.10
1,FJXSRPY54.29
1,FSHXBX108.67
1,FFJLY53_FDME220051276-1a.73
