tree_group,mag
1,FGXGL95.59
2,FeceHuNa15012_FDME220052260-1a.34
2,SDHZD11.31
1,FHNXY20.57
2,FQHXN112hun.77
1,M101R01.51
1,FYNLJ74.65
NA,FAHBZ23_FDME220050703-1a.2
2,FHLJZD8.13
1,FGSZY55.27
1,FQHXN73.85
1,M207F02.73
1,FYNLJ58.3
1,FSCPS11.109
1,FXJSW49.87
2,FYNLJ35.111
2,FHuNHHMY13.119
1,FGXGL16_FDME220052071-1a.47
2,FGSZY13.33
2,FGSYC14.61
2,FAHBZ40_FDME220050717-1a.117
1,FXJYN3.133
1,L1EFC230286_FXJCJ60_S169_L002.83
1,FSHHK41_FDME220054510-1a.85
1,L1EFC230337_FJXFC09_S263_L003.22
1,FGDLZ19_FDME220051917-1a.21
1,FSDJN37.2
1,FGXGL65_FDME220052120-1a.76
1,FSHXBX148.2
2,FSCDJY38.31
2,FJSNT58.27
2,L1EFC230354_FJXFC47_S312_L004.72
1,FGDLZ50_FDME220051930-1a.52
1,FXJKS24.68
1,FYNLJ37.18
2,FYNLJ46.107
1,FGXGL32_FDME220052087-1a.54
1,FSHXBX71.54
1,FSHXBX153.33
1,FQHXN108.13
1,M1C3.13
1,FHuNHHMY39.14
1,FSHXBX20.5
2,FeceHuNa150133_FDME220052276-1a.8
2,FSHXBX155.96
1,FAHBZ57_FDME220050732-1a.102
1,M1DZ07.27
1,FQHXN109.107
