tree_group,mag
1,FQHXN5.36
1,FAHWH09.21
1,FAHBZ6_FDME220050688-1a.12
2,FJXSRPY6.58
1,FGXGL20_FDME220052075-1a.61
1,FXJKS49.71
1,FNMHLBE28.14
1,M1C3.30
2,FSXLVLS10.51
1,FNMHHHHT14.30
2,FeceGuXi15019.27
2,FCQNA5hun.31
1,FBJ34.51
2,FGSYC80.19
2,FCQTY050_FDME220051135-1a.79
2,FSHXBX20.77
1,FXJKS43.64
1,FHuNHHMY81.55
1,FHNFQ29.89
2,FHBSJZ3.7
1,FGXGL109.17
1,FQHXN113.40
2,FHLJZD8.64
1,FQHXN99.36
1,FSHXBX75.65
2,FHLJZD49.33
1,FeceHuNa150142_FDME220052285-1a.52
1,L1EFC230269_FXJCJ28_S153_L002.56
2,FQHXN22.19
1,FGSYC61.44
1,FJLHD22.4
1,FHBSJZ10.43
1,L1EFC230388_FSHXXA20_S346_L004.85
1,FHNXY51.45
2,FSXLL11.37
2,FJSNT58.14
1,FCQTY067_FDME220051145-1a.40
1,FGXGL66_FDME220052121-1a.30
1,L1EFC230344_FJXFC20_S302_L004.26
1,FSHXWN6.18
1,FAHBZ2.14
1,FHBSJZ49_FDME220052240-1a.24
2,L1EFC230410_FSXTY46_S53_L003.56
2,FHLJZD11.37
2,FSXTY61.59
2,FNXYCHL25.32
1,FSHXXA16.39
2,FCQTY101_FDME220051173-1a.52
1,FQHXN92.10
2,FSDJN44.70
2,FJNDD13_FDME220051230-1a.42
1,L1EFC230332_FTJS0029_S258_L003.62
1,FQHXN72hun.55
2,FBJ11.29
1,FXJKS46.15
1,FNXYCHL21.74
2,FSDQZ11.70
1,FAHBZ17.16
1,FHNXY23.45
2,FSDQZ20.118
1,FFJLY15_FDME220051249-1a.79
1,FJSNT72.4
1,FJSWXJ19.64
1,FXJSW17.80
2,FQHXN84.49
1,FTJBH74.103
2,FNMHLBE7.63
1,FZJHZ8.40
2,FSCDYJ7.134
1,FSXTY33hun.95
1,L1EFC230310_FXJWS40_S236_L003.12
1,FGSZY35.72
2,FGSYC21.13
2,FHNFQ47.80
2,FXJYN18.45
1,FJLHD52.76
2,FGDLZ64_FDME220051945-1a.35
2,FCQNA26hun.40
1,FJXSRPYG3.52
2,FGDLZ42.54
2,FSDQZ16.114
1,FTJBH41.16
1,FNMHLBE20.84
2,FNMHHHHT10.112
2,FCQNA32.68
2,L1EFC230392_FSHXXA36_S35_L003.52
1,FHuNHHMY9.47
2,FFJLY23_FDME220051254-1a.39
1,FTJBH2.42
1,FXJSW14.90
1,FSHXBX162.12
1,FAHBZ56.37
1,FCQNA9hun.17
1,L1EFC230303_FXJWS32_S229_L003.18
1,FNMHHHHT22.39
2,FGDLZ33_FDME220051920-1a.53
1,FSHXXA22.42
1,FCQTY043_FDME220051131-1a.89
1,L1EFC230361_FSHXBX31_S319_L004.64
2,FSDLZ29.112
1,FAHBZ57_FDME220050732-1a.70
1,L1EFC230360_FSHXBX24_S318_L004.57
2,FSXLVWS8hun.47
2,FCQNA28.59
2,FFJLY40_FDME220051269-1a.13
2,FNXYCHL9.30
2,FSHHK30_FDME220054499-1a.137
1,FXJKS25.103
1,FJLHD31.7
1,FSHXBX147.100
2,FHBSJZ24.61
1,FAHBZ44_FDME220050721-1a.57
2,FNXYCHL63.28
2,FQHXN6.80
1,FXJSW38.26
1,FJSWXJ24hun.60
2,FJSNT43.22
1,FBJ66.29
2,FGDLZ30.83
2,FSHXHZ4.12
1,FXJYN8.7
1,FSDJN48.30
2,FHuNHHMY55.31
1,FGSZY27.59
1,FJSNT24.67
1,FQHXN104.53
2,FZJTZ10.24
1,FJSNT28.4
2,FHNFQ50.31
1,FQHXN78.53
1,FSHXBX74.111
2,FHNXY29.74
2,FHLJYC29.28
1,FGSYC66.26
1,FGXGL106.43
1,FGSYC48.9
2,FSCPS37.33
1,FSDLZ07.3
1,FSHXBX27.44
2,FNXYCHL69.83
1,L1EFC230237_FHLJZD20_S82_L001.25
1,FSXLVLS16.51
2,FSCPS35.114
1,FHNXY33.45
1,FSHXXA27.119
2,M119R01.118
1,FCQTY069_FDME220051146-1b.27
1,FAHBZ10_FDME220050692-1a.135
2,FJSWXJ4.83
1,FSHXBX166.29
1,FTJBH53.31
2,L1EFC230347_FJXFC25_S305_L004.65
2,FHBSJZ22.30
1,FSHXBX53.39
2,FGSYC69.42
1,FHLJYC36_FDME220052685-1a.44
2,L1EFC230250_FHLJZD56_S135_L002.19
2,FCQTY144_FDME220051184-1a.50
2,FGXGL56_FDME220052111-1a.62
2,FFJLY7_FDME220051244-1a.91
2,FSDLZ42.27
1,FGSYC33.34
2,FJXSRPY13.18
1,FXJYN33.17
1,FSDQZ6.63
1,L1EFC230339_FJXFC12_S265_L003.66
1,FCQTY091_FDME220051169-1a.8
1,FHNXY6.69
2,FNMHLBE1.77
2,FNXYCHL60.38
1,FSHXBX161.73
2,FSXTY50.104
1,FJLHD9.69
1,FSDJN8.32
1,FTJBH13.37
1,FHBSJZ37.30
1,FAHBZ45_FDME220050722-1a.44
1,FBJ28.70
1,FJLHD7.7
2,FSCCD4.34
2,FGXGL60_FDME220052115-1a.56
2,FGDLZ70.62
2,FQHXN19.32
1,FeceGuXi150117.55
1,L1EFC230380_FSHXXA04_S338_L004.18
1,FeceHuNa150114_FDME220052265-1a.51
2,FTJBH33.6
2,FeceHeNa31.82
2,FJSWXJ34.43
1,FSXTY57hun.33
2,FQHXN83.23
1,FQHXN51hun.97
1,FGSZY8.29
1,FQHXN76.113
1,FSHXBX70.82
1,FSHCM71hun.55
2,FNXYCHL39.101
2,M137R01.26
2,FCQTY084_FDME220051155-1a.34
1,FHNXY52hun.67
1,FSXTY63.56
1,FQHXN77hun.15
1,FSHHK37_FDME220054506-1a.31
1,FBJ31.51
2,FZJHZD19.64
1,FTJBH7.5
1,FHNFQ13.99
1,FAHBZ36.49
1,FGSZY2.69
1,FSHXBX175.58
2,FSDJN43.57
1,FXJKS19.32
1,FXJSW15.21
1,FSHXBX121.92
1,FQHXN108.62
1,FXJWS41.40
1,FTJBH29hun.12
1,FQHXN40.50
1,FTJBH39hun.71
1,FGSYC46.66
1,FSDLZ14.21
1,FCQHC7.48
1,FSHXBX80.91
1,FSHXBX61.27
1,M1DZ04.101
2,FZJTZ16hun.37
2,FGSYC15.19
1,FXJSW6.3
1,FCQTY009.18
2,FSCPS94.46
2,FGZ35M_FDME220052035-1a.35
1,FSHXBX33.33
1,M2CF01.160
1,FNMHHHHT12.29
2,FSDLZ13.27
2,FZJTZ7.59
2,M1DZ07.46
1,FJSNT19.49
1,FSHXBX165.20
1,FCQTY054_FDME220051137-1a.12
2,FHNXY9.14
2,FHuNHHMY43.3
1,FHNFQ28.93
2,FZJTZ8.61
2,FGDLZ22_FDME220051918-1a.46
2,FYNLJ65.25
2,FSHXHZ13.35
2,FSHCM72.65
2,L1EFC230365_FSHXBX46_S323_L004.16
2,FQHXN58.100
1,FBJ52.8
1,FSDJN13.39
1,FYNLJ56.18
2,FNXYCHL29.32
2,FSHCM91.42
2,FJNDD17_FDME220051234-1a.82
1,FTJS012.6
2,FZJTZ35.18
1,FSXLVWS6.53
2,M1DZ09.44
2,FZJTZ21.91
1,FAHBZ33_FDME220050713-1a.76
2,FFJLY21_FDME220051252-1a.42
2,FHLJZD21.33
2,FGXGL43_FDME220052098-1a.10
2,FFJLY27_FDME220051257-1a.34
1,FZJTZ20.41
1,FNMHLBE3.104
2,FHuNHHMY48.43
1,FSHXBX106.27
1,FGSZY4.58
1,FGSYC8.52
2,FSDLZ36.6
2,FHLJYC42_FDME220052691-1a.97
1,FGSYC44.40
1,FAHWH34_FDME220050751-1a.27
2,L1EFC230343_FJXFC19_S301_L004.44
2,FJNDD19_FDME220051236-1a.40
2,FFJLY66.87
1,FJXSRPYG14.33
2,FXJSW3.65
1,L1EFC230372_FSHXBX62_S330_L004.10
2,FSCDJY31.103
1,FeceHuNa150128_FDME220052275-1a.33
2,FZJTZ61.64
1,FSDJN17.63
1,FSDQZ28.30
2,FHuNHHMY71.22
2,FGZ6M_FDME220051977-1a.34
1,FHLJDQ9.34
1,FSHXWN17.37
2,FGDLZ10_FDME220051912-1a.53
2,FHLJDQ11.46
2,FHLJZD1.50
1,FAHBZ49_FDME220050727-1a.44
1,FBJ55.15
1,FHuBWH33.43
1,FQHXN50.34
1,FJLHD38.103
2,FYNLJ7.53
1,FTJBH_17.80
2,FYNDL13.35
2,FSXTY44.10
1,FHBSJZ38_FDME220052229-1a.32
1,FCQHC11.68
2,FYNLJ22hun.165
1,FHBSJZ55.44
2,M123F01.18
1,FJSWX76.31
2,FHBSJZ31.44
1,FHNXY38.85
1,FQHXN42.6
2,FAHWH05.35
1,FeceHuNa15016.97
2,FHNXY21.108
1,FSHXWN15.18
1,FXJYN29.72
2,FXJCJ53.61
1,FSHXHZ10.69
1,FGSYC22.53
1,FXJYN4.19
2,FNXYCHL62.32
2,FXJYN37hun.76
1,M1C6.78
1,FBJ65.65
2,FJSNT6.20
1,FJSWX85.32
1,FYNLJ60.18
2,FHLJZD46.33
2,FSHCM56.84
1,FGSYC77.65
1,FSCDJY93.33
1,FZJHZD12.57
1,FNMHLBE23.1
1,FJXSRPY10.58
1,FSDJN29.40
2,FJLHD50.97
1,FSDLZ03.42
2,M106R01.52
1,FSHCM54.44
2,FFJLY32_FDME220051261-1a.74
2,FSHXBX47.52
1,FQHXN43.55
2,FSHXHZ21.77
1,FJSWX104.37
2,FNXYCHL95.53
1,FSCDJY38.30
1,FHBSJZ2.19
1,FeceHuBe150127_FDME220052847-1a.55
2,FeceHeNa20.132
1,FSDJN57.55
1,FSHXBX124.35
1,FZJTZ18.85
1,FNMHHHHT30.81
1,FHLJYC41.28
1,FJLHD36.73
1,L1EFC230247_FHLJZD44_S90_L001.46
2,FGDLZ20.69
1,FSDJN9.82
2,FeceHeNa7.156
1,FHNXY15.55
2,FJND19_FDME220051210-1a.29
1,FSHXBX140.35
2,FJXSRPY30.79
2,FSDJN55.27
2,FGDLZ36.92
1,FJLHD28.55
2,FTJBH50.55
1,L1EFC230284_FXJCJ58_S167_L002.123
2,FAHBZ20_FDME220050700-1a.109
2,FJLHD43.60
1,FJXSRPYG31.94
2,FGDLZ69_FDME220051950-1a.18
2,FNXYCHL75.9
1,FSHXBX145.100
1,FXJCJ54.1
2,FGXGL36_FDME220052091-1a.21
2,FNMHLBE18.79
1,FeceHuBe150136_FDME220052850-1a.33
1,FGXGL51_FDME220052106-1a.104
1,FGZ37M_FDME220052037-1a.80
1,FGSZY50.44
2,FSDLZ15.91
2,FCQNA40.61
1,FQHXN2.28
2,FHLJZD53.4
1,FNMHHHHT31.116
1,FSHXBX158.27
2,FGDLZ77_FDME220051942-1a.13
2,FHLJDQ10.135
1,FTJS016.47
1,FCQTY165_FDME220051196-1a.77
1,FeceHeNa17.65
1,FHNXY30.78
1,L1EFC230233_FHLJZD05_S78_L001.32
1,FGSZY41.53
1,FSXTY43.37
1,L1EFC230258_FXJCJ14_S143_L002.21
1,FQHXN14.150
2,FGSZY51.132
1,FSDLZ51.63
1,FeceHuBe150112.1
2,M122R01.134
2,FeceHuBe15017_FDME220052835-1a.35
1,FSHXHZ12.23
1,FSHXBX127.35
2,FSCPS73.52
2,L1EFC230236_FHLJZD14_S81_L001.42
2,L1EFC230275_FXJCJ40_S159_L002.10
2,FSHCM87.23
1,FGSYC89.44
2,FeceGuXi150115.53
1,FJLHD23.108
1,FBJ51.36
1,FTJBH84.1
1,FSDLZ44.162
2,FGSZY7.64
2,FSHXXA26.48
2,L1EFC230324_FTJS0010_S250_L003.27
2,FHuNHHMY22.34
1,FCQTY157_FDME220051193-1a.21
1,FAHBZ4_FDME220050686-1a.71
1,FGSZY29.89
1,FSHXXA1.46
1,FXJSW32hun.6
2,L1EFC230341_FJXFC14_S267_L003.43
1,FAHBZ50.47
1,FSDJN22.52
1,FSDJN4.36
1,FGSYC59.7
1,L1EFC230376_FSHXBX69_S334_L004.20
2,FBJ4.70
1,FXJKS17.19
1,FSDJN27.23
1,FSHXBX155.25
2,FSDLZ59.51
1,FHLJYC39_FDME220052688-1a.1
2,FHBSJZ35.32
1,FGZ7M.15
2,FGXGL59_FDME220052114-1a.47
2,FJSWXJ2.96
1,FGSZY44.36
1,FHuBWH10.37
2,FCQTY062_FDME220051142-1a.68
2,FXJYN21.85
1,FJSWXJ28.8
1,FHLJDQ8.21
2,L1EFC230385_FSHXXA13_S343_L004.46
2,FQHXN8.89
1,FSHXHZ1.40
1,FAHBZ9_FDME220050691-1a.44
2,FSDJN46.11
2,FSCCD14hun.161
1,FGSYC76.78
1,FGSZY38.32
2,FGZ11M_FDME220051989-1a.12
1,FGDLZ17_FDME220051916-1a.27
2,FHLJZD18.21
1,FJSWX99.40
1,FSHXWN22.18
1,FAHBZ27_FDME220050707-1a.112
1,FXJCJ41.100
1,FTJBH57.5
1,FGSYC72.84
2,L1EFC230387_FSHXXA17_S345_L004.51
1,FNMHHHHT23.9
1,FNXYCHL1.103
1,FSXLVLS15.62
1,FZJTZ31.39
1,FSXLVWS5.71
1,FHBSJZ27.27
2,FGXGL74_FDME220052129-1a.4
1,FSHXWN18.30
2,FJNDD11_FDME220051228-1a.45
2,FHLJZD39.56
2,FGXGL69_FDME220052124-1a.37
1,FSHXBX123hun.104
2,FJSNT21.83
1,FXJKS47.87
1,FGSZY13.40
1,FNXYCHL70.3
1,M2CF03.12
2,FJSNT25.98
1,FHNXY13.80
1,M2CF05.94
1,FHLJZD51.98
1,FHNFQ40.80
2,L1EFC230295_FXJWS19_S222_L003.101
2,FXJWS9hun.50
2,FGSYC16.2
1,FGSZY30.2
2,FGDLZ60_FDME220051939-1a.102
1,FAHBZ32_FDME220050712-1a.68
1,FQHXN93.65
1,FHNFQ63.76
1,FZJTZ22.58
1,FHLJYC38_FDME220052687-1a.17
1,FXJKS8.34
2,FGSZY16.151
2,L1EFC230350_FJXFC33_S308_L004.67
2,FGSYC71.63
1,FHNFQ37.47
1,FQHXN94.76
1,FJSWXJ12.59
1,FJSWX102.31
1,L1EFC230325_FTJS0011_S251_L003.31
1,FAHBZ31_FDME220050711-1a.51
1,FNXYCHL59.72
1,FAHBZ42_FDME220050719-1a.82
1,FZJTZ68.121
1,FSXLL16.89
1,FCQHC8.56
1,FGSZY3.79
1,FTJS015.45
2,FHuNHHMY6.61
1,FSHCM75.105
2,FGDLZ59_FDME220051938-1a.61
1,FNXYCHL48.38
1,FTJBH71.20
1,FXJYN2.42
1,L1EFC230355_FJXFC53_S313_L004.104
1,FSHXBX9.11
1,FHLJYC28hun.61
1,FAHBZ11_FDME220050693-1a.50
1,FGSYC9.12
2,FHNFQ8.54
2,FSHXXA19.52
1,M207F02.74
2,FHuNHHMY68.6
2,FJXSRPY44.108
2,FCQNA16.38
2,FHLJYC18hun.72
2,FSHCM23_FDME220054538-1a.29
1,FXJKS29.34
2,L1EFC230330_FTJS0027_S256_L003.36
2,FGXGL49.26
2,FHLJZD13.46
2,FGXGL76_FDME220052131-1a.3
2,FGZ4M_FDME220051972-1a.110
1,FJXSRPYG20.23
1,FSHXBX88.67
1,FeceHuNa150133_FDME220052276-1a.14
2,FSCCD6.30
1,L1EFC230394_FSHXXA43_S37_L003.75
1,FSDJN59.34
2,FSDLZ47.110
1,FNMHHHHT13.69
2,FHBSJZ14.53
1,L1EFC230395_FSHXXA48_S38_L003.129
1,FBJ9.68
1,FGXGL58_FDME220052113-1a.58
1,FSDQZ24.27
1,FHBSJZ13.21
1,FSHXBX66.56
1,FSHHK42_FDME220054511-1a.41
1,FSHHK17hun.145
1,FJLHD8.24
2,FFJLY33_FDME220051262-1a.86
1,FSXTY13hun.15
2,FSCPS52.33
2,FSHXHZ7.11
1,FSXTY41hun.8
1,FGSYC42.23
1,FYNDL23hun.89
1,M1C5.95
2,FGSYC70.70
2,FSDLZ54.65
1,FHuNHHMY61.10
2,FHuNHHMY45.57
1,FHuNHHMY37.47
1,FGXGL16_FDME220052071-1a.130
2,FGXGL26_FDME220052081-1a.68
1,FGZ28M_FDME220052025-1a.107
2,FFJLY53_FDME220051276-1a.39
2,FNXYCHL46.150
1,FCQJJ4.27
1,FSXLL5.23
1,FXJKS33.21
1,FSDLZ27.46
2,FSHXBX126.96
1,FSDJN32.58
2,FSDLZ02.36
2,FHLJYC34.50
1,M2CF15.88
2,FHLJZD17.71
1,FTJBH72.49
1,FXJKS48.61
1,FXJSW1.19
2,FSDLZ34.27
1,FBJ21.76
1,FBJ22.5
1,FSDLZ17.150
1,FHLJYC3.45
1,FQHXN70hun.92
1,FSDJN33.84
2,FSXTY40.3
2,FCQHC1.22
1,FXJSW44.72
1,FGSYC10.36
2,FSCCD23.98
1,FSHXXA42hun.14
1,FYNLJ4.55
1,M2CF07.35
2,FSXTY15.13
1,FJSWX84.46
1,FSHXBX30.29
1,FZJHZD16hun.24
1,FHBSJZ51.2
1,FNMHHHHT17.116
1,FGXGL44_FDME220052099-1a.28
1,FHNXY43.38
1,FCQTY141_FDME220051183-1a.23
2,L1EFC230263_FXJCJ22_S147_L002.63
1,FSHXBX141.9
2,FSXTY29hun.48
1,FGSYC4.75
2,FHNXY44.85
1,M1C13.34
2,L1EFC230363_FSHXBX41_S321_L004.88
2,L1EFC230382_FSHXXA06_S340_L004.94
2,L1EFC230279_FXJCJ45_S163_L002.26
2,FSCDJY67.70
1,FAHWH44_FDME220050761-1a.6
2,M2CF04.70
2,FSCDYJ6.17
1,FSXTY45.60
2,FFJLY20_FDME220051251-1a.88
1,FXJSW9.23
1,FGSYC7.20
1,FHNFQ19.31
1,FAHBZ29_FDME220050709-1a.53
1,FBJ42.20
1,FSXLVLS13.129
1,FGSYC1.45
2,FSXTY26.90
1,FGXGL99.55
1,FXJSW40.71
1,FNMHLBE19.39
1,FeceHuNa150120_FDME220052269-1a.44
2,FCQTY102_FDME220051174-1a.56
2,FCQTY014.39
1,FGSYC13.63
2,FZJHZD21.87
1,FNMHHHHT27.111
1,FTJBH17.37
1,FSHCM8.57
1,SDHZ11.26
1,FQHXN27.57
1,FHNXY11.111
1,FHNFQ6.62
1,FGSYC90.149
1,FQHXN105.32
1,FSXLL18.50
1,FSHXBX14.91
1,FHNFQ53.90
1,FSHXBX71.41
1,FGSYC6.46
1,FCQTY022_FDME220051119-1a.42
1,FSHXBX132hun.57
1,FHNXY8.39
2,FJXSRPY38.65
2,FNXYCHL12.132
2,FAHWH15_FDME220050740-1a.140
1,FSXTY51hun.31
1,FHNXY18.2
2,M101R01.33
2,FGSYC41.2
1,FHNFQ54.74
1,FSHCM59.58
1,L1EFC230286_FXJCJ60_S169_L002.98
1,FJLHD17.81
1,FGSZY21.66
1,FeceHuBe150119_FDME220052841-1a.128
1,FYNLJ61.20
2,FJNDD2_FDME220051219-1a.55
1,FXJCJ21.72
1,M1C10.34
1,FSXLVLS14.25
1,FQHXN30.3
2,FSCDJY57.128
1,FHNFQ5.98
1,FAHBZ21_FDME220050701-1a.150
1,L1EFC230288_FXJCJ64_S171_L002.38
1,FXJSW10.134
1,FJLHD1.45
2,FZJTZ5.34
2,FSDQZ26.86
1,FGSZY28.104
1,FXJSW16.95
1,FAHBZ22_FDME220050702-1a.8
1,FSHXXA41hun.25
1,FXJCJ43.47
1,FHNXY24.31
1,FGDLZ8_FDME220051910-1a.8
2,FJXSRPY55.82
2,L1EFC230273_FXJCJ38_S157_L002.81
1,FHuNHHMY38.36
1,FJXSRPY26.42
1,FNXYCHL23.61
1,FSXLVWS1hun.6
2,FGDLZ1.16
2,L1EFC230278_FXJCJ44_S162_L002.38
2,FJSWX101.10
2,FHuBWH29.96
1,FGXGL85_FDME220052140-1a.24
2,FJLHD33.97
2,FGXGL103.38
1,FGDLZ78_FDME220051943-1a.63
2,FGDLZ28.29
2,FHNFQ48.93
1,SDHZD10.64
1,FZJTZ62.36
1,FSHXXA24.54
1,FHNXY4.48
2,FSXTY25.81
1,FTJS020.92
1,FBJ13.69
2,FJLHD35.15
1,FGSYC55.19
1,FAHWH29_FDME220050747-1a.75
2,FXJWS13.111
1,FHLJYC19.102
1,L1EFC230262_FXJCJ20_S146_L002.74
1,FSXLL1.74
1,FGSYC65.82
2,FSCPS68.6
2,FYNLJ53.73
1,FYNDL20hun.3
1,FBJ60.129
1,FNMHLBE13.29
1,FSHXXA44hun.14
2,FZJTZ19.66
1,FGXGL61_FDME220052116-1a.122
2,FGSYC43.19
2,FSDJN62.8
2,M1C2.25
2,FHLJZD6.19
2,FCQTY012.41
1,FSDJN26.112
1,FBJ69.53
1,FJSWX86.68
1,FHLJZD19.33
1,FXJKS38.53
1,FQHXN36.49
2,FJNDD4_FDME220051221-1a.60
1,FFJLY56_FDME220051237-1a.46
1,FSDJN6.5
2,FSXTY28.60
1,FGD17M_FDME220052001-1a.105
1,FXJYN41.19
1,FYNLJ9.9
2,FNXYCHL67.31
2,FSDLZ33.25
1,FQHXN79.89
1,FXJKS3.117
1,FSXLVLS9.64
2,FGDLZ72_FDME220051953-1a.84
1,FNMHLBE9hun.69
2,FXJSW39.5
2,FGDLZ24_FDME220051919-1a.93
2,FJXSRPYG34.3
1,FXJCJ47.49
2,FHuNHHMY52.71
1,FSXLVLS21.30
1,FSCDJY22.36
1,FBJ37.36
1,FHuBWH16.28
2,L1EFC230280_FXJCJ46_S164_L002.11
1,FCQTY033_FDME220051126-1a.2
1,FXJWS4.21
1,FHBSJZ19.4
2,FJNDD12_FDME220051229-1a.2
1,FJLHD25.29
2,FZJTZ43.41
1,FXJKS41.38
2,FNMHLBE34hun.48
1,FTJBH78.55
2,FGXGL97.66
1,FXJWS10.43
2,FGZ36M_FDME220052036-1a.63
2,FSXTY22.24
1,FBJ35.15
1,FNMHHHHT33.3
1,L1EFC230368_FSHXBX52_S326_L004.19
2,M124R01.121
2,FHLJYC6.31
2,FeceHeNa26.48
2,FSXLL14.100
1,FXJKS27.17
2,FeceHeNa33.11
1,FXJKS50.72
1,FNXYCHL51.34
2,FGXGL75_FDME220052130-1a.116
1,L1EFC230364_FSHXBX42_S322_L004.85
1,FCQTY007.69
1,FTJS019.34
1,FHHMY84.32
1,M1C9.91
2,FAHWH21_FDME220050743-1a.107
2,FNMHLBE12.94
1,FJXSRPY11.58
1,FHNFQ12.32
2,FSHXXA35.73
1,FSDLZ56.80
1,FGSZY47.70
2,FGXGL77_FDME220052132-1a.4
1,FNMHHHHT42.65
1,L1EFC230264_FXJCJ23_S148_L002.91
1,FGSYC78.36
2,FNMHHHHT15.58
1,FSHXXA14.18
1,L1EFC230391_FSHXXA34_S34_L003.30
1,FAHWH28_FDME220050746-1a.8
1,FSXTY17.54
1,FXJKS12.32
1,FQHXN59.57
1,FSXTY38.31
2,FHLJZD3.19
1,FGXGL45_FDME220052100-1a.58
1,FSHXBX129.30
2,FHuBWH32.12
2,FTJS035.49
1,FSHCM14_FDME220054531-1a.47
1,FQHXN49.67
1,FJSNT14.35
2,L1EFC230338_FJXFC11_S264_L003.51
1,L1EFC230308_FXJWS37_S234_L003.43
2,FCQTY166_FDME220051197-1a.56
1,FNXYCHL68.61
1,M1C1.132
2,FZJTZ60.39
1,FSHHK41_FDME220054510-1a.81
1,FCQTY149_FDME220051188-1a.73
1,FHNXY37.116
1,L1EFC230294_FXJWS15_S177_L002.31
2,FZJTZ24.79
2,FGDLZ6.60
2,FHLJYC40.55
1,FSHCM84.34
1,FSHXXA30.1
1,FHBSJZ52.68
1,FSXLVLS20.91
1,FHNXY34.74
1,FSDLZ48.112
1,FHuNHHMY51.10
1,FSHXBX89.9
2,FSXTY34.49
2,FJSWXJ14.31
2,FCQNA3.52
1,FYNLJ58.82
2,FNXYCHL3hun.24
2,L1EFC230346_FJXFC22_S304_L004.7
1,FXJSW47.43
2,FSXTY23.62
1,FSHXWN12.65
1,L1EFC230354_FJXFC47_S312_L004.51
2,FSDLZ30.11
2,FNMHHHHT41.111
1,FSDJN16.67
2,FXJWS43.49
2,FSDJN15.36
2,FSXTY9.57
1,L1EFC230271_FXJCJ35_S155_L002.86
2,FZJTZ33.114
2,FGXGL96.2
1,FGXGL84_FDME220052139-1a.7
1,M2CF14.20
1,FJSWX96.21
2,FNMHLBE4.82
2,L1EFC230274_FXJCJ39_S158_L002.23
1,FXJSW22.107
1,FXJSW21.87
1,FTJBH38hun.68
1,FXJCJ48.40
1,FSHXXA18.25
1,FeceHuNa150111_FDME220052262-1a.46
1,FZJHZD3hun.54
1,FeceHuNa150119.64
2,FYNDL2.49
1,L1EFC230318_FTJS0001_S244_L003.111
2,FSHXBX45.56
1,FGXGL13_FDME220052068-1a.7
1,FZJHZD25.52
2,FHLJZD24.28
1,FHNFQ52.38
1,FSXLVLS17.48
1,L1EFC230319_FTJS0003_S245_L003.127
1,FYNLJ79.12
2,FSDJN50.51
1,FCQTY021_FDME220051118-1a.45
2,FYNLJ38.33
1,FSDJN49.29
2,FHLJDQ7.19
2,FHLJYC21.82
1,FQHXN52hun.129
1,FSHCM20_FDME220054535-1a.79
1,FHNXY3.105
1,FGSZY26.44
1,FNMHLBE2.45
2,FSXTY7hun.12
1,FGSYC20.26
2,FGXGL81_FDME220052136-1a.124
2,FSXLL3.26
1,FQHXN35.71
1,FHLJZD32.34
1,FXJYN24.47
1,FNXYCHL53.72
1,FXJCJ17hun.69
1,FYNLJ57.48
2,FSCDJY94.46
2,FGDLZ65_FDME220051946-1a.18
2,FYNLJ66.52
1,FeceHuBe15015_FDME220052833-1a.39
1,FGSYC35.26
1,FXJKS40.144
2,FSHXBX17.12
2,FJSNT38.44
1,FSHXBX128.42
1,FHBSJZ33.15
2,FCQTY049_FDME220051134-1a.80
2,FGDLZ16.77
2,FeceHuNa150124_FDME220052272-1a.16
1,FSHCM49.55
2,FSCCD12.2
2,FHuNHHMY24.58
1,FeceHuNa150113_FDME220052264-1a.47
1,L1EFC230257_FXJCJ13_S142_L002.17
1,FJXSRPY27.43
1,L1EFC230306_FXJWS35_S232_L003.97
2,FNXYCHL64.102
2,FeceHuBe150111.48
2,FJXSRPYG19.116
2,FQHXN60hun.31
2,FGZ26M_FDME220052020-1a.30
2,FSDQZ35.81
1,L1EFC230334_FJXFC03_S260_L003.59
1,FGXGL34_FDME220052089-1a.92
2,FCQNA4.53
2,L1EFC230353_FJXFC44_S311_L004.2
1,FXJKS9.4
1,L1EFC230255_FXJCJ07_S140_L002.82
1,FeceGuXi150114.65
2,FHNXY57.75
2,FSCPS4.29
2,FZJTZ4.64
1,FSHXBX12.110
1,FSXLVLS2.106
1,FXJSW50.37
1,FXJSW48.25
1,FSHXBX137.45
1,L1EFC230390_FSHXXA28_S33_L003.66
1,FSHXBX76.28
2,FHNFQ30.16
2,SDHZD3.79
1,FHNFQ58.37
1,FXJKS5.83
1,FGSYC19.45
1,FXJSW46.121
2,FGDLZ67_FDME220051948-1a.31
1,FFJLY72_FDME220051238-1a.56
1,M1C12.71
2,FSHXHZ18.85
1,FGXGL73_FDME220052128-1a.103
1,FCQTY076_FDME220051151-1a.22
2,M128R01.63
1,FSDQZ49.68
2,FSCCD22.32
1,FJSNT36.15
1,FHNFQ7.72
1,FHNXY42.96
1,FNMHLBE27.87
2,FGDLZ2.28
2,FeceHeNa21.24
1,FSDJN24.22
2,FGXGL94.31
1,FXJYN17.29
1,FSDJN61.49
2,FNXYCHL16.46
2,FAHBZ7_FDME220050689-1a.32
1,FYNDL7.22
1,FGSYC79.46
1,FGZ9M_FDME220051984-1a.31
1,FSHXWN20.24
1,FXJWS48.20
1,FXJKS14.169
1,FXJKS34.48
2,FHuBWH4.38
1,FSHHK25_FDME220054495-1a.138
1,FQHXN56.87
2,FJXSRPY39.28
1,FGSZY42.6
2,FCQTY016.35
1,FGDLZ19_FDME220051917-1a.64
2,FSXTY42.15
1,FNXYCHL45.60
1,FGSZY32.71
1,FQHXN98.58
1,FXJSW18.52
1,FSHXWN14.53
1,FHLJYC22.94
2,FYNLJ48.53
2,FAHWH35_FDME220050752-1a.93
1,FXJKS4.116
1,FeceGuXi150111.18
1,FXJYN1.101
2,FGDLZ73.42
1,FJSWX105.21
1,FHuNHHMY60.113
2,FSHXBX49.28
1,FGZ42M_FDME220052055-1a.77
2,FHNFQ35.6
1,L1EFC230300_FXJWS27_S226_L003.129
1,FHNXY16.48
1,L1EFC230328_FTJS0025_S254_L003.3
2,FNXYCHL7.80
2,FGD16M_FDME220051998-1a.54
2,FeceHeNa19.66
2,L1EFC230322_FTJS0008_S248_L003.6
1,SDYT1.18
1,FeceHuNa150138_FDME220052281-1a.22
1,FYNDL28hun.174
1,FHNXY45hun.57
1,SDHZD14.51
1,FJLHD18.28
1,L1EFC230297_FXJWS23_S223_L003.57
1,FHNXY5.55
2,FHBSJZ4.20
1,FZJJH11.32
2,FHBSJZ61_FDME220052252-1a.58
2,FeceHuBe150121_FDME220052842-1a.122
1,FGSZY36.62
1,FAHBZ40_FDME220050717-1a.10
2,FJLHD40.75
2,FCQTY092_FDME220051170-1a.43
1,FXJKS11.4
1,FHNFQ38.65
2,FGDLZ61_FDME220051940-1a.62
2,FCQTY159_FDME220051194-1a.59
1,SDHZD13.27
1,FSHXBX26.26
2,FGZ2M.12
1,FJXSRPY29.20
1,FHNFQ17.5
1,FJSNT65.66
1,FAHBZ41_FDME220050718-1a.29
1,FSHXWN19.49
1,FGZ27M_FDME220052023-1a.7
1,FBJ43.28
2,FCQHC16.37
2,FNXYCHL5.68
1,FZJTZ23.40
2,FGDLZ5_FDME220051909-1a.73
1,FGSZY11.118
2,FCQTY024_FDME220051120-1a.36
1,FNMHHHHT11.28
2,FNXYCHL58.52
1,FSHXBX125.2
1,FSHXWN13hun.130
2,M2CF11.80
2,FGSZY24.18
1,FXJKS42.84
1,FXJCJ10.37
1,FAHBZ47_FDME220050724-1a.16
1,FXJSW7.88
1,FXJKS16.4
1,FSHXWN27.13
1,FGSZY10.6
1,FCQTY154_FDME220051190-1a.44
1,M1DZ05.93
1,FeceHuNa150137.14
2,FJSWXJ38.116
2,FSCDJY64.22
1,FXJKS30.98
1,FHNFQ24.11
1,M2CF10.50
2,FSHCM86hun.18
2,FHNXY20.75
2,FHLJYC1.79
1,FGSYC25.24
1,FTJBH32.11
1,FSHXXA29.15
1,FSCDJY45.14
1,FSDQZ40.14
2,FGXGL23_FDME220052078-1a.45
2,FeceHeNa29.8
2,FSDQZ39.77
2,FSCPS65.26
2,L1EFC230256_FXJCJ12_S141_L002.41
2,FGXGL71_FDME220052126-1a.5
1,FGSZY57_FDME220051907-1a.49
1,FTJBH45.25
2,FTJBH49.126
2,FAHWH14.72
2,FCQTY061_FDME220051141-1a.78
2,FFJLY58_FDME220051277-1a.61
1,FGZ38M_FDME220052048-1a.27
1,FXJCJ34.35
1,FHNXY10.44
1,FQHXN26.22
1,FSHXBX144.2
2,SDHZD9.44
2,L1EFC230309_FXJWS39_S235_L003.53
1,FBJ50.96
1,FXJKS15.42
1,FGSYC73.102
2,FSHHK50_FDME220054517-1a.34
1,FXJYN32.82
2,FGSYC32.46
2,FSCDJY48.47
1,FSXTY54.29
2,FSHXBX120.13
2,FSCPS8.24
1,FXJSW42.4
2,FJXSRPY51.60
2,FHLJZD45.32
1,FBJ1.79
2,FHLJZD9.98
1,FSCDJY92.19
2,FSHCM57.14
2,FHNXY25.1
1,FGSZY55.5
2,FGXGL1_FDME220052056-1a.74
1,FQHXN39.33
1,FSHXWN21.62
2,FGZ25M_FDME220052017-1a.102
1,FXJKS21.70
1,FHuBWH11.21
1,FAHBZ54.5
1,FZJTZ15.14
1,FCQTY010.87
1,FCQTY140_FDME220051182-1a.14
2,L1EFC230348_FJXFC29_S306_L004.17
1,FJXSRPY24.26
1,FGSYC34.22
1,FSHXBX18.40
1,FSHXBX146.31
1,FXJKS39.63
2,FTJBH5.58
1,FXJSW11.88
1,FQHXN37.30
2,FGSZY39.81
1,FSDQZ29.174
1,FBJ63.10
2,FGSZY23.56
1,FTJBH18.11
2,FNXYCHL71.63
1,FXJSW12.127
1,FSCPS45.89
1,FXJYN31.96
2,FCQTY097_FDME220051172-1a.66
1,L1EFC230379_FSHXXA03_S337_L004.90
1,FXJSW2.56
2,L1EFC230239_FHLJZD23_S84_L001.64
2,FNMHLBE31.40
1,L1EFC230366_FSHXBX48_S324_L004.34
2,FHBSJZ54_FDME220052245-1a.56
1,FNXYCHL47.27
2,FSHCM65.47
2,FGDLZ74.97
1,FSDLZ21.75
1,FSXLVLS12.107
1,FHBSJZ29.16
1,FCQJJ3.23
1,L1EFC230373_FSHXBX64_S331_L004.40
1,FHLJYC5.98
1,FHLJYC9.56
2,FSDLZ37.60
1,FSDLZ05.81
2,FJLHD44.1
1,FGZ5M.61
1,M120R01.27
1,FSDJN35.10
2,FNMHHHHT18.61
2,FYNDL21hun.100
1,FBJ19.7
1,FGZ39M_FDME220052051-1a.13
2,FAHWH16.48
2,FSXTY27.52
1,FJLHD29.56
1,FHBSJZ60_FDME220052251-1a.56
1,FHBSJZ7.54
2,FSHHK47_FDME220054514-1a.49
2,FJXSRPY54.10
1,FAHBZ52_FDME220050729-1a.50
1,FAHWH12_FDME220050738-1a.65
1,FNXYCHL52.23
1,FYNLJ34.31
1,FGSYC68.35
1,FQHXN107.52
1,FQHXN97.4
2,FBJ2.31
1,FQHXN87.120
1,FXJKS10.84
1,FGXGL102.141
1,FHLJYC20.38
2,FYNLJ52.134
2,FHLJZD16.48
1,FGSZY56.8
1,L1EFC230327_FTJS0023_S253_L003.66
1,FSDJN34.85
1,FQHXN65.35
2,FZJTZ55.13
2,FYNLJ45.78
2,SDHZD17.39
2,FNXYCHL30.42
2,FSXLL9.10
1,FYNLJ59.24
1,FSHCM100.41
2,FHuBWH36.94
2,FCQTY085_FDME220051156-1a.53
2,FSXLVLS6.52
2,FSDLZ58.56
1,FAHBZ53.32
1,FSHCM61hun.9
1,FSDLZ49.10
2,FTJBH61.63
1,FJXSRPY48.54
1,FHuNHHMY2hun.22
2,FGDLZ63_FDME220051944-1a.73
1,FJSWXJ39.11
1,FHNXY35.29
2,FJLHD19.32
2,SDHZD5.21
1,FCQTY109_FDME220051179-1a.29
1,FXJKS23.42
1,FHNFQ41.91
2,FGDLZ50_FDME220051930-1a.9
1,FHBSJZ56_FDME220052247-1a.1
2,FSHCM94hun.82
2,FHHMY17.44
2,FHNXY17.100
1,FQHXN33.33
1,L1EFC230234_FHLJZD07_S79_L001.53
2,FSDLZ41.94
2,FSHXHZ15.45
1,FQHXN62hun.122
1,FHNFQ46.79
1,FNXYCHL72.84
2,FHuNHHMY7.39
1,FZJHZD26.9
1,FCQNA17.35
2,FGXGL72_FDME220052127-1a.38
2,FJSWXJ22.33
1,FAHBZ30_FDME220050710-1a.43
1,FNMHLBE33.107
1,FHBSJZ48_FDME220052239-1a.35
1,FJSWXJ21.95
1,FGZ33M_FDME220052033-1a.11
1,FAHWH08.76
2,FNXYCHL34.18
2,FGDLZ9_FDME220051911-1a.35
1,FXJKS51.91
2,FSDLZ55.19
1,L1EFC230246_FHLJZD42_S89_L001.70
1,FAHBZ18_FDME220050698-1a.28
1,FNMHLBE30.85
1,FJLHD4.13
2,FGXGL29_FDME220052084-1a.81
2,FTJBH55.79
2,FHHMY4.36
1,L1EFC230287_FXJCJ63_S170_L002.104
1,FGXGL107.75
2,FSCPS3.37
1,FeceHuNa15017.63
2,FSXLVWS4.35
2,FSHCM26.50
1,FSDLZ11.10
1,FTJBH19.46
1,FSXTY60.73
1,FXJYN34.39
1,FNXYCHL50.86
1,FYNLJ41.4
2,FYNLJ20hun.65
1,FSHXBX21.59
1,FSHXBX167.85
1,FGZ15M_FDME220051995-1a.105
1,FJSWX90.47
2,FSHHK4.107
1,FTJBH27.82
1,FeceHuNa15012_FDME220052260-1a.67
1,FXJSW49.56
2,FSXTY35.86
2,FZJTZ25.126
1,FGSZY33.12
2,FHNXY60.42
1,FGSZY40.60
1,FSHXBX103.62
2,FGXGL39_FDME220052094-1a.35
2,FSCPS56.32
1,FAHBZ15.65
1,FQHXN96.43
1,FSDLZ57.16
1,FCQTY077_FDME220051152-1a.14
1,FSDQZ13.13
1,FQHXN3.46
2,FHLJZD54.41
2,FAHBZ59_FDME220050734-1a.149
1,FGSZY15.123
1,FeceHuNa150112_FDME220052263-1a.32
2,FGDLZ12_FDME220051914-1a.68
1,FJSWXJ13.74
2,FTJBH35.27
1,L1EFC230383_FSHXXA07_S341_L004.105
1,M1DZ11.72
1,M130R01.64
1,FCQTY004.37
2,FSHCM96.112
1,FHuNHHMY72.16
1,M1C7.90
1,FSDQZ4.96
2,FNXYCHL32.2
1,L1EFC230333_FTJS0033_S259_L003.38
1,FYNLJ27.83
2,FSDLZ32.78
2,FGSZY52.77
2,FJSWXJ37.27
1,FZJTZ52.75
1,FHNXY22.67
1,L1EFC230371_FSHXBX56_S329_L004.55
1,L1EFC230282_FXJCJ51_S165_L002.82
1,FSHXBX43.24
2,FNXYCHL33.91
2,FGDLZ68.51
1,SDHZD16.106
2,FNXYCHL36.2
1,M2CF17.62
2,FSHXBX142.57
1,FSXLVLS25.117
1,FSHXBX139.13
1,FHBSJZ57_FDME220052248-1a.81
2,FXJSW8.94
2,FSDLZ24.78
2,FSCDJY61.62
2,L1EFC230345_FJXFC21_S303_L004.71
2,FSDQZ8.54
1,FJSWX83.36
1,FSHHK45.14
1,FNMHLBE11hun.22
1,FJLHD39.146
1,FNMHHHHT19.103
1,FFJLY34_FDME220051263-1a.3
1,FGXGL40_FDME220052095-1a.96
1,FHNFQ62hun.42
1,FJSNT4.89
1,FeceHeNa2.56
2,FJXSRPY36.117
2,FSCDJY76.142
2,FQHXN23.2
1,FSHCM52.19
1,FSDJN12.179
2,L1EFC230251_FXJCJ01_S136_L002.40
2,FSCPS5.46
2,FSDQZ36.90
1,FSHXBX79.132
1,M206F01.14
2,FSDQZ32.87
1,FSDLZ31.78
1,FJSWXJ27.52
2,FJXSRPY33.96
2,FYNLJ71.85
2,L1EFC230311_FXJWS42_S237_L003.105
2,FBJ29.111
1,FYNLJ46.130
1,FAHBZ51_FDME220050728-1a.46
1,FSDJN38.32
2,FGXGL2_FDME220052057-1a.77
1,FSHXWN4hun.21
2,FSDQZ3.2
1,FAHBZ38.25
1,FHNXY63.42
2,FNXYCHL89.123
1,FHLJYC7.81
1,FSDJN5.46
2,FCQTY094_FDME220051171-1a.20
1,FNMHLBE32.6
1,FHBSJZ39_FDME220052230-1a.73
1,L1EFC230351_FJXFC35_S309_L004.96
2,FNXYCHL87.118
1,FGSYC83.3
2,FNMHHHHT29.1
2,FFJLY17_FDME220051250-1a.10
2,FJXSRPY45.87
2,FYNLJ19hun.65
1,FAHBZ43.98
2,FCQNA2.25
2,FCQTY147_FDME220051186-1a.75
2,FGXGL101.88
2,FFJLY10_FDME220051247-1a.50
2,FSHXBX134hun.62
2,FSDQZ48.4
1,FSDQZ21.181
1,FQHXN38.33
1,FHNXY32.1
2,FAHWH23_FDME220050744-1a.122
2,FFJLY16.69
1,FBJ48.9
2,L1EFC230245_FHLJZD36_S88_L001.10
1,FGXGL87_FDME220052142-1a.2
1,FCQNA8.34
2,FSCDJY73.94
1,FGSZY9.8
1,FAHBZ60_FDME220050735-1a.50
1,FSHHK10_FDME220054482-1a.52
1,FTJBH25.11
2,FAHBZ48_FDME220050725-1a.37
1,FSHXWN24.28
1,FAHBZ23_FDME220050703-1a.81
2,FGDLZ3.49
1,FSHCM51.13
1,L1EFC230337_FJXFC09_S263_L003.39
2,L1EFC230302_FXJWS31_S228_L003.47
2,FSXTY8hun.58
1,FJNDD9_FDME220051226-1a.40
1,FTJBH48.18
2,FHuNHHMY78.54
1,FAHBZ19.46
1,FNMHLBE25hun.168
1,FGDLZ13.5
1,FeceHuNa150134_FDME220052277-1a.36
2,FSCPS11.151
2,FSHHK9.46
1,FGXGL28_FDME220052083-1a.79
2,FGXGL47_FDME220052102-1a.15
2,FHuNHHMY16.18
1,FeceHuNa150144_FDME220052287-1a.50
1,FTJBH52.25
2,FGXGL27_FDME220052082-1a.26
2,FYNLJ50.17
2,FQHXN15.24
2,M2CF09.17
1,FHNXY1.55
1,FHNFQ56.63
1,FGXGL53_FDME220052108-1a.90
1,FTJBH37.53
1,FTJBH51.93
2,FSCDJY69.169
2,FJSWX81.17
2,FYNLJ69.62
2,FSHCM53.24
2,FSHHK49_FDME220054516-1a.111
1,FGSZY19.45
1,FXJYN5.45
2,FSHCM3.10
1,FSHCM47.13
2,FSDJN20.77
1,FGZ12M_FDME220051990-1a.13
1,FGDLZ29.72
1,FNXYCHL17.33
1,FXJCJ29.79
2,M202F01.107
1,FAHBZ25_FDME220050705-1a.79
1,FSHXBX44.74
1,FSHXBX22.57
1,FGXGL15_FDME220052070-1a.39
2,FBJ32.85
2,FHHMY63.56
1,FSHXBX112.1
1,FeceHuNa15011_FDME220052259-1a.39
2,M2CF12.15
1,FJLHD26.18
2,FSDLZ12.117
2,FBJ41.45
2,FTJBH47.39
2,FSDJN31.68
1,FJXSRPY53.87
1,FXJSW19.7
1,M1DZ02.15
1,FXJKS44.35
2,FGDLZ11_FDME220051913-1a.45
2,FGXGL10_FDME220052065-1a.29
2,FYNLJ21hun.58
2,BJHD3.50
2,FGDLZ79_FDME220051957-1a.24
1,M2CF08.71
1,FGSZY34.56
1,L1EFC230304_FXJWS33_S230_L003.86
2,FGDLZ62.42
1,FGSZY46.46
2,FHNXY46.69
2,FZJTZ9.71
1,FSHCM42hun.41
1,FSHXBX57.6
1,FHLJYC25.36
1,FQHXN48.14
1,FSHXBX130.169
1,FHNFQ21.103
2,FNXYCHL49.56
2,FHLJZD52.88
2,FeceHuNa150136.41
1,FQHXN89.135
2,FJSWX77.45
2,FQHXN10.129
1,M1DZ03.53
1,FQHXN44.11
2,FFJLY64.45
2,FFJLY79.98
2,FGZ41M_FDME220052054-1a.16
2,FeceHeNa5.73
2,FHLJZD31.19
2,FGXGL14_FDME220052069-1a.6
1,FZJTZ2.77
1,FJLHD45.62
1,FYNLJ67.74
1,FHNXY36.27
1,FHBSJZ20.41
1,FFJLY78.114
1,FXJKS45.73
2,M116R01.76
1,FSCPS10.94
1,FJLHD55.13
1,FSHCM38.35
1,FSHHK28_FDME220054497-1a.75
1,FHBSJZ44_FDME220052235-1a.11
1,FHBSJZ45_FDME220052236-1a.88
1,FFJLY1_FDME220051239-1a.33
1,FGXGL105.11
2,FGSYC62.77
2,FSCPS33.66
1,FZJTZ50.25
2,FGXGL64.6
1,FXJYN38.128
2,FGXGL11_FDME220052066-1a.73
1,FQHXN101.35
1,FHNFQ33.29
1,FSHXWN2.7
1,FCQTY148_FDME220051187-1a.43
1,FAHBZ3_FDME220050685-1a.37
1,FSXLVLS18.40
2,FHuNHHMY10.18
1,FXJWS22.11
1,FQHXN53.88
2,FGDLZ53.78
1,FTJS017.17
1,FQHXN45.98
2,FHuNHHMY30.48
1,FJXSRPY17.49
2,FGDLZ15_FDME220051915-1a.83
1,FSHCM83.16
1,L1EFC230362_FSHXBX40_S320_L004.67
1,FJXSRPY37.119
1,FNXYCHL27.67
2,FXJCJ31.124
1,FSHHK39_FDME220054508-1a.6
2,FSDLZ25.75
1,FGSYC3.76
2,FSHCM58.22
2,FBJ7.46
1,FXJYN11.94
2,FSDQZ42.24
1,FZJTZ65.71
1,FSHCM80.53
1,FHBSJZ41_FDME220052232-1a.69
1,FSXLVWS3hun.74
2,L1EFC230242_FHLJZD30_S85_L001.59
2,FJSWX82.23
1,FSHXXA46.28
2,FGSYC60.58
1,FXJYN35hun.88
1,FTJBH66.23
1,FSDLZ22.66
2,FSXLVWS9.3
1,FJND9_FDME220051201-1a.53
2,FSDJN39.62
2,L1EFC230320_FTJS0005_S246_L003.67
1,FSHXBX108.62
2,FSXLL17.65
2,FHNXY62.1
1,FHuNHHMY76.91
1,L1EFC230342_FJXFC16_S268_L003.24
2,FCQTY162_FDME220051195-1a.83
2,FJXSRPYG1.119
1,FSDJN40.50
2,FBJ45.66
1,FAHBZ8_FDME220050690-1a.15
2,FGSYC12.58
2,M2CF18.6
2,FAHWH42_FDME220050759-1a.47
1,FCQTY106_FDME220051177-1a.62
1,FTJBH59.27
1,FNMHLBE5.36
1,FSDQZ17.22
2,FHuBWH39.58
1,SDHZD12.13
2,FCQNA15.18
2,L1EFC230377_FSHXBX72_S335_L004.13
2,FHLJYC26.5
2,FGDLZ54.84
1,FSXLL7.14
1,L1EFC230313_FXJWS45_S239_L003.20
1,FBJ30.96
1,FSHXBX151hun.10
1,FGXGL41_FDME220052096-1a.83
1,FHBSJZ58.58
1,FXJCJ19.39
1,FHBSJZ17.26
1,FJSWX87.17
2,FSHCM99.123
2,FGXGL4_FDME220052059-1a.89
1,FXJKS37.73
2,FHLJYC35_FDME220052684-1a.105
1,FSXTY11.51
1,FXJKS6.16
1,FGSYC49.123
2,FSXTY56.40
2,FSCPS92.31
2,FSDQZ23.45
2,L1EFC230352_FJXFC43_S310_L004.14
1,FGSYC91.86
1,FQHXN109.42
2,FTJBH14.72
1,FHBSJZ16.41
2,FFJLY22.22
2,FJSWXJ42.57
1,FHNFQ18.46
1,FYNLJ80hun.10
2,M105F01.76
1,FGSYC30.73
2,FHBSJZ40_FDME220052231-1a.52
2,FJXSRPY43.28
1,FSXTY18hun.20
1,FHuNHHMY32.105
1,FXJYN16.4
1,FGSYC45.64
2,FSHCM7.88
2,FAHWH41_FDME220050758-1a.30
2,L1EFC230335_FJXFC05_S261_L003.79
1,FGXGL42_FDME220052097-1a.16
1,FNXYCHL4hun.91
1,FSXTY48hun.54
1,FHNFQ57.65
2,FJXSRPY8.68
2,FFJLY65.125
2,FSCPS61.62
1,FHNXY49.35
1,FGSZY22.120
1,FGSZY25.29
1,L1EFC230321_FTJS0007_S247_L003.22
1,FSHCM77hun.52
1,FQHXN16.18
1,M1C17.33
1,FQHXN102.136
2,FNXYCHL20.121
2,FHuNHHMY58.29
1,FFJLY29_FDME220051259-1a.61
1,FSXTY53.82
1,FZJHZD22.75
2,FSHXBX148.160
1,FGSZY48.123
2,L1EFC230336_FJXFC07_S262_L003.73
2,FXJWS6hun.80
1,FSHXBX170hun.12
1,FNMHHHHT16.71
1,FCQTY030_FDME220051124-1a.53
2,FNXYCHL26.2
1,FCQTY026_FDME220051122-1a.19
1,FQHXN71.54
1,FSHXBX133hun.71
1,FXJYN39.51
2,FJLHD37.22
1,FSHXXA49hun.15
1,FFJLY46_FDME220051273-1a.16
1,FSDQZ2.81
1,FNXYCHL61.11
1,FAHWH30_FDME220050748-1a.105
2,FJXSRPYG7.77
2,FBJ61.75
1,FSXLVLS19.109
1,FHNXY14.51
1,FXJWS7.1
2,FSCCD21hun.6
1,FGDLZ82_FDME220051960-1a.89
1,FNXYCHL93.39
2,L1EFC230293_FXJWS14_S176_L002.42
1,FGSYC51.12
2,FSXLL8.75
2,FGXGL33_FDME220052088-1a.96
1,FXJSW13.46
1,SDHZD1.3
1,FSHXXA25.2
1,FHNFQ1.21
1,FYNLJ23hun.23
2,FHBSJZ5.29
2,FGSZY45.131
1,FGSYC58.56
1,FTJS031.23
2,FeceHeNa23.31
1,FZJHZD30.62
1,FGSYC39.81
2,FZJHZD28.31
1,FBJ40.43
1,FSDQZ25.31
2,FGSYC57.73
1,L1EFC230393_FSHXXA37_S36_L003.23
2,FHNXY59.51
1,FNMHLBE22.95
1,FSXTY19.23
1,FHLJZD27.103
1,FGSYC26.88
1,FSHXBX150.80
1,M1DZ01.61
2,FSDJN58.53
1,FGXGL108.12
2,FZJTZ69.59
1,FSHXBX91.32
2,FeceHuBe150123_FDME220052844-1a.62
2,FHLJYC2.77
1,FZJJH12.61
2,FHLJYC8hun.40
1,L1EFC230301_FXJWS28_S227_L003.107
2,FZJHZD6.13
1,FHBSJZ25.35
1,FTJBH86hun.29
2,FJSNT62.5
2,FCQTY039_FDME220051129-2a.83
2,FSCPS69.129
1,FBJ5.48
2,FTJS030.127
1,FXJYN19.35
1,FHLJYC37_FDME220052686-1a.28
1,FTJBH11.67
1,FGSYC75.3
1,FSHXHZ5.2
1,FQHXN11.22
2,FHuNHHMY34.7
2,FJSWX89.51
1,FSXTY39.98
1,FSDQZ5.18
1,FXJKS7.41
1,FBJ26.54
1,FCQNA43.101
1,FGSZY53_FDME220051904-1a.84
1,FNMHLBE26.61
1,FSHXHZ20.6
2,FSXLL10.98
1,FSHXBX98.115
1,FSHCM98.64
1,FAHBZ46_FDME220050723-1a.64
1,FSXLL6.16
2,FSXLVLS4.42
2,FHLJYC10.84
2,FGXGL65_FDME220052120-1a.86
2,FHNFQ61hun.69
1,FJLHD2.38
2,FeceHuBe150125_FDME220052846-1a.143
2,FSCPS95.99
2,FSDLZ18.26
1,FSDQZ30.134
2,FNXYCHL35.18
1,FSDLZ09.31
2,FeceGuXi150113.60
1,FGXGL88.22
2,FSHCM62.101
2,FSXLL12.25
2,FeceHeNa8.68
1,FGSYC17.14
1,FSHXBX78.115
2,FSHXHZ8.100
1,FSHXBX25.4
1,FQHXN103.37
1,FSHXWN11hun.18
2,FSHXHZ3.62
2,FSHCM69.54
1,FHLJZD55.30
2,FHuNHHMY83.29
1,M214F02.77
1,FAHBZ1_FDME220050683-1a.11
1,FJXSRPY40.2
1,FHuNHHMY39.60
2,FCQNA18.33
2,FSDJN36.99
2,FNMHLBE16.87
2,FQHXN73.43
1,FXJKS2.71
1,FXJSW20.16
2,FNMHHHHT44.45
2,FGXGL31_FDME220052086-1a.37
1,FNMHHHHT32.124
2,FNXYCHL90.4
2,FSXTY24.61
2,FJLHD48.49
2,FQHXN64hun.1
1,FYNLJ40.22
1,FNMHHHHT37.99
1,FXJKS35.79
2,FGXGL12_FDME220052067-1a.87
2,FSHXHZ14.55
2,FGXGL32_FDME220052087-1a.58
2,FJLHD42.58
2,FTJBH4.50
1,FSHCM6_FDME220054523-1a.9
1,FSDQZ15.24
1,FHNFQ3.32
2,FJLHD21.53
1,FCQHC9.78
1,FSXLVWS2hun.37
1,L1EFC230314_FXJWS46_S240_L003.30
2,L1EFC230283_FXJCJ52_S166_L002.43
1,FHNXY31.48
2,FHBSJZ11.37
2,FJXSRPY22.71
2,FZJTZ38.35
1,FJXSRPY23.13
1,FCQTY063_FDME220051143-1a.9
1,FSHCM97.45
1,FBJ20.21
2,FGDLZ75_FDME220051955-1a.16
1,FGXGL6_FDME220052061-1a.126
1,FSXTY5hun.44
2,FJXSRPY47.6
1,FGXGL86_FDME220052141-1a.9
2,SDHZD2.58
1,FZJTZ58.22
1,L1EFC230266_FXJCJ25_S150_L002.92
1,FSDQZ38.159
2,FeceGuXi150110.126
1,FJXSRPYG28.55
2,FNXYCHL37.27
2,FHHMY79.23
2,FTJS032.2
