tree_group,mag
1,FNMHHHHT10.23
2,FSHCM86hun.45
1,FBJ34.14
1,FJXSRPY30.7
1,FHNFQ22.48
1,FSDLZ20.99
1,M2CF10.45
1,FGSZY25.36
1,FBJ61.85
1,FGSZY53_FDME220051904-1a.79
1,FSHXBX88.119
1,FAHBZ59_FDME220050734-1a.22
1,FGDLZ58.61
1,FHuNHHMY19.88
1,FJSWX98.14
1,FJSWXJ3.63
1,FGSYC31.62
2,FSCPS31.85
2,FZJTZ31.94
1,FAHBZ45_FDME220050722-1a.45
1,FHLJZD43.56
1,FGSYC62.83
1,FCQTY094_FDME220051171-1a.43
1,FSDQZ3.90
1,FCQTY145_FDME220051185-1a.78
1,FHuNHHMY29.42
1,FBJ63.14
1,FZJTZ11.66
1,FHuNHHMY39.43
1,FJSWX91.19
1,FJLHD35.72
1,FSHXHZ5.82
1,FZJHZD15.51
1,M2CF05.21
1,FQHXN5.46
1,FHBSJZ16.94
2,FHNXY46.81
1,FGXGL22_FDME220052077-1a.45
1,FCQTY014.22
1,FGSYC77.50
1,FJLHD40.86
1,FSDLZ56.41
1,FAHBZ4_FDME220050686-1a.49
1,FJSWX87.31
1,FJSWXJ19.65
2,FFJLY23_FDME220051254-1a.30
1,M129R01.18
1,FGSZY50.15
2,FNXYCHL71.43
2,FSDQZ5.99
1,FCQNA22hun.22
1,FNXYCHL89.56
2,FHNXY45hun.91
1,FSDLZ30.16
1,FSDJN31.72
1,FCQTY159_FDME220051194-1a.50
1,FTJBH14.40
1,FeceHuNa150143.31
1,SDHZD14.8
1,FHLJYC2.83
1,FHLJZD2.70
1,FSHXBX43.61
2,FAHBZ42_FDME220050719-1a.103
1,FGSYC60.33
1,FJXSRPYG20.60
1,FSHCM54.35
1,FeceHuNa150112_FDME220052263-1a.80
2,FAHBZ13.20
2,FGXGL8_FDME220052063-1a.68
1,FSHHK4.113
1,FJSWX96.112
1,FJXSRPY44.79
1,FJLHD1.23
1,M2CF21.28
1,FSDQZ32.81
1,FSCPS65.54
1,FAHWH21_FDME220050743-1a.37
1,FBJ48.21
1,FSXLVLS13.85
1,FJSWX104.15
1,FAHBZ32_FDME220050712-1a.60
1,FSHXBX155.171
1,FJLHD16.44
1,FAHWH15_FDME220050740-1a.5
1,FHNFQ57.29
1,FCQHC9.18
1,FGSZY8.37
1,FHLJYC23.121
1,FJLHD30.51
1,FHuNHHMY14.17
1,FNXYCHL68.51
1,FGXGL63_FDME220052118-1a.133
1,FHuNHHMY26.19
1,FSCPS36.72
1,FZJJH5.3
1,FSHCM39.2
1,FHuNHHMY6.151
1,FCQNA9hun.79
1,FeceHuNa15017.24
1,FHNXY60.19
1,FGDLZ5_FDME220051909-1a.83
1,FGXGL40_FDME220052095-1a.26
2,FHNXY16.55
1,FAHBZ6_FDME220050688-1a.25
1,FSHXBX125.5
1,FHBSJZ33.24
1,FSHCM9_FDME220054526-1a.110
2,SDHZD4.73
2,FHNXY9.77
2,FNXYCHL12.136
2,FSHCM14_FDME220054531-1a.17
1,FJSWX79.66
1,FHNXY56.29
NA,FXJSW8.35
1,FHNFQ58.44
1,FJLHD37.1
1,FJSWX101.18
1,FAHWH42_FDME220050759-1a.85
1,FQHXN49.16
1,FSDQZ29.14
1,FZJHZD27hun.3
1,FGDLZ6.58
1,FSDLZ07.42
1,FHBSJZ19.68
1,FHLJZD50.41
2,FHuNHHMY10.48
1,FSHXXA44hun.49
1,FHuNHHMY22.107
1,FFJLY7_FDME220051244-1a.39
1,FGDLZ53.65
1,FSXLVWS1hun.13
1,FJSWXJ34.41
1,FJLHD29.18
1,FAHWH24_FDME220050745-1a.51
1,FCQTY010.174
2,FGXGL24_FDME220052079-1a.79
1,FHNXY48.13
1,FHNXY28.59
1,FGZ30M_FDME220052028-1a.61
2,FFJLY32_FDME220051261-1a.16
1,FGSYC50.15
1,FSHXWN4hun.14
1,M2CF14.28
1,FSHCM8.33
1,FTJBH74.11
1,FSDLZ58.59
1,FAHBZ24.44
1,FXJYN17.52
1,FZJHZD26.46
1,FGXGL33_FDME220052088-1a.79
1,FSHXBX166.64
2,FHuNHHMY1.38
1,FHLJYC5.140
1,FSHXBX146.18
2,FCQTY140_FDME220051182-1a.45
1,FHuNHHMY32.21
1,FBJ22.18
1,FSHXBX176.58
1,FGZ4M_FDME220051972-1a.28
1,FQHXN56.74
1,FGDLZ52.48
1,FGSZY32.5
1,FSCPS33.28
2,FGXGL14_FDME220052069-1a.34
1,FHNXY7.140
1,FAHBZ35.49
1,FTJBH47.88
1,FSHXBX98.113
1,FSDLZ02.83
1,FSHXWN10.39
1,FHuBWH12.44
1,FeceHeNa17.68
1,FSXLVWS6.129
1,FGSYC19.34
1,FSDLZ08.10
1,FSHCM12_FDME220054529-1a.55
2,FHLJZD58.1
2,FeceHeNa33.7
2,FFJLY44_FDME220051272-1a.50
1,FSXLVLS19.113
1,FSDQZ16.67
1,FSHXBX70.45
1,FBJ44.17
1,FHLJZD8.24
1,FGDLZ50_FDME220051930-1a.64
1,FGDLZ68.71
1,FeceHuNa150138_FDME220052281-1a.47
1,FBJ69.15
1,FGXGL101.49
1,FHNFQ13.73
1,FGXGL64.13
1,FCQHC7.92
1,FJXSRPYG28.66
1,FJXSRPY51.30
1,FHLJZD19.30
1,FSHXBX4.25
1,FNMHHHHT22.59
1,FeceHuNa150110_FDME220052261-1a.33
1,FQHXN26.90
1,FGXGL59_FDME220052114-1a.26
1,FSHXBX153.60
1,FGXGL13_FDME220052068-1a.46
1,FSHXBX123hun.39
1,FSHHK37_FDME220054506-1a.38
1,FGSYC14.23
1,FFJLY79.61
1,FGSYC6.50
2,FGSYC13.96
1,L1EFC230342_FJXFC16_S268_L003.33
2,FHLJZD53.102
1,FHLJYC42_FDME220052691-1a.39
1,FGXGL35_FDME220052090-1a.27
1,FHNFQ21.96
1,FSDLZ59.73
1,FJSNT58.46
1,FCQTY025_FDME220051121-1a.3
1,FGDLZ19_FDME220051917-1a.100
1,FQHXN14.27
1,FGXGL23_FDME220052078-1a.126
1,FYNLJ58.89
1,FSHCM38.50
1,FFJLY16.61
1,FAHWH20_FDME220050742-1a.52
1,FJXSRPY35.126
2,L1EFC230357_FJXFC55_S315_L004.29
1,FHLJZD39.17
2,FNXYCHL5.94
1,FGXGL91.16
2,FCQTY064_FDME220051144-1a.18
1,FXJYN16.19
2,FZJTZ50.15
1,FSCDJY15.44
1,FJSWX86.61
2,FCQHC8.54
1,FSDLZ12.67
1,FHLJDQ9.12
1,FCQHC10.80
1,FJSWX80.49
1,FSHXHZ3.65
2,FHuBWH36.116
1,FHLJDQ10.129
1,FHBSJZ49_FDME220052240-1a.66
1,FGXGL88.4
2,FHuNHHMY76.111
2,FTJBH_17.59
1,FeceHuBe150111.3
1,FSHXHZ17.56
1,L1EFC230233_FHLJZD05_S78_L001.20
1,FQHXN54.97
1,FSHXWN36.33
1,FSHXBX170hun.24
1,M207F02.5
1,FGSZY13.44
1,FNXYCHL33.107
1,FJNDD15.9
1,FQHXN64hun.4
1,FGXGL62_FDME220052117-1a.40
1,FNXYCHL4hun.72
1,FFJLY33_FDME220051262-1a.65
1,FHuBWH33.55
2,FGZ32I2_FDME220052032-1a.17
1,FGDLZ14.10
1,FGSYC73.40
1,FSHXXA49hun.38
1,FCQTY155_FDME220051191-1a.124
1,L1EFC230355_FJXFC53_S313_L004.81
1,FGSZY21.32
1,FGSZY3.9
1,FHNFQ26.75
1,FSCPS68.62
1,FSHXBX158.24
1,FNXYCHL37.95
1,FSHXWN15.89
1,FCQJJ4.103
1,FeceHuNa150113_FDME220052264-1a.24
1,FSHXWN14.20
2,FHuNHHMY9.20
1,FSHXWN5.6
2,FTJS017.52
1,FeceHuNa150111_FDME220052262-1a.85
1,FAHBZ8_FDME220050690-1a.59
1,FJXSRPYG9.59
1,FTJBH25.34
1,FSCDJY13.34
1,L1EFC230319_FTJS0003_S245_L003.36
1,FSHXBX12.116
2,L1EFC230395_FSHXXA48_S38_L003.54
1,FCQTY165_FDME220051196-1a.68
1,FZJHZD21.14
1,FSHXBX44.79
1,FGSYC58.72
1,FHNFQ3.5
1,FFJLY10_FDME220051247-1a.69
1,FHNFQ27.52
1,FJSWX90.74
1,FXJSW1.61
2,FYNLJ23hun.56
1,FHNXY57.105
1,FHLJYC4hun.123
1,FNMHLBE25hun.155
1,FeceHuNa150123_FDME220052271-1a.5
2,FSHHK50_FDME220054517-1a.22
1,L1EFC230366_FSHXBX48_S324_L004.73
1,FTJBH48.3
2,FSDJN34.28
1,FHuNHHMY15.39
