tree_group,mag
1,FSHHK25_FDME220054495-1a.161
1,FNMHHHHT12.38
2,FXJKS49.75
1,FJSWXJ32.36
2,FJSNT30.60
1,FCQTY159_FDME220051194-1a.69
2,FAHBZ11_FDME220050693-1a.12
1,FQHXN14.25
1,FJXSRPY21.8
2,FSXLL5.45
1,FXJYN3.56
1,FSHXBX147.66
1,FJSWXJ17.108
1,FSHCM13_FDME220054530-1a.90
2,FXJKS30.77
1,FHNFQ11.65
1,FGXGL49.39
1,FZJHZD6.25
1,FNXYCHL6.68
1,FNXYCHL56.134
1,FGXGL93.32
1,SDHZD10.62
2,FSHXHZ9.38
1,FSHXBX137.51
1,FSHHK28_FDME220054497-1a.107
2,FHLJYC13.51
1,FHLJYC38_FDME220052687-1a.146
2,FCQTY165_FDME220051196-1a.37
2,FGZ4M_FDME220051972-1a.127
1,FeceGuXi15012.64
1,FSXTY2hun.48
1,FHNXY34.104
1,FHLJZD21.66
1,FeceGuXi150110.26
2,FAHBZ10_FDME220050692-1a.89
1,FXJKS12.44
1,FJSNT58.60
1,FJSWX97.11
2,FSHXBX166.30
1,FZJTZ36.86
1,FSCCD19.88
1,FJSWXJ7.20
2,FSHHK50_FDME220054517-1a.78
1,FAHBZ2.21
1,FSHXBX157.4
2,FHNFQ60hun.20
1,FXJSW32hun.118
2,FNMHHHHT37.105
1,L1EFC230339_FJXFC12_S265_L003.134
2,FHLJDQ12.134
2,FSHXBX80.47
1,FAHWH05.108
1,FXJCJ43.82
1,FSCPS41.25
1,FHNFQ20.29
1,FGXGL28_FDME220052083-1a.75
2,FSHCM62.86
1,FCQTY060_FDME220051140-1a.41
2,FeceHuNa150114_FDME220052265-1a.87
1,FZJHZD9hun.76
2,FFJLY33_FDME220051262-1a.26
NA,FJSNT45.91
1,FHLJZD8.126
2,FJSWXJ8.64
1,FJSWXJ2.145
1,FHuBWH32.17
1,FSHXBX9.35
2,FXJYN18.42
1,FGXGL41_FDME220052096-1a.29
2,FXJYN40.27
1,FSDLZ58.101
1,FeceHuNa15016.98
1,FXJWS38.20
2,FAHBZ21_FDME220050701-1a.53
1,FAHBZ12.58
1,FGDLZ6.44
2,FJSNT32.87
1,FSHXBX167.97
1,FSDQZ22.72
1,FGXGL3_FDME220052058-1a.83
1,L1EFC230341_FJXFC14_S267_L003.45
2,FHuNHHMY23.69
1,FNXYCHL71.10
1,FHLJZD45.70
1,M207F02.54
1,FSCDJY64.19
1,FSHCM21_FDME220054536-1a.117
1,FSDQZ21.32
2,FSDLZ54.70
1,FJSWX99.38
1,FJXSRPY8.87
NA,FGZ5M.22
1,FHLJZD28.41
1,FCQNA25.30
1,FXJSW48.73
2,FSCCD2.16
1,FSCPS62.67
1,FGSYC60.107
1,FJXSRPYG9.54
1,FGSZY13.20
1,FNMHLBE14.22
1,FJSWXJ37.34
NA,FSCPS11.65
2,FHuNHHMY52.79
2,FSCCD9.121
1,FAHBZ44_FDME220050721-1a.30
1,FHNXY55.35
1,FHLJDQ7.29
1,FCQNA40.85
1,FHLJZD41.102
1,FQHXN22.56
1,FGXGL71_FDME220052126-1a.74
2,FSDLZ25.2
1,FHNFQ31.56
1,FGSZY45.77
1,FJLHD38.138
1,FSHXBX106.51
1,FSDJN3.108
1,FSHXBX20.128
1,FNMHLBE31.160
1,FGSYC12.20
1,FTJBH25.79
1,FHLJZD49.39
1,FGDLZ81_FDME220051959-1a.100
1,FSDJN6.106
2,L1EFC230250_FHLJZD56_S135_L002.76
1,FXJSW10.42
1,FNXYCHL41.117
1,FGSYC80.62
1,FQHXN97.94
1,FHNXY1.19
1,FNXYCHL3hun.71
1,FSHCM90.116
2,FSDQZ46.43
1,FSHCM55hun.62
1,FSHHK16_FDME220054486-1a.142
1,FXJWS29.55
1,FNMHHHHT15.130
1,FJSWXJ28.119
1,FXJYN36.53
1,L1EFC230242_FHLJZD30_S85_L001.43
1,FSDQZ19.3
2,FSCPS27.12
1,FTJBH93.63
2,FHLJZD2.41
1,FSHCM84.36
1,FQHXN48.85
1,FFJLY66.21
1,FSCDJY67.26
1,FJSNT24.27
1,FHLJZD55.33
1,FTJBH30.116
2,FSCPS31.63
1,FSHHK10_FDME220054482-1a.121
1,FJSWXJ25.93
1,FGXGL40_FDME220052095-1a.24
1,FGSZY22.113
1,FHBSJZ24.14
1,FAHWH01.5
1,FNXYCHL65.49
1,FSXLVLS25.116
1,FBJ65.28
1,FSHXBX108.75
2,FNMHHHHT11.112
1,FJSWXJ14.128
1,FNMHLBE25hun.43
1,FJSWX107.37
2,FGSYC25.101
1,FNMHLBE8.2
1,FSXTY15.68
2,L1EFC230266_FXJCJ25_S150_L002.121
2,FQHXN102.95
1,FNMHHHHT19.67
1,FeceHuNa150137.49
1,FSDQZ42.36
1,FSDLZ07.155
2,FNXYCHL50.68
1,FSXTY38.84
2,FSDQZ4.87
1,L1EFC230327_FTJS0023_S253_L003.63
1,FJSNT27.89
NA,FXJKS37.165
1,FSDLZ02.97
2,FJSNT36.58
2,FSCPS9.36
2,FXJKS10.127
NA,FGZ6M_FDME220051977-1a.38
1,FSDQZ39.85
1,M105F01.109
1,FHNFQ19.68
2,L1EFC230376_FSHXBX69_S334_L004.91
1,FHNFQ5.43
1,FBJ69.37
2,FJLHD32.33
1,FSHXBX169.46
2,FNXYCHL61.34
1,M101R01.32
2,FXJSW12.51
2,FSXTY39.114
1,FSHXBX98.62
1,FSXTY53.93
1,FYNLJ52.48
1,FXJCJ29.106
2,M214F02.124
2,M1C7.118
1,FHLJZD31.78
2,FXJSW15.3
1,FSHXBX174.25
1,FGSYC76.68
1,FCQTY010.42
1,FSXTY35.16
1,FeceHuBe150122_FDME220052843-1a.52
1,FSDQZ27.120
1,FHuNHHMY30.71
1,FAHWH38_FDME220050755-1a.129
1,FNMHHHHT10.79
1,FSDLZ50.17
1,FJLHD52.45
1,FSDLZ09.29
1,FHuNHHMY7.84
1,FSHXBX57.79
2,FAHBZ32_FDME220050712-1a.50
1,L1EFC230313_FXJWS45_S239_L003.142
1,FGSYC90.110
2,FZJTZ68.88
1,FSHCM39.100
1,FGXGL81_FDME220052136-1a.54
1,FJLHD36.74
1,FJNDD4_FDME220051221-1a.30
2,FAHBZ40_FDME220050717-1a.3
1,FSDQZ31.91
1,FSXTY1hun.80
