tree_group,mag
1,FAHWH25.19
1,FHNXY26.14
1,FSHXBX156.83
1,FFJLY4.27
2,BJHD7.57
1,TJWQ2.37
1,BJSJS1.33
1,FSHHK26.52
1,FHLJZD18.1
1,FJNDD10_FDME220051227-1a.30
1,FHNFQ49-1.50
1,FHLJYC31.7
1,FeceHeNa18.5
1,FHNFQ18.44
1,FBJ16.69
1,L1EFC230246_FHLJZD42_S89_L001.105
1,FXJCJ16.10
1,FHuBWH21.4
1,FJXSRPYG34.94
1,FSHXWN24.62
1,FSHCM16_FDME220054533-1a.80
1,FZJTZ66.56
1,FZJTZ42.16
1,L1EFC230293_FXJWS14_S176_L002.9
1,FJNDD13_FDME220051230-1a.17
1,SDHZ2.66
1,FSDQZ36.41
1,FAHWH34_FDME220050751-1a.55
1,FHHMY73.58
2,FCQTY048_FDME220051133-1a.71
1,FGXGL46_FDME220052101-1a.35
1,FZJHZ25.14
1,FNXYCHL91.27
1,FSXTY36.28
1,FJSWXJ23.35
1,FSCDYJ2.41
1,FZJHZ5.23
1,FHuBWH31.13
1,FSDQZ25.29
1,FGDLZ18.26
1,FHLJZD26.25
1,FCQNA24.33
1,FSXTY62.7
1,FCQNA16.61
1,FZJHZD2hun.12
1,FJSNT55.92
1,FCQHC4.72
2,FJSNT44.33
1,FYNDL6.41
1,FHuNHHMY29.17
1,FJXSRPY52.70
1,FSDQZ8.75
1,FCQNA8.29
1,FQHXN27.103
1,FSCPS22.39
1,FeceHuNa150122.38
1,FFJLY59_FDME220051278-1a.56
1,FHBSJZ43_FDME220052234-1a.62
1,FJXSRPY25.17
1,SDHZ8.11
