tree_group,mag
1,L1EFC230306_FXJWS35_S232_L003.25
1,FZJJH11.131
2,FJNDD6_FDME220051223-1a.43
1,FTJBH65.6
1,FSHCM54.20
1,FXJKS5.35
2,FSHCM39.133
2,FNMHHHHT12.2
2,FJSWXJ19.21
1,FNXYCHL62.27
1,FSDQZ40.71
1,FSDJN60.165
1,L1EFC230314_FXJWS46_S240_L003.36
2,FSCDJY53.38
1,FNMHLBE31.87
1,FXJKS11.153
1,FSHHK4.47
2,FNXYCHL9.28
2,FHLJZD43.109
2,FGSYC80.40
1,FNXYCHL1.43
1,FGSYC58.68
1,FSHXBX155.181
2,FNMHHHHT33.106
1,FHBSJZ22.18
1,FSXLVLS25.102
1,L1EFC230263_FXJCJ22_S147_L002.19
2,FXJSW14.4
NA,FNMHHHHT20.57
1,FHuBWH36.52
2,FSHCM90.104
2,FXJSW2.77
1,FZJTZ41.44
2,FYNLJ48.43
2,FHNXY38.47
1,FHLJDQ10.40
2,FSHCM42hun.46
2,FSHHK18hun.57
2,FCQNA5hun.83
1,FXJKS24.74
1,L1EFC230283_FXJCJ52_S166_L002.45
2,FSCPS12.84
1,FGZ12M_FDME220051990-1a.59
2,FZJTZ57.40
2,FJSWXJ13.96
1,FSHXBX166.150
2,FQHXN16.89
2,FSXLVLS11.56
1,FAHBZ37_FDME220050714-1a.30
NA,FGSZY13.80
2,FGXGL90_FDME220052145-1a.61
1,L1EFC230253_FXJCJ05_S138_L002.5
1,FSHXBX126.2
1,FGSYC82.73
2,FJXSRPY24.135
1,FSHXBX14.51
2,FBJ11.44
1,FXJYN33.46
1,L1EFC230279_FXJCJ45_S163_L002.64
1,FCQTY024_FDME220051120-1a.32
1,FAHBZ5_FDME220050687-1a.15
1,FGSYC6.2
2,FTJBH64.46
1,FTJS030.90
2,FAHBZ4_FDME220050686-1a.64
2,FJSWXJ4.121
1,FSHXWN6.105
1,FTJBH_17.125
2,FHBSJZ38_FDME220052229-1a.42
2,FHuNHHMY69.117
1,FCQTY148_FDME220051187-1a.4
1,FGXGL3_FDME220052058-1a.135
1,FSHCM13_FDME220054530-1a.84
1,FSDQZ31.8
1,FHNXY30.71
2,FHBSJZ60_FDME220052251-1a.26
2,FGSZY46.24
1,FNMHLBE26.22
1,FYNLJ66.74
1,M2CF03.74
1,FGD18M_FDME220052004-1a.18
1,FGSYC57.30
1,FSDLZ15.57
1,L1EFC230266_FXJCJ25_S150_L002.12
2,FSHXXA24.13
1,FGXGL71_FDME220052126-1a.85
1,FNXYCHL36.88
1,FSHXBX66.96
2,FJSNT67.34
1,FHNFQ50.68
1,FSDJN26.110
1,FHNFQ38.14
1,FNXYCHL28.4
2,FeceHuBe150132_FDME220052848-1a.49
1,L1EFC230285_FXJCJ59_S168_L002.36
2,FSHXBX171.2
1,FNMHLBE13.72
1,FGSZY16.47
1,FXJKS39.76
1,FSHXHZ18.111
2,FSXTY23.54
2,FSHXXA26.30
1,FHLJYC4hun.74
1,FeceHeNa27.30
2,FHuNHHMY40.87
1,FJLHD44.179
2,FSXTY26.97
2,FSDJN2.37
1,L1EFC230324_FTJS0010_S250_L003.12
1,FXJSW39.19
1,L1EFC230383_FSHXXA07_S341_L004.97
1,FSHCM23_FDME220054538-1a.57
2,FSXLL16.18
1,FQHXN23.57
1,FNXYCHL45.176
2,FHNFQ14.28
1,FHNFQ21.128
1,FSHXBX125.81
1,FHBSJZ56_FDME220052247-1a.52
2,FJSWXJ39.51
2,FJXSRPY38.76
1,FSXLL3.45
1,FZJTZ10.38
1,FSHXXA18.8
2,FSHXBX130.81
1,FHuBWH2.38
1,FNMHHHHT27.29
1,FSCCD3.2
2,FGDLZ33_FDME220051920-1a.32
2,FHLJZD34.32
2,FCQTY141_FDME220051183-1a.34
1,FGSZY41.89
1,FCQTY049_FDME220051134-1a.51
2,L1EFC230395_FSHXXA48_S38_L003.66
2,FSDLZ50.71
2,SDHZD13.33
2,FXJSW17.149
1,FNXYCHL34.50
2,FSXTY8hun.36
2,FNXYCHL89.114
2,FHBSJZ39_FDME220052230-1a.44
2,FHNFQ60hun.39
1,FAHBZ18_FDME220050698-1a.15
2,FSDJN36.44
1,FSXTY53.26
2,FGSYC87.33
2,L1EFC230388_FSHXXA20_S346_L004.12
1,FZJHZD22.66
2,FNXYCHL60.25
1,FGXGL86_FDME220052141-1a.48
2,SDHZD17.92
2,FeceHuBe150123_FDME220052844-1a.115
1,FJSWXJ16.39
2,FHLJYC18hun.54
2,FJXSRPY11.77
2,FHuBWH39.17
1,FXJYN31.78
1,FJSWXJ29.29
2,FNMHLBE14.68
1,FSDQZ46.68
1,FHNFQ1.22
1,FSXLL10.93
1,FGSZY22.39
2,FGSZY28.3
2,FYNDL3.14
2,FHLJZD49.109
1,FSXTY42.61
1,FBJ57.98
2,L1EFC230288_FXJCJ64_S171_L002.95
2,FNXYCHL5.123
2,FSDLZ39.144
2,FSDQZ29.6
2,FXJYN27.31
1,FGSYC45.98
1,FSDLZ05.33
2,FXJKS50.92
1,FSDJN13.83
2,FSHXWN10.24
1,FNXYCHL3hun.52
NA,FXJSW48.137
2,FXJSW8.127
2,FSCCD21hun.33
1,FTJS022.44
1,L1EFC230391_FSHXXA34_S34_L003.42
1,FHLJZD1.9
1,FGSYC13.28
1,L1EFC230362_FSHXBX40_S320_L004.28
2,FQHXN31.59
2,FJSNT72.78
2,FTJS016.36
1,FHNFQ59.31
1,FSCPS31.57
1,FBJ19.22
2,FHNFQ15.26
1,FSHHK38_FDME220054507-1a.73
1,FeceHuBe150122_FDME220052843-1a.44
2,FSDLZ35.43
2,FXJYN23.63
2,FFJLY3_FDME220051240-1a.20
2,FXJSW9.68
2,FSXTY28.53
1,FHBSJZ31.48
1,FSXTY45.101
1,FXJWS48.50
1,FYNLJ79.35
1,FNXYCHL51.95
1,FJSNT18.81
2,FGSZY14.18
2,FNMHHHHT32.86
1,FSHXBX63.11
1,FSDLZ07.92
1,FNMHHHHT15.67
NA,FXJKS48.73
2,FHLJYC13.15
1,FGZ26M_FDME220052020-1a.50
1,FHNFQ37.24
1,FSHXXA25.39
1,FXJWS13.19
2,FQHXN2.51
1,FGSZY48.171
1,FHLJZD24.23
2,FSHXBX175.18
1,FSDJN22.62
1,FFJLY46_FDME220051273-1a.58
1,FCQTY007.113
2,FHNXY33.31
1,FSXTY34.72
1,FZJHZD21.1
1,FGSYC83.61
1,FXJSW23.78
1,FHLJYC33_FDME220052682-1a.60
NA,FQHXN110.38
2,SDHZD1.32
1,FAHWH20_FDME220050742-1a.74
1,FNXYCHL15hun.61
1,L1EFC230259_FXJCJ15_S144_L002.81
1,FXJSW19.74
1,FSDJN32.33
1,FSHHK12hun.24
2,FSDLZ47.26
1,FZJTZ4.28
1,FXJSW7.110
2,FSXTY38.26
1,FSXLVLS15.29
1,M1C6.157
2,FXJSW46.63
1,FNXYCHL20.102
2,FSXTY29hun.85
2,FHLJZD52.8
1,FSHXWN9.34
2,FSHXBX57.120
1,L1EFC230301_FXJWS28_S227_L003.53
1,FSXLVLS13.54
2,FHLJYC8hun.77
1,FZJTZ52.82
1,L1EFC230349_FJXFC31_S307_L004.86
1,FGSYC77.51
1,FSHXBX67.22
2,FCQJJ2.9
1,FXJKS10.162
1,FAHBZ19.19
2,FSCPS11.81
1,FZJTZ63.36
2,FSHXBX71.22
2,FHLJZD46.17
1,FSHXBX138.28
2,FSDLZ18.83
1,FGSYC75.33
1,FAHBZ23_FDME220050703-1a.87
1,FeceHuBe150121_FDME220052842-1a.52
2,FZJTZ22.115
1,FSHXHZ11.66
1,L1EFC230235_FHLJZD10_S80_L001.9
1,FAHWH18.23
1,FGSYC3.9
2,FSDLZ31.66
2,FSCPS36.27
2,FSHXBX121.58
NA,FNXYCHL8.115
1,FNMHLBE18.117
2,FHBSJZ4.39
1,L1EFC230366_FSHXBX48_S324_L004.52
2,FJXSRPY6.16
2,FeceHeNa11.14
1,FGSYC39.45
2,FJLHD45.40
1,FNXYCHL25.33
1,FSHXWN8.50
1,FTJBH19.122
1,FJSWX80.34
2,L1EFC230233_FHLJZD05_S78_L001.69
1,FAHBZ9_FDME220050691-1a.7
2,FCQTY054_FDME220051137-1a.80
2,FSCDJY49.55
1,L1EFC230275_FXJCJ40_S159_L002.5
1,FHBSJZ34.50
1,FGSYC47.21
1,FHNFQ41.54
1,FGSYC10.14
2,FXJKS15.92
2,FNXYCHL95.36
1,FXJCJ21.57
2,FTJBH59.44
2,FQHXN54.100
1,FQHXN72hun.54
2,FHNXY6.50
2,FAHWH14.16
1,FSXTY10hun.66
1,FZJTZ5.56
2,FHBSJZ42_FDME220052233-1a.84
2,L1EFC230330_FTJS0027_S256_L003.88
1,FGXGL56_FDME220052111-1a.113
1,FCQNA9hun.102
NA,FSHXXA45.41
2,FZJTZ18.25
2,FSXLVWS9.40
1,FSCCD8hun.109
2,L1EFC230347_FJXFC25_S305_L004.56
1,FXJKS6.63
1,FSDLZ34.17
1,FSDLZ13.44
1,L1EFC230318_FTJS0001_S244_L003.52
1,L1EFC230390_FSHXXA28_S33_L003.30
2,FSCDYJ6.95
2,FGSZY55.72
1,FSHHK7_FDME220054481-1a.126
1,FNXYCHL4hun.46
1,FGXGL12_FDME220052067-1a.20
2,FNMHHHHT31.43
1,L1EFC230269_FXJCJ28_S153_L002.7
2,FSHXWN12.74
2,M2CF11.19
1,FSHCM62.100
1,FTJBH72.86
1,FSDQZ15.25
1,FHLJYC21.87
1,FSHXBX157.45
2,FCQTY043_FDME220051131-1a.5
2,FJLHD15.68
1,FHNFQ5.46
2,FHLJZD15.5
1,FFJLY38_FDME220051267-1a.71
1,FHLJDQ12.68
2,FNXYCHL38.4
1,FSHXBX27.5
2,FXJYN41.86
2,L1EFC230298_FXJWS24_S224_L003.138
1,FXJKS30.48
2,FJLHD21.56
1,FSHXHZ5.43
1,FSXTY51hun.48
2,FHLJZD16.109
1,FNXYCHL71.55
1,FJSWX83.20
1,FJSWX96.7
2,FJLHD55.37
NA,M1C5.131
1,FGDLZ6.92
NA,FQHXN102.21
1,FHuNHHMY77.79
2,FHNFQ23.50
1,FSDLZ28.26
2,FQHXN106.88
2,FHNFQ26.58
1,FHLJZD19.26
2,FNXYCHL46.12
1,FJSWX107.39
2,FSHXBX18.47
1,FSDJN12.59
1,FAHBZ20_FDME220050700-1a.22
1,FAHBZ1_FDME220050683-1a.71
2,FSHCM75.31
2,FGSYC89.66
2,FSHCM31.6
1,FSDQZ43.17
2,FAHBZ10_FDME220050692-1a.50
1,L1EFC230245_FHLJZD36_S88_L001.71
1,FAHBZ3_FDME220050685-1a.62
1,FSDLZ22.33
2,FSDQZ27.149
2,FBJ53.122
2,FYNLJ65.22
2,FSHXHZ8.71
2,FXJSW38.31
2,FSHCM89hun.50
2,FNXYCHL53.105
2,FZJTZ16hun.39
1,FCQTY062_FDME220051142-1a.17
1,FQHXN52hun.118
1,JSCZD7.9
1,L1EFC230336_FJXFC07_S262_L003.42
2,FNXYCHL55.73
1,FSHXXA1.15
NA,SDHZD5.37
1,SDHZD15.51
2,FSHXXA19.85
1,FXJSW24.86
1,FSDQZ2.22
2,FZJTZ48.33
1,FHLJZD11.51
2,FHuNHHMY56.94
2,FGXGL67_FDME220052122-1a.75
1,FHNXY24.82
2,FTJBH53.88
2,FNMHLBE27.47
2,FYNLJ52.1
2,FXJWS43.31
2,FHNFQ7.55
1,FSHXBX163.53
1,FHLJYC35_FDME220052684-1a.38
1,FSDLZ33.96
1,FSDLZ27.56
2,FJLHD5.53
2,FHBSJZ52.10
2,FZJTZ2.22
1,FSHXBX70.72
2,L1EFC230334_FJXFC03_S260_L003.37
1,FSHCM26.56
2,FSDQZ13.150
2,L1EFC230312_FXJWS44_S238_L003.37
1,FYNLJ80hun.44
1,FAHWH15_FDME220050740-1a.17
1,FNMHHHHT41.15
2,FGXGL93.11
2,M2CF12.78
1,FHNFQ39.71
1,FHNFQ63.52
1,FAHBZ11_FDME220050693-1a.31
1,FHLJYC32.29
2,FSHXWN17.2
1,FNMHLBE20.11
2,FXJSW5hun.64
2,FCQHC9.107
1,FGXGL96.30
1,FSHXBX43.5
2,FJXSRPY12.87
2,FSXTY14.97
1,FSDLZ09.50
2,FHNFQ32.52
2,FGXGL11_FDME220052066-1a.89
1,FSDLZ12.56
1,FHNXY14.3
1,FSHXHZ10.89
2,FSCDJY76.179
1,FCQNA14.36
2,FGDLZ15_FDME220051915-1a.106
1,L1EFC230277_FXJCJ42_S161_L002.24
1,FCQNA39.60
1,FSDJN6.80
2,FJLHD50.106
2,FHLJZD2.130
1,FXJCJ57.65
1,FZJTZ39.77
2,FSCDJY57.19
2,FSDQZ18.16
2,FSCPS45.74
1,FBJ52.44
2,FSCPS69.50
2,FZJTZ37.61
1,M1C9.167
1,FNXYCHL90.25
2,FHuBWH23hun.36
2,FSCPS39.81
1,FNXYCHL57.59
1,FHLJYC12.87
2,FJXSRPY27.71
2,FXJWS38.8
2,FSCPS50.6
1,FSHXHZ21.64
2,FGSYC66.61
1,FQHXN14.73
2,FNXYCHL33.55
2,FSCDJY13.8
2,FSDLZ16.59
1,FSHXHZ9.16
2,FJLHD34.67
1,FZJTZ62.90
1,FHBSJZ45_FDME220052236-1a.66
1,FSDQZ6.79
1,FGDLZ13.32
1,FZJTZ14.21
1,FNMHLBE16.11
1,FHNXY58.89
2,FTJS020.69
1,FSXLVLS2.56
1,FHLJZD17.74
1,L1EFC230354_FJXFC47_S312_L004.75
1,L1EFC230236_FHLJZD14_S81_L001.5
1,FHuNHHMY24.52
2,FZJTZ68.108
2,FJLHD9.67
1,FCQTY149_FDME220051188-1a.57
1,FGSZY23.70
1,FNXYCHL61.48
2,FSHXHZ13.81
1,FSHXBX103.51
1,FAHBZ59_FDME220050734-1a.75
2,FSDLZ08.129
1,FGSYC17.45
1,FCQHC7.17
2,FQHXN6.51
1,FYNDL21hun.39
1,FFJLY11_FDME220051248-1a.29
1,FXJYN17.99
1,FSXLVLS14.5
1,FHBSJZ35.3
1,L1EFC230278_FXJCJ44_S162_L002.59
1,FZJTZ53.10
1,FQHXN19.14
2,FHHMY42.61
1,FSDJN37.161
2,FTJBH38hun.78
1,FHNFQ54.49
1,FBJ29.153
1,FCQHC1.52
1,FQHXN27.89
1,FGSZY37.118
1,FTJBH71.97
1,FSHCM85.52
2,FHLJZD31.30
2,FSHXXA38.34
2,FSCDJY31.57
1,FHBSJZ54_FDME220052245-1a.92
2,SDHZD2.40
1,FNXYCHL44.2
1,FZJTZ56.34
1,FSXLVLS3.49
1,FNXYCHL19.82
1,FHLJZD55.34
1,FXJWS41.23
2,FSHCM97.49
2,FHBSJZ37.43
1,FHLJZD28.4
1,FeceHuNa150135_FDME220052278-1a.32
2,FYNLJ76.81
1,FSHXXA46.58
2,L1EFC230328_FTJS0025_S254_L003.16
2,FSHXXA41hun.11
2,FHLJZD41.112
2,L1EFC230394_FSHXXA43_S37_L003.60
2,FXJKS29.29
NA,FQHXN93.60
2,FGZ37M_FDME220052037-1a.119
1,FNMHLBE25hun.8
1,FNXYCHL16.15
1,L1EFC230287_FXJCJ63_S170_L002.37
2,FJXSRPY33.163
1,FNXYCHL65.130
1,FJXSRPY48.22
2,FHLJZD39.47
2,FXJSW11.168
2,FSHCM96.27
1,SDHZ24.53
2,FHLJZD45.59
2,FSDJN56.38
1,FSDLZ30.122
1,FSHXBX164.28
2,FSXTY5hun.5
1,L1EFC230303_FXJWS32_S229_L003.47
2,FSCCD23.4
1,FSCCD17.60
2,FSHCM44hun.10
1,FXJWS29.57
1,FTJS035.6
1,FSDQZ38.89
1,FGSYC8.38
2,FSHXXA44hun.34
1,FQHXN62hun.75
1,FSDLZ26.44
2,L1EFC230392_FSHXXA36_S35_L003.50
2,L1EFC230299_FXJWS26_S225_L003.67
1,FHBSJZ57_FDME220052248-1a.88
1,FHLJZD21.12
1,FSXTY57hun.56
1,FNMHHHHT10.102
1,FAHBZ30_FDME220050710-1a.27
2,FSCPS92.53
1,FXJSW13.83
1,FHuNHHMY19.36
2,FGXGL85_FDME220052140-1a.43
1,FJSWXJ8.61
2,FHNXY60.53
2,FGSZY32.34
2,FSDQZ22.18
2,FTJS021.70
1,FNXYCHL37.83
1,FHLJZD58.86
1,FXJKS34.58
1,FCQTY053_FDME220051136-1a.50
1,FHNXY53.91
1,FNXYCHL6.40
2,FHNFQ3.30
2,L1EFC230350_FJXFC33_S308_L004.78
2,FCQTY097_FDME220051172-1a.43
2,L1EFC230302_FXJWS31_S228_L003.161
2,FSHXWN27.27
1,FGDLZ20.70
1,FeceHeNa7.112
1,FBJ44.66
1,FSHXBX112.29
2,FJSWXJ27.12
1,FNXYCHL59.24
2,L1EFC230338_FJXFC11_S264_L003.53
1,FSHXBX176.35
2,FTJBH93.81
2,FSXTY60.62
2,FJLHD14.8
2,FGXGL48_FDME220052103-1a.14
2,FGSYC85.4
2,FSCDYJ7.42
NA,FHNXY62.83
1,L1EFC230343_FJXFC19_S301_L004.65
1,FAHWH28_FDME220050746-1a.98
1,FNXYCHL73.28
2,FSDLZ56.79
1,FeceHuNa15019.35
2,FeceGuXi150115.46
2,L1EFC230377_FSHXBX72_S335_L004.18
2,FNXYCHL35.77
NA,L1EFC230273_FXJCJ38_S157_L002.31
2,FXJWS7.114
1,L1EFC230389_FSHXXA21_S347_L004.33
1,FGXGL18_FDME220052073-1a.29
1,FGSYC51.71
1,FHNXY32.6
2,FHuNHHMY7.49
2,FeceHuBe150125_FDME220052846-1a.51
1,FJLHD39.88
2,FQHXN58.91
1,FSHHK33hun.37
2,FTJBH47.98
1,FGSZY53_FDME220051904-1a.113
2,M2CF18.33
2,FJXSRPY21.32
2,M1DZ08.5
1,L1EFC230319_FTJS0003_S245_L003.68
1,FeceHuNa150119.33
2,FSDLZ01.64
1,FQHXN56.122
1,FSHXBX53.29
1,FGD19M_FDME220052006-1a.105
2,FTJBH82.45
1,FGXGL61_FDME220052116-1a.38
2,FSXTY7hun.38
2,FGXGL40_FDME220052095-1a.104
1,FSXLVLS4.70
1,FJNDD14_FDME220051231-1a.106
2,L1EFC230254_FXJCJ06_S139_L002.22
2,FJXSRPY51.29
2,FHLJYC28hun.52
NA,FQHXN18.40
1,L1EFC230363_FSHXBX41_S321_L004.68
2,FXJSW12.98
2,FGXGL20_FDME220052075-1a.55
2,FNXYCHL58.91
1,FHBSJZ27.59
1,FZJTZ55.43
2,L1EFC230320_FTJS0005_S246_L003.74
2,FXJCJ48.66
2,FCQJJ1.14
2,L1EFC230344_FJXFC20_S302_L004.4
2,FHLJYC26.48
1,FSHXBX151hun.17
2,FSHXXA49hun.56
1,FGZ36M_FDME220052036-1a.28
1,SDHZD16.56
1,FGXGL34_FDME220052089-1a.55
1,FXJSW10.166
2,FSHHK39_FDME220054508-1a.5
1,FXJCJ43.58
1,FJLHD38.102
1,FSHXXA29.48
2,FHLJZD13.79
1,FSHCM12_FDME220054529-1a.24
2,FSXLVLS17.72
1,FSHXBX133hun.7
1,FeceHuBe150124_FDME220052845-1a.42
1,FSHXWN20.14
2,FSCCD14hun.1
2,FSXLVWS2hun.40
NA,FeceHuNa15016.28
2,FSHXBX153.38
1,FSHXBX150.69
2,FXJSW40.85
1,FJSNT38.23
2,FSXTY24.12
2,FCQTY069_FDME220051146-1b.73
2,FXJCJ19.95
1,FHNFQ40.59
2,FGDLZ63_FDME220051944-1a.81
2,FSXLVWS8hun.129
2,FHNXY5.39
2,FSHXBX98.86
2,SDHZD4.5
1,L1EFC230292_FXJWS12_S175_L002.63
1,FAHBZ60_FDME220050735-1a.36
1,FeceHuNa150142_FDME220052285-1a.94
2,L1EFC230251_FXJCJ01_S136_L002.35
1,FSDQZ19.133
1,FZJHZD30.69
2,FHLJYC2.70
1,FHNFQ31.55
1,FSHCM38.85
1,FGSYC7.104
2,FZJTZ11.7
1,FXJKS40.51
2,FXJCJ4.34
1,FHNFQ48.32
2,L1EFC230291_FXJWS11_S174_L002.5
1,FSHXBX45.65
2,FBJ28.111
2,L1EFC230284_FXJCJ58_S167_L002.53
1,FQHXN10.32
1,L1EFC230286_FXJCJ60_S169_L002.35
2,FSHHK25_FDME220054495-1a.118
1,FAHWH05.20
1,FHLJYC39_FDME220052688-1a.31
1,FCQHC16.26
2,FJSWXJ32.73
2,FTJBH37.24
1,FGSZY21.25
2,FSDQZ5.33
1,FGSYC44.48
1,FQHXN30.9
1,FSCPS35.58
1,FNXYCHL48.53
1,L1EFC230364_FSHXBX42_S322_L004.55
2,L1EFC230381_FSHXXA05_S339_L004.104
1,FSHXBX167.46
1,FHNFQ11.11
2,FHLJYC16.31
2,FNXYCHL47.91
2,FNMHHHHT11.107
1,FHBSJZ33.63
1,FXJKS46.28
2,FeceGuXi150114.113
2,FAHBZ27_FDME220050707-1a.42
2,FBJ30.94
1,FAHWH09.41
2,L1EFC230361_FSHXBX31_S319_L004.102
2,L1EFC230321_FTJS0007_S247_L003.35
2,L1EFC230387_FSHXXA17_S345_L004.107
2,FJXSRPY54.104
1,FSHXXA16.59
1,FHBSJZ24.7
2,FHNXY45hun.99
2,FSXLL8.76
2,L1EFC230304_FXJWS33_S230_L003.47
2,FHBSJZ6.22
1,FHNFQ13.88
1,L1EFC230239_FHLJZD23_S84_L001.28
2,FAHWH44_FDME220050761-1a.68
2,L1EFC230250_FHLJZD56_S135_L002.55
1,FGSYC26.114
2,FHuNHHMY3.73
1,FJSNT23.86
1,L1EFC230382_FSHXXA06_S340_L004.34
2,FCQNA11.11
1,FAHWH12_FDME220050738-1a.28
NA,FQHXN79.111
1,FGSYC68.25
1,FSXTY9.31
1,FSXLVLS19.34
2,FBJ2.78
1,FTJBH17.31
2,FSHXBX78.42
1,FSDLZ55.48
2,FNXYCHL32.75
1,FNXYCHL23.66
1,FSHCM93.69
2,FSDJN20.102
2,FGDLZ16.58
2,FHuNHHMY67.43
2,FTJBH73.40
1,FSHCM9_FDME220054526-1a.66
2,FAHWH21_FDME220050743-1a.70
1,FFJLY58_FDME220051277-1a.40
1,FSDJN18.91
2,FNMHLBE35.165
NA,FAHBZ22_FDME220050702-1a.44
2,FGSYC55.63
2,FYNLJ45.40
1,FNMHLBE12.31
1,FTJBH46.41
1,FSHXWN16hun_FDME22H000406-1a.51
2,FAHBZ21_FDME220050701-1a.34
2,FXJCJ31.116
1,FXJYN9.72
2,FGXGL41_FDME220052096-1a.13
1,FXJCJ53.45
1,FHLJYC25.104
2,FGSZY43.78
1,FJXSRPY49.1
2,FAHBZ40_FDME220050717-1a.48
1,FZJTZ9.36
1,FSHXBX12.48
1,FJXSRPY36.103
1,FHNXY21.100
1,FXJKS8.32
2,FSCDJY79.64
1,FGSZY4.64
2,FHNFQ12.78
1,FGSYC21.4
2,FSDLZ24.5
2,FSDLZ32.21
2,FNMHHHHT30.89
2,FGXGL23_FDME220052078-1a.87
1,FHuNHHMY37.34
2,FXJSW20.15
1,FQHXN1.86
1,FNMHHHHT23.7
2,FJSWX77.73
2,L1EFC230342_FJXFC16_S268_L003.1
2,FZJTZ50.85
1,FCQNA13.1
1,FGSYC14.17
2,FJSNT43.1
2,FJSWX90.63
1,FSHCM65.72
1,FJLHD24.25
2,FSXTY40.76
2,FSHXBX9.42
1,FSHCM4hun.99
2,FSHXXA35.21
2,FSHXWN18.36
1,L1EFC230294_FXJWS15_S177_L002.79
1,FGSYC90.34
1,FSCPS27.98
1,FTJBH49.64
2,L1EFC230325_FTJS0011_S251_L003.70
2,FSHXBX129.33
2,FJSWXJ5.31
2,FYNLJ7.67
2,FSCDJY67.109
1,FZJHZD6.14
1,FSHXBX134hun.97
2,L1EFC230257_FXJCJ13_S142_L002.43
2,FFJLY7_FDME220051244-1a.47
1,FGSYC86.92
1,FSHXBX21.57
1,FHNFQ52.27
1,FSHXBX137.19
1,FSHCM77hun.22
2,FHNFQ29.88
1,L1EFC230305_FXJWS34_S231_L003.27
1,FXJWS22.37
1,L1EFC230332_FTJS0029_S258_L003.80
2,FQHXN63hun.132
2,FGXGL10_FDME220052065-1a.23
1,FXJSW16.53
1,FXJSW22.22
2,FSDLZ17.14
1,FBJ34.54
1,FSXTY33hun.67
2,FSHXBX161.50
1,FAHBZ32_FDME220050712-1a.27
1,FSHXBX44.23
1,FSDLZ44.137
2,FGSZY15.74
1,FHuBWH29.50
NA,FXJKS43.94
1,FHBSJZ49_FDME220052240-1a.74
1,FHBSJZ29.37
2,FSXTY49.28
2,L1EFC230341_FJXFC14_S267_L003.49
2,FFJLY40_FDME220051269-1a.38
2,FSDLZ48.54
2,FQHXN22.113
2,FSDLZ51.61
2,FSCDJY94.47
NA,FGSYC72.36
1,FNXYCHL68.68
1,FSDQZ4.88
1,FBJ37.56
1,FGSYC23.27
2,FZJHZD12.30
2,FSHXBX90.61
1,FGXGL66_FDME220052121-1a.33
2,FGDLZ29.66
1,FZJTZ40.60
2,FTJBH29hun.35
2,FSHXWN1.18
2,FQHXN94.72
1,FNXYCHL49.3
2,FSHCM17_FDME220054534-1a.23
1,FSHXBX33.40
1,FHLJYC36_FDME220052685-1a.67
2,FTJBH45.47
2,L1EFC230369_FSHXBX54_S327_L004.25
2,L1EFC230234_FHLJZD07_S79_L001.79
1,FGXGL49.84
1,FAHBZ34.6
2,FSHXBX152.92
2,FNMHHHHT17.33
2,FSHXWN5.13
1,FJNDD5_FDME220051222-1a.120
1,FNXYCHL39.30
2,FSXTY20.77
1,FGSYC5.1
2,FSHXBX28.52
NA,FYNLJ58.78
1,FSDLZ42.45
1,FGDLZ21.39
2,FHLJZD40.31
1,FHLJYC24hun.22
1,FZJHZD16hun.65
2,FSCDJY15.64
1,FHNFQ16.55
2,FZJHZ8.4
1,FSDLZ40.123
1,FeceHuNa150124_FDME220052272-1a.27
2,FHLJZD59.49
2,FNMHHHHT14.33
2,FGSZY51.41
1,FXJSW1.44
1,FHNXY46.86
1,FSHXBX145.52
1,FSDQZ14.77
1,FSCPS3.74
1,FSCPS73.29
2,FBJ63.111
2,FHLJZD50.83
2,FFJLY17_FDME220051250-1a.24
1,FZJHZD19.47
1,FXJSW6.36
1,FSCPS61.53
2,FSXTY35.77
2,L1EFC230297_FXJWS23_S223_L003.35
1,FQHXN48.34
2,FGXGL97.36
2,L1EFC230385_FSHXXA13_S343_L004.23
2,FHLJZD8.67
1,FHuBWH28.26
1,L1EFC230258_FXJCJ14_S143_L002.66
1,FSXTY48hun.100
2,FNMHLBE1.1
1,L1EFC230333_FTJS0033_S259_L003.84
1,FQHXN33.70
1,L1EFC230310_FXJWS40_S236_L003.105
NA,FXJKS19.83
2,FBJ61.11
2,FSHXBX76.23
2,FGXGL26_FDME220052081-1a.87
2,FAHBZ48_FDME220050725-1a.72
1,M124R01.66
2,FSXLVLS21.48
2,FFJLY72_FDME220051238-1a.24
NA,FQHXN105.77
2,FGD17M_FDME220052001-1a.41
1,FSHCM63.29
1,FGXGL2_FDME220052057-1a.18
1,FSDLZ45.7
1,FSXTY16hun.14
1,FSDLZ29.54
1,FJSWX104.31
1,FJXSRPY53.58
1,FHNFQ6.33
2,FSDLZ36.14
2,L1EFC230355_FJXFC53_S313_L004.9
1,SDHZD3.116
1,FSHCM56.64
2,FSCPS95.80
1,FSDJN21.70
1,FSDQZ21.117
1,FHLJYC3.55
1,L1EFC230326_FTJS0013_S252_L003.26
2,FSHXHZ4.40
2,FCQHC8.85
2,FSDQZ48.29
1,FHNXY49.83
1,M1C4.59
1,FSHXHZ2.29
2,FGSYC25.95
1,FCQTY072_FDME220051149-1a.46
2,FSCCD9.114
2,FSHCM37.45
1,FNMHHHHT13.14
2,FJXSRPY47.67
2,FBJ65.32
1,FSHXBX74.38
1,FSDLZ25.70
1,FSDQZ17.94
1,FFJLY1_FDME220051239-1a.5
2,FSDLZ02.141
1,L1EFC230274_FXJCJ39_S158_L002.141
2,FCQTY162_FDME220051195-1a.61
1,FSXLVLS12.119
1,FHNFQ8.39
1,FXJWS4.116
2,FGDLZ8_FDME220051910-1a.36
2,L1EFC230393_FSHXXA37_S36_L003.32
2,FSHHK17hun.94
2,FJLHD28.22
NA,FNMHHHHT37.12
2,FeceGuXi15013.5
1,FJSWX97.63
2,FSCDJY69.100
1,FNXYCHL75.37
1,FSDLZ11.46
2,FSHCM99.80
2,FAHWH41_FDME220050758-1a.35
1,FGSZY56.57
1,FHNXY8.61
2,FHLJYC42_FDME220052691-1a.80
1,FNMHLBE15.44
2,FXJSW3.81
1,FXJYN11.62
1,FXJKS13.83
1,FHNFQ61hun.14
1,FJLHD42.93
1,FAHBZ31_FDME220050711-1a.117
NA,FSHXWN30.94
2,FSDLZ19.64
2,L1EFC230339_FJXFC12_S265_L003.25
2,FZJTZ26.66
1,FSHXBX140.12
1,FGSYC4.87
2,FSHXBX79.99
2,FSCPS33.80
1,FSDQZ32.53
1,FAHWH38_FDME220050755-1a.139
1,FGSZY25.78
1,FHLJYC15.67
1,FSHXBX50.95
1,FQHXN7.111
2,FJLHD37.36
1,FSXLVLS10.101
2,FBJ25.68
2,FZJTZ24.18
1,FSHHK50_FDME220054517-1a.90
1,FJLHD18.47
1,FNXYCHL64.68
2,L1EFC230267_FXJCJ26_S151_L002.113
1,FHLJZD27.71
1,FXJWS6hun.73
1,FJLHD17.76
2,L1EFC230309_FXJWS39_S235_L003.51
1,FHNXY17.41
2,FSHXBX147.50
1,FXJKS42.51
2,FSHCM21_FDME220054536-1a.85
1,FHNXY55.70
1,FSHXBX136hun.97
1,FGSZY39.38
2,FSHXHZ14.38
2,FFJLY66.67
1,FGSYC76.10
1,FNMHHHHT36.3
1,FGSZY3.54
1,FHLJYC30.37
2,FFJLY75.103
1,JSCZD5.66
1,FHNFQ20.41
1,FSDLZ21.94
1,FGSYC30.84
1,FNXYCHL56.37
2,FBJ7.155
1,FXJSW21.68
1,FJLHD3.72
1,FTJS017.47
2,FSCPS9.44
1,FSXTY59.60
2,L1EFC230293_FXJWS14_S176_L002.89
2,FJXSRPYG32.97
1,L1EFC230256_FXJCJ12_S141_L002.3
1,FSXLVLS20.95
1,L1EFC230268_FXJCJ27_S152_L002.30
1,FSDQZ20.70
1,FJSNT66.64
1,FAHBZ2.16
1,L1EFC230280_FXJCJ46_S164_L002.60
1,FSDQZ10.18
2,FAHBZ44_FDME220050721-1a.123
1,FHNXY7.39
1,FCQTY031_FDME220051125-1a.43
1,FGXGL28_FDME220052083-1a.87
1,FNMHLBE29.25
1,FSXLVLS9.11
1,FGXGL74_FDME220052129-1a.41
1,FHNXY29.107
2,FJLHD10.55
2,FSHXBX169.3
1,FBJ67.65
2,FSDLZ20.35
2,FJLHD6.72
2,FJXSRPY10.32
1,FSHCM47.53
2,FSHXBX172.71
1,FSHXBX100hun.33
2,FSHXXA27.97
2,L1EFC230237_FHLJZD20_S82_L001.107
2,FSCDJY22.63
2,FSDQZ30.58
NA,FXJYN37hun.18
2,FXJSW50.68
1,FSDLZ58.30
2,FCQNA6hun.42
2,L1EFC230244_FHLJZD35_S87_L001.6
NA,FTJBH5.32
1,FXJSW37.93
2,FGDLZ58.26
1,FHuNHHMY85.48
2,FGSYC62.17
2,FXJKS16.64
2,FYNDL28hun.53
NA,FQHXN99.79
2,FTJBH25.114
2,FJXSRPY39.94
1,FNXYCHL21.37
1,FZJTZ23.81
1,FCQTY070_FDME220051147-1a.54
NA,FNXYCHL18.13
2,FNMHLBE2.18
2,FYNLJ22hun.146
2,FSHCM49.51
2,FNMHLBE30.109
1,FSDQZ7.72
2,FXJCJ3.6
2,FSXLVWS6.60
1,FNMHLBE34hun.25
1,FSCDJY92.91
2,FGXGL102.127
2,FSHXBX144.29
2,L1EFC230295_FXJWS19_S222_L003.6
2,FSDQZ36.64
1,FXJWS18.45
1,FHuNHHMY60.43
2,L1EFC230300_FXJWS27_S226_L003.61
1,FNXYCHL50.119
2,FFJLY64.25
1,FXJSW36.53
2,FTJBH41.14
1,FSXTY50.59
1,FYNLJ46.123
2,FSHCM20_FDME220054535-1a.75
1,FCQNA25.45
