tree_group,mag
1,FHLJZD13.2
1,FXJCJ57.43
1,FSHCM84.73
1,FHNFQ28.55
1,FHLJYC25.31
2,FQHXN97.38
1,L1EFC230284_FXJCJ58_S167_L002.95
1,FSDLZ38.25
1,FJSNT45.22
2,FGSZY11.78
2,FSHXWN27.37
2,FNMHHHHT19.73
1,FeceHuBe150124_FDME220052845-1a.27
1,FSDJN18.36
1,FAHWH15_FDME220050740-1a.126
1,FSXTY2hun.105
1,FSHXHZ9.65
2,FYNLJ36.27
2,FSDQZ11.74
1,L1EFC230234_FHLJZD07_S79_L001.85
1,M119R01.16
1,FSHXBX156.82
2,FGSZY16.113
2,FSHCM12_FDME220054529-1a.14
2,FNMHLBE34hun.3
1,FJLHD47.33
1,FSDLZ32.131
1,FCQTY054_FDME220051137-1a.85
1,FGDLZ3.52
1,FJSNT65.13
2,FSHXBX89.16
1,FAHWH21_FDME220050743-1a.111
1,FSXLL3.59
2,FSHXHZ20.30
1,FGSYC7.115
2,FGSYC60.47
1,FSXLVLS15.69
1,FGXGL85_FDME220052140-1a.26
1,FQHXN63hun.111
1,FCQHC10.99
1,FCQNA5hun.21
1,FSHCM80.11
1,FTJBH53.19
1,L1EFC230388_FSHXXA20_S346_L004.99
2,SDHZD13.99
2,FNMHLBE22.39
2,FGXGL88.61
1,FJXSRPY35.29
1,FCQNA19.43
2,FSHXBX128.39
2,FHNXY7.56
1,FSHCM99.69
2,M116R01.69
2,FGXGL73_FDME220052128-1a.24
1,FTJS020.77
1,FXJWS38.66
2,L1EFC230376_FSHXBX69_S334_L004.60
2,FZJTZ23.15
1,FGXGL99.17
1,L1EFC230263_FXJCJ22_S147_L002.35
1,FGDLZ2.14
1,FHHMY84.49
1,FFJLY9_FDME220051246-1a.47
1,FNMHHHHT32.106
1,FCQTY102_FDME220051174-1a.10
1,FeceHeNa31.69
1,FJLHD29.104
1,FGXGL22_FDME220052077-1a.4
1,FJSNT15.28
1,FHNXY20.61
2,FSHXBX174.88
2,FAHBZ51_FDME220050728-1a.4
2,FTJS012.34
1,FTJS021.3
1,FTJBH76.45
1,FSCPS31.147
2,FQHXN55.50
1,FSDQZ39.88
1,FeceHuBe15017_FDME220052835-1a.14
1,FSHXBX14.75
2,SHMX4_FDME220054478-1a.6
1,FXJWS6hun.71
1,FSHHK7_FDME220054481-1a.58
2,FSCCD1hun.23
1,FCQTY092_FDME220051170-1a.77
2,FGXGL56_FDME220052111-1a.85
1,FSCPS73.76
1,FBJ50.29
2,FNXYCHL41.17
2,FGZ5M.69
2,FJLHD38.41
2,L1EFC230330_FTJS0027_S256_L003.45
1,FNXYCHL38.21
2,FSXTY49.5
1,FQHXN45.74
2,FSXLVWS5.4
1,FSHXBX106.77
2,FGSYC74.34
1,FHuBWH8.75
2,FQHXN47.57
1,L1EFC230251_FXJCJ01_S136_L002.31
2,FAHBZ40_FDME220050717-1a.21
1,FYNLJ56.41
1,FSDQZ36.104
1,SDHZD6.4
2,FGSYC58.40
1,FNXYCHL1.63
2,FGXGL97.40
1,FCQNA40.103
2,FTJBH62hun.58
1,FeceHuNa150112_FDME220052263-1a.8
1,FXJSW3.82
1,L1EFC230274_FXJCJ39_S158_L002.103
1,FHNFQ46.38
1,FGSZY41.84
1,FJLHD2.46
1,FXJWS29.83
2,FAHBZ2.69
1,FSDLZ33.67
1,FAHBZ15.10
1,FSHXBX131.60
1,FSHCM58.30
1,FSDLZ58.23
1,FHuNHHMY49.3
2,FZJTZ9.32
2,FSHHK47_FDME220054514-1a.96
1,FCQNA14.93
1,FGSZY46.68
1,FNXYCHL9.60
1,FAHBZ29_FDME220050709-1a.51
1,FSDQZ3.66
2,FJSNT16.44
1,FJSWX106.41
1,FSHHK49_FDME220054516-1a.25
1,FAHBZ48_FDME220050725-1a.15
2,FSDQZ24.39
2,FeceHuNa150124_FDME220052272-1a.39
2,FAHWH05.68
2,FGZ7M.29
1,FHLJZD51.34
2,FNMHLBE2.85
1,FNXYCHL48.90
1,FZJTZ31.122
2,FNMHLBE23.56
1,FeceHuNa15019.49
1,FSHHK11_FDME220054483-1a.78
1,FHLJZD17.90
2,FGSZY44.7
1,FSHCM7.87
2,FSHXBX166.96
1,FTJBH15.16
2,FSHXBX22.69
2,FHBSJZ3.57
1,FXJCJ19.17
2,FJXSRPY37.95
1,FSHXHZ10.108
2,FHLJYC28hun.53
2,FYNLJ23hun.38
2,FSDLZ40.11
1,FGDLZ58.60
2,M2CF05.51
2,M202F01.63
2,FeceHuBe150132_FDME220052848-1a.40
1,FSHCM91.105
1,FHLJYC34.85
2,FJSWXJ23.20
1,FYNLJ4.36
NA,M2CF11.116
2,FNXYCHL45.10
1,FAHBZ21_FDME220050701-1a.166
1,FJSWXJ20.16
1,FHLJYC30.90
1,FGXGL10_FDME220052065-1a.31
1,FCQTY148_FDME220051187-1a.28
1,FHuNHHMY22.108
1,FGSYC45.57
1,FNMHHHHT11.7
1,L1EFC230294_FXJWS15_S177_L002.5
2,FGSZY37.117
2,FQHXN58.84
1,FeceGuXi15015.44
1,FNMHHHHT21.9
2,FTJBH71.22
1,FNMHHHHT31.14
1,FNMHHHHT33.91
1,FAHBZ12.87
1,FSCPS16.82
2,FSXTY12hun.4
1,FGXGL61_FDME220052116-1a.1
1,FSHXHZ4.27
2,FGSYC14.40
1,FGZ9M_FDME220051984-1a.84
1,FSDQZ35.80
1,FSDLZ19.5
2,FJLHD21.19
2,FXJKS51.118
1,FTJBH5.68
2,FHBSJZ54_FDME220052245-1a.87
2,FSXTY3.57
1,FHuNHHMY71.59
2,FJXSRPYG18.20
1,FSDLZ49.82
2,FSHCM53.61
1,FHuBWH36.49
1,FeceHuNa150140_FDME220052283-1a.11
1,FFJLY53_FDME220051276-1a.46
2,FGZ2M.23
1,FZJHZD8.12
2,FSHXBX120.5
1,FGZ26M_FDME220052020-1a.76
1,FGXGL53_FDME220052108-1a.92
1,L1EFC230267_FXJCJ26_S151_L002.94
1,FHBSJZ34.11
1,FSCDJY45.70
2,FSHCM83.98
1,FJSNT9.27
2,FQHXN93.153
2,FGD17M_FDME220052001-1a.20
1,FBJ30.18
2,FCQTY141_FDME220051183-1a.42
2,FSHXWN6.33
1,FSHHK1.15
1,FQHXN24.57
1,FGSYC10.57
2,FHBSJZ51.34
1,FGXGL31_FDME220052086-1a.57
1,FSDLZ56.33
1,FJSNT33.90
2,FJSWXJ21.19
2,FeceHuBe150122_FDME220052843-1a.91
1,FNMHHHHT44.5
1,FGSYC6.33
2,FJSWXJ2.150
1,FSHXBX23.44
1,FSCDJY93.70
1,FSHCM13_FDME220054530-1a.39
1,FeceHeNa7.29
1,FHuNHHMY52.78
1,FGXGL86_FDME220052141-1a.91
1,FHLJYC21.68
1,FHNXY30.66
2,FeceHuNa150113_FDME220052264-1a.60
1,FNXYCHL51.31
1,FGDLZ8_FDME220051910-1a.91
1,FSXLVLS2.22
1,FGSYC27.82
1,FSXLL17.6
1,FeceGuXi150117.72
1,FHLJZD54.90
1,FGDLZ61_FDME220051940-1a.14
2,FNXYCHL3hun.97
2,FSHXBX75.46
1,FSDQZ42.175
1,FeceHeNa26.82
2,FZJTZ62.128
2,FZJTZ56.39
2,FBJ11.63
2,FSHCM5_FDME220054522-1a.37
2,FeceHuNa15017.115
2,FTJBH32.22
1,FJNDD4_FDME220051221-1a.51
1,FGXGL81_FDME220052136-1a.139
1,FHuNHHMY80.45
2,FHLJYC9.74
1,FXJYN5.82
1,FJSWX103.22
1,FSDLZ53.33
1,L1EFC230349_FJXFC31_S307_L004.36
2,FSHHK16_FDME220054486-1a.85
2,FQHXN69.115
1,FHHMY79.53
1,FHBSJZ22.27
2,FXJYN32.99
1,FGXGL72_FDME220052127-1a.16
1,FNMHLBE9hun.29
2,L1EFC230371_FSHXBX56_S329_L004.73
2,FSDLZ09.51
2,FHNXY6.62
1,FBJ22.27
1,FTJBH14.95
1,FJSNT20.84
1,FSXLVLS10.66
2,FGSYC82.19
2,FSHXBX25.25
2,FXJKS42.83
2,FSDJN20.155
2,FXJCJ21.22
2,FGXGL23_FDME220052078-1a.13
2,FJSWX73.13
1,FNXYCHL93.61
1,L1EFC230295_FXJWS19_S222_L003.85
2,FSHXBX144.51
1,FeceHuBe150123_FDME220052844-1a.113
2,FSHXHZ24.51
1,FJNDD11_FDME220051228-1a.24
1,FAHBZ30_FDME220050710-1a.49
1,FGXGL59_FDME220052114-1a.20
1,FJSNT30.117
1,FJXSRPYG4.76
2,FAHBZ34.75
2,FSCCD14hun.114
1,FBJ57.86
2,FTJBH74.6
1,FSHXBX33.79
2,FJSWX99.39
2,L1EFC230309_FXJWS39_S235_L003.40
2,FGSZY51.100
1,FCQNA39.65
1,FeceHeNa17.16
2,FCQNA20hun.67
1,FFJLY17_FDME220051250-1a.74
1,FZJTZ57.66
2,FXJWS22.3
1,FSXTY54.66
1,FJXSRPYG32.104
1,FSHXBX134hun.9
1,FJSNT32.79
1,FJSNT28.2
1,FHNXY4.50
2,FHNXY34.15
1,FXJSW38.34
2,FCQTY155_FDME220051191-1a.46
2,FHNXY49.101
2,FSDJN1.78
2,FQHXN52hun.52
1,FeceHuNa150135_FDME220052278-1a.117
2,FSDLZ21.67
1,FHLJYC6.64
2,FSHHK30_FDME220054499-1a.144
2,L1EFC230359_FSHXBX16_S317_L004.67
1,FSDQZ23.44
2,FTJBH57.24
1,FAHBZ54.22
1,FSDQZ19.40
2,FSHXBX53.81
2,FGZ38M_FDME220052048-1a.31
1,FSHCM75.30
2,FSDLZ13.69
2,FXJKS35.59
1,FCQNA11.57
1,FHuBWH24.73
1,FHLJYC19.46
1,FSCPS5.38
2,FTJBH7.3
1,FBJ53.103
1,FSDQZ16.102
1,FJSWX90.93
1,FQHXN26.86
2,FSHXBX130.60
2,FHNFQ39.31
2,FSXLVLS14.83
1,FeceHeNa8.97
1,FCQTY084_FDME220051155-1a.98
1,FHBSJZ24.8
2,FZJTZ10.36
2,L1EFC230321_FTJS0007_S247_L003.12
1,FNMHHHHT13.54
1,FFJLY40_FDME220051269-1a.44
1,FNXYCHL72.97
1,FHLJDQ7.97
1,FeceHeNa16.92
1,FZJHZD5.76
1,FJSWX81.22
1,FJXSRPY46.61
2,FSDJN22.55
1,FSDLZ29.65
2,FSHXBX63.67
2,FSDJN21.55
1,FAHWH28_FDME220050746-1a.79
2,FXJWS16.57
1,FGZ37M_FDME220052037-1a.111
2,FHLJZD26.56
2,FNMHHHHT12.16
2,FAHWH06.16
1,FSCDJY79.88
2,FSDJN43.30
1,FHuNHHMY3.44
2,FXJYN23.15
2,FHLJZD19.4
1,FAHWH02.19
2,FeceHeNa11.102
2,FGSZY53_FDME220051904-1a.16
1,FSCPS45.1
2,FNMHLBE31.23
2,FGSYC90.91
1,FHuNHHMY66.3
2,FJLHD18.26
1,FGXGL33_FDME220052088-1a.10
1,FGZ25M_FDME220052017-1a.33
1,FNXYCHL73.80
1,L1EFC230393_FSHXXA37_S36_L003.13
1,FJLHD55.63
1,FCQNA2.75
1,FGDLZ9_FDME220051911-1a.63
1,FNXYCHL60.53
1,FHNFQ61hun.34
2,FCQJJ4.113
2,FQHXN73.113
1,FSXTY1hun.108
1,FHLJYC4hun.46
2,FGSZY15.130
1,FSXLVWS6.74
2,FJSWX74.39
1,FHNFQ30.59
1,FHNFQ29.31
1,FeceHeNa19.35
1,FSXTY35.89
1,FHBSJZ37.57
2,FSHXXA46.48
2,FSDQZ5.51
2,FTJBH78.92
1,FSDJN36.106
2,FZJTZ8.41
2,FSHXBX145.10
1,FJXSRPYG20.28
2,FQHXN62hun.22
1,FAHWH16.3
1,FYNDL28hun.139
2,FHLJYC39_FDME220052688-1a.15
1,BJHD7.19
2,FHNFQ40.5
2,FAHBZ11_FDME220050693-1a.57
1,FeceGuXi150115.116
2,FSDLZ08.117
1,FNMHHHHT15.2
2,M214F02.79
2,FNMHLBE13.107
1,FHLJDQ11.5
1,FSHCM94hun.103
1,FSXLVLS6.77
2,FSHXBX150.55
1,FTJBH66.2
2,FTJBH45.120
2,FGXGL20_FDME220052075-1a.118
2,FSHXHZ11.26
1,FFJLY58_FDME220051277-1a.10
1,FQHXN22.151
1,L1EFC230264_FXJCJ23_S148_L002.21
2,FSHXBX65.55
1,FHuNHHMY7.51
1,FZJTZ18.22
2,FCQNA15.23
2,FSHXWN22.13
2,FGSYC86.35
2,FSDJN27.94
1,FFJLY1_FDME220051239-1a.49
1,FHBSJZ27.110
2,FAHWH30_FDME220050748-1a.99
1,FBJ20.134
1,FCQNA32.54
1,FZJTZ36.44
2,FNXYCHL68.73
1,FeceGuXi15013.6
1,FHLJYC24hun.87
1,FHuNHHMY6.137
1,M1C10.85
1,FSXTY34.36
1,FSHXHZ18.13
2,FJSWX82.24
1,FHLJZD21.84
1,L1EFC230252_FXJCJ02_S137_L002.5
2,FTJBH37.25
2,FSHXBX70.61
2,FQHXN99.141
1,FSHCM55hun.27
1,FSCDYJ6.10
2,FSHXBX74.66
2,FXJSW46.4
2,FGSYC80.60
1,FNMHHHHT16.95
1,FHBSJZ56_FDME220052247-1a.4
1,FCQJJ2.55
NA,L1EFC230392_FSHXXA36_S35_L003.72
2,FZJTZ52.124
1,FCQTY154_FDME220051190-1a.60
1,FSDLZ18.45
2,FHNXY46.91
1,FSXTY19.40
1,FCQNA9hun.131
1,FSHXHZ7.26
2,FHNXY11.5
1,FGSYC78.92
1,FNXYCHL52.94
1,FNXYCHL55.44
2,FSHCM95.54
1,FSCPS61.96
2,FHuBWH32.30
1,FGDLZ33_FDME220051920-1a.85
2,FBJ14.78
1,FZJTZ48.31
1,FNMHHHHT36.32
1,FSCPS25.7
2,FHLJZD55.47
2,L1EFC230258_FXJCJ14_S143_L002.100
2,FXJKS34.92
1,FBJ28.71
1,FHLJZD2.54
1,FSHXBX26.32
2,FSHXBX57.150
2,FSHXBX125.36
1,FSHCM47.2
2,FeceHuNa150119.9
1,FGXGL32_FDME220052087-1a.98
1,M1C13.4
1,FTJBH28.30
1,FSXTY42.65
2,FGSZY13.105
1,FeceHuBe15015_FDME220052833-1a.52
1,FGSYC39.64
1,FSHXXA45.32
2,FJSWX105.48
2,FSDQZ2.69
2,FCQTY070_FDME220051147-1a.88
2,FHNFQ53.96
1,FCQNA43.10
1,FGXGL64.8
1,L1EFC230354_FJXFC47_S312_L004.81
2,FTJBH39hun.83
2,FYNLJ68.32
1,FSCPS27.43
2,FGSZY14.71
1,FJLHD4.23
2,L1EFC230302_FXJWS31_S228_L003.75
1,FHuNHHMY70.110
2,FJLHD3.65
1,FFJLY65.29
1,FCQTY061_FDME220051141-1a.30
2,FQHXN76.11
2,FSHXWN30.78
1,FSXLVLS4.75
1,FTJBH64.57
2,FAHBZ50.67
1,M1C1.73
1,FQHXN10.123
1,FJXSRPY21.13
1,FHuBWH12.61
2,FGSYC44.8
1,FSHCM93.38
1,FGXGL49.45
1,FSCPS92.81
1,FGXGL11_FDME220052066-1a.30
2,FXJSW12.91
1,L1EFC230288_FXJCJ64_S171_L002.33
2,FGXGL93.56
2,FNXYCHL6.102
2,FSCPS9.16
2,FJXSRPY45.81
1,FGDLZ68.108
1,FCQNA6hun.20
2,FXJYN31.35
1,FXJSW39.86
1,SDHZD16.94
1,FJNDD19_FDME220051236-1a.83
1,FQHXN60hun.75
1,FHuNHHMY1.93
1,L1EFC230344_FJXFC20_S302_L004.130
2,FSHXWN12.85
2,FNXYCHL19.23
1,FZJTZ63.94
2,FSXTY6hun.63
2,FHNFQ48.98
2,FSHXBX127.74
1,FXJCJ31.75
1,L1EFC230310_FXJWS40_S236_L003.42
2,FHNXY16.18
1,FJSWXJ32.42
1,FeceGuXi150113.73
1,FTJBH72.32
1,FNMHLBE8.53
2,FSHXBX61.80
1,FCQTY072_FDME220051149-1a.60
1,FZJHZD7hun.41
1,L1EFC230338_FJXFC11_S264_L003.13
1,FHBSJZ35.77
2,FXJCJ17hun.62
2,FJSWXJ17.36
2,FNXYCHL53.117
2,FNMHHHHT20.62
2,FFJLY56_FDME220051237-1a.75
1,SDHZD3.21
1,FNXYCHL33.81
1,FSHHK29_FDME220054498-1a.52
2,FXJWS41.75
1,FJXSRPY11.43
2,FSDLZ44.90
1,FSXTY20.69
1,FTJBH65.7
1,FGZ12M_FDME220051990-1a.44
1,FHuNHHMY83.77
1,FQHXN67hun.53
2,L1EFC230328_FTJS0025_S254_L003.48
2,FGSZY45.50
1,FZJTZ15.83
2,FGXGL96.56
1,FSDJN44.24
1,FZJTZ70.10
1,FSDJN46.56
2,M1DZ11.95
1,FXJSW37.77
2,FYNLJ57.45
1,FNMHHHHT23.17
1,FSXTY50.131
1,FJSWX76.42
2,FXJWS18.52
2,FGSZY25.16
1,FZJTZ67.78
2,FSHCM23_FDME220054538-1a.72
1,FFJLY7_FDME220051244-1a.12
2,FYNLJ48.13
1,FJXSRPY33.24
1,FFJLY8_FDME220051245-1a.10
1,FNXYCHL71.12
1,FCQNA13.16
2,FSDLZ34.50
1,FHLJYC3.84
2,SDHZ24.172
1,FSCDJY57.20
2,FSHXHZ2.7
1,FBJ37.52
1,FTJBH25.101
2,FJSWX102.21
1,FSDLZ16.93
1,FHuNHHMY29.103
1,FHHMY4.51
1,FGXGL65_FDME220052120-1a.15
1,FBJ7.121
2,FSHXXA41hun.51
1,FGDLZ6.34
2,FJXSRPY10.72
1,FZJTZ33.105
2,FSHXBX90.38
2,FSDLZ01.100
2,FGSZY2.8
2,FXJWS48.37
1,FHuBWH29.48
1,FGD19M_FDME220052006-1a.82
2,FSHXBX111.26
1,FGXGL4_FDME220052059-1a.13
2,FXJYN10hun.43
2,FSDJN32.31
1,FGXGL12_FDME220052067-1a.5
2,FAHBZ20_FDME220050700-1a.146
2,FXJYN19.30
2,FSHCM4hun.81
1,FHBSJZ46_FDME220052237-1a.18
2,FSDLZ47.114
2,FZJTZ43.101
1,FSHXBX45.32
1,FHBSJZ52.75
2,FJSNT19.3
1,L1EFC230391_FSHXXA34_S34_L003.48
1,FQHXN13.24
1,FSHCM38.68
1,FSHXBX171.68
1,FSDLZ30.14
1,FSXLVLS16.42
2,FXJYN11.135
1,FGXGL63_FDME220052118-1a.123
1,FeceHeNa5.26
2,FBJ58.19
1,FSXLL5.27
2,FSDLZ57.75
2,FGDLZ28.30
2,FSHXWN24.45
2,FSHXWN10.22
1,FGDLZ85.108
2,FSDLZ11.26
1,FZJTZ68.129
2,FSHXBX176.120
1,FXJYN37hun.44
2,FTJBH84.46
1,FSHXBX15.59
2,FXJYN25.9
1,FSHCM41hun.30
2,FJXSRPY47.94
2,FJSWXJ13.46
1,FTJBH19.93
1,SDHZD12.27
1,FCQTY063_FDME220051143-1a.13
1,FNXYCHL64.82
2,FSDJN2.71
1,SDHZD2.18
2,FSDLZ46.62
1,FSDJN39.9
1,FAHWH23_FDME220050744-1a.112
2,FBJ2.85
2,FSDJN11.38
1,FJXSRPY54.8
1,FFJLY47.58
2,FXJYN33.14
2,FSHXWN9.43
1,FHuNHHMY40.88
1,FGDLZ15_FDME220051915-1a.28
1,FSDLZ41.20
2,FSHXBX44.49
1,FSHXWN32.15
1,FCQTY101_FDME220051173-1a.30
2,FAHBZ27_FDME220050707-1a.132
1,FNMHHHHT10.19
2,FQHXN64hun.116
1,FHNXY9.4
1,FGZ40M_FDME220052053-1a.70
1,FHuNHHMY67.60
1,FSCDJY94.104
2,FSHHK25_FDME220054495-1a.102
2,FGDLZ5_FDME220051909-1a.20
1,FSDJN13.72
2,FSDQZ17.90
2,FZJTZ11.10
2,FJLHD30.35
1,FAHBZ4_FDME220050686-1a.13
2,FHNFQ54.20
1,FNMHHHHT18.22
1,FGSZY23.1
1,FSCPS24.50
2,FFJLY34_FDME220051263-1a.80
1,FGSYC25.98
1,FJLHD31.1
NA,FHBSJZ29.50
1,FGZ42M_FDME220052055-1a.51
2,FXJWS13.114
2,FSDJN26.90
2,L1EFC230363_FSHXBX41_S321_L004.99
1,FXJYN18.9
1,FGXGL21_FDME220052076-1a.29
1,FeceHeNa27.36
2,FGSYC73.20
1,FSCDJY49.66
1,FNXYCHL44.96
1,FSDJN37.151
2,FSHXBX78.131
1,FQHXN7.101
1,FGDLZ62.36
1,L1EFC230318_FTJS0001_S244_L003.98
1,FHNXY42.104
2,FSHCM54.26
2,FSHXBX21.62
1,FHNFQ21.23
1,FSXLVLS20.23
2,FSHXBX155.201
1,FCQTY078_FDME220051153-1a.25
2,FNMHLBE1.30
1,FTJBH86hun.54
1,FBJ65.107
1,FTJBH59.80
2,FAHBZ42_FDME220050719-1a.64
2,FNMHLBE25hun.45
1,FHBSJZ59_FDME220052250-1a.20
1,L1EFC230292_FXJWS12_S175_L002.68
1,FCQNA25.118
2,M124R01.36
1,FSXTY31.18
2,FGSYC62.27
1,FBJ67.59
1,FNXYCHL58.60
2,FSCCD9.150
1,FQHXN30.101
2,FBJ63.85
2,FXJWS4.64
2,FHNXY55.29
2,FCQTY007.3
2,FXJSW17.116
2,FJSWXJ25.27
1,L1EFC230327_FTJS0023_S253_L003.20
1,FHLJYC35_FDME220052684-1a.31
1,FZJTZ65.31
2,FSHHK12hun.46
1,FZJTZ30.62
1,FSCCD22.59
1,FJSNT31.122
2,FGDLZ82_FDME220051960-1a.66
2,FXJSW47.67
2,FTJBH61.105
1,FTJBH13.11
2,FSHXBX30.55
2,FCQTY097_FDME220051172-1a.41
2,M1C3.4
1,FJSWX107.108
2,FGDLZ70.11
1,FGSYC65.14
2,FHNFQ31.81
1,FeceHeNa13.38
2,FYNLJ58.34
1,FZJJHD1.32
2,FGSYC77.56
2,FXJWS7.54
1,FSHXBX114.13
2,FHLJYC8hun.74
2,M122R01.6
2,FSDJN7.126
1,FHuNHHMY30.79
1,FSHCM39.37
1,FZJTZ12.115
1,FHLJZD58.3
2,FGSYC66.45
2,FXJYN21.73
2,FSHCM86hun.94
2,FSXTY30.42
1,FGSZY9.61
2,FHLJYC18hun.36
2,FSDLZ48.106
2,M2CF14.24
1,FFJLY15_FDME220051249-1a.101
2,FJSWX96.70
1,FGDLZ55_FDME220051935-1a.45
1,FQHXN6.92
1,FJXSRPYG19.108
2,FTJBH93.25
2,FNXYCHL89.30
1,FTJS016.58
1,FSHCM77hun.23
1,L1EFC230332_FTJS0029_S258_L003.93
1,FGSZY40.94
1,FJSWX77.78
2,FJLHD23.6
1,FSCDJY33.83
1,FSXTY40.65
1,FHLJYC14.29
1,FGXGL13_FDME220052068-1a.79
2,FXJKS10.58
1,L1EFC230340_FJXFC13_S266_L003.8
1,FGXGL71_FDME220052126-1a.44
1,L1EFC230237_FHLJZD20_S82_L001.13
1,FSXLL8.10
