tree_group,mag
1,FHNFQ2.111
2,FCQTY010.38
2,FGSZY22.102
2,FGDLZ77_FDME220051942-1a.52
2,FJSWXJ14.42
2,FXJKS13.110
1,FJSWXJ43.80
2,FXJCJ21.12
2,FGDLZ49.26
1,FSDQZ20.108
2,FeceGuXi15012.49
2,M1C9.51
2,FGXGL40_FDME220052095-1a.41
1,FJSNT23.24
1,FSDLZ11.60
1,FSHXBX57.95
2,FGXGL41_FDME220052096-1a.54
2,FHuNHHMY52.44
2,FGXGL63_FDME220052118-1a.28
2,FJSNT20.57
2,L1EFC230236_FHLJZD14_S81_L001.16
1,FHuBWH36.98
2,FQHXN93.53
2,FNXYCHL44.50
1,FJSWXJ4.49
2,FJSWXJ7.64
1,FTJBH25.44
2,FTJBH39hun.78
2,FAHBZ21_FDME220050701-1a.137
2,FSCPS11.118
2,FAHBZ20_FDME220050700-1a.18
1,FSDLZ44.26
1,FSCPS41.65
2,FXJKS50.41
1,FSHXHZ18.30
2,L1EFC230269_FXJCJ28_S153_L002.8
1,FSHHK30_FDME220054499-1a.77
1,FGXGL10_FDME220052065-1a.62
1,FHNFQ50.6
2,FHuNHHMY83.3
2,FNXYCHL61.69
2,FGSZY53_FDME220051904-1a.27
1,FCQTY157_FDME220051193-1a.13
2,FTJBH30.110
2,FGXGL23_FDME220052078-1a.84
2,FTJS006.48
1,FSHXHZ20.42
1,FGXGL28_FDME220052083-1a.86
1,FJSNT71.12
1,FSHXBX98.164
1,FZJTZ21.25
2,FSHHK35_FDME220054504-1a.98
1,FSXLVLS25.52
1,FCQTY155_FDME220051191-1a.81
1,FSHHK16_FDME220054486-1a.27
2,FSHXBX71.40
2,FHLJZD17.70
2,FGSYC72.100
2,FCQTY078_FDME220051153-1a.70
1,FFJLY33_FDME220051262-1a.107
2,FGDLZ35.99
1,FSDLZ58.104
2,FSHHK42_FDME220054511-1a.31
1,FeceHuBe150133_FDME220052849-1a.36
2,FHLJZD9.108
2,FCQNA15.74
1,FXJYN32.94
1,FSXLVLS3.3
2,FGXGL1_FDME220052056-1a.76
2,L1EFC230302_FXJWS31_S228_L003.95
2,FSHCM7.37
2,FeceHuNa150117_FDME220052266-1a.17
2,FNMHLBE7.1
2,FXJKS36.45
2,FSCPS9.26
2,FAHBZ44_FDME220050721-1a.115
2,FHuNHHMY16.85
1,FZJTZ65.23
2,FXJSW10.25
1,FGXGL72_FDME220052127-1a.35
2,M1DZ01.53
2,FSXTY54.44
1,FCQTY054_FDME220051137-1a.95
2,FSHXBX28.14
1,FSCDJY69.157
2,FHBSJZ42_FDME220052233-1a.111
2,FJLHD44.95
1,FSCPS89.21
2,FHuNHHMY6.12
2,FJSNT21.5
1,FZJTZ19.123
1,L1EFC230258_FXJCJ14_S143_L002.50
2,FJSWXJ8.122
1,FSXLVLS19.106
1,FGSYC74.74
2,M214F02.142
2,L1EFC230376_FSHXBX69_S334_L004.109
2,FGDLZ33_FDME220051920-1a.43
2,FJSWX107.81
2,FeceGuXi150110.3
2,FSCPS31.95
1,L1EFC230319_FTJS0003_S245_L003.144
2,FAHBZ22_FDME220050702-1a.6
2,FSDLZ01.56
2,FHLJZD8.144
2,FFJLY34_FDME220051263-1a.51
2,M1C6.66
2,FSCPS27.108
2,FJLHD16.20
2,FSHCM62.57
1,FGXGL6_FDME220052061-1a.139
2,FJLHD55.81
2,FHuBWH29.38
2,FHLJYC29.110
2,FZJTZ67.26
1,FQHXN64hun.106
2,FSDQZ23.18
2,FAHBZ43.101
1,FNXYCHL24.32
1,FSHXHZ24.50
2,FSDQZ19.169
2,M1C1.137
2,FSHHK14.3
2,FXJKS4.87
2,FJSNT67.84
1,FSHXBX20.64
2,L1EFC230344_FJXFC20_S302_L004.24
2,FSDLZ17.49
2,L1EFC230318_FTJS0001_S244_L003.57
2,M1C8.185
2,FJSWXJ1.37
2,FGZ28M_FDME220052025-1a.87
2,FZJTZ69.19
1,FGSYC12.68
