GT_GMRSGB05387,mag
1,FQHXN112hun.56
1,FGDLZ2.24
1,FJSWXJ38.94
1,M120R01.32
1,FQHXN69.46
2,FXJSW22.133
2,M137R01.47
1,M1DZ07.95
1,FSHXBX76.45
1,FHuNHHMY55.73
1,FHuNHHMY43.2
2,FXJKS47.13
1,FGXGL32_FDME220052087-1a.117
1,FQHXN68.128
1,FQHXN49.13
1,FeceHuBe15011_FDME220052829-1a.53
1,FSHXHZ4.55
1,FZJTZ50.68
2,FXJKS14.100
2,FQHXN86.61
2,FQHXN96.39
1,FHNXY44.77
1,FSCDJY49.116
1,FJSNT64.17
1,FZJTZ13.68
1,M1C13.15
1,FCQTY024_FDME220051120-1a.11
1,FHuNHHMY57.52
1,FGDLZ9_FDME220051911-1a.21
1,FeceHuBe150127_FDME220052847-1a.23
2,FXJKS41.7
1,FNMHLBE19.45
2,M1C17.1
1,FHuNHHMY40.52
2,FQHXN107.82
1,FeceHuNa150124_FDME220052272-1a.66
1,FYNLJ71.78
1,FGDLZ16.14
2,FXJYN38.91
1,FNXYCHL39.68
1,FSXLVLS19.19
1,FYNLJ37.71
1,FGDLZ39.120
1,FNMHLBE26.43
2,FXJKS35.140
2,M1C6.27
1,FCQNA9hun.71
1,FZJTZ31.69
2,FXJKS43.90
2,FQHXN72hun.17
1,L1EFC230344_FJXFC20_S302_L004.79
2,FQHXN97.129
1,FJSNT63.16
2,FXJKS37.45
1,FGDLZ1.55
2,FQHXN93.2
2,M129R01.68
1,M2CF08.4
1,FAHWH45.25
1,SDHZD14.7
1,FQHXN70hun.8
1,FSXLVWS1hun.7
2,FXJKS39.20
1,FAHBZ5_FDME220050687-1a.116
1,FGDLZ3.13
2,FXJYN11.31
2,FXJSW14.71
2,M1DZ09.29
2,FXJKS38.37
1,FeceHuBe15017_FDME220052835-1a.33
2,FAHBZ40_FDME220050717-1a.8
1,M2CF10.78
1,FGXGL18_FDME220052073-1a.54
1,FeceGuXi15013.108
1,FAHBZ47_FDME220050724-1a.8
1,L1EFC230372_FSHXBX62_S330_L004.118
1,M1C3.14
1,FHuNHHMY77.40
1,FSHXBX148.44
2,M1C9.136
1,FGDLZ83_FDME220051961-1a.118
1,FQHXN101.41
1,FYNLJ27.55
2,FHuNHHMY83.13
1,FHuNHHMY64hun.33
1,FGDLZ36.132
1,FJSWXJ14.86
1,FYNLJ66.136
2,FXJKS20.29
1,FSXTY33hun.11
2,FHNFQ38.58
