tree_group,mag
1,FJXSRPY11.46
2,FHuBWH11.64
2,FCQTY025_FDME220051121-1a.63
NA,FHNXY35.20
1,FCQHC1.44
1,FJSWXJ20.44
1,FJSNT9.20
2,FSHCM63.1
1,FJSWX79.29
1,FSHHK39_FDME220054508-1a.53
2,FSDLZ47.133
1,FHBSJZ52.72
2,FCQTY016.2
1,FHuNHHMY22.50
2,FJXSRPY30.64
2,FHuNHHMY10.123
2,FSDQZ35.8
2,FSXTY24.22
1,FeceHeNa31.14
2,SDHZD13.17
1,FHBSJZ13.36
2,FSCCD2.61
1,JSCZD12.68
2,FFJLY6_FDME220051243-1a.47
2,FSHXBX148.12
1,FBJ21.86
1,L1EFC230275_FXJCJ40_S159_L002.29
1,FJSNT31.118
1,FHNFQ9.54
1,FGDLZ4_FDME220051908-1a.36
2,FGXGL102.109
2,FJSWX99.42
1,L1EFC230282_FXJCJ51_S165_L002.28
2,FZJTZ44.24
2,FJNDD3.23
2,FJSWXJ30.38
2,FSDLZ18.31
2,FHuBWH16.3
1,FFJLY11_FDME220051248-1a.43
1,FNXYCHL88.25
1,FGXGL66_FDME220052121-1a.29
2,FSXTY44.1
1,FSXLVLS6.9
1,FJSNT18.128
2,FJSWX100.30
2,FQHXN73.130
1,FJSNT8.63
1,FSHCM86hun.19
2,FSXTY25.59
1,FHNFQ21.20
1,FJSNT38.32
1,FSHCM83.55
2,FJSWX96.5
2,FSDJN23.49
2,FGDLZ8_FDME220051910-1a.71
1,FGSZY39.32
2,FSHXHZ8.98
2,FFJLY65.21
1,FAHWH20_FDME220050742-1a.60
2,FFJLY21_FDME220051252-1a.13
1,FZJTZ11.53
2,SDHZD6.60
2,FSCDJY98.50
2,FAHWH21_FDME220050743-1a.18
2,M206F01.80
2,FGXGL1_FDME220052056-1a.7
2,FHNXY24.75
1,FSXLVWS6.14
2,FJSNT28.69
1,L1EFC230339_FJXFC12_S265_L003.30
1,FXJYN9.15
2,FSHCM47.113
1,FSHXWN31.3
1,FHNXY60.105
2,FGXGL7_FDME220052062-1a.83
1,FXJWS16.110
2,FJSNT43.97
1,FeceHeNa5.90
1,FSDJN44.90
1,FGSYC75.31
2,FSHCM31.18
2,FTJBH28.76
1,FSDJN13.27
1,FZJTZ43.21
1,FHLJYC29.44
1,FHNFQ53.36
1,FJXSRPY10.46
1,FSHCM59.31
2,FSDLZ21.46
2,FSCDJY73.77
2,SDHZD14.66
1,FHuNHHMY56.90
2,FJXSRPYG20.85
1,FGDLZ77_FDME220051942-1a.54
1,FSXTY53.87
NA,FXJKS39.34
1,FGZ9M_FDME220051984-1a.66
1,FGXGL76_FDME220052131-1a.30
2,FSHCM100.125
1,FSDLZ14.6
1,FGXGL41_FDME220052096-1a.92
2,FSCCD22.24
2,FSHCM97.115
2,FFJLY78.24
2,FZJTZ20.99
2,FSHCM91.82
1,FGXGL56_FDME220052111-1a.83
1,FBJ20.112
2,FAHWH24_FDME220050745-1a.79
1,FSHXWN17.45
2,FSXTY27.20
2,FSXTY23.76
2,FSXTY59.44
2,FFJLY33_FDME220051262-1a.15
1,FHuNHHMY26.41
2,FSDJN26.33
1,FGSYC62.62
1,FGDLZ68.52
1,FHLJYC8hun.29
2,FSHCM51.89
1,FSHCM52.67
2,FSHCM88hun.72
2,FCQNA10.35
1,FSHXBX129.41
1,FCQTY078_FDME220051153-1a.97
2,FHNXY15.62
2,FHLJZD54.52
1,FCQTY069_FDME220051146-1b.48
1,FHBSJZ51.1
1,FNXYCHL32.54
1,FSDLZ55.3
1,FSHCM80.35
2,FSDJN40.53
1,L1EFC230336_FJXFC07_S262_L003.34
2,FFJLY9_FDME220051246-1a.63
2,FGXGL12_FDME220052067-1a.37
2,FFJLY79.54
2,FCQTY087_FDME220051157-1a.43
1,FSHXBX15.23
2,FAHBZ47_FDME220050724-1a.67
1,L1EFC230311_FXJWS42_S237_L003.45
2,FGDLZ49.95
2,FAHWH28_FDME220050746-1a.47
2,FTJBH18.44
1,FCQNA25.80
1,FNXYCHL51.94
1,FBJ4.7
2,FGXGL73_FDME220052128-1a.92
2,L1EFC230346_FJXFC22_S304_L004.31
2,FJSWXJ42.68
2,FBJ28.29
1,FHNXY30.30
1,FHNXY3.34
2,FHBSJZ37.59
NA,M1C8.77
1,FGDLZ54.78
2,FAHBZ15.15
1,FSHXWN10.5
1,FSHXBX133hun.2
2,FSHXXA45.26
2,FHuBWH7.10
1,FJXSRPY54.75
2,FCQTY140_FDME220051182-1a.54
2,FBJ10.42
2,FGZ36M_FDME220052036-1a.70
1,FFJLY46_FDME220051273-1a.48
2,FJSNT66.26
1,FeceHuBe150125_FDME220052846-1a.35
2,FGXGL26_FDME220052081-1a.85
1,FXJKS12.29
1,FSHXBX103.23
NA,FTJS021.58
1,FZJTZ35.92
2,FGXGL43_FDME220052098-1a.59
2,FJXSRPYG41.70
1,FeceHeNa27.25
2,FTJBH27.18
2,FSCDJY67.66
2,FFJLY74.37
1,FHHMY79.65
2,FGXGL10_FDME220052065-1a.120
2,FSXTY18hun.27
NA,FXJSW22.139
1,FSHCM70.17
1,FJFZ1_FDME220051165-1a.15
NA,M214F02.122
2,FeceHeNa16.72
2,FAHWH38_FDME220050755-1a.147
1,FQHXN14.78
2,FGDLZ72_FDME220051953-1a.9
2,FJSNT45.68
2,FGXGL27_FDME220052082-1a.67
2,FJSNT39.62
2,FeceHuBe15019_FDME220052837-1a.9
2,FZJTZ21.56
1,FNMHHHHT36.87
1,FGXGL52_FDME220052107-1a.42
1,FHBSJZ10.1
1,FSDJN35.84
1,FHBSJZ54_FDME220052245-1a.27
2,FAHWH23_FDME220050744-1a.2
1,FSDLZ17.88
1,FHBSJZ60_FDME220052251-1a.21
1,FeceHeNa33.80
2,FSCPS92.54
2,FCQTY050_FDME220051135-1a.99
1,FJSNT35.47
2,FGXGL4_FDME220052059-1a.72
2,FGDLZ74.118
1,FGXGL87_FDME220052142-1a.18
1,FGXGL84_FDME220052139-1a.58
2,FAHBZ21_FDME220050701-1a.98
2,FSHXBX155.66
2,FJNDD13_FDME220051230-1a.59
2,FHuBWH32.13
1,FHNFQ28.46
2,FSXLVLS1.88
2,M1C7.51
1,FJLHD34.13
1,FSDLZ02.135
2,FSCCD18hun.2
1,FGXGL11_FDME220052066-1a.32
1,FZJTZ26.141
2,FCQTY021_FDME220051118-1a.31
1,FGXGL78_FDME220052133-1a.31
2,FSDQZ5.69
1,FeceHuBe150132_FDME220052848-1a.26
2,FSXTY26.95
1,FSHHK1.18
1,FSHHK37_FDME220054506-1a.23
2,FFJLY35.18
1,FSHXBX74.25
1,FCQTY141_FDME220051183-1a.16
NA,FGSYC22.70
1,FJSWXJ25.33
1,FCQTY144_FDME220051184-1a.7
2,FHLJZD49.102
2,FHBSJZ5.69
1,FXJYN39.41
2,FSHCM75.9
2,FGDLZ17_FDME220051916-1a.5
1,FSXTY56.18
2,FGDLZ6.97
1,FJXSRPYG1.94
1,L1EFC230382_FSHXXA06_S340_L004.67
1,M2CF04.31
1,FYNDL21hun.70
2,FYNLJ36.97
2,FZJHZD15.36
1,FZJHZD12.35
1,FHLJDQ7.48
