tree_group,mag
1,L1EFC230236_FHLJZD14_S81_L001.55
1,FAHWH38_FDME220050755-1a.22
2,FSCPS41.104
1,FAHBZ59_FDME220050734-1a.108
1,FGSZY57_FDME220051907-1a.57
2,FQHXN61hun.145
2,FeceHeNa8.127
1,FSHXBX79.86
1,L1EFC230327_FTJS0023_S253_L003.114
2,FXJKS30.69
2,FSDLZ59.112
1,FHNFQ2.79
1,FSDJN51.114
2,M1C7.27
1,FSDQZ18.39
2,FXJKS5.126
1,FGSZY21.10
1,M105F01.55
2,FGSZY45.92
2,M1C3.65
1,L1EFC230302_FXJWS31_S228_L003.20
1,FSCDJY31.6
2,FXJKS36.24
1,FGXGL1_FDME220052056-1a.151
1,FXJKS50.39
2,FXJSW50.3
1,FeceHuBe150119_FDME220052841-1a.70
2,M1DZ07.87
2,FXJSW10.121
1,FJSWXJ4.105
2,FXJKS51.103
2,FGXGL3_FDME220052058-1a.95
2,FXJKS3.133
1,FSHXBX150.66
1,FHNFQ13.75
1,FTJS006.58
1,FSHXWN15.116
2,FSDJN12.73
2,FXJKS4.163
1,FHNFQ16.42
1,FXJSW15.59
2,FQHXN1.15
1,FAHBZ5_FDME220050687-1a.114
1,FeceHuNa150137.87
2,FGSZY22.76
1,FeceHuNa15012_FDME220052260-1a.22
2,FJXSRPY37.100
1,FGXGL16_FDME220052071-1a.16
1,FAHBZ56.108
2,FeceHeNa7.94
1,FSHXBX98.41
1,FNMHHHHT41.126
