tree_group,mag
1,FQHXN110.40
2,FSCPS11.203
1,FXJKS22.154
2,FJSWXJ34.45
2,FGDLZ9_FDME220051911-1a.15
1,FQHXN69.27
2,FYNLJ71.101
1,FXJKS36.122
1,FXJKS5.76
1,FSDQZ46.71
1,M128R01.19
2,FHHMY63.139
2,FGDLZ2.21
2,FHuNHHMY16.132
2,FZJTZ69.99
1,M1C7.146
2,FXJSW46.2
1,FQHXN106.86
2,FGXGL16_FDME220052071-1a.78
2,FSHXBX43.67
2,FSCDJY69.63
2,FGXGL22_FDME220052077-1a.37
2,FNMHLBE7.155
2,FSCDJY48.15
1,FAHBZ3_FDME220050685-1a.95
1,FXJKS44.33
2,FJLHD7.92
1,FQHXN68.114
2,FSCDYJ9.99
2,FGDLZ64_FDME220051945-1a.54
1,FQHXN85.86
2,FSCDJY33.94
2,FHuNHHMY2hun.108
1,M115R01.14
2,FGXGL95.22
1,FNMHLBE11hun.76
2,FHLJYC23.64
2,FGDLZ17_FDME220051916-1a.112
2,FGDLZ83_FDME220051961-1a.53
NA,FNMHLBE14.60
2,FYNLJ66.105
1,FQHXN83.84
2,FHuNHHMY83.21
2,FHuNHHMY80.27
NA,FNMHLBE24.83
2,FZJTZ25.122
1,M1C5.87
2,FYNLJ45.36
1,FNXYCHL64.78
NA,FAHBZ38.44
2,FXJSW11.63
2,FeceHuNa150117_FDME220052266-1a.50
2,FGDLZ1.69
1,FJLHD16.36
1,FQHXN78.9
2,FJLHD43.47
2,FHuNHHMY13.70
2,FYNLJ19hun.24
1,FJLHD19.72
2,FHuNHHMY15.46
1,FQHXN105.67
2,FeceHeNa29.31
1,FQHXN103.58
1,FHNFQ57.43
2,FGDLZ21.47
2,FGDLZ28.19
1,M1DZ07.75
2,FXJSW8.8
NA,FNMHLBE23.44
2,FGDLZ54.45
2,FGDLZ36.116
2,FQHXN60hun.65
1,FXJKS43.39
1,FSHHK28_FDME220054497-1a.31
2,FXJKS48.53
2,FGDLZ76_FDME220051956-1a.120
1,FHNFQ2.47
2,FGDLZ39.102
2,FGDLZ3.66
NA,FNMHLBE22.61
2,FHLJYC26.9
2,FHuNHHMY37.70
2,FHLJZD49.37
2,FGXGL18_FDME220052073-1a.64
2,FHuNHHMY58.104
2,FHuNHHMY26.48
2,FHuNHHMY52.110
1,FXJYN11.69
2,FAHBZ5_FDME220050687-1a.133
2,FSDLZ02.88
2,FGDLZ14.21
1,FQHXN84.58
1,FXJKS39.110
