tree_group,mag
1,L1EFC230299_FXJWS26_S225_L003.89
1,L1EFC230307_FXJWS36_S233_L003.116
1,FGXGL1_FDME220052056-1a.142
2,FXJYN31.11
1,FGSYC14.62
1,FBJ30.33
1,FeceHuNa150112_FDME220052263-1a.53
1,FQHXN77hun.89
2,FSHXBX43.42
1,FFJLY17_FDME220051250-1a.49
2,FXJYN11.92
1,FQHXN61hun.98
1,FTJBH4.29
1,FBJ50.78
2,FSHXBX89.6
2,FNMHLBE30.10
1,FXJKS11.159
1,FXJYN38.81
1,FBJ42.38
1,FZJTZ30.53
1,FXJKS47.33
1,FYNLJ53.19
2,FSDQZ11.87
1,FHNFQ40.116
1,FJLHD19.51
1,FSDJN37.48
1,FHLJYC18hun.10
1,FQHXN64hun.83
1,FNMHLBE23.80
2,L1EFC230371_FSHXBX56_S329_L004.10
2,FQHXN72hun.23
1,M105F01.56
1,M128R01.12
1,L1EFC230286_FXJCJ60_S169_L002.80
1,FGSZY56.58
1,FeceHuNa150133_FDME220052276-1a.62
1,FSHXBX98.11
1,FXJYN1.13
1,FAHBZ36.11
2,FQHXN101.8
1,FSHXXA49hun.29
2,FHNXY32.9
1,FNXYCHL75.6
1,FAHBZ34.78
1,FNMHLBE10hun.147
2,FXJSW44.44
1,FQHXN113.65
1,FGSYC51.70
2,FSDLZ57.12
1,FSHXBX108.30
1,FHBSJZ33.40
1,FXJYN19.138
1,FAHBZ40_FDME220050717-1a.51
1,FHLJYC8hun.4
1,FAHBZ43.152
