tree_group,mag
1,FSHXBX89.66
1,FSXLVLS3.166
1,FNMHHHHT41.134
1,FHNFQ39.30
1,FZJTZ41.65
1,FXJCJ50.7
1,FSHHK42_FDME220054511-1a.38
1,L1EFC230278_FXJCJ44_S162_L002.60
1,FSHCM56.72
1,FNMHHHHT11.24
1,FGZ33M_FDME220052033-1a.27
1,FSDJN44.72
1,FXJYN4.33
1,FSHXBX174.6
1,FSDJN45.85
1,FSCCD4.86
1,FeceHuBe150136_FDME220052850-1a.35
2,HNZZ110_FDME220052298-1a.1
1,FNMHLBE7.131
1,FSHCM39.71
1,FSCPS31.108
1,FSCDJY67.121
1,FGSYC46.31
1,FSCPS61.71
1,L1EFC230277_FXJCJ42_S161_L002.70
1,FSHHK48_FDME220054515-1a.67
1,SDHZD6.7
1,FSDJN51.100
1,FCQNA13.6
1,FSDQZ4.92
1,L1EFC230371_FSHXBX56_S329_L004.58
1,FHHMY4.38
1,HNZZ123.3
1,FSCPS25.18
2,FHNFQ45hun.1
1,FTJBH47.91
1,FTJBH57.61
1,FQHXN47.20
1,FCQNA23hun.26
1,HuNDA1.6
2,FZJHZ18.2
1,FSCDJY22.13
1,FJXSRPY48.75
1,L1EFC230243_FHLJZD33_S86_L001.22
1,FYNLJ58.12
1,FAHBZ12.79
1,FNMHLBE9hun.12
1,FJND1_FDME220051159-1a.16
1,FZJZJ6.11
1,FSCPS10.46
1,FZJZJ5.13
1,FSHHK14.42
1,FZJTZ64.19
1,FHuNHHMY2hun.103
2,FYNDL24hun.12
1,FXJWS50.57
1,SDWF1.26
1,FSHXBX130.67
1,FSCDJY73.34
1,FSDQZ11.76
1,FSCPS22.23
1,FSHXWN2.21
1,FXJWS9hun.20
1,L1EFC230352_FJXFC43_S310_L004.70
2,FGD17I2_FDME220052003-1a.5
1,FHLJYC11.8
1,FeceHuNa15017.84
1,FNMHLBE18.75
1,FSDQZ29.130
1,FGXGL18_FDME220052073-1a.61
1,FSCPS24.46
2,FGZ39I1_FDME220052049-1a.6
1,FXJYN31.64
1,FSDJN12.107
1,FBJ59.42
1,FHuNHHMY29.95
1,FHuNHHMY46.15
1,FSHXWN20.46
2,FHNFQ16.50
1,FAHBZ31_FDME220050711-1a.47
1,FSDLZ19.74
1,FHBSJZ32.19
1,FNXYCHL51.5
1,FSHXBX45.63
1,FeceHuBe150133_FDME220052849-1a.5
2,SDJN18.6
1,FAHWH42_FDME220050759-1a.1
1,L1EFC230383_FSHXXA07_S341_L004.46
1,L1EFC230246_FHLJZD42_S89_L001.13
1,FSHCM79hun.32
1,L1EFC230323_FTJS0009_S249_L003.25
1,FCQNA10.86
