tree_group,mag
1,FSCPS46.3
1,FHNXY28.36
1,FSXLVLS11.76
2,FCQTY073_FDME220051150-1a.16
2,FNXYCHL61.72
2,FHBSJZ42_FDME220052233-1a.93
1,FBJ67.73
2,FHNXY45hun.12
1,FSDQZ39.47
1,FZJHZD9hun.86
1,FSHXBX143.28
2,FGSZY43.110
1,FSDLZ49.74
1,FBJ65.54
2,FGDLZ72_FDME220051953-1a.55
1,FeceHuNa150123_FDME220052271-1a.31
2,FSHHK42_FDME220054511-1a.105
2,FNXYCHL50.78
1,FSDLZ40.128
1,FSHHK31hun.75
2,FSDLZ39.138
2,FTJBH2.140
1,FSHCM62.29
2,FFJLY15_FDME220051249-1a.38
2,FBJ59.44
,FXJYN18.51
1,FGSYC24.33
1,FZJTZ25.48
2,FQHXN4.50
,FHLJDQ4.17
1,FSCPS43.91
2,FTJBH5.75
1,FSCDJY45.79
2,FCQTY102_FDME220051174-1a.82
2,FSHHK6.50
1,FGDLZ53.16
1,FNMHHHHT13.56
1,FCQTY026_FDME220051122-1a.37
1,FXJCJ53.19
1,FJSWXJ27.7
2,FTJS021.15
1,FNMHHHHT37.44
1,FAHWH24_FDME220050745-1a.26
2,FAHWH20_FDME220050742-1a.51
2,FXJSW36.105
2,FGSZY27.92
,FHLJYC38_FDME220052687-1a.18
2,FCQNA39.126
1,L1EFC230356_FJXFC54_S314_L004.35
1,FAHWH29_FDME220050747-1a.98
2,FJSNT40.16
1,FCQTY054_FDME220051137-1a.52
1,FAHWH05.69
2,L1EFC230302_FXJWS31_S228_L003.104
,FHuBWH27.28
1,FTJS020.90
1,FSHXBX63.10
1,FSDJN58.41
1,FGDLZ35.106
2,WH4_FDME220052854-1a.39
1,FQHXN40.7
2,FAHBZ26_FDME220050706-1a.4
1,FTJBH27.15
1,FSDQZ2.5
2,FSCPS95.11
1,FSDQZ16.43
1,FGXGL69_FDME220052124-1a.82
1,FSCDJY94.39
1,FZJHZD30.58
1,FSHXBX139.94
,FHuNHHMY3.99
1,FSHXBX169.122
2,FCQTY155_FDME220051191-1a.15
1,FHuBWH10.12
1,FHLJYC12.37
1,FHNFQ3.18
1,FNMHHHHT44.77
1,FSHCM20_FDME220054535-1a.7
1,FHuNHHMY23.32
1,JSCZD12.93
1,FCQTY006.68
1,FHNFQ29.114
1,M2CF06.40
1,FXJCJ9.37
2,FSDJN19.64
1,FSXLL2.33
1,FSHXBX28.20
1,FGDLZ12_FDME220051914-1a.14
1,FZJTZ21.22
1,FSCPS57.24
2,FCQTY009.14
1,FJLHD3.39
2,FAHWH44_FDME220050761-1a.1
1,FXJKS13.99
1,FBJ40.10
1,FSDLZ17.60
1,FBJ16.12
1,FHNXY7.7
2,FeceHuNa15019.19
2,FSDQZ18.107
1,FFJLY21_FDME220051252-1a.16
1,FSXTY14.67
1,FeceHuBe15013_FDME220052831-1a.47
1,FCQNA19.27
1,FHLJYC2.74
2,FHNFQ12.49
1,FTJS016.77
1,FeceHeNa12.29
1,M2CF15.82
1,FYNLJ57.102
1,FJSWX86.33
2,FJSNT6.39
,FJSWXJ37.110
1,FSHHK7_FDME220054481-1a.118
2,FGSYC77.71
2,FSDJN40.42
1,FSDJN4.3
2,FJSNT16.78
1,FGDLZ24_FDME220051919-1a.134
1,FSHXXA18.4
1,FGXGL61_FDME220052116-1a.75
1,FYNLJ70.75
1,FCQTY072_FDME220051149-1a.6
2,FJLHD30.72
,FCQTY030_FDME220051124-1a.15
1,FGDLZ50_FDME220051930-1a.51
1,FBJ54.5
1,FAHWH15_FDME220050740-1a.51
1,FSDJN9.50
1,FSHXHZ21.63
1,FHuNHHMY30.8
1,FTJBH40.19
1,FSXLVLS13.122
1,FSHHK30_FDME220054499-1a.27
1,FSHCM12_FDME220054529-1a.60
2,FGSZY36.113
1,FeceHuBe150125_FDME220052846-1a.164
1,FHNXY13.55
1,FGXGL4_FDME220052059-1a.78
1,FGSYC72.10
1,FGSZY9.13
2,FSXLVWS9.85
1,FGXGL16_FDME220052071-1a.87
2,FSHXHZ18.9
1,FHuBWH24.35
1,FCQTY148_FDME220051187-1a.14
1,FXJSW49.91
1,SDHZD12.40
1,FSHCM21_FDME220054536-1a.109
2,SDHZD16.16
1,FCQNA16.53
1,FGZ33M_FDME220052033-1a.31
2,FSDLZ29.42
1,FeceHuNa150135_FDME220052278-1a.108
1,FAHWH06.29
1,FSXTY17.77
1,FSCDJY22.15
1,FGSYC42.21
1,FJSWXJ33.14
2,FHuBWH32.68
1,FQHXN26.85
1,FYNLJ40.44
1,FAHBZ8_FDME220050690-1a.56
2,FFJLY25.9
,FBJ3.47
1,FGSZY32.19
1,FSDLZ11.41
,FTJBH100.25
1,FXJSW11.153
2,FSHHK39_FDME220054508-1a.76
,FHNFQ32.18
,FSHHK24hun.57
2,M2CF21.101
2,FQHXN5.42
,FSXTY61.68
1,FCQTY089_FDME220051168-1a.14
1,FCQTY061_FDME220051141-1a.38
2,FCQTY106_FDME220051177-1a.68
1,FSDLZ22.97
2,FZJHZD24.17
2,FBJ57.80
1,FeceHuNa150141_FDME220052284-1a.1
1,FXJYN24.15
1,FSDJN17.36
1,FGZ26M_FDME220052020-1a.21
2,FXJYN9.120
1,FSHCM51.39
1,FCQTY021_FDME220051118-1a.33
2,FBJ21.68
1,FQHXN109.11
1,FAHBZ25_FDME220050705-1a.36
1,FXJWS4.36
2,FTJBH42.52
1,FHuBWH15.56
2,FXJCJ41.89
2,FeceHuNa150142_FDME220052285-1a.16
1,FHuBWH28.49
1,FeceHeNa27.40
2,FCQTY048_FDME220051133-1a.28
1,FGSZY37.78
1,FFJLY8_FDME220051245-1a.75
1,FBJ55.44
1,FSDLZ52.47
1,FGSYC49.17
1,FAHWH32_FDME220050750-1a.26
1,FAHWH10.2
1,FGXGL60_FDME220052115-1a.12
1,FAHBZ46_FDME220050723-1a.94
1,FFJLY48.9
1,FGSYC25.21
1,FJSNT32.99
1,FGZ27M_FDME220052023-1a.35
,FJSWX108.8
1,FHNFQ47.62
2,FJSWX76.7
2,FTJBH28.40
2,FHBSJZ31.78
1,FCQNA3.51
1,FSDLZ48.115
2,FGZ28M_FDME220052025-1a.90
1,FXJYN1.44
1,FQHXN47.66
2,FGDLZ69_FDME220051950-1a.55
1,FCQTY004.33
1,FSDJN59.43
1,FJXSRPYG20.100
1,FGZ15M_FDME220051995-1a.39
2,FTJBH31.28
2,FBJ7.97
1,FGDLZ82_FDME220051960-1a.5
1,FSHXBX121.50
1,FCQNA42.46
1,FAHWH09.69
2,FZJTZ4.82
2,FBJ20.115
2,FJXSRPY43.1
2,FSCCD16.15
1,FHLJZD27.33
2,FGDLZ66_FDME220051947-1a.87
,FSCDJY31.133
1,L1EFC230266_FXJCJ25_S150_L002.72
1,FHLJYC1.15
1,FTJBH53.59
2,FSDQZ31.103
2,FQHXN62hun.91
2,FSHCM8.38
1,FZJHZD2hun.35
2,FSHCM3.12
1,FNXYCHL30.62
1,FGXGL68_FDME220052123-1a.49
1,FNXYCHL42.5
1,FHNXY40.6
,FSHHK34_FDME220054503-1a.32
2,FSCDJY33.82
,FCQJJ2.60
1,L1EFC230355_FJXFC53_S313_L004.145
1,FXJWS18.48
1,FSDJN36.105
2,FHNXY56.43
2,L1EFC230381_FSHXXA05_S339_L004.93
1,SDHZD13.12
1,FSHXBX61.18
1,FSHCM2.33
1,FXJYN28.32
1,FGZ9M_FDME220051984-1a.67
1,L1EFC230338_FJXFC11_S264_L003.15
,FBJ44.5
1,FHNXY30.87
2,FHNXY3.93
2,FJSNT24.111
1,FAHBZ15.79
1,FSXLL5.54
2,SDHZD17.54
1,FTJBH52.37
2,FSHHK5hun.33
1,FSHXHZ9.76
2,FGXGL59_FDME220052114-1a.49
2,FXJKS34.112
1,FNXYCHL47.11
1,FJNDD15.22
1,FFJLY59_FDME220051278-1a.12
1,FSDJN41.43
1,FJSWX73.9
1,FBJ45.46
1,FHBSJZ26.10
2,FeceHeNa33.82
1,FSCDJY57.24
1,FHBSJZ5.18
1,FBJ37.46
1,FGZ1M.49
1,FFJLY16.75
1,FeceGuXi150111.42
1,FFJLY29_FDME220051259-1a.11
1,FNXYCHL19.39
1,FAHWH33.53
,FSHXHZ24.96
2,FGDLZ58.6
2,SDWF3.10
2,FGDLZ25.9
,FJLHD17.47
1,FSHXBX4.109
2,FSCCD1hun.18
1,FHLJYC15.52
1,FNXYCHL26.68
1,FJNDD11_FDME220051228-1a.14
1,FSDJN55.39
2,SDHZD17.46
1,FHBSJZ56_FDME220052247-1a.24
1,FXJSW38.58
2,FSHXWN21.14
2,FAHWH04.38
2,FSHHK44.70
2,FGSZY29.19
1,FJSWXJ16.13
1,FGDLZ19_FDME220051917-1a.88
1,FSHHK25_FDME220054495-1a.59
2,FHuBWH29.31
1,FFJLY35.35
2,FGZ30M_FDME220052028-1a.19
1,L1EFC230273_FXJCJ38_S157_L002.22
2,L1EFC230278_FXJCJ44_S162_L002.7
1,FJNDD2_FDME220051219-1a.39
1,FHHMY4.115
1,FeceHeNa6.43
2,SDHZD9.123
1,FJXSRPYG3.18
2,L1EFC230271_FXJCJ35_S155_L002.39
1,FSXTY22.50
1,FFJLY6_FDME220051243-1a.29
1,FHLJYC6.18
,FXJWS13.95
1,FSHXWN4hun.8
1,FCQNA17.52
1,FJNDD4_FDME220051221-1a.49
1,FJSNT35.80
,FNMHLBE3.12
2,FJSNT55.50
2,FSCPS9.10
1,FJSWXJ40.83
1,L1EFC230321_FTJS0007_S247_L003.3
2,SDHZD6.23
2,FJSWXJ30.3
2,FGXGL50_FDME220052105-1a.16
1,FGXGL26_FDME220052081-1a.83
1,FAHBZ6_FDME220050688-1a.35
1,FSHCM97.70
1,FHuNHHMY38.95
1,FXJCJ19.21
2,FGXGL15_FDME220052070-1a.4
1,FQHXN113.80
1,FSDJN14.6
1,FSDJN16.17
1,FFJLY72_FDME220051238-1a.79
1,FQHXN104.11
2,FCQNA27.53
1,FHNXY50.9
1,FHLJYC28hun.45
1,FHNXY29.36
1,FBJ22.81
1,FJXSRPYG32.51
1,FHNFQ46.88
1,FNMHHHHT15.28
1,FGSZY12.12
1,FCQTY033_FDME220051126-1a.15
1,FHuNHHMY7.5
2,FJXSRPYG19.76
1,FSCPS49.15
1,FNXYCHL49.72
1,FSHCM9_FDME220054526-1a.15
2,FCQTY157_FDME220051193-1a.1
2,FHNXY24.30
1,FJLHD37.143
2,FeceHuNa150128_FDME220052275-1a.25
1,FFJLY28.33
2,FFJLY18.16
1,FJSWX106.16
2,FJSWX92.46
1,FeceHeNa1.5
2,FeceHeNa9.1
1,FSHCM5_FDME220054522-1a.76
1,FSXTY32.44
2,FSHHK11_FDME220054483-1a.56
1,FHuBWH16.35
1,FSDJN46.60
,FSHHK18hun.68
2,FSDLZ13.60
1,FSHCM22_FDME220054537-1a.55
,FAHBZ52_FDME220050729-1a.2
1,FJLHD33.79
2,FHBSJZ58.2
1,FHuNHHMY69.36
1,FHuBWH14.5
1,FHLJYC42_FDME220052691-1a.81
1,FNXYCHL45.161
1,FNXYCHL51.29
1,FHuNHHMY6.118
1,FSDJN55.1
1,FSHXBX23.50
1,FSDJN5.67
1,FHNXY4.11
2,FFJLY64.9
1,FGDLZ81_FDME220051959-1a.36
2,FSHCM37.11
1,FJXSRPY8.35
1,FHNFQ9.5
1,FFJLY10_FDME220051247-1a.104
2,FYNLJ28.27
2,FGXGL47_FDME220052102-1a.30
1,FSXLL8.92
1,FCQTY094_FDME220051171-1a.19
1,FeceGuXi150114.100
2,FSCDJY13.18
1,FHBSJZ28.4
2,FZJHZD5.85
2,FCQTY035_FDME220051127-1a.21
1,FJSNT63.21
1,FZJHZ8.126
1,FYNLJ38.56
2,L1EFC230327_FTJS0023_S253_L003.92
2,FJSWX97.67
2,FGDLZ59_FDME220051938-1a.6
1,FJNDD8_FDME220051225-1a.56
1,FSHCM84.45
1,FSHXBX53.101
1,M2CF12.96
1,FSCPS81.18
2,FSXTY52.56
1,FZJHZD19.109
1,NMGEL4.10
2,FHLJDQ12.59
1,FJXSRPY27.20
1,FSHXBX161.86
1,FAHWH08.24
2,FGSZY35.19
2,FZJHZD11.2
1,FHBSJZ54_FDME220052245-1a.5
1,FZJTZ2.33
1,FBJ9.59
1,FSXTY1hun.138
2,FHBSJZ43_FDME220052234-1a.36
2,FJSWXJ26hun.18
2,FBJ58.51
1,FSXLVLS13.98
1,FSDQZ10.24
1,FJSWXJ17.54
2,FSXTY5hun.21
2,M2CF20.3
1,FZJHZD13hun.51
2,FGSZY57_FDME220051907-1a.7
1,FNXYCHL71.39
2,FZJTZ68.62
1,FTJBH61.8
2,FBJ48.14
,FHuNHHMY15.15
,FGXGL6_FDME220052061-1a.42
1,FGSYC70.59
,FJSNT8.83
1,FSDLZ21.57
1,FSHXXA45.44
2,FHBSJZ48_FDME220052239-1a.53
1,FSDLZ20.100
1,FJSWX107.114
1,FHHMY5.36
1,FZJTZ63.11
1,FSHCM17_FDME220054534-1a.94
1,FSCPS27.74
2,M116R01.98
1,FXJCJ31.121
1,FBJ32.80
1,FZJTZ47.1
,FHBSJZ49_FDME220052240-1a.26
1,L1EFC230387_FSHXXA17_S345_L004.48
2,FJLHD20.2
1,FGXGL63_FDME220052118-1a.106
1,FTJBH78.96
2,FSDQZ25.83
2,FeceHuNa15016.67
1,FZJTZ46.5
1,FGSZY4.26
1,FTJBH35.71
2,FSXLVLS21.55
1,FBJ60.105
1,FGXGL78_FDME220052133-1a.25
2,FSHXWN5.53
2,L1EFC230357_FJXFC55_S315_L004.45
1,FNXYCHL68.38
1,FCQTY007.28
2,FJLHD32.22
1,M2CF17.75
,FGXGL94.6
2,FSDJN3.26
1,FSHCM13_FDME220054530-1a.20
2,FZJTZ38.39
1,FSHXHZ1.45
1,FHLJYC35_FDME220052684-1a.11
2,FHuBWH39.24
1,FGSYC9.8
1,L1EFC230269_FXJCJ28_S153_L002.15
1,FGXGL48_FDME220052103-1a.12
1,FSHXXA41hun.48
1,FGDLZ55_FDME220051935-1a.18
1,FSHXHZ2.51
2,FGSZY26.19
2,FAHWH01.11
1,FGDLZ18.4
1,L1EFC230315_FXJWS47_S241_L003.37
1,FFJLY38_FDME220051267-1a.35
1,FAHBZ45_FDME220050722-1a.27
2,FHLJZD26.46
1,L1EFC230332_FTJS0029_S258_L003.21
1,FJXSRPY36.5
1,FSCDYJ7.11
1,FFJLY43_FDME220051271-1a.63
,FXJCJ65.6
1,FAHWH21_FDME220050743-1a.117
1,FHNXY49.129
1,FJLHD23.74
1,FNMHHHHT30.61
1,FCQTY078_FDME220051153-1a.44
2,FGZ39M_FDME220052051-1a.65
1,FJSWXJ22.5
1,FSDLZ28.17
1,FSHHK27hun.19
,FGDLZ60_FDME220051939-1a.11
1,FCQTY159_FDME220051194-1a.77
2,FHBSJZ61_FDME220052252-1a.17
1,FGDLZ21.51
2,FNXYCHL64.15
1,FNXYCHL39.70
1,FFJLY47.26
1,FCQTY144_FDME220051184-1a.39
1,FTJBH18.39
1,FAHWH45.12
2,FZJHZD28.56
1,FSHHK47_FDME220054514-1a.101
1,FAHBZ29_FDME220050709-1a.60
1,L1EFC230373_FSHXBX64_S331_L004.30
2,FSDJN23.68
2,FSDJN28.46
1,FNMHHHHT16.6
1,FXJWS6hun.51
1,FSHCM91.84
2,M1C12.20
1,FHBSJZ37.41
1,FHLJDQ11.1
1,FCQTY149_FDME220051188-1a.75
1,FNMHHHHT21.60
2,L1EFC230235_FHLJZD10_S80_L001.45
2,FSDJN24.80
,FSDLZ24.75
1,FJXSRPY29.10
1,L1EFC230410_FSXTY46_S53_L003.52
2,FGXGL87_FDME220052142-1a.13
1,FBJ11.70
2,L1EFC230306_FXJWS35_S232_L003.109
1,FHLJYC31.5
1,FSDQZ23.121
2,FSDJN42.44
2,FQHXN59.59
2,FQHXN10.42
1,FSDLZ58.84
1,FGSYC90.83
1,FAHBZ58_FDME220050733-1a.17
1,FJSNT46.26
2,FJSWXJ39.30
2,FSHXWN19.45
2,FAHWH36_FDME220050753-1a.46
1,FSHCM15_FDME220054532-1a.99
2,FAHWH38_FDME220050755-1a.75
1,FHBSJZ57_FDME220052248-1a.113
1,FGXGL90_FDME220052145-1a.79
1,FHNXY48.142
1,FZJTZ7.64
1,FAHWH17_FDME220050741-1a.44
1,FJSWX99.57
1,FSHXWN1.56
2,FHLJZD1.82
1,FCQJJ4.49
1,FCQTY022_FDME220051119-1a.75
1,FHBSJZ13.12
1,FGSYC33.18
1,FSDLZ04.31
2,FFJLY17_FDME220051250-1a.8
2,FGXGL91.11
1,FSHHK2.22
1,FSXLVWS2hun.64
1,FeceHuNa150119.72
1,FGSYC71.64
1,FSHXWN15.68
1,FSHXWN10.11
1,FHNFQ48.46
1,FHNFQ6.10
1,FeceHuNa15017.62
1,FGDLZ4_FDME220051908-1a.22
2,FSDJN7.62
1,FJSNT3.78
2,FHLJYC40.32
1,FSDQZ42.142
1,FZJHZD6.110
1,FJSNT15.24
2,FJSNT36.64
2,FGZ34M_FDME220052034-1a.17
1,FNXYCHL7.43
2,FGZ37M_FDME220052037-1a.117
1,FSXTY48hun.72
2,FHNFQ10.5
1,FJSWX101.36
1,FNXYCHL6.78
2,L1EFC230310_FXJWS40_S236_L003.88
1,FHuNHHMY75.6
1,FSHHK14.75
1,FHuNHHMY18.35
2,L1EFC230352_FJXFC43_S310_L004.13
1,FSHCM89hun.16
1,FGXGL40_FDME220052095-1a.11
2,FJSNT25.70
1,FSHHK49_FDME220054516-1a.122
1,FQHXN92.75
1,FTJS031.64
1,FSHXHZ11.109
1,FNXYCHL58.56
1,FCQHC7.78
2,FJSNT14.13
1,FHBSJZ4.113
1,FZJTZ18.16
1,FYNLJ68.117
2,FGXGL70_FDME220052125-1a.41
1,FHNFQ52.67
1,FBJ53.24
1,FSHHK46_FDME220054513-1a.82
,FHNXY47.10
1,FZJHZD7hun.6
1,FJXSRPY21.16
1,FSDQZ47.46
2,FGDLZ83_FDME220051961-1a.155
,FSXLVLS9.4
1,FCQTY063_FDME220051143-1a.24
1,FGXGL97.58
,FCQTY067_FDME220051145-1a.8
1,FCQTY012.53
2,FZJHZD21.16
2,FTJBH57.53
1,FXJWS29.96
1,FJSNT28.17
1,FGXGL62_FDME220052117-1a.43
2,FGSYC6.14
1,FNMHHHHT10.136
,FCQTY029_FDME220051123-1a.3
1,FXJSW46.109
1,FHNXY10.40
1,FXJSW40.4
1,FZJTZ53.118
2,FAHBZ44_FDME220050721-1a.3
2,FJSNT72.79
1,FeceHeNa20.103
1,FAHBZ32_FDME220050712-1a.57
1,FJSWXJ4.97
2,FCQTY036_FDME220051128-1a.34
1,FCQTY145_FDME220051185-1a.39
2,FJXSRPY48.10
2,FTJBH62hun.2
1,FSCPS5.32
1,FGDLZ15_FDME220051915-1a.110
1,FGDLZ52.44
1,FSHCM48.44
1,FJSNT19.48
1,FJSNT11.5
,FFJLY26_FDME220051256-1a.48
1,FSHXXA26.24
1,FGXGL19_FDME220052074-1a.28
,FJSWXJ6.12
1,FJXSRPYG9.77
1,FHBSJZ10.36
1,FQHXN103.1
2,FSDLZ34.75
1,FAHWH07.8
1,FQHXN32.19
1,FXJWS22.16
1,FQHXN56.49
1,FSXLVWS6.121
1,FFJLY32_FDME220051261-1a.83
1,FHNXY62.50
2,FGZ7M.107
2,L1EFC230330_FTJS0027_S256_L003.14
2,FGSYC78.1
1,FZJTZ16hun.63
,FHuNHHMY26.12
,FCQTY031_FDME220051125-1a.69
1,FJSWX104.22
1,FSHXBX145.6
,FSCDJY41hun.35
2,FZJHZD23.50
1,FGSYC7.89
1,FHBSJZ18.7
,FSXTY53.23
1,FGSYC28.27
2,FHNFQ15.16
1,FNXYCHL67.98
1,FGSYC65.76
2,FXJCJ34.9
1,FZJTZ48.68
1,FHuNHHMY78.33
2,FSHCM39.116
1,M2CF11.72
2,FeceHuBe15017_FDME220052835-1a.40
1,FQHXN30.102
2,FSCPS16.14
2,FQHXN7.102
1,FNXYCHL69.75
1,FAHBZ9_FDME220050691-1a.72
1,FHBSJZ35.12
1,FGXGL27_FDME220052082-1a.2
2,FAHWH37_FDME220050754-1a.17
1,FGXGL73_FDME220052128-1a.15
1,FSXTY45.33
1,FGXGL65_FDME220052120-1a.81
2,FHLJYC33_FDME220052682-1a.21
2,FGSZY33.98
1,FGSYC89.39
2,FGZ29M_FDME220052027-1a.58
1,FeceHeNa11.1
1,FTJBH14.87
2,FSHCM35.31
1,FFJLY42.62
1,FAHBZ48_FDME220050725-1a.11
1,FGDLZ8_FDME220051910-1a.39
2,FGD16M_FDME220051998-1a.24
2,FSHXWN22.8
1,FSDLZ59.38
1,FGDLZ74.78
1,FGZ12M_FDME220051990-1a.31
1,FSDJN2.88
1,FQHXN9.22
1,FGSZY28.30
2,FQHXN33.137
1,FSXTY6hun.47
1,FSDQZ7.51
1,FJSNT62.15
1,FSDJN35.49
1,FXJYN7.2
2,FSHXBX78.17
1,FSCDJY38.113
1,FQHXN21.30
1,FSHHK29_FDME220054498-1a.91
1,FBJ18.7
1,FSCCD7hun.23
1,FGXGL72_FDME220052127-1a.45
1,L1EFC230295_FXJWS19_S222_L003.60
1,JSCZD6.82
,FHuNHHMY16.67
1,FJSNT5.2
1,FSXLVLS20.109
1,FCQNA26hun.18
2,FZJTZ20.75
2,FXJCJ4.24
2,FSDJN10.40
1,FSHCM52.25
1,FGXGL30_FDME220052085-1a.37
2,FSHHK40_FDME220054509-1a.67
1,FJXSRPY15.50
2,FCQTY104_FDME220051175-1a.45
1,FGXGL18_FDME220052073-1a.59
1,FNMHLBE32.34
1,FSCCD10.68
1,FSHXHZ20.15
,FHuNHHMY61.73
1,FeceHuNa150134_FDME220052277-1a.69
2,FeceHuNa150111_FDME220052262-1a.45
1,FSDLZ15.72
1,FQHXN22.59
2,L1EFC230360_FSHXBX24_S318_L004.56
1,FSHCM88hun.4
1,FSHXBX151hun.67
1,FHuNHHMY67.101
1,FHBSJZ23.43
1,L1EFC230292_FXJWS12_S175_L002.94
1,FGXGL79_FDME220052134-1a.81
2,FCQTY058_FDME220051138-1a.45
1,FSXTY2hun.79
1,FNMHHHHT12.87
2,FTJBH73.39
2,FSHHK15hun.22
1,FTJBH11.25
1,FGXGL62_FDME220052117-1a.13
1,FSHHK12hun.34
1,FGSZY13.124
2,L1EFC230272_FXJCJ36_S156_L002.22
2,FSHXBX25.13
1,FSHXBX112.61
2,FGZ42M_FDME220052055-1a.29
1,FGDLZ77_FDME220051942-1a.46
1,FJSNT60.100
2,M202F01.57
2,FCQTY154_FDME220051190-1a.3
1,FQHXN112hun.62
2,FHLJYC39_FDME220052688-1a.10
2,FHuNHHMY51.42
2,FSXTY63.2
1,FSDJN38.94
1,FSHXBX172.62
1,FJSWXJ25.2
1,FeceHeNa13.72
1,FeceHuNa15012_FDME220052260-1a.108
1,FSXTY43.76
1,FJSNT43.100
1,FAHBZ47_FDME220050724-1a.62
1,FXJYN39.37
1,FSHXHZ25.15
1,FSHXXA29.69
1,FHuNHHMY49.50
1,FGZ6M_FDME220051977-1a.41
2,FGD18M_FDME220052004-1a.37
2,FGSYC69.26
2,FSXLVLS3.123
2,FTJBH82.25
2,JSCZD7.33
2,FNMHLBE1.13
2,FSXLL11.73
1,FHLJDQ7.120
1,FCQTY136_FDME220051181-1a.43
1,FGSYC82.66
1,FSHXBX122.19
2,FHNXY34.1
1,FSCCD2.81
2,FGXGL49.32
1,FHLJDQ6.27
2,FCQTY076_FDME220051151-1a.39
1,FHuBWH31.2
1,FGDLZ34.50
1,FCQNA43.32
1,FZJHZD15.27
1,FGDLZ47_FDME220051927-1a.63
2,FGDLZ71.33
1,FSHXBX158.2
1,FSXTY9.13
,FCQTY039_FDME220051129-2a.79
1,FAHBZ61_FDME220050736-1a.32
2,FHLJDQ9.8
1,FSHHK4.144
,FeceHuBe150111.53
1,FXJKS29.82
1,FSHHK10_FDME220054482-1a.13
1,FNXYCHL23.19
1,FSHCM82.19
1,FCQTY024_FDME220051120-1a.64
2,FHNXY27.14
1,FSXTY10hun.39
1,FSCDJY63.111
2,FSHXBX22.53
2,FJSNT9.4
1,FHLJYC34.104
,L1EFC230386_FSHXXA15_S344_L004.11
1,FZJTZ45.40
1,FJLHD38.67
1,FSHHK3_FDME220054479-1a.69
1,FJSWXJ19.26
1,FHuNHHMY47.54
2,FSHXBX79.124
2,FGZ25M_FDME220052017-1a.129
2,FJLHD39.140
1,FZJTZ13.46
2,FAHBZ7_FDME220050689-1a.64
1,FCQTY064_FDME220051144-1a.20
1,FQHXN102.19
1,M2CF19.110
1,FHNFQ35.1
2,FSHXBX20.97
2,FSHHK16_FDME220054486-1a.13
1,FGDLZ33_FDME220051920-1a.64
2,FeceGuXi15012.26
1,FSCDJY98.72
2,FSXTY39.76
1,FCQTY053_FDME220051136-1a.57
1,FSHXWN14.78
1,FCQTY141_FDME220051183-1a.81
2,FSHXBX5.10
1,FZJHZD18hun.4
1,FSHHK19_FDME220054489-1a.41
2,FGZ10M_FDME220051987-1a.23
2,FHuBWH1.72
1,FJNDD6_FDME220051223-1a.60
1,FSHXBX19.29
1,FSXTY18hun.15
1,FZJHZD8.86
1,FHBSJZ53_FDME220052244-1a.37
1,FNMHHHHT20.74
1,FSDJN25.22
1,L1EFC230362_FSHXBX40_S320_L004.77
1,FJXSRPY52.8
,FXJWS7.30
2,FNXYCHL87.6
2,FJSNT27.39
2,FZJTZ5.97
1,FBJ50.76
1,FJNDD1.56
2,FQHXN2.88
2,FGDLZ78_FDME220051943-1a.23
2,FGZ40M_FDME220052053-1a.30
1,FGSYC83.77
1,L1EFC230318_FTJS0001_S244_L003.33
1,FHBSJZ22.17
2,FSDLZ44.148
1,FFJLY2.1
2,FGSZY30.20
,FBJ14.26
1,FSDJN57.22
1,FNXYCHL3hun.54
1,FXJYN21.9
2,FTJBH4.2
1,FSCDJY64.126
1,FCQTY047_FDME220051132-1a.3
1,FGXGL35_FDME220052090-1a.35
1,FZJTZ29.9
2,FFJLY9_FDME220051246-1a.50
1,FJXSRPY51.77
2,FSCPS50.71
2,FHNFQ62hun.25
1,FSXTY50.70
2,FGSZY34.101
1,FGDLZ6.14
1,FHuBWH11.4
1,FHLJYC23.62
1,FSDLZ01.130
1,FZJTZ27.50
1,SDHZD10.6
1,FFJLY5_FDME220051242-1a.67
1,FeceHuBe150119_FDME220052841-1a.49
1,FJXSRPY12.25
1,FAHBZ34.28
,FSDQZ38.175
2,FeceHeNa16.21
1,FCQTY060_FDME220051140-1a.57
2,FSHCM49.25
1,FTJBH50.26
2,FTJBH7.108
1,FSCDJY12.77
1,FGZ35M_FDME220052035-1a.117
1,FHLJYC36_FDME220052685-1a.46
2,FHuBWH34.17
2,FJXSRPY44.77
1,FSHHK36_FDME220054505-1a.59
1,FSXLVWS8hun.83
2,FSXLL3.53
1,FJSNT61.52
1,FYNLJ69.13
2,FGDLZ42.27
2,M1C14.22
1,FNXYCHL29.2
1,FCQTY025_FDME220051121-1a.83
1,FHNFQ28.80
1,FGSYC7.71
1,FGSYC74.27
1,FGXGL100.79
1,FSCDJY61.3
1,FGXGL3_FDME220052058-1a.18
1,FBJ28.99
1,SDHZD7.3
1,FCQTY105_FDME220051176-1a.18
1,FHLJZD8.52
1,FJSNT38.97
1,FGSYC66.34
1,FHLJYC3.50
1,FHuNHHMY53.46
1,FGXGL41_FDME220052096-1a.75
1,FSDQZ6.138
1,FCQTY070_FDME220051147-1a.39
,FHLJZD2.16
1,FAHWH42_FDME220050759-1a.17
1,L1EFC230326_FTJS0013_S252_L003.33
1,FGXGL36_FDME220052091-1a.16
1,FGXGL39_FDME220052094-1a.16
1,FNXYCHL63.73
2,FBJ25.4
2,FXJWS50.41
1,FGXGL92.66
2,FGZ36M_FDME220052036-1a.8
2,FCQTY050_FDME220051135-1a.43
1,FSXLL10.88
1,FJSNT45.55
1,FSDLZ42.113
1,FSHHK35_FDME220054504-1a.73
2,FSCDJY60.27
1,FZJHZ12.4
1,FTJBH38hun.58
1,FSHCM61hun.38
1,FeceHuBe150133_FDME220052849-1a.22
1,FQHXN55.27
2,FSXLVLS16.12
1,FQHXN110.56
,FSDJN44.23
1,FHuNHHMY45.4
1,FFJLY39_FDME220051268-1a.71
1,FNMHHHHT23.49
1,FBJ10.61
2,FZJHZD27hun.58
1,FFJLY58_FDME220051277-1a.53
1,FHBSJZ30.48
2,FeceHuNa150137.22
1,FSCPS45.40
,FNXYCHL93.105
2,FGZ41M_FDME220052054-1a.81
2,FNXYCHL9.112
1,FJSNT30.13
1,L1EFC230294_FXJWS15_S177_L002.48
1,FNXYCHL12.103
1,FSDLZ05.14
1,FGDLZ85.77
,FXJCJ17hun.20
1,FeceHuNa15011_FDME220052259-1a.30
1,FAHWH43_FDME220050760-1a.82
1,FGXGL102.46
1,FCQTY108_FDME220051178-1a.32
1,FJSWXJ34.34
2,FAHWH23_FDME220050744-1a.162
1,FHLJYC25.13
1,FCQTY010.158
1,FHBSJZ24.98
2,FJLHD16.38
1,FFJLY1_FDME220051239-1a.80
2,FeceHuBe15015_FDME220052833-1a.21
1,FSHXHZ21.11
2,FSHCM38.144
1,FJSNT4.75
1,FJSNT2.9
1,FTJBH83.58
1,FSDJN29.80
1,FGSYC43.70
2,FGDLZ68.103
1,FJSWXJ29.9
1,FGSYC15.76
,FXJWS41.27
1,FHNXY43.3
1,FJSNT66.114
2,FNMHLBE34hun.5
1,FJSNT58.53
1,FNMHLBE26.55
1,FSHHK48_FDME220054515-1a.25
1,FHBSJZ2.12
1,FSHXBX142.48
,FGSZY2.57
1,FSXTY33hun.70
1,FHLJYC14.60
1,FHLJDQ5.1
1,FeceHuNa150124_FDME220052272-1a.47
2,FSDLZ27.77
1,FHNXY36.8
,FHBSJZ40_FDME220052231-1a.73
2,FTJBH65.47
1,FGXGL42_FDME220052097-1a.80
1,L1EFC230265_FXJCJ24_S149_L002.26
1,FHHMY79.91
1,M130R01.67
1,FSDLZ55.80
1,FSHXXA16.76
2,FXJSW39.33
1,FSDLZ41.50
2,FTJBH32.62
1,FSDLZ18.32
1,FSXLL17.48
