tree_group,mag
1,FGDLZ54.76
1,FeceHuNa150137.72
1,FeceHuNa150117_FDME220052266-1a.139
1,FGDLZ3.29
1,M1DZ12.74
2,M214F02.64
1,FSCPS43.69
1,FYNLJ37.58
1,FYNLJ66.87
1,FXJKS23.62
1,FYNLJ58.98
1,FYNLJ46.115
1,M1C5.119
1,FQHXN76.65
1,FGDLZ39.38
1,M1DZ10.76
2,FHNFQ38.72
1,FXJYN23.27
1,FJLHD21.151
1,FAHWH14.146
1,FGDLZ76_FDME220051956-1a.48
1,FGDLZ1.34
1,FeceGuXi150117.93
2,FZJTZ15.69
2,FQHXN98.83
1,FGDLZ30.73
1,FHuNHHMY6.10
1,FQHXN112hun.17
1,FeceGuXi15011.19
1,M1C3.6
2,FQHXN68.125
2,FJXSRPY40.14
1,FQHXN108.115
2,FJXSRPYG41.49
2,FGSZY42.33
2,M202F01.66
1,FCQTY144_FDME220051184-1a.13
2,FQHXN105.55
1,FYNLJ74.89
1,FJSNT67.7
1,FHuNHHMY43.148
2,FXJKS14.45
1,FHuNHHMY58.5
1,FQHXN101.59
1,FHuNHHMY16.55
2,M1C9.83
1,FTJBH49.76
1,FXJKS2.134
2,FJNDD12_FDME220051229-1a.60
2,FGSZY48.94
2,FZJTZ54.8
2,M1DZ04.29
2,M122R01.79
1,FeceHuNa150122.47
1,FGSYC14.1
1,FGSZY19.3
1,FHLJYC22.112
1,FHuNHHMY77.17
1,FGDLZ49.118
1,L1EFC230344_FJXFC20_S302_L004.131
2,M137R01.16
1,M2CF07.91
1,FXJKS35.158
2,FXJSW17.94
1,FYNLJ35.7
1,FGDLZ9_FDME220051911-1a.10
2,M1DZ05.39
1,FSCCD4.10
1,FXJYN38.25
1,M1C12.44
2,FQHXN93.139
1,FXJKS49.30
2,FeceGuXi15013.53
1,FXJKS38.55
1,FNMHLBE10hun.65
2,FXJKS48.1
1,FGXGL24_FDME220052079-1a.100
2,M1DZ01.80
1,FXJKS50.65
2,FQHXN52hun.29
2,M1C6.50
1,FHNXY42.86
2,M1DZ06.49
1,FYNLJ21hun.16
2,FYNLJ76.64
2,FXJKS4.78
1,FGDLZ2.73
1,FGXGL22_FDME220052077-1a.32
1,L1EFC230236_FHLJZD14_S81_L001.112
2,FQHXN77hun.65
1,FSCPS56.30
1,FQHXN72hun.52
2,FQHXN69.158
1,FHHMY63.4
1,FGXGL95.48
1,FeceHuNa15017.140
2,FSDQZ33.28
1,FGDLZ84_FDME220051962-1a.124
1,FSCPS11.225
1,FXJKS20.39
2,FXJKS6.84
1,FYNLJ56.43
1,M2CF10.72
1,FJSNT23.182
2,FXJYN40.53
1,FJXSRPY37.28
1,FGXGL10_FDME220052065-1a.11
1,M1C13.11
1,M123F01.32
1,L1EFC230239_FHLJZD23_S84_L001.26
1,FGSZY3.1
1,FCQTY022_FDME220051119-1a.95
2,FZJTZ22.75
