tree_group,mag
1,FGDLZ60_FDME220051939-1a.63
2,FXJSW16.38
2,FSHXBX157.159
2,FHNXY50.28
1,FGDLZ59_FDME220051938-1a.29
2,FNMHHHHT32.38
2,FXJCJ50.33
1,FJXSRPY38.140
1,FFJLY29_FDME220051259-1a.26
2,FHBSJZ23.41
2,FSCPS16.16
2,L1EFC230239_FHLJZD23_S84_L001.74
1,FJXSRPY39.125
2,FAHWH20_FDME220050742-1a.69
2,FHLJZD45.72
2,FJXSRPY36.6
2,FXJCJ4.68
2,FJLHD31.75
2,FXJKS24.19
2,FHNFQ54.71
1,FSDQZ10.46
2,FJLHD25.48
2,FHLJZD38.30
2,FSDLZ22.40
2,SDHZD6.54
2,FeceHuNa150124_FDME220052272-1a.17
1,FHLJZD52.95
NA,FXJCJ18.53
2,FHBSJZ60_FDME220052251-1a.1
2,FNMHHHHT31.55
2,FXJWS4.32
2,FXJCJ41.30
2,SDHZD2.169
1,FZJHZD12.55
2,FSHXBX28.35
1,FSXLVWS8hun.43
NA,FHLJZD41.68
