tree_group,mag
1,FNXYCHL3hun.94
1,FHNXY6.38
1,FXJSW2.72
1,FSHXBX108.69
1,FCQNA40.79
2,L1EFC230335_FJXFC05_S261_L003.17
1,FQHXN103.80
2,FGSZY22.83
1,FSHXBX130.32
2,FHLJZD21.81
1,FTJBH47.76
2,FXJKS38.75
1,FNMHLBE34hun.62
1,FZJTZ36.75
2,FHNXY58.71
1,FSCDJY67.67
1,FSDQZ18.78
2,FJSWXJ13.95
1,FGSYC59.53
1,FAHBZ25_FDME220050705-1a.13
2,FHLJZD31.87
1,FJSNT64.70
1,FBJ53.83
2,FNMHLBE35.72
2,FXJKS34.108
1,FGDLZ33_FDME220051920-1a.42
1,FJSNT4.101
2,FHLJZD55.66
1,FFJLY43_FDME220051271-1a.58
1,FSCDYJ9.82
1,M1DZ09.66
1,FSDLZ25.77
1,FSDJN51.68
1,FXJYN3.140
1,FJSWXJ4.136
1,FXJYN8.24
1,FAHBZ59_FDME220050734-1a.29
1,FTJBH93.130
2,FeceHuNa15019.4
1,FSDJN34.40
2,FJXSRPY30.50
1,FHBSJZ29.70
1,L1EFC230389_FSHXXA21_S347_L004.89
1,FAHBZ31_FDME220050711-1a.18
1,FJLHD43.14
1,FZJTZ68.59
1,FNXYCHL42.71
1,FCQNA14.81
1,FHNXY41.12
2,FQHXN73.106
1,FXJWS29.6
1,FGDLZ65_FDME220051946-1a.50
1,M2CF12.109
1,FSXLVLS20.90
1,FGDLZ16.16
1,FJSNT19.7
2,FBJ11.62
1,FAHBZ11_FDME220050693-1a.35
1,FSHXBX70.57
1,FQHXN89.110
1,FeceHeNa5.118
1,FJSNT21.128
1,FSDQZ43.77
1,FQHXN7.178
1,FJXSRPYG9.92
1,FSHCM90.127
1,FSXTY38.51
1,FAHBZ9_FDME220050691-1a.55
2,FHNFQ13.68
1,FTJBH19.105
1,FAHBZ57_FDME220050732-1a.127
1,FSHXBX98.36
1,FHNXY46.7
1,FAHBZ30_FDME220050710-1a.64
1,FeceHuBe150136_FDME220052850-1a.28
1,L1EFC230359_FSHXBX16_S317_L004.42
1,FSCPS41.80
1,FSDLZ48.38
1,M202F01.74
1,FHNFQ21.3
1,FSHXBX65.22
2,FSHHK28_FDME220054497-1a.24
1,FSCPS36.77
2,FHNXY20.46
1,FQHXN113.27
1,FSHXBX161.63
1,FZJTZ24.85
1,FBJ50.124
1,L1EFC230363_FSHXBX41_S321_L004.86
2,L1EFC230313_FXJWS45_S239_L003.80
2,FeceHuNa150114_FDME220052265-1a.82
1,FGSYC1.7
1,FAHBZ29_FDME220050709-1a.38
1,FNXYCHL71.72
1,L1EFC230284_FXJCJ58_S167_L002.116
1,FJXSRPY45.88
1,FeceHuBe150122_FDME220052843-1a.30
1,FSHCM26.55
1,FXJWS22.43
1,FSDQZ6.42
1,FJSNT23.44
1,FSDQZ30.43
1,FSCCD11.126
2,FXJKS5.92
1,FNXYCHL61.36
1,FSDJN27.85
1,FSDLZ12.87
1,FSCDJY33.20
1,FJLHD6.98
1,FNXYCHL68.57
1,FSDLZ44.43
2,FSHCM55hun.47
1,FHNXY62.70
1,FAHBZ1_FDME220050683-1a.12
1,FNMHLBE10hun.35
1,FHuNHHMY23.1
1,FSCPS69.167
1,FHuNHHMY38.102
1,FSHXBX166.106
1,FHLJYC4hun.129
2,FGSZY3.85
2,FGSZY2.45
2,FZJHZD28.6
1,FAHBZ19.66
1,FHuNHHMY3.38
2,FSHXBX134hun.101
1,FBJ2.67
1,FQHXN90.15
1,FNXYCHL46.72
2,FAHBZ46_FDME220050723-1a.40
2,SDHZD2.35
1,FHLJZD2.128
1,FNXYCHL41.58
2,FSHXWN30.16
2,FSHXWN22.71
1,FHuNHHMY78.5
1,FHLJZD41.52
2,FSDLZ17.125
1,FAHBZ27_FDME220050707-1a.9
1,FGSYC30.77
1,FSHXBX111.27
1,FCQNA25.14
1,SDHZD10.25
1,FGSZY8.32
1,FZJTZ19.26
1,FNXYCHL93.58
1,FSDJN31.1
1,FSDJN37.39
2,FGXGL20_FDME220052075-1a.22
1,FSCDJY57.51
2,FQHXN14.198
2,FGDLZ35.2
2,FSCPS43.18
1,FGSYC6.76
1,FHNFQ60hun.90
1,FSCPS9.108
2,FSHCM63.74
