tree_group,mag
1,FHBSJZ33.66
1,L1EFC230277_FXJCJ42_S161_L002.57
1,FJSWX80.66
1,FYNDL28hun.61
1,FAHBZ57_FDME220050732-1a.3
1,FZJTZ37.53
2,FJLHD24.55
1,FHNXY28.57
1,FAHBZ10_FDME220050692-1a.47
1,FXJSW14.47
1,FQHXN10.85
1,FGSYC37.17
2,FGXGL11_FDME220052066-1a.39
1,FSDQZ5.94
1,FeceHeNa20.23
1,FGXGL102.119
2,FGDLZ73.56
2,FHLJZD3.42
1,FNXYCHL59.59
1,FBJ3.33
2,FAHWH42_FDME220050759-1a.87
1,FSDQZ49.116
1,FeceHuBe15019_FDME220052837-1a.2
1,FCQTY062_FDME220051142-1a.38
1,FJXSRPY49.52
2,FSDQZ8.86
1,FSXLVWS8hun.8
1,FQHXN51hun.44
1,FXJCJ55.54
1,FYNLJ52.144
1,FXJKS40.181
1,FSHXHZ22.4
1,FQHXN59.45
1,FXJCJ10.62
2,FSXTY63.17
2,FXJSW19.14
1,SDHZD5.65
1,L1EFC230265_FXJCJ24_S149_L002.51
2,FGSZY21.59
1,FHNXY27.17
1,FSXTY19.68
1,FCQNA16.104
1,L1EFC230383_FSHXXA07_S341_L004.100
1,FCQNA3.68
2,FJSWXJ27.36
1,FCQHC10.3
1,FGXGL72_FDME220052127-1a.25
1,L1EFC230246_FHLJZD42_S89_L001.49
1,FXJYN18.2
1,FHLJZD19.31
1,FNMHLBE30.23
1,FHuBWH27.21
2,FZJTZ57.71
2,FGXGL44_FDME220052099-1a.77
1,FNXYCHL95.43
1,FJLHD18.44
1,FSHXHZ14.84
1,FSCPS25.78
1,FJXSRPY12.118
1,FYNLJ57.27
1,FXJCJ19.85
1,FHNFQ18.55
1,FJSNT30.59
1,FQHXN66.64
2,FNMHLBE3.45
1,SDHZD6.39
1,FJXSRPY10.5
1,FSDQZ32.143
1,FGSYC89.35
2,L1EFC230366_FSHXBX48_S324_L004.64
1,FSXTY17.32
1,FQHXN22.170
1,FSHXBX76.55
2,FGDLZ49.135
2,FSDJN35.45
1,FSDQZ13.77
1,FYNLJ20hun.105
1,FSHXBX103.42
2,FGZ12M_FDME220051990-1a.68
1,FSDQZ15.108
2,FJSNT39.10
1,FNXYCHL60.35
1,FSHXHZ12.17
1,FHuNHHMY81.29
1,L1EFC230296_FXJWS21_S300_L004.61
1,FNXYCHL65.19
2,FGDLZ3.36
1,FHLJZD31.52
1,FHNXY58.69
2,FJSWX96.102
2,FGXGL42_FDME220052097-1a.54
1,FQHXN65.29
1,FSDLZ40.54
1,FHNFQ11.44
1,FGSYC86.41
1,FNMHLBE13.67
1,FXJSW6.41
2,M1DZ04.52
2,FGSYC15.10
1,FZJTZ5.52
1,FXJYN33.90
1,FXJCJ48.43
1,FQHXN60hun.9
1,FJLHD52.67
1,FSHHK2.85
1,L1EFC230279_FXJCJ45_S163_L002.55
2,JLTH1.24
2,M2CF06.61
1,FNXYCHL53.20
1,FHNFQ37.55
1,FJSNT43.5
2,FJXSRPY52.69
1,FSHXWN16hun_FDME22H000406-1a.59
1,FQHXN36.66
2,FJXSRPY48.87
1,FJLHD53.104
1,FSCDJY98.78
1,FHuNHHMY34.69
1,FJSWXJ2.71
1,FHuNHHMY51.17
1,FFJLY27_FDME220051257-1a.51
1,FGSYC58.69
1,FNMHHHHT44.56
1,FGSZY2.40
1,FSDJN49.4
2,FYNDL27hun.17
2,FJXSRPY23.10
1,FSDJN22.56
1,FGXGL73_FDME220052128-1a.60
2,FSDLZ31.83
1,FNXYCHL90.47
1,FZJHZD1hun.11
2,FHNXY39.3
1,FAHBZ58_FDME220050733-1a.12
2,FFJLY30_FDME220051260-1a.24
1,FSDJN36.20
NA,FFJLY20_FDME220051251-1a.14
2,FZJTZ38.69
1,JSCZD11.47
2,FSHCM99.107
1,FJLHD15.83
1,FCQTY014.48
1,FHBSJZ16.29
1,FHuNHHMY36.15
1,FSXTY40.89
1,FCQTY016.20
1,L1EFC230234_FHLJZD07_S79_L001.28
2,FGDLZ51.32
2,FHNXY4.28
1,FSDJN42.2
1,FNXYCHL45.73
2,JSCZD6.1
1,FSHCM85.47
1,FJLHD50.17
1,FGSYC70.48
1,M1C12.62
1,FFJLY56_FDME220051237-1a.26
1,FNXYCHL8.103
1,L1EFC230304_FXJWS33_S230_L003.82
1,FQHXN32.73
2,FHuNHHMY6.65
1,FeceHuNa15017.71
1,FSCCD17.38
2,FJXSRPY45.3
1,FYNLJ4.20
1,FGDLZ29.5
1,FSHXBX27.63
1,FTJBH55.9
1,SDHZD4.65
2,FSHCM14_FDME220054531-1a.7
1,FHLJZD54.47
1,FSCDJY78.45
1,FTJBH49.23
1,FGXGL78_FDME220052133-1a.65
1,FHuNHHMY19.19
1,FHuBWH30.61
2,FAHWH17_FDME220050741-1a.77
2,FGDLZ14.34
1,FHLJYC11.9
1,FCQTY073_FDME220051150-1a.64
1,L1EFC230358_FSHXBX08_S316_L004.21
1,FJLHD8.55
1,FJXSRPYG5.24
1,FCQNA39.75
1,FSDLZ57.106
1,FSHCM72.32
1,FCQTY009.37
1,FGXGL58_FDME220052113-1a.74
2,FeceHuBe15018_FDME220052836-1a.6
1,FJSWX100.36
1,FYNLJ41.61
1,FFJLY75.56
1,FJXSRPYG3.41
1,FSXTY34.15
1,FXJCJ17hun.70
1,FHLJZD2.3
1,FNXYCHL43.43
1,FXJSW46.79
2,FSCPS43.20
1,FCQTY026_FDME220051122-1a.59
1,L1EFC230297_FXJWS23_S223_L003.2
1,FSHXXA1.35
2,FHNFQ23.58
1,FJXSRPY38.106
1,FSHHK47_FDME220054514-1a.102
1,JSCZD5.63
1,FQHXN19.24
1,FNMHHHHT29.35
1,FGXGL25_FDME220052080-1a.52
1,FNXYCHL92.52
1,M2CF11.35
1,FJNDD3.30
1,FHNXY36.80
1,FHNXY53.59
1,FJNDD10_FDME220051227-1a.9
2,FSCCD23.77
1,FSDQZ48.20
1,FHuNHHMY77.15
1,FSDQZ26.24
1,FSCCD3.71
1,FNMHHHHT41.45
1,FGSZY47.41
1,FTJBH33.21
1,FHuNHHMY48.59
2,FeceHuBe150117_FDME220052839-1a.16
1,FeceGuXi150115.71
2,FSHCM47.90
1,L1EFC230284_FXJCJ58_S167_L002.105
1,FJXSRPY36.88
1,FGDLZ60_FDME220051939-1a.83
1,FSDLZ01.66
2,FBJ53.26
1,FGZ39M_FDME220052051-1a.51
1,FSDLZ26.38
1,FZJTZ22.29
2,FSDLZ44.109
1,FGXGL65_FDME220052120-1a.74
1,FSCPS4.99
1,FXJSW21.48
1,FHBSJZ19.8
2,FJLHD42.39
1,FXJKS20.45
1,FSCPS12.96
1,FHNFQ46.27
1,FSHCM17_FDME220054534-1a.53
1,FGXGL46_FDME220052101-1a.27
1,FCQJJ1.47
1,FJSWX98.42
1,L1EFC230280_FXJCJ46_S164_L002.50
1,FJLHD25.74
1,FZJHZD19.46
1,L1EFC230384_FSHXXA08_S342_L004.23
1,FGXGL15_FDME220052070-1a.51
1,FGSYC84.24
1,FSCDJY73.42
1,FHuNHHMY24.81
1,FHNXY50.8
1,FSCDJY22.113
1,FSCPS95.85
1,FNXYCHL87.12
2,FYNLJ37.67
2,L1EFC230363_FSHXBX41_S321_L004.62
1,FHLJZD43.96
2,FJLHD45.80
1,FGSYC55.50
1,FSHXBX139.69
1,FHNFQ39.25
2,FGSYC1.21
1,FHNXY13.115
1,FHNXY25.32
1,L1EFC230247_FHLJZD44_S90_L001.140
2,FZJHZD22.79
2,FXJKS23.92
1,FQHXN7.170
1,FSHHK19_FDME220054489-1a.60
1,FBJ38.99
2,FNMHHHHT30.20
1,FSCCD16.16
1,FJSWXJ4.127
1,FHNXY18.15
1,FHNFQ47.28
1,FSCDJY55.16
1,FSCDJY94.168
1,FGSYC43.31
1,FZJTZ56.20
1,FAHBZ13.17
1,FSDJN40.71
1,FGDLZ53.49
1,SDHZD16.39
1,FGDLZ76_FDME220051956-1a.66
1,FSHCM38.105
1,L1EFC230302_FXJWS31_S228_L003.126
2,FSHXBX111.99
1,FGSZY44.60
2,FGSYC60.8
1,FXJSW17.79
1,FHuBWH6.54
2,FHNFQ54.41
1,FFJLY25.59
2,FGXGL84_FDME220052139-1a.51
1,FJXSRPY46.24
1,FXJWS17.64
1,FNMHLBE35.86
1,FQHXN30.14
1,M1C17.16
1,FXJWS18.51
1,FXJCJ41.113
2,FNXYCHL17.38
1,FCQJJ4.10
1,FJNDD14_FDME220051231-1a.74
1,FBJ5.13
1,FGSYC22.46
1,FXJSW13.31
1,FNMHHHHT33.102
1,FSDJN33.6
1,FJXSRPY51.58
1,FAHBZ36.105
2,FGSYC26.55
1,FJSNT46.4
2,FHuBWH14.29
1,FGDLZ31.22
1,FHLJYC12.46
2,FYNLJ56.107
1,FXJWS6hun.104
1,FSHXBX57.47
1,L1EFC230266_FXJCJ25_S150_L002.63
1,FHNXY8.12
1,FSHXBX60.30
1,FSHXBX156.20
1,FHNXY5.45
1,FQHXN11.38
1,FGSYC63.36
1,FQHXN58.8
1,FHuNHHMY22.60
1,L1EFC230291_FXJWS11_S174_L002.26
1,FZJTZ9.91
1,FNXYCHL40.50
2,FSCPS56.76
2,FSDJN32.22
1,FAHWH06.45
1,FNMHLBE19.12
2,FGXGL13_FDME220052068-1a.57
1,FCQNA10.42
2,FTJBH40.25
1,FXJYN24.34
1,FGSYC3.10
1,FGDLZ66_FDME220051947-1a.49
1,FHuNHHMY60.61
1,FSCPS27.46
1,FHLJZD32.57
1,FSXTY5hun.66
1,FSCDJY93.22
1,FHuNHHMY29.33
1,FSDQZ27.172
2,FGDLZ8_FDME220051910-1a.86
1,FHHMY73.14
1,FGSZY38.15
1,FFJLY40_FDME220051269-1a.17
2,FHuNHHMY37.54
1,FXJSW16.97
1,FHBSJZ43_FDME220052234-1a.24
2,FNXYCHL4hun.30
1,FZJHZD25.54
2,FHLJZD29.34
1,FFJLY5_FDME220051242-1a.41
1,FSDLZ21.49
1,FXJKS12.59
2,FHNFQ48.56
1,FQHXN42.32
NA,FGXGL70_FDME220052125-1a.59
1,L1EFC230332_FTJS0029_S258_L003.52
1,FNXYCHL39.148
1,FSCDJY63.70
1,FSCPS33.92
1,FSHXBX175.6
2,FSHXXA27.62
2,FGSYC38.6
2,FHuNHHMY72.62
1,FSDLZ17.93
1,FHBSJZ54_FDME220052245-1a.114
1,FXJSW40.95
1,FSCDJY41hun.70
2,FAHWH15_FDME220050740-1a.10
1,FSHXBX133hun.53
1,FNMHLBE32.106
1,FCQNA20hun.75
1,FGSYC4.26
1,FZJTZ13.21
2,FHuNHHMY52.130
2,FGXGL31_FDME220052086-1a.55
1,FGSYC76.4
1,FJLHD2.16
1,FAHWH29_FDME220050747-1a.81
1,FSDJN11.1
1,FCQHC11.25
1,FGSZY12.18
1,FJXSRPY29.68
1,FQHXN94.1
1,FSCDJY67.89
1,FGSYC72.51
1,FXJCJ57.117
1,FSCPS54.28
2,FSDLZ09.17
1,FHLJYC25.40
1,FGSYC66.36
1,FAHBZ49_FDME220050727-1a.55
1,FXJSW18.36
1,L1EFC230382_FSHXXA06_S340_L004.5
1,FSDQZ29.7
1,FZJHZD30.64
2,FHLJZD40.17
1,FXJKS45.70
1,FHLJZD8.153
1,FGXGL104.24
1,FSHCM57.49
2,FJSWXJ19.50
1,FNXYCHL31.74
1,FSDLZ18.58
1,FSHXBX121.104
1,FNMHHHHT17.51
1,L1EFC230367_FSHXBX51_S325_L004.36
2,FFJLY38_FDME220051267-1a.42
2,FSDQZ9.57
1,FFJLY74.77
1,FeceHuNa150134_FDME220052277-1a.18
1,SDHZD2.114
1,FJLHD6.45
1,FCQHC4.14
1,FSXTY30.14
1,FJXSRPY25.28
1,FCQTY087_FDME220051157-1a.23
1,FSCDJY79.11
1,FGSYC23.44
1,FSDLZ35.53
1,FSDLZ10.23
1,FSDLZ04.34
1,FSXTY11.53
2,FSCPS15.18
1,FHBSJZ23.36
1,FSDQZ40.44
2,FSHXXA49hun.2
1,FFJLY66.156
2,FGXGL59_FDME220052114-1a.22
2,FHuNHHMY26.62
1,FGSYC85.9
2,FSXLVLS12.113
1,FAHWH23_FDME220050744-1a.104
2,FQHXN49.44
2,FCQHC1.9
1,FNMHLBE14.78
1,L1EFC230275_FXJCJ40_S159_L002.28
1,FXJSW23.1
2,FHuBWH11.34
1,FJSNT66.67
1,FCQNA11.83
1,FFJLY37_FDME220051266-1a.34
1,FeceGuXi150110.67
1,FNMHHHHT31.106
1,M1DZ03.34
1,FHNXY43.16
1,FSHXBX130.136
1,FSHCM37.67
1,FSHXBX7.44
1,FSDLZ14.5
1,FJSWXJ28.140
1,FHNFQ40.79
1,FSCDYJ2.67
1,FHLJZD52.30
1,FCQNA28.15
1,FXJWS30.82
1,L1EFC230389_FSHXXA21_S347_L004.63
2,FCQTY089_FDME220051168-1a.1
1,FCQNA24.28
1,FSHXHZ15.71
1,FJXSRPY47.51
1,FGXGL29_FDME220052084-1a.42
1,FGSYC45.53
1,FZJJH11.76
2,FHNXY19.64
1,FFJLY59_FDME220051278-1a.53
1,FSHHK25_FDME220054495-1a.84
2,SDHZD7.32
1,FJXSRPY55.141
1,FSCCD1hun.51
1,FQHXN3.40
1,L1EFC230259_FXJCJ15_S144_L002.35
1,FGSYC75.39
2,FGZ37M_FDME220052037-1a.75
1,FHNFQ41.50
1,FHNFQ1.10
1,FHLJZD27.39
1,FSDQZ38.63
1,FGSZY43.9
1,FeceHeNa7.105
1,FHLJZD46.15
1,FNMHHHHT15.18
1,FNXYCHL41.93
1,FHLJYC35_FDME220052684-1a.49
1,FZJJH4hun.24
1,FJNDD16_FDME220051233-1a.27
2,FGDLZ17_FDME220051916-1a.23
1,FSHXWN9.84
1,FNXYCHL9.62
1,FXJCJ47.29
1,FSCCD15.17
1,FHLJYC31.11
1,M1DZ02.11
1,FXJCJ43.63
1,FGSYC68.9
2,FeceHuBe150125_FDME220052846-1a.146
2,FHBSJZ34.6
1,FSCCD13.27
1,FSXLVWS5.45
1,FHuBWH15.60
1,FHNFQ24.22
1,FZJTZ29.46
1,FGXGL47_FDME220052102-1a.35
1,FXJYN20.25
2,FCQTY144_FDME220051184-1a.2
1,FCQTY031_FDME220051125-1a.85
1,FXJWS22.31
1,FNMHLBE33.78
1,FNMHLBE25hun.44
1,FGXGL12_FDME220052067-1a.41
1,FQHXN38.3
1,FJXSRPY33.107
1,FSXTY45.117
1,FQHXN5.15
1,FSCDJY61.11
1,FSCCD21hun.68
1,FNXYCHL58.8
2,L1EFC230273_FXJCJ38_S157_L002.73
1,FSDLZ06.21
2,FSHXWN11hun.64
2,FHHMY79.47
1,FJLHD31.81
2,FGDLZ62.62
1,FJLHD40.37
1,FQHXN52hun.105
1,FXJKS34.132
1,FSCCD8hun.139
1,L1EFC230257_FXJCJ13_S142_L002.24
2,FAHBZ25_FDME220050705-1a.122
1,FNXYCHL71.65
1,FJXSRPY27.79
1,FSDQZ30.65
1,FSCCD11.30
1,L1EFC230334_FJXFC03_S260_L003.63
2,FGDLZ21.35
2,FYNLJ68.69
1,FSHXWN14.87
1,FJLHD19.75
1,FZJHZD7hun.37
1,L1EFC230392_FSHXXA36_S35_L003.1
1,FGXGL61_FDME220052116-1a.37
1,FHNFQ58.49
1,FZJHZD24.54
NA,L1EFC230244_FHLJZD35_S87_L001.39
1,FXJSW3.16
1,FNXYCHL52.131
1,FGDLZ55_FDME220051935-1a.86
1,FSHXBX173.16
1,FJLHD37.23
2,L1EFC230338_FJXFC11_S264_L003.61
1,FHuNHHMY74.48
2,FXJCJ50.23
1,FTJS035.38
1,FGSYC32.15
1,FTJBH50.37
1,FGSYC48.37
2,FGZ7M.63
1,FSDJN21.28
1,FHNFQ27.7
1,FGXGL17_FDME220052072-1a.58
2,FZJHZ8.66
1,FSCDJY76.95
2,FXJYN21.8
1,FSXTY58hun.33
1,FCQNA19.34
1,FCQTY154_FDME220051190-1a.27
1,FZJTZ12.44
1,FHNXY55.31
1,FJLHD26.35
1,FGDLZ30.81
1,FSHXWN13hun.66
1,FZJHZD21.38
1,FeceHeNa22.12
1,FGDLZ41_FDME220051924-1a.21
2,FQHXN34.27
1,FGSYC61.89
1,FQHXN74.5
1,FJXSRPY24.34
1,FNXYCHL62.11
1,FZJTZ49.44
1,FHLJZD13.36
2,FSCDJY38.27
1,FQHXN2.42
2,FNXYCHL67.78
1,FHLJZD45.61
1,FSCDJY64.152
1,FSDQZ37.63
1,FSDLZ36.5
2,FSDQZ1.13
1,FBJ4.80
1,FYNLJ53.16
1,FJNDD2_FDME220051219-1a.41
1,FSHHK9.16
1,FXJKS43.23
2,FJXSRPYG4.43
1,FHuBWH8.42
2,FSHCM9_FDME220054526-1a.92
1,FSHXWN31.29
2,FAHWH24_FDME220050745-1a.92
2,FHHMY4.120
1,L1EFC230388_FSHXXA20_S346_L004.117
2,L1EFC230237_FHLJZD20_S82_L001.2
1,FAHWH43_FDME220050760-1a.69
1,FHuBWH18.12
1,FSCDYJ6.84
1,FJSNT6.9
1,FSHXBX50.37
1,FQHXN43.23
2,FGXGL101.66
1,FNXYCHL16.21
1,FSHXBX53.3
2,FBJ21.57
1,FJXSRPY54.72
1,FXJKS27.72
1,FHNFQ26.125
1,FJSNT18.28
1,FGXGL108.73
1,FSXLVLS17.1
2,FSHCM5_FDME220054522-1a.8
1,FYNLJ58.96
1,FNXYCHL38.103
1,FQHXN33.51
2,FSHXXA24.31
