tree_group,mag
1,FGZ28M_FDME220052025-1a.33
1,FQHXN65.61
1,FTJBH82.24
1,FJXSRPY8.152
1,FGDLZ35.60
2,FAHWH30_FDME220050748-1a.37
2,FZJTZ28.13
1,L1EFC230256_FXJCJ12_S141_L002.24
2,FHuNHHMY29.52
1,FHLJZD27.88
1,FSXLVLS4.54
2,FGD17M_FDME220052001-1a.91
2,FSHXXA39.58
1,FSXLL10.120
1,FSHCM31.52
1,FXJYN5.113
1,FJXSRPY36.112
1,FNMHLBE28.79
2,FHuBWH1.82
1,FXJCJ18.97
1,FSDJN21.12
1,FSHXBX78.94
1,FNMHLBE12.14
1,FSDQZ6.43
1,FSDQZ32.137
2,FHLJZD15.79
1,FQHXN85.76
1,FJSNT30.39
1,FNXYCHL73.103
2,SDHZD13.23
1,FHLJZD39.82
1,FNXYCHL67.89
2,L1EFC230283_FXJCJ52_S166_L002.44
2,FJNDD11_FDME220051228-1a.33
2,FSCPS95.34
1,FAHBZ36.54
1,FSHXBX53.86
2,FHLJZD13.39
2,FTJBH31.41
2,FSCDJY53.45
1,FAHBZ1_FDME220050683-1a.22
2,FHuNHHMY56.24
2,FGXGL68_FDME220052123-1a.93
1,SDHZD3.111
1,FNXYCHL21.82
1,FXJWS4.100
1,FNMHLBE23.46
1,FNXYCHL35.91
1,FGSYC80.120
1,FXJCJ43.49
2,FJXSRPY44.21
1,FAHBZ27_FDME220050707-1a.13
2,FSCPS61.1
2,FJSWXJ18.76
1,FNMHLBE13.62
1,L1EFC230247_FHLJZD44_S90_L001.13
1,L1EFC230410_FSXTY46_S53_L003.84
2,FGD16M_FDME220051998-1a.59
1,FHNFQ32.45
2,FGZ30M_FDME220052028-1a.110
2,FYNDL23hun.35
1,FSHXBX164.56
2,FSCPS10.34
1,FQHXN84.71
2,FeceHeNa16.81
2,FHuNHHMY48.12
2,FJXSRPY55.27
2,FJSNT31.46
1,FHBSJZ21.68
1,FNMHHHHT33.37
2,FHuNHHMY67.20
1,FGSZY14.10
2,FSHHK39_FDME220054508-1a.40
2,FBJ18.39
2,FGXGL7_FDME220052062-1a.19
1,FXJKS4.68
1,FHNFQ17.19
2,FFJLY58_FDME220051277-1a.72
1,FBJ7.99
1,FSHXBX172.27
2,FSCDJY49.1
2,FGZ37M_FDME220052037-1a.24
2,FAHWH43_FDME220050760-1a.81
1,FSCPS9.24
1,FHuBWH2.48
2,FCQNA2.27
1,FBJ30.101
2,FHuNHHMY32.130
1,FXJWS43.78
2,FFJLY16.90
1,FGSYC77.53
1,FXJSW40.30
2,FSCDJY76.73
2,FYNLJ34.37
1,FXJWS10.2
2,FSCCD14hun.39
2,FFJLY3_FDME220051240-1a.107
2,FCQJJ3.65
1,FGSZY46.66
2,FHuNHHMY6.9
2,FZJHZD3hun.20
2,FSCDJY61.50
1,FSHXBX150.52
2,FFJLY75.13
1,L1EFC230272_FXJCJ36_S156_L002.26
1,FNMHLBE31.165
2,FZJTZ14.113
1,FJLHD36.71
2,FJXSRPY33.129
2,FGDLZ29.35
2,FJSNT28.61
2,FHLJZD26.57
1,FHBSJZ35.28
1,FZJHZD22.78
1,FNXYCHL58.57
1,L1EFC230320_FTJS0005_S246_L003.26
1,FSDJN15.16
1,FHNXY28.45
2,FJXSRPY11.102
1,L1EFC230273_FXJCJ38_S157_L002.99
1,FHLJYC5.35
2,FJLHD30.38
1,FGSYC8.41
1,FNMHLBE17.90
1,FGSZY7.84
2,FJSWX84.53
1,FFJLY7_FDME220051244-1a.31
2,FCQNA3.23
1,FJSWXJ27.20
2,FJLHD28.66
1,FSXLL9.17
2,FJXSRPY52.27
2,FJXSRPY40.28
1,L1EFC230395_FSHXXA48_S38_L003.64
2,FZJTZ43.51
1,FSXLL18.59
2,FSCCD6.4
2,FSCDJY68.40
1,FQHXN83.31
1,FSDQZ28.37
1,FJSWXJ5.18
1,FNMHLBE30.69
2,FGDLZ31.41
2,FNXYCHL90.21
2,FJXSRPY43.79
2,FHLJZD32.69
1,FZJHZD30.100
1,L1EFC230293_FXJWS14_S176_L002.85
1,FBJ61.49
1,FSXLVLS10.43
1,FSDJN49.31
1,FHNFQ26.59
2,FGSYC26.43
2,FSHCM9_FDME220054526-1a.109
1,L1EFC230390_FSHXXA28_S33_L003.60
1,FTJS020.55
2,FZJTZ33.13
1,FGSYC10.3
1,FTJBH51.24
1,FSDQZ27.131
2,FZJTZ57.42
2,FFJLY56_FDME220051237-1a.62
1,FNMHHHHT29.11
2,FSHCM38.109
1,FGSZY11.85
2,FJXSRPY45.61
2,FJXSRPY53.28
2,FSXTY29hun.96
2,FSCDJY92.85
2,FSCCD16.12
1,FXJYN17.66
2,FZJTZ60.100
1,FXJSW36.57
1,FeceHuNa150139_FDME220052282-1a.11
1,FSHXWN4hun.94
1,FJLHD17.39
1,FNMHHHHT14.28
1,SDHZ11.15
1,FGSYC25.75
2,FSCCD23.108
2,FJXSRPY37.53
2,FSXTY32.3
2,FQHXN4.116
1,FSHXBX143.30
1,FNXYCHL39.46
2,FJLHD42.91
1,L1EFC230334_FJXFC03_S260_L003.55
1,L1EFC230292_FXJWS12_S175_L002.76
1,SDHZD9.64
1,FSDLZ41.17
1,FGSYC48.25
2,FGXGL53_FDME220052108-1a.21
1,FSXTY48hun.13
1,FSDQZ40.3
1,FHBSJZ23.27
1,FNMHHHHT12.92
1,FSDLZ07.60
1,FTJBH37.50
2,FGXGL38_FDME220052093-1a.70
1,FSHXXA25.30
1,FQHXN113.102
1,L1EFC230332_FTJS0029_S258_L003.81
1,FXJSW11.113
1,SDHZD2.150
1,FXJKS25.77
1,FNMHHHHT32.1
1,FHNXY52hun.36
1,FBJ43.82
1,FSHCM62.93
2,FSCDJY13.32
2,FBJ16.100
2,FAHWH35_FDME220050752-1a.87
2,L1EFC230278_FXJCJ44_S162_L002.53
1,FSDJN22.9
2,FHBSJZ25.27
1,FTJBH42.43
1,FBJ44.76
2,FHuNHHMY40.30
2,FHuNHHMY14.51
1,L1EFC230294_FXJWS15_S177_L002.16
1,FQHXN103.109
1,FTJBH61.84
1,FHLJYC35_FDME220052684-1a.41
1,FSXLVWS6.134
2,FCQNA27.1
1,FGSYC62.20
2,FHLJZD58.64
1,FSHXWN6.93
1,FSXTY34.46
2,FAHWH21_FDME220050743-1a.87
1,FNMHHHHT31.75
2,FHuNHHMY20.37
2,FQHXN7.41
1,FSDJN33.69
1,FSXTY9.3
1,FHLJZD54.59
2,FNXYCHL57.56
1,FXJCJ55.92
1,M2CF06.38
2,FBJ10.66
1,FJSWXJ42.92
2,FJSWXJ4.92
2,FJSNT45.62
1,M2CF11.17
1,FXJSW38.27
1,FNMHLBE18.34
2,FJXSRPY30.14
2,L1EFC230246_FHLJZD42_S89_L001.58
1,FHNFQ39.67
1,FHLJZD28.47
1,FGSYC43.67
1,FSXLVLS25.51
2,FGDLZ36.8
2,FJLHD35.67
2,FGSYC85.14
1,FHNFQ50.61
1,FGSYC84.46
2,FYNDL28hun.186
2,FHuNHHMY26.3
2,FHLJZD43.62
2,FHNFQ33.23
1,FSHCM11hun.33
1,FGSYC83.82
2,FZJTZ37.33
2,FJXSRPY27.144
1,FNMHLBE25hun.66
1,FNXYCHL55.90
1,FNXYCHL6.26
2,FQHXN5.48
1,FXJSW10.94
2,FFJLY23_FDME220051254-1a.26
2,FQHXN56.7
1,FSHXBX4.66
2,FJXSRPY21.70
2,FCQTY016.1
2,FSHXBX135hun.41
1,FSDJN32.70
2,FeceHeNa20.3
2,FHLJZD17.45
1,L1EFC230310_FXJWS40_S236_L003.39
2,FSXTY44.12
1,FSXTY45.50
2,L1EFC230355_FJXFC53_S313_L004.73
2,FSCCD7hun.83
2,FSCDJY93.29
2,FFJLY15_FDME220051249-1a.33
1,FSXLVLS20.98
1,FSXLVLS2.84
2,FSCCD12.5
1,FBJ21.33
1,FSHXWN17.21
1,FHLJZD53.64
2,FJXSRPY24.132
1,FZJTZ55.58
1,FNXYCHL63.37
1,FSHXXA41hun.34
1,L1EFC230259_FXJCJ15_S144_L002.54
2,FSDJN19.57
1,L1EFC230264_FXJCJ23_S148_L002.133
2,FSHXWN3.81
1,FNMHLBE27.84
2,FHuNHHMY10.69
1,FXJWS7.75
1,FXJKS42.31
1,FHLJYC19.53
1,FSDLZ59.57
1,FNXYCHL44.124
2,FQHXN58.30
1,FXJSW6.12
2,FSDQZ16.54
1,FSXTY47.67
2,FJNDD19_FDME220051236-1a.27
2,FSXLVLS1.7
1,FHLJYC12.24
1,FSCCD4.27
1,FHBSJZ26.55
2,FQHXN64hun.82
2,FJLHD48.18
1,SDHZD4.68
2,FSCCD3.114
2,FCQHC10.111
1,FSHXBX112.66
1,FGSYC73.65
2,FHNFQ8.83
2,FGXGL92.33
2,FZJHZD2hun.32
1,FAHBZ12.18
2,FGXGL35_FDME220052090-1a.20
2,FAHWH39_FDME220050756-1a.78
1,FeceHuNa150111_FDME220052262-1a.17
1,L1EFC230279_FXJCJ45_S163_L002.33
2,FXJCJ19.14
2,FJSNT35.89
2,FJXSRPY46.30
1,FTJBH59.72
1,L1EFC230245_FHLJZD36_S88_L001.87
1,FXJSW21.83
1,FSDLZ31.5
1,FAHBZ24.15
1,FSDLZ05.25
2,FSHCM7.113
1,FSHXWN13hun.46
1,FJLHD52.48
2,L1EFC230350_FJXFC33_S308_L004.47
2,FSHHK6.42
1,FNXYCHL45.105
1,FSXLL17.40
2,FNMHHHHT44.28
1,FHNFQ48.48
1,FSDJN11.35
1,FGSYC4.68
1,FAHWH09.2
1,FQHXN89.59
1,FSXLL8.96
1,FSDLZ26.54
1,FQHXN34.56
1,FQHXN2.33
1,FXJSW37.50
1,FHLJZD31.41
1,FNXYCHL92.88
1,FXJCJ54.14
1,FHLJZD24.96
1,L1EFC230265_FXJCJ24_S149_L002.67
1,FHNFQ56.101
1,FTJBH35.18
1,FNXYCHL72.86
2,FGDLZ17_FDME220051916-1a.52
2,FHNFQ7.64
