tree_group,mag
1,FXJSW22.156
2,FNMHLBE23.93
2,FNMHLBE30.101
1,FQHXN93.88
1,FXJKS12.77
2,FNMHLBE24.13
2,FHNXY15.58
1,FXJSW7.125
2,FSCCD1hun.44
2,FJLHD21.23
2,FAHBZ20_FDME220050700-1a.98
1,FXJSW14.56
1,FQHXN94.25
2,FGDLZ31.25
2,FAHBZ57_FDME220050732-1a.55
1,FXJCJ43.39
1,FXJKS3.81
1,FXJKS25.44
2,FXJYN11.127
1,FQHXN85.94
1,FQHXN74.62
2,FQHXN55.2
2,FHNXY37.80
2,FXJSW13.43
1,FQHXN96.56
1,FXJKS11.124
2,L1EFC230351_FJXFC35_S309_L004.60
2,FAHBZ27_FDME220050707-1a.99
2,FNMHLBE32.25
2,FNMHLBE20.20
2,FNMHLBE28.42
2,FQHXN76.109
2,M214F02.89
1,FXJYN39.59
2,FGDLZ29.106
2,FHNFQ20.10
2,FHHMY4.96
1,FQHXN97.153
2,M1C6.151
1,FXJKS23.128
2,M1DZ11.98
2,FNMHLBE22.98
