tree_group,mag
1,FQHXN92.36
2,FHLJZD26.39
1,M1C4.26
2,LNSY2.11
1,FXJCJ65.1
2,FNMHLBE27.29
1,FQHXN59.31
2,FSHXBX61.81
1,L1EFC230249_FHLJZD48_S134_L002.31
1,FSHXWN13hun.120
1,FZJJH12.3
1,FSHXWN11hun.29
1,FSXTY4.24
2,FQHXN10.54
1,FNXYCHL17.26
1,FSCCD19.61
1,FHNXY42.5
2,FXJSW6.17
2,FSCPS68.44
1,L1EFC230386_FSHXXA15_S344_L004.87
2,FHuNHHMY30.61
1,FGSYC82.70
1,FQHXN57.6
2,FGXGL41_FDME220052096-1a.57
1,FHLJZD32.55
1,FAHBZ59_FDME220050734-1a.13
1,FSHXBX4.59
1,FTJBH61.81
1,FHNFQ54.34
1,FSHXWN25.24
1,FHBSJZ32.39
2,FNMHHHHT41.29
1,FJLHD31.34
1,SDHZD9.77
1,FHLJZD13.63
1,FSXTY3.59
2,FGDLZ4_FDME220051908-1a.51
2,FHHMY5.16
1,L1EFC230246_FHLJZD42_S89_L001.47
1,FHNFQ25.10
1,FAHBZ34.61
2,FeceHuBe150124_FDME220052845-1a.50
2,FXJWS48.47
1,FXJKS24.6
1,FSHXWN16hun_FDME22H000406-1a.75
2,FJXSRPY35.37
1,FJSWX72.32
2,CS9.26
1,FeceHuNa150144_FDME220052287-1a.29
2,FAHWH13_FDME220050739-1a.35
2,FCQNA24.27
2,FHBSJZ12.14
1,FSHXWN4hun.102
2,FHuBWH5.26
2,FAHWH07.53
1,FSHXWN37hun_FDME22H000410-1a.47
1,FNMHLBE15.87
1,FSHXWN34hun_FDME22H000409-1a.1
2,FHuBWH21.1
1,FSHXBX114.33
1,L1EFC230279_FXJCJ45_S163_L002.25
1,FSDLZ48.9
1,FSHCM14_FDME220054531-1a.72
2,FAHWH39_FDME220050756-1a.26
2,FHHMY63.102
1,FNMHHHHT32.71
1,FYNLJ56.7
1,FSHHK7_FDME220054481-1a.41
1,FNXYCHL6.125
1,FHLJZD52.53
1,FZJJH11.79
1,FCQNA41.24
2,FJXSRPY24.6
1,FHLJZD9.18
1,FXJWS43.45
1,FNMHLBE17.92
2,FZJJH14.7
2,FXJKS27.110
2,FJSNT14.40
1,FJLHD2.61
1,FSDLZ20.85
1,FXJCJ57.44
1,FXJCJ10.69
2,FSHCM9_FDME220054526-1a.55
1,FSHXWN24.50
1,L1EFC230379_FSHXXA03_S337_L004.14
1,FHNFQ56.29
2,FNXYCHL49.6
2,FSCPS8.111
1,M130R01.6
1,FXJKS8.98
2,FNXYCHL3hun.14
1,FHLJZD46.7
