tree_group,mag
1,FXJKS34.44
2,FHLJZD58.34
1,FSCPS8.34
1,FSXTY1hun.35
2,FNMHHHHT15.104
1,FSCPS69.27
1,FSDQZ39.153
2,FGXGL49.124
2,FHNFQ8.22
1,FGXGL74_FDME220052129-1a.94
2,FNXYCHL50.74
1,FSHHK33hun.99
1,FZJTZ21.67
2,FSHCM99.49
1,FZJTZ53.94
1,FHLJZD55.9
2,FSDLZ11.74
1,FXJSW11.47
2,FSCCD2.38
1,FCQNA43.44
2,L1EFC230294_FXJWS15_S177_L002.13
1,FGXGL4_FDME220052059-1a.51
1,FGXGL34_FDME220052089-1a.139
2,FeceGuXi150110.104
1,FBJ67.67
1,FHNFQ2.89
2,FTJS016.81
2,FQHXN48.76
2,FAHBZ12.36
2,FSCDYJ6.55
2,FBJ29.145
1,FAHBZ10_FDME220050692-1a.16
1,FJSWXJ43.117
1,FGXGL24_FDME220052079-1a.36
2,FSDLZ08.34
2,FHuBWH29.47
1,FGDLZ65_FDME220051946-1a.5
2,FZJTZ69.67
1,FSHXBX14.92
1,FBJ58.32
1,FSHHK28_FDME220054497-1a.156
1,FQHXN45.68
1,FeceGuXi15011.104
1,FSDQZ35.104
2,FHLJYC36_FDME220052685-1a.74
2,FSHCM75.98
1,FBJ14.40
2,FFJLY53_FDME220051276-1a.16
2,FHuNHHMY58.62
1,FNMHLBE35.22
2,FBJ65.118
2,L1EFC230393_FSHXXA37_S36_L003.74
1,L1EFC230251_FXJCJ01_S136_L002.54
2,FSHXBX70.83
1,FCQTY048_FDME220051133-1a.68
2,FGDLZ19_FDME220051917-1a.51
1,FNXYCHL55.120
2,FCQTY159_FDME220051194-1a.11
2,FHNXY60.46
2,FJLHD23.26
2,FSHXWN6.82
1,M1DZ11.158
2,FHLJDQ7.94
2,FHBSJZ34.97
2,FNXYCHL61.98
1,FJXSRPY54.86
2,FJSWXJ40.66
1,FSXLL3.97
1,FSHCM39.82
2,FSDLZ40.108
2,FHLJYC4hun.71
1,FSDLZ42.32
2,FSHHK25_FDME220054495-1a.67
1,FJSNT15.35
2,FHLJZD45.103
2,FJSNT30.140
2,FCQTY063_FDME220051143-1a.68
1,FJLHD55.6
2,FXJWS29.93
2,FHLJYC24hun.86
1,FJXSRPY35.122
1,FSXTY59.73
1,FNXYCHL93.47
1,FHLJDQ10.65
2,FSHXBX151hun.80
2,FGSYC6.70
1,FSDQZ46.34
2,FNXYCHL5.7
1,FTJBH76.33
1,FHLJYC8hun.71
1,L1EFC230284_FXJCJ58_S167_L002.26
2,FHLJZD2.27
1,FYNLJ52.92
2,FSDQZ18.91
1,FGXGL75_FDME220052130-1a.35
2,FJSWXJ25.119
1,FSHHK49_FDME220054516-1a.119
2,FSDLZ59.105
2,FXJSW2.23
2,FeceHuNa150120_FDME220052269-1a.27
2,FYNLJ22hun.29
2,SDHZ24.44
2,FSDLZ25.45
2,FJXSRPY12.120
1,FZJTZ19.109
2,FXJSW37.65
2,FSDLZ49.24
2,FSHXWN22.45
1,FeceHuBe150119_FDME220052841-1a.147
1,FZJTZ63.28
1,FZJTZ35.7
2,FSDJN12.79
2,FSHXXA38.62
1,FHBSJZ3.6
2,FeceHuBe150125_FDME220052846-1a.115
1,FCQNA40.80
1,FNXYCHL33.87
1,M1C6.182
2,FHuNHHMY47.48
2,FGDLZ55_FDME220051935-1a.25
2,FGSYC77.2
1,FTJBH30.64
2,FSDLZ30.61
2,L1EFC230387_FSHXXA17_S345_L004.82
2,FSHCM42hun.7
1,L1EFC230369_FSHXBX54_S327_L004.44
2,FeceHeNa7.58
2,L1EFC230376_FSHXBX69_S334_L004.43
2,FXJCJ21.91
2,FJXSRPY38.30
2,FJLHD45.99
1,FGXGL61_FDME220052116-1a.27
2,FJLHD44.10
1,FSHCM96.57
2,FHLJYC42_FDME220052691-1a.62
2,FHLJYC37_FDME220052686-1a.3
2,FNMHHHHT10.121
2,FQHXN30.74
1,FQHXN16.49
2,FJXSRPY10.103
2,FSXLVWS9.20
1,FXJYN1.67
2,FSCPS11.120
2,FSHCM56.30
1,FSHXBX157.144
1,L1EFC230337_FJXFC09_S263_L003.14
2,FGSZY33.65
1,FSDQZ33.61
2,FHNFQ12.119
1,FGSYC60.44
1,FZJTZ10.27
2,FXJSW50.55
1,FSDLZ02.32
2,FSCPS4.95
2,FNXYCHL44.28
2,FSXLVLS3.124
2,FXJCJ19.9
1,FSDJN37.30
1,FGDLZ81_FDME220051959-1a.57
1,FSHHK10_FDME220054482-1a.102
2,FHuBWH36.60
2,L1EFC230246_FHLJZD42_S89_L001.8
1,L1EFC230339_FJXFC12_S265_L003.50
2,FSHCM62.111
2,M214F02.84
1,FHuNHHMY1.4
2,FZJHZD7hun.8
1,FJLHD32.26
1,FHNFQ5.110
2,FGSZY51.44
1,L1EFC230318_FTJS0001_S244_L003.47
1,FSXTY14.25
2,FXJYN36.147
1,L1EFC230266_FXJCJ25_S150_L002.14
2,FJSWXJ14.113
2,L1EFC230361_FSHXBX31_S319_L004.33
1,FQHXN6.38
2,FSHXBX134hun.67
2,FSDLZ48.126
1,FJSWXJ4.17
2,FNXYCHL1.41
2,FHLJYC14.104
1,L1EFC230285_FXJCJ59_S168_L002.69
1,FBJ1.53
1,FGSYC76.38
1,FZJTZ25.111
2,FXJCJ43.23
2,M119R01.75
2,FHNXY3.22
2,FNXYCHL89.18
2,FNXYCHL71.110
1,FGXGL11_FDME220052066-1a.13
2,FAHBZ27_FDME220050707-1a.61
2,FJNDD4_FDME220051221-1a.44
1,FXJSW10.37
1,FSCDJY64.24
1,FJNDD5_FDME220051222-1a.9
2,FJSNT32.75
1,FSDLZ03.34
2,FGXGL59_FDME220052114-1a.60
1,FTJBH7.25
1,FTJBH2.3
2,L1EFC230306_FXJWS35_S232_L003.83
2,FSHXHZ9.69
1,L1EFC230310_FXJWS40_S236_L003.47
2,FGXGL88.75
2,FHNXY46.89
1,FHNXY7.158
2,FSCDJY57.117
1,FAHBZ21_FDME220050701-1a.35
1,FHBSJZ57_FDME220052248-1a.77
2,FGDLZ15_FDME220051915-1a.124
1,FZJHZ8.58
2,FNXYCHL46.29
2,FeceHuBe15013_FDME220052831-1a.63
2,FHBSJZ27.104
2,FNXYCHL41.67
1,FSXTY15.4
1,FXJWS4.135
2,FSHXBX169.79
1,FSHXBX155.79
1,FAHWH14.13
1,FYNLJ66.104
2,FGSZY3.23
1,FSCPS27.81
1,FZJTZ9.81
2,FSHCM4hun.92
1,FHuNHHMY52.119
1,FHuNHHMY70.65
2,FSCCD6.37
2,FJSWX107.57
2,FNXYCHL6.21
1,FJSWXJ7.60
2,FSHXBX27.15
1,L1EFC230344_FJXFC20_S302_L004.53
1,FHLJZD28.102
2,L1EFC230327_FTJS0023_S253_L003.36
1,FSDLZ39.62
2,FXJSW20.92
2,M2CF04.142
2,FSHXHZ8.22
2,FSXTY53.32
2,FJSNT31.73
2,FGZ3M_FDME220051970-1a.113
1,FSDLZ20.56
2,FXJSW8.2
2,FSCCD9.94
2,FXJYN21.41
1,FHuNHHMY37.5
2,FSHXBX138.15
2,FSCDJY45.104
2,FXJWS38.85
2,FSCDJY22.6
2,FHLJYC39_FDME220052688-1a.87
2,FBJ2.24
2,FGZ15M_FDME220051995-1a.59
1,FJLHD34.64
1,FFJLY7_FDME220051244-1a.33
1,L1EFC230343_FJXFC19_S301_L004.58
2,FXJSW22.168
2,FHuNHHMY16.72
2,FSXTY3.20
1,FZJHZD28.80
1,FJSNT20.34
2,FSDLZ27.19
1,FeceHuBe150133_FDME220052849-1a.101
1,FJSWXJ37.5
2,FZJHZD8.22
1,L1EFC230264_FXJCJ23_S148_L002.65
1,FZJTZ54.65
1,L1EFC230258_FXJCJ14_S143_L002.101
2,FXJSW12.46
2,FHuNHHMY3.128
1,FHNFQ50.105
1,L1EFC230237_FHLJZD20_S82_L001.79
1,FSDJN36.75
1,FQHXN106.71
2,L1EFC230334_FJXFC03_S260_L003.105
1,FSDLZ47.136
2,FXJYN18.19
1,FHLJYC18hun.83
1,FHNXY34.80
1,FXJSW17.46
1,FeceHeNa26.178
2,FQHXN7.92
2,FSCPS10.102
2,FNMHLBE14.148
1,FJXSRPY21.62
1,FSDLZ50.44
2,FSDQZ42.8
1,FHNFQ30.5
1,FNXYCHL53.24
2,FSXTY12hun.65
1,FSDJN35.38
2,L1EFC230366_FSHXBX48_S324_L004.11
2,FGZ28M_FDME220052025-1a.63
2,FXJWS22.8
1,FSDJN55.25
2,FGSZY37.11
2,FCQNA5hun.86
2,FSHXBX90.65
2,FXJSW48.67
1,FSHCM15_FDME220054532-1a.36
1,FSHCM80.75
1,FSDQZ16.119
2,FSCDJY67.44
2,FSDLZ07.103
1,FJSWX86.16
1,FHLJYC21.60
1,FAHBZ15.84
1,FNXYCHL38.50
1,FAHBZ48_FDME220050725-1a.60
2,FXJKS24.20
2,FGSYC86.96
1,FSCDJY49.103
2,FGXGL12_FDME220052067-1a.86
2,FSDLZ26.16
2,FSHHK50_FDME220054517-1a.44
1,FHLJYC38_FDME220052687-1a.54
1,FSCDYJ9.12
1,FGDLZ84_FDME220051962-1a.37
1,FQHXN54.83
2,FSHHK38_FDME220054507-1a.51
2,FSHXHZ18.51
2,FSDLZ21.109
1,FHuNHHMY46.16
1,L1EFC230325_FTJS0011_S251_L003.127
1,L1EFC230391_FSHXXA34_S34_L003.35
2,FSDLZ58.48
1,L1EFC230363_FSHXBX41_S321_L004.113
2,FSCCD11.125
2,FNMHLBE10hun.118
1,FJLHD10.7
1,FeceGuXi150114.115
1,FNXYCHL58.75
1,L1EFC230355_FJXFC53_S313_L004.8
2,FAHBZ40_FDME220050717-1a.121
2,FSDLZ17.90
2,FNMHHHHT19.54
2,FSHXHZ10.77
1,FHLJZD16.1
2,FHNXY48.171
2,FSHHK4.68
1,FSXTY60.49
2,FSDQZ13.25
2,FeceHuNa150137.99
1,FeceHeNa27.42
1,L1EFC230279_FXJCJ45_S163_L002.32
2,FHuNHHMY56.63
2,FJXSRPY39.66
2,FHuNHHMY30.87
2,FBJ50.6
2,FSCCD14hun.164
1,FJLHD21.106
2,FTJS020.49
1,FCQNA9hun.185
2,FBJ20.50
2,FSDQZ19.160
1,FZJTZ55.2
2,FGSYC82.20
2,FAHBZ59_FDME220050734-1a.92
1,FSXTY2hun.76
1,FSDLZ01.115
1,FHLJZD6.87
2,FHLJZD46.69
2,L1EFC230328_FTJS0025_S254_L003.22
1,FQHXN1.85
2,FHLJZD49.48
1,FSDQZ15.59
1,FSXLVLS20.116
1,FSHXBX65.91
1,FNMHLBE13.40
2,FHLJYC15.53
1,FZJTZ6.2
2,FJLHD37.103
2,FSHXXA35.32
2,FQHXN15.64
1,FXJKS11.46
1,FJLHD18.109
2,L1EFC230236_FHLJZD14_S81_L001.71
2,L1EFC230305_FXJWS34_S231_L003.113
1,FQHXN13.19
2,M124R01.4
2,FCQNA6hun.13
2,FNMHLBE7.71
2,FQHXN22.81
2,FSCPS43.48
1,FGDLZ85.5
2,FeceHeNa20.131
1,FXJYN3.136
1,FHNFQ13.130
2,FSCPS50.31
2,FBJ57.50
2,FNMHLBE12.77
1,FJSNT45.20
2,FGSYC20.3
