tree_group,mag
1,FFJLY37_FDME220051266-1a.78
2,FFJLY44_FDME220051272-1a.6
1,FYNDL20hun.5
2,FQHXN19.7
2,FZJTZ66.27
2,FGZ37M_FDME220052037-1a.91
2,FJSWXJ15.30
2,L1EFC230382_FSHXXA06_S340_L004.70
2,FSHXBX140.6
1,FZJTZ64.9
2,FGXGL83_FDME220052138-1a.28
2,M1DZ01.22
2,FJSWXJ23.48
2,FFJLY35.22
2,FNXYCHL73.82
1,FQHXN93.135
2,FCQTY106_FDME220051177-1a.65
2,FSCPS37.56
2,FQHXN69.54
1,FAHWH01.17
2,FSHXHZ21.95
2,FCQNA12.45
2,FeceGuXi15016.57
1,FXJYN23.33
1,FSXTY49.52
1,FJSWX91.34
2,FHuBWH20.13
2,FSHCM94hun.3
1,FSDLZ43.19
1,FAHWH11.36
2,FZJTZ58.54
1,FXJYN28.18
1,FSCPS19.19
1,FSCPS22.16
1,FCQTY155_FDME220051191-1a.30
1,SDHZD12.21
2,FJSWXJ28.73
2,BJHD9.26
1,FJXSRPY29.54
2,FSXTY13hun.17
1,FTJBH5.83
1,FSHXWN4hun.46
1,FCQTY048_FDME220051133-1a.14
2,FSXLL8.62
1,FCQTY136_FDME220051181-1a.26
1,FSXLVLS14.12
2,FSHXBX12.140
1,FNMHLBE29.36
2,FSCPS41.31
1,FBJ32.21
2,FJSNT55.85
2,FJSNT27.91
1,FSHXBX142.80
1,FHNXY9.28
2,FCQTY157_FDME220051193-1a.11
2,FAHWH18.42
2,FAHWH02.41
2,FXJSW49.60
1,FHuBWH8.22
2,FGSZY33.18
2,FXJKS39.14
2,FZJTZ12.88
1,FGDLZ80_FDME220051958-1a.47
1,L1EFC230308_FXJWS37_S234_L003.17
1,FFJLY74.45
1,FGSYC28.48
1,FYNLJ24.13
1,FHLJYC32.60
2,FSXLL7.10
1,FSXTY61.76
2,FNMHLBE24.53
2,FGSYC89.46
1,FJSWXJ1.5
1,FGSYC31.45
2,L1EFC230297_FXJWS23_S223_L003.6
2,FHNFQ2.55
1,FZJTZ32.54
1,FSXLL12.48
1,M129R01.53
1,HeNJZ5hun.19
2,HeNJZ7hun.7
1,FGXGL5_FDME220052060-1a.41
2,FBJ25.14
2,FHuBWH3.6
2,M2CF20.17
2,FQHXN68.58
1,L1EFC230292_FXJWS12_S175_L002.71
1,FHNXY23.52
1,FXJKS28.27
1,FGSZY53_FDME220051904-1a.72
2,FNXYCHL58.86
2,FCQNA8.11
1,FSCPS6.14
2,FHBSJZ1.5
2,FNXYCHL24.142
1,FHNFQ36.51
2,FSHHK34_FDME220054503-1a.13
1,FHNXY38.18
1,FQHXN113.100
2,FGSZY13.71
2,FGSZY26.54
1,FGDLZ18.59
1,FeceGuXi15012.52
2,FJSWXJ12.70
1,FSHHK6.56
1,FJND24_FDME220051215-1a.38
1,FQHXN84.22
1,FTJS006.29
2,FGSZY20.8
2,FSDQZ6.24
1,FHBSJZ25.39
1,FNMHHHHT14.53
2,WH4_FDME220052854-1a.33
2,FSXLL11.44
1,FGXGL16_FDME220052071-1a.139
2,FGSYC51.16
1,FSHXXA23.43
1,FSHXWN1.2
2,FSHXBX27.4
1,FQHXN47.30
1,FXJKS14.2
1,FXJCJ11.10
2,FJSWXJ32.26
1,FNXYCHL23.47
1,FSHCM41hun.17
1,FHuBWH30.5
2,FJSWXJ6.16
2,FFJLY5_FDME220051242-1a.65
2,FNMHHHHT12.65
1,L1EFC230251_FXJCJ01_S136_L002.39
2,FXJKS49.28
1,FeceHuNa150133_FDME220052276-1a.56
1,FAHBZ19.10
1,FXJKS18.15
1,FCQNA41.27
1,FSXTY44.31
2,FJLHD27.11
2,FSDJN61.55
2,FQHXN80.23
2,FJSWX98.35
2,FSXTY22.66
1,FCQTY060_FDME220051140-1a.49
2,FHuNHHMY28.45
1,FAHWH04.16
1,FQHXN26.53
1,FJLHD15.88
2,FHLJZD6.89
2,FNXYCHL39.135
2,FJSWX77.2
2,JSZJ1.27
2,FTJBH76.1
2,FAHWH30_FDME220050748-1a.88
2,FHuBWH35.16
2,M2CF07.23
1,FCQHC4.18
2,FXJKS43.127
1,FHuBWH6.18
1,FSDLZ46.42
2,FSCPS92.131
1,FGSYC5.39
1,FNXYCHL49.124
1,FXJYN35hun.57
2,FHBSJZ3.22
1,FHLJZD59.10
1,L1EFC230275_FXJCJ40_S159_L002.43
2,M115R01.110
2,FSXTY52.26
1,FSCCD21hun.50
2,FYNDL18hun.43
1,FHLJYC35_FDME220052684-1a.32
2,FGXGL93.66
2,FHBSJZ59_FDME220052250-1a.13
1,FeceHuNa150113_FDME220052264-1a.58
2,FSHXBX176.7
2,FJSWXJ37.31
1,FSCPS94.6
2,FHuBWH40.5
2,FSXTY15.31
2,FCQNA22hun.6
1,FSHXXA22.9
1,FeceHuNa150140_FDME220052283-1a.81
1,FGXGL71_FDME220052126-1a.7
1,FXJCJ10.59
2,FGSYC33.66
1,L1EFC230272_FXJCJ36_S156_L002.21
2,FQHXN65.32
1,L1EFC230257_FXJCJ13_S142_L002.48
1,FZJJH4hun.9
1,FeceHuNa150117_FDME220052266-1a.91
1,FSHXBX74.39
1,FHuNHHMY43.76
2,FSHXWN8.30
1,FAHWH38_FDME220050755-1a.73
2,FeceHuNa150141_FDME220052284-1a.23
1,FGSYC91.78
1,FCQJJ3.75
2,FCQJJ1.22
1,FGXGL74_FDME220052129-1a.83
2,L1EFC230340_FJXFC13_S266_L003.25
1,FeceGuXi15019.49
1,FHuNHHMY45.17
1,FXJCJ3.38
2,FXJCJ55.76
2,L1EFC230362_FSHXBX40_S320_L004.17
1,FHBSJZ16.51
1,FCQNA3.56
1,FSDQZ25.58
1,FJSNT8.35
2,FHuNHHMY53.13
1,FGXGL59_FDME220052114-1a.30
2,FQHXN78.86
1,FAHWH07.21
1,FAHBZ9_FDME220050691-1a.10
2,FXJYN36.126
2,FSHXWN16hun_FDME22H000406-1a.76
2,FSHCM13_FDME220054530-1a.58
2,FSHXWN32.5
1,FSHXXA46.30
2,L1EFC230284_FXJCJ58_S167_L002.83
2,FZJJH6.7
2,FQHXN87.8
2,FGSZY30.70
2,FHNFQ29.97
