tree_group,mag
1,FYNLJ9.7
1,FCQTY162_FDME220051195-1a.37
1,FHuNHHMY1.37
1,FNXYCHL28.43
1,FSHXHZ8.106
1,FHuNHHMY78.48
1,FSXLVLS18.24
1,FNXYCHL42.1
1,FGSYC71.19
1,FCQNA9hun.34
1,FCQTY012.16
1,FYNLJ4.50
1,FSHCM75.78
1,SDHZD2.90
1,FJSNT35.77
2,FeceHeNa11.23
1,FCQTY104_FDME220051175-1a.89
1,FHNXY12.25
1,FSDJN50.9
2,FAHWH24_FDME220050745-1a.43
1,FSCPS4.107
2,FCQTY087_FDME220051157-1a.64
1,FCQTY149_FDME220051188-1a.66
1,FCQTY141_FDME220051183-1a.31
1,FHNFQ23.19
1,FHNFQ12.126
2,SDHZD12.46
1,FFJLY42.52
1,FYNLJ57.82
1,FCQTY088_FDME220051167-1a.6
2,FSHCM14_FDME220054531-1a.109
1,FSHCM94hun.77
2,FGXGL11_FDME220052066-1a.7
1,FSCDJY61.74
1,FZJTZ29.29
1,FJLHD18.76
1,FGZ29M_FDME220052027-1a.28
2,FCQTY029_FDME220051123-1a.9
1,FSHCM5_FDME220054522-1a.82
1,FCQTY159_FDME220051194-1a.10
1,FFJLY59_FDME220051278-1a.9
1,FYNLJ50.83
1,FZJTZ30.25
1,FeceHeNa20.33
1,FGZ4M_FDME220051972-1a.15
1,FSHHK27hun.58
1,FSDLZ44.37
1,FGDLZ33_FDME220051920-1a.49
1,FSHCM37.49
1,FSDQZ5.58
1,FSCPS52.79
1,FSHHK25_FDME220054495-1a.1
1,L1EFC230263_FXJCJ22_S147_L002.9
1,FSDJN46.52
1,FNXYCHL30.117
2,FHuBWH1.36
2,FSHXHZ25.29
1,FYNLJ7.49
1,FYNLJ70.18
1,FXJYN41.40
1,FSHCM93.71
2,FHNXY52hun.54
1,FHNXY23.62
2,FTJBH29hun.29
1,FSHCM8.2
1,FHuNHHMY70.51
1,FGZ34M_FDME220052034-1a.22
1,FZJHZD3hun.53
2,FSHCM61hun.36
1,FCQHC16.102
1,FGXGL12_FDME220052067-1a.75
1,FGXGL42_FDME220052097-1a.59
