tree_group,mag
1,FGZ3I1.12
2,FYNDL26hun.10
2,FYNDL17hun.7
2,FJXM1_FDME220051158-1a.26
2,FYNDL14.3
2,FGD20I1_FDME220052009-1a.4
2,AHFY1.30
1,FGZ29I2_FDME220052039-1a.20
2,FJND17_FDME220051208-1a.3
2,JSYZ27.33
2,FJND10_FDME220051202-1a.7
2,BJHD1.28
2,NMGCF1hun.21
2,SDHZ14.25
2,SHXXA6.35
2,SDHZ23.33
1,FGXGL37_FDME220052092-1a.13
1,HLJDQ3.18
1,JXNC2.9
2,FGZ39I1_FDME220052049-1a.4
2,FGZ40I1_FDME220052052-1a.6
1,FZJJH6.20
2,FYNDL15.25
2,SDHZ5.4
2,BJHD5.41
2,FGD23I2_FDME220052015-1a.18
2,FXJCJ11.24
1,FGD6I1.2
2,SDZB5.9
2,FSDQZ41.26
2,FZJHZ14.12
2,SDHZ9.21
2,SHSJ1_FDME220054474-1a.17
2,BJHD8.9
