tree_group,mag
1,M1DZ12.47
1,FJXSRPY30.60
1,FGXGL87_FDME220052142-1a.6
1,FJXSRPY40.93
1,FSCDJY76.82
2,FSDQZ41.47
1,FHNXY41.98
1,L1EFC230277_FXJCJ42_S161_L002.49
1,FSHHK30_FDME220054499-1a.109
1,FSHXBX153.34
2,FSHCM2.35
1,FHBSJZ42_FDME220052233-1a.70
2,FGSZY33.17
1,FSHXWN15.46
1,FZJHZD12.32
1,FGXGL32_FDME220052087-1a.187
2,FGSZY29.26
1,FNXYCHL64.37
1,FJXSRPYG41.57
1,FSHHK36_FDME220054505-1a.28
1,FYNDL21hun.102
1,FZJTZ50.59
1,FAHBZ26_FDME220050706-1a.5
1,FHLJYC32.90
1,FSDLZ53.99
1,FQHXN56.70
2,FBJ7.27
2,FGZ27M_FDME220052023-1a.36
2,FGSYC57.1
1,FHLJZD45.71
2,FJNDD15.51
2,FZJHZD21.91
2,FHBSJZ17.24
1,FJXSRPYG20.91
1,L1EFC230392_FSHXXA36_S35_L003.35
1,FSXLVWS1hun.55
2,FGSZY35.24
1,FZJTZ11.43
1,L1EFC230319_FTJS0003_S245_L003.38
1,FHLJZD16.39
1,FHLJZD9.61
1,FBJ2.1
1,FSHXBX123hun.61
1,M1DZ10.63
1,FJXSRPY45.83
1,FHLJZD54.51
1,FZJHZD13hun.33
1,FZJTZ63.84
1,FSHCM52.62
1,FQHXN76.51
1,FSDLZ07.124
1,L1EFC230395_FSHXXA48_S38_L003.110
2,FHBSJZ25.6
1,FJXSRPY54.124
1,FZJTZ34.36
1,FNMHLBE4.40
1,FSCPS45.49
2,FGZ34M_FDME220052034-1a.69
1,FNMHHHHT15.146
2,FGSYC80.76
1,FHuNHHMY23.60
1,FHuNHHMY75.45
2,FXJYN27.61
2,FSDQZ16.151
1,FGXGL13_FDME220052068-1a.68
1,FJXSRPY39.32
2,FXJYN32.13
1,FSHHK10_FDME220054482-1a.57
1,FHuNHHMY69.20
1,FHNFQ40.78
2,FQHXN6.82
1,FNMHLBE31.113
1,FAHWH35_FDME220050752-1a.135
1,FHLJZD18.86
1,FJXSRPY25.8
1,FGXGL35_FDME220052090-1a.3
2,FNXYCHL95.67
1,FSDLZ11.13
1,FTJBH25.106
2,L1EFC230297_FXJWS23_S223_L003.85
1,FHNXY31.35
1,FHNXY32.4
1,FZJTZ24.57
1,FAHWH24_FDME220050745-1a.17
1,L1EFC230325_FTJS0011_S251_L003.129
2,FGSZY36.15
1,FSCDJY12.21
