tree_group,mag
1,L1EFC230388_FSHXXA20_S346_L004.23
1,FSXTY15.54
1,FGDLZ35.35
1,FAHBZ1_FDME220050683-1a.37
2,M1C7.99
2,FSXTY53.3
1,FSHCM44hun.16
1,FSDJN27.53
2,L1EFC230247_FHLJZD44_S90_L001.102
2,FSXLVLS20.108
1,FTJBH33.117
2,FSHCM62.51
2,L1EFC230243_FHLJZD33_S86_L001.20
2,FHLJZD41.108
2,FAHBZ2.45
NA,FZJTZ52.40
2,FHuBWH24.20
2,FHLJYC5.144
2,FCQTY010.86
1,FSHCM83.3
1,FHLJZD16.51
2,FJSNT21.94
1,FSDLZ39.72
2,FSHXBX139.5
2,FGSYC45.46
2,FZJTZ68.30
2,FSHHK28_FDME220054497-1a.126
1,FSHCM4hun.8
2,FHuNHHMY77.62
2,FNXYCHL5.78
2,FSCPS68.97
1,FSHXHZ21.67
2,FSXLL14.122
1,FSDJN62.51
2,FSDLZ21.30
1,FHLJYC4hun.119
2,FXJSW17.119
2,FXJKS6.78
2,FGSZY57_FDME220051907-1a.19
2,FNXYCHL53.7
2,L1EFC230310_FXJWS40_S236_L003.22
2,L1EFC230347_FJXFC25_S305_L004.34
2,FAHWH07.118
2,FJSWXJ7.28
1,FAHWH38_FDME220050755-1a.112
2,FSDLZ32.23
1,FSHXBX174.44
1,FSHXXA41hun.53
2,L1EFC230341_FJXFC14_S267_L003.12
2,FGDLZ81_FDME220051959-1a.103
1,FAHBZ48_FDME220050725-1a.76
2,FXJKS13.14
2,FGDLZ9_FDME220051911-1a.27
1,FNMHHHHT10.107
2,FSHHK41_FDME220054510-1a.24
2,FSHCM23_FDME220054538-1a.39
1,FTJBH39hun.3
2,FHLJYC13.78
1,FNXYCHL71.7
2,FXJSW48.117
2,FHNXY46.137
2,FXJKS47.123
2,FGXGL75_FDME220052130-1a.125
2,FAHBZ36.4
1,L1EFC230294_FXJWS15_S177_L002.28
1,FNXYCHL50.114
1,FXJYN3.142
2,FNMHLBE4.105
2,FCQNA15.16
1,FSDLZ58.72
2,FXJYN19.63
2,FHLJDQ10.12
2,FGXGL71_FDME220052126-1a.16
2,FBJ63.96
1,FJXSRPY24.74
2,FQHXN99.163
1,FSHCM53.11
2,FJXSRPYG9.93
2,FJLHD33.114
2,FJSWXJ13.56
2,FSHXWN14.29
2,FCQNA6hun.104
1,FHHMY4.30
1,FAHBZ43.45
1,FGDLZ15_FDME220051915-1a.153
2,FSHXBX21.22
2,L1EFC230328_FTJS0025_S254_L003.72
2,FSDQZ6.29
2,FeceHuNa150114_FDME220052265-1a.43
1,FXJWS18.21
1,FHLJZD58.108
NA,FCQNA9hun.64
2,FAHBZ21_FDME220050701-1a.140
1,FHNXY20.81
2,FJSNT23.32
2,FGDLZ24_FDME220051919-1a.86
2,FJSWXJ14.112
2,FGDLZ53.64
2,FSHXBX57.24
1,FSXLVLS13.130
1,FSDJN6.23
2,FSHXBX12.12
1,FSDJN50.100
2,FHLJZD1.6
2,FQHXN112hun.18
1,FSDQZ33.101
2,FYNLJ76.27
2,FAHBZ23_FDME220050703-1a.32
2,L1EFC230306_FXJWS35_S232_L003.52
1,FAHBZ51_FDME220050728-1a.59
1,FeceHuBe150119_FDME220052841-1a.55
1,FSHCM57.149
2,FSHHK16_FDME220054486-1a.36
2,FHNFQ6.98
2,FJLHD23.107
2,FSHXBX28.90
2,FTJBH19.139
2,FHNXY30.73
2,FSHXHZ5.17
2,FSHXBX25.38
2,FSDLZ49.89
2,FSDLZ09.58
2,FSXTY35.37
2,FHNXY19.90
2,FJNDD5_FDME220051222-1a.32
2,FSDQZ29.9
2,FJSWX96.68
1,FHuNHHMY30.92
2,FTJBH49.77
2,FHuNHHMY64hun.96
1,FAHBZ38.16
2,FNMHLBE1.63
1,FNXYCHL3hun.73
2,M2CF04.113
2,FGXGL63_FDME220052118-1a.89
2,FSDLZ28.35
1,FAHBZ32_FDME220050712-1a.43
2,L1EFC230361_FSHXBX31_S319_L004.68
2,M1C5.45
2,FXJCJ4.122
1,FBJ50.92
2,FSHXBX79.137
2,FHNFQ28.1
2,FCQTY092_FDME220051170-1a.26
2,FHNFQ2.52
2,FQHXN45.64
2,FGSYC74.1
2,FXJSW20.59
2,SDHZD2.144
2,FTJBH93.17
2,FSDQZ16.73
2,FNXYCHL56.64
2,FHNXY7.115
2,FSCPS27.127
2,FXJYN40.113
1,FSDJN51.60
2,FSDQZ21.69
1,FGSZY44.81
1,FSHXBX71.13
2,FQHXN109.115
2,FSDQZ27.41
1,FZJTZ69.47
1,FZJTZ25.15
2,FSDLZ48.26
2,FSDQZ46.31
2,FQHXN106.123
2,FGXGL32_FDME220052087-1a.115
2,FSDQZ39.37
2,FSCPS62.59
2,FZJHZD6.121
1,FNXYCHL42.62
2,FSHHK12hun.54
2,FSHXHZ13.125
2,FJSNT20.69
2,FSHXBX157.162
1,FTJBH_17.115
1,FNXYCHL30.46
2,FSHHK4.103
2,FGSZY48.155
1,FHLJYC29.30
1,FHNXY8.6
1,FBJ53.97
2,FZJTZ21.46
2,FHuBWH23hun.125
2,FSCDJY64.99
2,FZJTZ23.101
2,FHNXY57.3
2,FSDQZ42.156
2,FGXGL74_FDME220052129-1a.95
2,FXJWS41.20
2,M104R01.126
2,FGXGL3_FDME220052058-1a.17
1,FHNXY49.106
2,FXJKS34.86
1,FSHXHZ1.25
1,FSHXWN15.82
2,FAHBZ40_FDME220050717-1a.11
1,FHNFQ13.51
2,FJSWXJ37.116
2,FSHCM17_FDME220054534-1a.74
2,FSXTY39.27
2,FQHXN97.6
2,L1EFC230298_FXJWS24_S224_L003.81
1,FHLJYC24hun.26
1,FAHBZ41_FDME220050718-1a.18
2,FGZ6M_FDME220051977-1a.26
1,FSHHK38_FDME220054507-1a.55
2,FSHHK44.54
2,FXJSW8.129
2,FHLJYC14.71
2,FeceGuXi15013.29
1,FTJBH17.115
2,FSHXBX176.134
2,FXJKS42.97
2,FGXGL16_FDME220052071-1a.56
2,FSXLVLS3.54
2,FJLHD34.42
2,FHNFQ20.40
2,FSXTY52.98
2,FSHCM90.77
2,FGSZY45.1
1,FHLJYC39_FDME220052688-1a.100
1,FeceHuNa150110_FDME220052261-1a.35
2,FJXSRPY8.7
2,FSHXBX167.8
2,FeceHuNa150120_FDME220052269-1a.102
2,FSHXBX148.157
2,FSHHK14.133
2,FXJKS35.78
2,FSHHK49_FDME220054516-1a.42
2,M101R01.23
1,FTJBH51.39
2,FSDJN60.71
1,FXJCJ31.120
1,FJSWX86.12
1,FTJBH2.127
1,FNMHHHHT15.136
2,FSDLZ29.10
2,FSDJN35.56
1,FSHHK23hun.33
2,FHLJDQ7.87
2,FHBSJZ4.105
1,FGXGL23_FDME220052078-1a.150
2,FNXYCHL93.65
2,FQHXN54.86
2,FGZ4M_FDME220051972-1a.53
NA,FGXGL51_FDME220052106-1a.68
2,M1DZ07.117
2,FJSNT32.92
1,FNMHHHHT11.67
2,FGXGL34_FDME220052089-1a.12
1,FSHXBX78.139
2,L1EFC230246_FHLJZD42_S89_L001.95
2,FXJSW1.45
2,FSXLL17.68
2,L1EFC230319_FTJS0003_S245_L003.37
1,FJLHD37.66
2,FGSYC51.56
NA,FXJKS10.48
2,L1EFC230325_FTJS0011_S251_L003.50
2,FHNXY1.25
2,FSHCM39.81
2,FHNXY42.98
2,FJSWXJ2.124
2,FSXLVWS8hun.122
2,FSDQZ31.73
2,FSDLZ55.67
2,M1C3.22
1,FSCCD8hun.81
2,FAHBZ33_FDME220050713-1a.92
2,FJLHD44.3
1,FCQTY155_FDME220051191-1a.66
2,SDHZ24.167
1,FJSWXJ32.49
2,FGXGL43_FDME220052098-1a.2
2,FSDLZ02.115
1,FSHHK25_FDME220054495-1a.157
2,M1C1.96
1,FXJKS40.160
2,FQHXN18.81
2,FGDLZ56_FDME220051936-1a.125
2,FeceHeNa8.75
2,FeceHuBe150125_FDME220052846-1a.27
