tree_group,mag
1,FTJS006.67
1,FeceHeNa2.3
1,FSHCM57.142
2,FCQTY145_FDME220051185-1a.38
1,FSHXBX43.30
1,FGSZY13.43
1,FNXYCHL71.132
1,FeceHeNa1.13
1,FSDLZ40.68
1,L1EFC230382_FSHXXA06_S340_L004.79
1,FBJ29.120
1,FSHHK25_FDME220054495-1a.140
1,FQHXN64hun.128
1,FSCPS61.38
2,FGXGL56_FDME220052111-1a.72
1,FGDLZ68.86
2,FAHBZ20_FDME220050700-1a.193
1,M106R01.17
1,FGSZY32.21
2,FNMHHHHT10.36
1,FXJSW11.67
2,FNXYCHL24.65
1,FCQNA5hun.29
1,FGSZY37.116
1,FSHXBX75.55
1,FBJ25.67
1,FSDJN17.43
1,FSHCM7.83
1,FAHWH09.30
1,FSHCM86hun.69
1,FHNXY7.165
2,FSHHK42_FDME220054511-1a.91
1,FSHCM75.81
2,FXJSW15.14
1,FGDLZ64_FDME220051945-1a.41
2,FZJJH12.27
1,FSDJN62.71
1,FCQNA10.5
1,FGSYC74.21
1,FCQNA9hun.193
1,FGXGL31_FDME220052086-1a.78
1,FGSZY28.115
2,FHuNHHMY64hun.15
2,FeceHeNa17.37
1,FeceHeNa7.124
1,FSHHK38_FDME220054507-1a.49
1,FHLJYC5.58
1,FZJTZ23.1
1,FAHBZ60_FDME220050735-1a.107
1,FSHXBX80.70
1,FCQNA15.48
1,FSXLL3.85
1,FQHXN58.45
2,FGDLZ51.36
1,FSCPS11.37
1,L1EFC230267_FXJCJ26_S151_L002.30
1,FSHXWN15.2
1,FYNLJ50.72
1,FGXGL63_FDME220052118-1a.80
2,FQHXN106.111
1,FZJTZ26.104
1,FAHWH20_FDME220050742-1a.57
2,FXJSW48.128
2,L1EFC230285_FXJCJ59_S168_L002.87
2,FSDJN37.125
1,FCQTY085_FDME220051156-1a.36
1,FHuNHHMY6.131
2,FTJBH7.39
1,FSCPS35.43
1,FGDLZ50_FDME220051930-1a.42
1,FSDLZ25.41
1,FeceHuBe15017_FDME220052835-1a.4
1,FTJS020.116
1,FHNXY38.75
1,FHuNHHMY39.39
1,FGZ6M_FDME220051977-1a.8
2,FJSNT71.11
1,FSXTY52.1
1,FTJBH30.34
1,FQHXN23.64
1,FHNFQ31.33
2,FAHBZ44_FDME220050721-1a.21
1,FSHHK35_FDME220054504-1a.89
1,FCQTY039_FDME220051129-2a.51
1,FCQTY012.77
1,FJSNT25.18
1,FQHXN7.188
1,L1EFC230269_FXJCJ28_S153_L002.46
1,FCQTY054_FDME220051137-1a.33
1,L1EFC230387_FSHXXA17_S345_L004.84
1,FJSWXJ8.49
1,FCQTY165_FDME220051196-1a.56
1,FZJTZ36.20
2,FGDLZ81_FDME220051959-1a.52
1,FSHXWN32.90
1,FAHWH21_FDME220050743-1a.131
2,FGDLZ76_FDME220051956-1a.36
2,FSXLVLS2.5
1,FAHWH05.24
1,FZJTZ40.72
1,FTJBH51.13
1,FCQTY136_FDME220051181-1a.46
2,FCQTY148_FDME220051187-1a.94
1,FSXLVLS13.117
1,FCQTY157_FDME220051193-1a.7
1,FZJTZ19.20
1,FGSZY16.27
2,FGDLZ17_FDME220051916-1a.122
1,FYNLJ68.59
1,FAHBZ59_FDME220050734-1a.84
1,FGXGL22_FDME220052077-1a.87
2,M101R01.5
2,FJLHD33.66
2,FSHXBX12.40
1,FGSZY57_FDME220051907-1a.74
1,FJXSRPYG41.87
1,FCQTY094_FDME220051171-1a.4
1,FJSNT24.94
1,FeceGuXi150110.86
1,FNMHHHHT27.9
2,FXJYN11.96
1,L1EFC230325_FTJS0011_S251_L003.68
1,FSCDJY31.46
1,FAHBZ18_FDME220050698-1a.98
1,FeceHuNa150137.28
1,FGSZY24.71
1,FJXSRPY8.88
1,FGZ9M_FDME220051984-1a.7
1,FHLJDQ9.41
1,FTJBH74.114
1,FQHXN22.96
1,FSCPS68.112
1,FQHXN99.16
1,FJLHD45.4
1,FAHBZ12.54
1,FCQTY006.42
1,FTJBH61.20
1,FGXGL65_FDME220052120-1a.115
1,L1EFC230389_FSHXXA21_S347_L004.40
2,FSHXBX176.33
1,FSHXBX106.69
1,FSHXWN12.25
2,FGDLZ24_FDME220051919-1a.65
1,FSDLZ30.48
2,FGSZY23.78
2,FJSNT30.27
1,FNXYCHL45.47
1,FGDLZ63_FDME220051944-1a.92
1,FCQTY155_FDME220051191-1a.141
1,FGSZY11.76
2,FeceHuBe150133_FDME220052849-1a.67
1,FHLJYC32.68
1,FSCPS39.91
1,FeceGuXi150114.8
1,FGXGL69_FDME220052124-1a.76
1,FHNXY46.11
2,FJXSRPY17.3
1,FSHXBX78.125
2,FJSWXJ43.20
1,M1C12.42
1,FSHXBX20.129
1,L1EFC230295_FXJWS19_S222_L003.33
1,FJXSRPYG7.32
1,FNMHLBE10hun.9
1,L1EFC230294_FXJWS15_S177_L002.21
1,M105F01.98
2,FSCCD4.95
1,FeceHuNa150136.65
1,FJSNT67.140
1,FZJTZ25.17
2,FCQTY010.104
1,FHLJDQ12.54
1,FQHXN107.55
1,L1EFC230345_FJXFC21_S303_L004.33
1,FeceHuNa15012_FDME220052260-1a.113
1,FSCPS41.94
1,L1EFC230386_FSHXXA15_S344_L004.54
