tree_group,mag
1,FQHXN96.60
1,FBJ65.75
1,FHNFQ39.88
2,FYNDL21hun.11
2,FGSZY11.20
2,FHNFQ52.14
2,FNXYCHL58.58
1,L1EFC230250_FHLJZD56_S135_L002.33
1,FXJSW39.79
2,FJLHD52.35
1,FJXSRPY48.69
2,FXJSW20.12
2,FXJSW2.6
2,FSDQZ43.75
2,L1EFC230285_FXJCJ59_S168_L002.24
2,FSHXBX126.126
2,FAHBZ10_FDME220050692-1a.15
1,FSHXBX153.56
1,FSDQZ11.28
2,FGSYC90.19
1,FYNLJ35.56
2,FTJBH51.4
2,FHuNHHMY45.59
2,FeceHuBe150111.17
2,FBJ67.118
2,FXJSW22.47
2,FGSZY55.26
2,FGSYC7.105
1,FXJSW17.74
1,FGXGL61_FDME220052116-1a.35
2,FAHBZ57_FDME220050732-1a.61
2,FXJKS51.97
2,FSHXBX45.20
1,FXJSW14.85
1,FCQNA28.83
2,FGSYC6.7
