tree_group,mag
1,FJSWX89.67
1,FNMHLBE35.37
1,FQHXN67hun.99
1,FAHBZ22_FDME220050702-1a.56
2,FNMHHHHT10.129
1,FGDLZ35.103
1,L1EFC230369_FSHXBX54_S327_L004.7
1,FAHBZ3_FDME220050685-1a.60
1,FSXTY1hun.5
1,FQHXN51hun.41
2,FQHXN105.84
1,FXJKS12.88
2,FSDJN12.181
1,FHNFQ25.1
1,FSHXBX17.33
1,FHuNHHMY6.64
1,L1EFC230305_FXJWS34_S231_L003.50
1,FeceHuNa150112_FDME220052263-1a.35
1,L1EFC230359_FSHXBX16_S317_L004.26
2,L1EFC230250_FHLJZD56_S135_L002.85
1,FSHXBX170hun.45
1,FSXTY42.13
1,FGDLZ21.17
1,FHLJZD31.68
1,FSHXBX23.27
1,L1EFC230243_FHLJZD33_S86_L001.82
1,FQHXN90.87
1,FSHXWN30.69
1,L1EFC230393_FSHXXA37_S36_L003.31
1,FAHBZ15.95
1,FBJ57.96
1,FGDLZ8_FDME220051910-1a.46
1,FSDJN46.13
1,FNXYCHL53.106
2,FeceGuXi150117.8
1,FSDQZ43.115
1,L1EFC230248_FHLJZD47_S91_L001.73
1,FGSZY22.92
1,FYNLJ37.25
2,FJLHD32.15
1,FHuNHHMY43.69
2,FHuNHHMY23.82
1,FSHXBX28.62
1,FHuBWH36.96
2,FHLJZD52.65
1,FNMHLBE4.83
1,L1EFC230344_FJXFC20_S302_L004.143
1,FFJLY17_FDME220051250-1a.86
