tree_group,mag
1,FXJKS4.121
2,FAHBZ40_FDME220050717-1a.61
1,FSXTY1hun.142
1,FAHWH44_FDME220050761-1a.9
1,FGSYC73.66
1,FXJYN37hun.34
1,FNMHLBE18.92
1,FGSZY44.12
1,FNMHLBE35.50
1,FSXTY2hun.5
1,FHuNHHMY37.45
1,FHBSJZ11.22
1,M101R01.69
2,FYNLJ46.142
1,FCQTY010.32
1,FAHBZ60_FDME220050735-1a.82
1,FGSZY48.109
1,FXJKS50.132
1,FGSZY41.59
1,FNMHLBE31.152
1,FAHBZ20_FDME220050700-1a.90
1,FXJSW46.56
2,FSHXBX23.51
2,FJLHD45.30
2,FJLHD36.51
1,FSDLZ12.106
NA,FAHBZ10_FDME220050692-1a.126
1,FHNXY46.127
1,FGSZY11.83
1,FQHXN70hun.14
1,FQHXN93.72
1,FeceHuBe150133_FDME220052849-1a.84
1,FSHXBX27.57
1,FJSWX80.3
1,FSHXBX71.117
2,FHLJZD45.35
1,FGSYC77.14
1,FSXTY60.42
1,FQHXN96.7
1,FXJWS22.48
1,FXJKS34.65
1,FNMHHHHT37.120
1,FAHBZ33_FDME220050713-1a.100
1,FQHXN102.71
