tree_group,mag
1,FGZ27I1_FDME220052024-1a.2
1,SDJN10hun.18
2,FSHCM12_FDME220054529-1a.71
1,L1EFC230327_FTJS0023_S253_L003.48
1,FSDJN13.71
1,FJSNT16.69
2,FJLHD2.49
1,L1EFC230272_FXJCJ36_S156_L002.35
1,FJND9_FDME220051201-1a.14
1,FJSWXJ30.60
1,FXJCJ17hun.15
2,FZJTZ32.44
1,FSHXHZ8.61
1,FNMHHHHT20.99
1,FHNXY23.11
1,FYNDL6.27
1,FJXSRPY12.77
1,FCQTY109_FDME220051179-1a.26
2,FYNLJ72.49
1,L1EFC230372_FSHXBX62_S330_L004.41
1,FHLJZD50.32
1,FJSNT9.31
2,FSDLZ02.80
1,FJSNT3.31
2,FHuNHHMY83.91
1,FHNXY8.36
1,FCQTY152_FDME220051189-1a.3
1,FCQTY097_FDME220051172-1a.22
1,FSCPS95.13
1,FSXLVWS2hun.53
1,FFJLY53_FDME220051276-1a.78
1,FeceGuXi15015.20
1,FHuBWH30.4
1,FSDLZ10.37
1,FJSNT2.54
1,FSHXHZ12.26
1,FGSYC3.92
1,FJSNT5.26
2,FSHXHZ25.26
2,FSDJN42.7
1,FFJLY30_FDME220051260-1a.21
2,FCQJJ1.71
2,FGXGL38_FDME220052093-1a.84
1,M2CF13.33
2,FCQTY144_FDME220051184-1a.63
2,FJLHD31.66
1,FGSYC61.65
1,FSHCM8.5
1,L1EFC230385_FSHXXA13_S343_L004.80
1,FSDJN16.82
1,FZJTZ19.114
1,FSCCD4.17
1,L1EFC230291_FXJWS11_S174_L002.40
1,FJLHD48.17
1,FZJTZ21.104
1,FSHHK49_FDME220054516-1a.84
2,FSCCD2.23
1,FHLJYC20.33
1,FSHCM1_FDME220054518-1a.22
1,FSHCM20_FDME220054535-1a.13
1,FJSNT55.14
2,FYNLJ76.75
2,FSHXBX15.14
1,FCQTY102_FDME220051174-1a.52
1,FHBSJZ36.27
1,FJSWXJ14.49
1,FJNDD9_FDME220051226-1a.25
1,FNMHLBE2.92
1,FCQTY060_FDME220051140-1a.16
1,FJSNT4.46
