tree_group,mag
1,FSDJN10.14
1,FJSWXJ5.12
2,FQHXN21.31
1,FHuBWH35.17
2,FAHBZ37_FDME220050714-1a.83
2,FSDLZ60.2
1,FHuNHHMY53.14
2,FeceHeNa15.26
2,FJFZ1_FDME220051165-1a.20
2,FJLHD47.47
2,FSHXBX144.6
2,FFJLY59_FDME220051278-1a.20
2,FNMHHHHT12.86
2,L1EFC230315_FXJWS47_S241_L003.28
2,FZJTZ46.33
1,FHBSJZ1.30
2,FHuNHHMY28.40
2,FeceHeNa9.35
2,FAHBZ39_FDME220050716-1a.11
2,FHHMY5.10
2,CS10.30
1,FGDLZ80_FDME220051958-1a.28
2,JXNC4.29
2,FAHWH34_FDME220050751-1a.23
2,FSHXBX10.2
2,FSDQZ47.33
1,FSDJN28.77
2,FeceHeNa12.11
2,FFJLY44_FDME220051272-1a.48
2,FZJTZ66.33
1,FAHWH11.56
2,FeceHeNa1.52
2,FJSNT44.29
2,FHuBWH25hun.50
2,FCQNA41.17
2,M1C14.29
2,FTJBH46.8
1,FJSNT29.15
1,FAHWH06.70
1,FHuBWH12.11
2,FJSWX92.38
1,FeceHuNa150145.45
2,FAHWH32_FDME220050750-1a.67
2,FJLHD27.24
1,FNMHHHHT28.19
2,FSXTY32.2
1,FFJLY73.74
2,FSCDYJ6.75
2,FSHCM81.50
2,FFJLY48.43
2,FCQTY152_FDME220051189-1a.23
2,FZJTZ45.29
2,FAHWH16.46
2,FJND13.9
2,FeceHuNa150143.4
1,FSHHK40_FDME220054509-1a.71
1,FSXTY3.43
2,FFJLY71.9
2,FAHWH30_FDME220050748-1a.1
2,FSHHK33hun.26
2,FSHXWN12.21
1,FHuBWH20.41
2,FSCPS5.54
1,FZJJH13.22
2,FCQTY021_FDME220051118-1a.11
2,FJSWX81.11
2,FCQTY059_FDME220051139-1a.63
2,FTJBH2.132
2,FSDLZ45.46
1,FFJLY30_FDME220051260-1a.32
2,FFJLY37_FDME220051266-1a.36
1,LNSY2.24
2,FSXLL11.36
2,FAHWH05.72
1,FHLJYC16.58
2,FAHWH36_FDME220050753-1a.10
1,FHLJYC11.4
1,L1EFC230357_FJXFC55_S315_L004.14
2,FBJ36.50
2,FQHXN9.11
1,FSHXBX163.101
2,M2CF21.50
2,FZJTZ3.18
1,FSHXXA33.32
1,FJXSRPY44.73
1,FHuBWH31.36
2,FSCDJY12.22
2,FGXGL63_FDME220052118-1a.68
2,FSCCD13.73
2,FGXGL48_FDME220052103-1a.32
2,FJSWXJ9.9
2,FGSZY40.32
2,SDHZ8.37
2,FSXTY16hun.25
2,FSCPS89.67
1,FGSYC28.34
2,FQHXN20.10
2,FSHXWN37hun_FDME22H000410-1a.9
2,FSHCM41hun.31
1,FCQNA19.24
2,FFJLY35.5
2,FXJWS50.8
1,FZJJH11.15
2,FBJ61.38
2,FFJLY64.38
2,FTJBH82.33
2,L1EFC230326_FTJS0013_S252_L003.10
2,FGXGL5_FDME220052060-1a.23
1,FXJYN12.11
1,FHuBWH13.16
2,FQHXN110.39
2,FJND14_FDME220051206-1a.35
2,FJND19_FDME220051210-1a.14
2,FCQNA27.25
2,FSHXWN26hun.5
1,FSHXBX164.29
1,FJSWX72.16
1,FeceHuNa150141_FDME220052284-1a.5
1,FXJCJ55.61
2,FJSNT8.56
2,FHBSJZ12.25
1,FSHHK3_FDME220054479-1a.34
2,FZJJH9.33
2,FFJLY74.84
2,FSXLVLS7.34
2,FSXLL19.40
2,FJSNT40.8
2,FZJTZ33.48
2,FCQNA20hun.48
2,FJSNT60.42
2,FJSWXJ17.73
2,FFJLY6_FDME220051243-1a.32
2,FZJTZ27.37
2,FBJ18.11
1,FeceHeNa18.55
2,FTJS002.9
1,FGXGL83_FDME220052138-1a.25
2,FSHHK31hun.33
2,SDHZD4.46
2,FHLJZD26.31
2,L1EFC230275_FXJCJ40_S159_L002.54
2,FZJHZD24.70
1,FJXSRPY43.39
2,FSHXXA32.9
1,FHLJYC17hun.41
2,FNXYCHL43.37
2,FGXGL98.12
2,FHuBWH7.8
2,M206F01.90
2,FSHHK24hun.41
1,FCQTY004.25
1,FAHWH37_FDME220050754-1a.20
1,FSHCM37.58
2,FXJCJ16.51
2,FJXSRPY23.89
2,HuNCS3.23
2,FGDLZ18.24
1,FTJBH52.18
2,FJXSRPY52.53
2,FCQTY136_FDME220051181-1a.74
2,FQHXN3.34
2,FSXTY52.33
2,FZJTZ51.23
2,FGZ29M_FDME220052027-1a.26
2,FAHBZ26_FDME220050706-1a.34
2,FSHXBX169.7
2,FTJBH42.31
2,FTJS006.54
1,FJSWXJ18.75
2,FAHWH12_FDME220050738-1a.72
2,FSCDJY60.32
2,FSXLL15.3
2,FJSWXJ2.23
2,FHuBWH18.26
2,FSCDJY50.32
1,FHLJDQ4.38
2,FSHHK47_FDME220054514-1a.81
2,FZJHZ13.35
2,FGXGL92.73
1,FQHXN28.36
2,FJSNT71.16
