tree_group,mag
1,FXJKS10.125
1,FJXSRPYG19.85
2,FSHXBX90.29
1,FSHXBX155.151
2,FSHCM21_FDME220054536-1a.110
1,FSHXBX88.102
1,FXJKS51.172
1,FXJKS48.26
1,FGDLZ68.81
1,FSXLVLS25.78
2,FSDQZ16.175
1,FGSYC73.15
1,FAHBZ10_FDME220050692-1a.149
1,FXJKS34.21
1,FSDLZ25.6
1,FSHXBX57.106
1,FGSZY30.15
2,FSHXBX148.103
1,FJSWXJ38.153
2,FJSWXJ43.121
2,FSDQZ39.29
1,FXJKS11.184
1,FXJKS23.84
1,FJSWXJ2.64
2,FYNLJ80hun.73
1,FXJCJ21.119
1,FXJKS17.46
2,FHNFQ19.27
1,FSDQZ31.83
2,FYNLJ79.64
1,FGSYC30.29
1,FGSZY22.64
1,FGSZY29.50
1,FHNFQ39.41
1,FSDLZ01.113
1,FNXYCHL6.80
1,FSHXBX28.124
1,FXJKS49.69
1,FZJTZ1.18
2,FHNFQ2.80
1,FXJKS25.94
1,FGSZY3.28
1,FZJTZ52.62
1,FGSZY36.96
2,FHNFQ5.44
2,FHNXY7.25
1,FGDLZ35.61
1,FSDQZ20.120
