tree_group,mag
1,FGSYC85.21
1,FSXLL2.42
1,FSXLVLS11.72
1,FZJHZD30.70
1,FSHXBX141.23
1,FGXGL83_FDME220052138-1a.65
1,FNXYCHL88.48
2,FSCPS94.9
1,L1EFC230251_FXJCJ01_S136_L002.45
2,FGDLZ9_FDME220051911-1a.86
2,FeceHeNa12.19
1,FJSWX73.28
1,FGSYC49.88
1,FSHXBX28.2
1,FAHBZ45_FDME220050722-1a.29
1,L1EFC230263_FXJCJ22_S147_L002.58
2,FZJTZ52.15
2,FFJLY44_FDME220051272-1a.19
1,FCQTY089_FDME220051168-1a.31
1,FSHXBX66.102
1,FJXSRPY24.43
2,FJXSRPY39.3
1,FQHXN7.25
1,FSDJN17.13
2,FGXGL102.39
1,FSXTY27.67
1,FHNFQ23.16
2,FAHWH30_FDME220050748-1a.66
1,FJLHD8.72
1,FCQTY094_FDME220051171-1a.72
1,FeceHuBe150125_FDME220052846-1a.45
1,FQHXN2.29
1,FGSYC33.14
1,FSCCD8hun.30
1,FXJYN11.83
1,FHBSJZ16.63
1,FZJTZ32.47
1,FHuBWH12.65
1,FSXTY31.7
1,FFJLY5_FDME220051242-1a.29
1,FNXYCHL34.51
1,FHBSJZ17.31
1,FJNDD19_FDME220051236-1a.10
1,L1EFC230330_FTJS0027_S256_L003.18
1,FHuNHHMY1.18
1,FGXGL66_FDME220052121-1a.44
1,FSHCM99.79
2,FSDQZ20.3
1,FSHXBX91.4
1,FSDQZ17.87
1,FeceHeNa23.33
1,FXJYN24.20
1,FSHXBX67.16
2,FFJLY28.21
1,FHuNHHMY19.46
1,FHNXY4.53
1,FTJBH59.35
2,FHuNHHMY38.30
2,FCQTY141_FDME220051183-1a.65
1,FCQTY031_FDME220051125-1a.132
1,FCQTY072_FDME220051149-1a.14
2,FGXGL41_FDME220052096-1a.88
1,FZJTZ28.66
1,FXJSW37.57
2,FZJTZ68.8
2,FQHXN35.13
1,FHLJYC12.67
2,FFJLY25.23
1,FGZ9M_FDME220051984-1a.10
2,FCQTY030_FDME220051124-1a.54
2,FHuNHHMY15.43
1,FHNXY59.46
1,FGXGL38_FDME220052093-1a.5
1,FSHCM88hun.30
1,FGSYC65.46
1,FAHBZ50.22
1,FCQNA17.9
1,FZJHZD22.76
1,FHLJYC16.35
2,FJXSRPY46.1
2,FJXSRPY35.51
1,FSHXBX135hun.47
1,FGSZY28.86
1,L1EFC230307_FXJWS36_S233_L003.111
1,FHuBWH39.56
2,FZJTZ65.32
2,FCQTY010.71
2,FCQTY155_FDME220051191-1a.65
2,FSCPS4.96
1,FJNDD14_FDME220051231-1a.28
2,FeceHeNa25.80
2,FSHXBX50.10
1,FBJ69.54
1,L1EFC230267_FXJCJ26_S151_L002.120
1,FNMHHHHT12.68
2,FZJTZ10.44
1,FSHXBX143.35
1,FHuNHHMY58.57
1,FGXGL6_FDME220052061-1a.3
1,FSHHK45.24
1,FGXGL92.20
1,FSHXBX79.14
1,FSDLZ14.18
1,FSHCM72.30
1,FNXYCHL48.104
1,FGSYC69.73
2,FJSWXJ24hun.18
1,FZJJH12.105
1,FZJJHD1.60
1,L1EFC230347_FJXFC25_S305_L004.87
2,FHLJZD40.56
1,FGZ42M_FDME220052055-1a.52
1,FSXLVWS4.48
1,FSXTY49.117
1,FFJLY42.46
1,FTJBH11.21
1,FGXGL4_FDME220052059-1a.44
1,FeceHuBe15011_FDME220052829-1a.7
1,FNXYCHL62.69
1,FGSYC63.35
2,FHuNHHMY26.60
1,FCQNA22hun.16
1,FJLHD14.47
1,FGXGL73_FDME220052128-1a.8
1,FHNFQ22.16
2,FeceHeNa13.40
1,FGSYC47.33
2,FHLJYC20.14
2,FYNLJ34.9
1,FGDLZ42.18
1,FGXGL19_FDME220052074-1a.13
1,L1EFC230259_FXJCJ15_S144_L002.11
1,FSHXWN3.39
1,FNMHLBE4.37
2,FJSWXJ17.38
1,FSXLVLS6.64
2,FCQTY159_FDME220051194-1a.37
1,FSHCM87.74
1,BJHD3.25
1,FGSYC66.44
1,FCQTY070_FDME220051147-1a.38
2,FSHCM75.83
1,FSDLZ35.20
1,FCQTY043_FDME220051131-1a.73
2,FeceHuBe15013_FDME220052831-1a.93
1,FSHXBX123hun.74
1,FGXGL35_FDME220052090-1a.7
1,FSHXXA29.75
2,FCQTY009.23
1,FSHXWN32.59
1,FSDLZ33.79
1,FSXTY25.77
1,FHLJZD24.19
1,FSXTY10hun.44
1,FGXGL28_FDME220052083-1a.18
2,FSHXHZ8.45
1,FSHXWN24.38
1,FHBSJZ44_FDME220052235-1a.5
2,FSCDJY79.72
2,FJLHD25.20
1,FSHCM54.91
1,FHBSJZ18.27
1,FYNLJ70.8
1,FHNFQ11.85
1,FNXYCHL54.11
1,FTJS012.56
1,FHNFQ46.32
1,FSHXWN6.3
1,FGXGL86_FDME220052141-1a.27
1,FSXLL7.50
1,FQHXN47.58
2,FFJLY47.19
1,FTJBH4.35
1,FJXSRPY55.122
2,FSHXXA18.50
1,FGXGL59_FDME220052114-1a.82
1,FHBSJZ10.21
2,FGXGL96.31
1,FAHBZ54.32
1,FQHXN37.7
1,FGSYC89.27
1,FHBSJZ48_FDME220052239-1a.13
2,FGD18M_FDME220052004-1a.57
1,FSHXWN21.78
1,FXJCJ10.20
1,FGXGL93.44
1,FSDJN33.81
2,FJSNT31.82
1,L1EFC230310_FXJWS40_S236_L003.61
1,FSHHK9.84
2,FSHCM51.22
1,FHBSJZ41_FDME220052232-1a.79
1,FNMHHHHT23.38
1,FHLJZD13.27
1,FHNXY34.55
1,FSXTY57hun.71
2,FJXSRPY38.117
1,FHuBWH2.23
1,FZJHZD16hun.60
1,FSCDJY15.93
1,FSDJN38.51
1,FSHXXA14.68
1,FGSYC82.49
1,FXJYN17.56
1,FSHHK39_FDME220054508-1a.34
1,FGSZY15.59
2,FGXGL18_FDME220052073-1a.56
1,FSHXBX23.59
1,FJSWX77.50
1,FHNXY10.47
1,FGSZY20.19
2,FJSNT43.6
1,FFJLY18.33
1,FNXYCHL57.24
1,FHNXY35.8
2,FZJHZD28.48
1,FHBSJZ2.16
1,FHNXY28.20
1,FSXTY21.10
1,FSHCM11hun.45
1,FJXSRPYG4.53
1,FNMHLBE8.102
1,FJSWX90.40
2,FFJLY40_FDME220051269-1a.54
2,FHuNHHMY30.24
1,FHNXY48.109
1,FSHXXA16.6
1,L1EFC230253_FXJCJ05_S138_L002.10
1,FSXTY45.61
1,FCQTY021_FDME220051118-1a.49
1,FNMHHHHT16.40
1,FSHXBX65.125
2,FSCDJY69.125
2,FCQTY097_FDME220051172-1a.10
2,FJSNT11.21
2,FHBSJZ42_FDME220052233-1a.76
1,FXJKS10.83
1,FSXTY7hun.16
1,L1EFC230371_FSHXBX56_S329_L004.17
2,FeceGuXi15011.122
1,FGSZY14.27
1,FAHBZ1_FDME220050683-1a.54
1,M2CF06.120
1,FSDJN39.43
1,FZJTZ56.104
1,FSXLL3.8
1,FCQNA7.34
1,FeceHuNa150138_FDME220052281-1a.28
1,FJND15_FDME220051207-1a.18
2,FGZ38M_FDME220052048-1a.95
1,FCQNA23hun.9
2,FSHCM59.12
1,FHBSJZ14.70
2,FGZ10M_FDME220051987-1a.28
2,FFJLY59_FDME220051278-1a.1
1,FHuNHHMY53.19
1,FSCDJY93.84
1,FTJS032.48
2,FGXGL76_FDME220052131-1a.22
1,FHNXY40.27
1,FSCDJY63.78
1,FGDLZ63_FDME220051944-1a.52
1,FJSWX100.29
1,FFJLY53_FDME220051276-1a.100
1,FJLHD31.19
1,FGSZY54.36
1,FJNDD1.61
1,FAHBZ52_FDME220050729-1a.24
1,M1C4.72
1,SDHZD9.108
1,FQHXN1.83
1,L1EFC230252_FXJCJ02_S137_L002.1
1,FHNXY53.52
1,M2CF08.13
1,FSHXHZ4.63
1,FHLJZD58.51
1,FHNFQ32.31
1,FSDQZ18.116
1,L1EFC230386_FSHXXA15_S344_L004.36
1,FXJYN21.54
2,FXJCJ31.21
1,FSDLZ24.65
2,FSCDJY92.21
1,FYNDL18hun.56
2,FSDLZ18.28
1,FSHXBX158.57
1,FJXSRPYG14.63
1,FGSYC12.120
2,FJSNT30.74
1,FGD19M_FDME220052006-1a.5
1,FSHCM47.110
2,FeceGuXi150114.45
1,FTJS035.4
1,FXJYN18.78
2,L1EFC230376_FSHXBX69_S334_L004.93
1,FGSYC23.51
1,FAHBZ53.52
1,FSDJN23.15
1,FSXTY26.4
1,FNMHHHHT42.16
1,FSXTY12hun.79
1,FJXSRPY15.31
1,FHuBWH25hun.18
1,FHuNHHMY67.90
1,FZJHZD11.63
1,FBJ61.17
1,FSXTY58hun.20
1,FTJBH52.13
1,FNMHHHHT36.95
1,FGSZY32.64
1,L1EFC230345_FJXFC21_S303_L004.75
1,FSXTY44.51
1,FSCCD19.59
1,FSDQZ7.59
1,FNXYCHL92.7
1,FSXTY3.51
1,L1EFC230313_FXJWS45_S239_L003.108
1,FGZ39M_FDME220052051-1a.62
1,FAHWH35_FDME220050752-1a.128
1,FSCDJY45.105
1,FAHBZ14.3
1,FHNXY7.67
1,FSXTY42.55
1,L1EFC230362_FSHXBX40_S320_L004.75
1,M1DZ11.85
1,FHBSJZ13.13
1,L1EFC230275_FXJCJ40_S159_L002.55
1,FNXYCHL16.80
1,FSHCM49.56
1,FGSYC62.28
1,FSHXHZ5.65
1,FTJS020.13
1,FSHXBX21.24
1,FGSZY30.53
1,FSXTY29hun.52
1,L1EFC230333_FTJS0033_S259_L003.96
1,FJXSRPY51.2
1,FHBSJZ37.25
1,FBJ63.79
1,FXJSW7.66
1,FSDLZ53.31
1,FNMHHHHT18.30
2,FSHCM58.71
1,FTJBH19.85
1,FSCPS16.49
1,FSXTY47.32
1,L1EFC230329_FTJS0026_S255_L003.44
1,FNXYCHL22.63
2,FJSWXJ29.13
1,L1EFC230314_FXJWS46_S240_L003.27
1,FCQTY048_FDME220051133-1a.57
1,FGZ33M_FDME220052033-1a.17
2,FSHCM100.8
2,FSHCM17_FDME220054534-1a.27
1,FFJLY29_FDME220051259-1a.15
1,FJSNT6.16
1,FXJYN3.152
1,FJSNT28.65
1,FSHXHZ1.50
2,FSHHK5hun.5
2,FGDLZ22_FDME220051918-1a.25
1,FNMHLBE2.97
1,FNMHHHHT13.20
1,L1EFC230288_FXJCJ64_S171_L002.110
1,FSDJN24.33
1,FHuNHHMY81.42
2,FHNFQ29.82
1,FAHWH20_FDME220050742-1a.42
2,FJLHD15.106
1,FSXTY8hun.15
1,FGXGL33_FDME220052088-1a.54
1,FYNLJ36.1
1,FYNLJ58.37
2,FSHCM96.100
2,FHLJYC17hun.35
1,L1EFC230328_FTJS0025_S254_L003.33
2,FGXGL45_FDME220052100-1a.106
1,FSCPS12.50
1,FHNXY12.31
1,FSDJN8.74
1,FGXGL103.35
2,FHuNHHMY36.35
1,FSHXBX138.16
1,FGSYC4.96
1,FSHCM79hun.33
1,FSCDJY12.1
2,FeceHeNa16.39
2,FFJLY46_FDME220051273-1a.13
2,JSCZD12.80
1,FCQTY061_FDME220051141-1a.36
1,FGDLZ53.68
2,FSHCM21_FDME220054536-1a.67
2,FSCPS45.71
1,FTJBH83.24
2,FJNDD5_FDME220051222-1a.17
1,FHuBWH1.85
1,FSXLVLS21.35
1,FHBSJZ7.52
2,FeceGuXi150113.18
1,L1EFC230380_FSHXXA04_S338_L004.17
1,FXJSW23.37
1,FGSYC90.145
1,FXJYN27.37
1,FXJWS7.133
2,M2CF11.60
1,L1EFC230254_FXJCJ06_S139_L002.21
2,FSHHK50_FDME220054517-1a.89
1,FTJBH2.49
1,FNMHLBE20.15
1,FBJ13.60
1,FZJTZ33.37
1,FJNDD16_FDME220051233-1a.13
1,FGXGL30_FDME220052085-1a.4
1,FGXGL9_FDME220052064-1a.13
1,M2CF18.39
2,FCQNA25.60
1,FZJTZ16hun.92
1,FeceHeNa6.37
1,FGXGL7_FDME220052062-1a.38
1,FGXGL52_FDME220052107-1a.47
1,FHuNHHMY76.108
1,FNMHHHHT44.69
2,FFJLY39_FDME220051268-1a.41
1,FSDLZ23.19
1,FSDQZ14.37
2,FYNDL13.36
1,FSCPS61.23
1,FSHXWN16hun_FDME22H000406-1a.33
1,FXJYN7.47
1,FSHXBX87.22
1,FeceHeNa17.46
1,FHBSJZ6.31
1,FXJCJ34.23
2,FHLJDQ12.58
1,FJSWX76.32
1,FGZ7M.8
2,FGXGL26_FDME220052081-1a.92
1,FSDLZ38.89
1,FTJBH73.47
2,FSHCM22_FDME220054537-1a.35
1,FGSYC32.39
1,FSXLVLS16.80
1,FHNXY14.82
2,FHNXY19.12
1,FJXSRPY44.56
1,FSDJN11.68
2,FeceHuBe15015_FDME220052833-1a.68
1,FHBSJZ4.36
2,FSHCM84.10
2,FXJCJ29.31
1,SDHZD11.26
1,FNMHLBE12.22
2,FSDLZ32.1
1,FSXLL13.43
1,FJXSRPYG31.21
1,FSHXWN2.19
1,SDHZD7.60
1,FSXTY22.14
2,FCQTY104_FDME220051175-1a.52
1,FSHXWN18.39
1,L1EFC230388_FSHXXA20_S346_L004.64
1,FZJHZD20.33
1,FXJCJ55.37
2,FHLJYC2.118
2,FFJLY15_FDME220051249-1a.98
