tree_group,mag
1,FHLJZD17.84
1,FCQTY102_FDME220051174-1a.54
1,FSHXXA14.42
1,FNMHLBE4.98
1,FSCPS35.128
1,FSHXBX150.59
1,FSDJN7.17
1,FBJ63.87
1,FSDJN3.23
1,FSDJN62.35
1,FSDJN4.67
1,FGXGL26_FDME220052081-1a.77
1,FSHXXA41hun.90
1,FBJ37.21
1,FJXSRPYG20.41
1,FTJBH93.56
1,FGZ41M_FDME220052054-1a.35
1,FBJ43.51
1,FHLJYC39_FDME220052688-1a.11
1,M1C2.23
1,FNMHHHHT22.71
1,FGZ5M.40
1,FGSYC74.71
1,FSHXBX148.127
1,FGSYC90.74
1,FYNLJ38.54
1,FNXYCHL67.81
1,FHLJDQ7.13
2,FSHXBX98.78
1,FGSYC73.99
1,FHNFQ12.127
1,FSXTY13hun.37
1,FJNDD9_FDME220051226-1a.91
2,FFJLY56_FDME220051237-1a.15
1,FSXTY2hun.64
2,FGXGL69_FDME220052124-1a.54
1,FJXSRPYG9.63
1,FSHHK17hun.82
1,FeceHuNa150139_FDME220052282-1a.71
1,FTJBH74.53
1,FSHXXA26.78
1,M124R01.123
1,FBJ42.56
1,L1EFC230325_FTJS0011_S251_L003.49
2,FSDJN55.82
1,FSXTY8hun.41
1,FJSNT40.31
2,FNMHLBE29.71
1,FJXSRPYG3.40
2,FHNXY7.176
2,FFJLY74.20
1,FSHCM98.35
1,FZJTZ15.57
1,FBJ11.91
1,FeceHuNa15012_FDME220052260-1a.49
1,FJSWX108.68
1,FZJJH11.14
1,FSHXBX162.19
1,FSDLZ49.23
1,FSHXHZ9.17
1,FSCCD7hun.39
1,FTJBH57.14
1,FJSWX77.18
1,FBJ61.82
1,FSXLVLS25.99
1,FSDLZ11.67
1,FTJBH100.23
1,L1EFC230395_FSHXXA48_S38_L003.118
1,FTJBH61.100
2,FHuNHHMY70.107
1,FHLJDQ12.18
1,FXJWS38.51
1,FXJYN29.113
1,FHBSJZ26.19
1,FGSYC49.74
1,FHNXY46.34
1,FZJTZ19.145
2,FGSZY46.57
1,FSHXBX127.42
1,FZJTZ5.78
2,FNXYCHL33.20
1,FNMHHHHT27.125
1,SDHZD2.137
1,FJSWX100.62
2,FCQTY109_FDME220051179-1a.12
1,FSHXBX9.69
2,FSHCM65.70
1,FXJCJ4.120
1,FHLJZD27.100
1,FSHXWN5.50
1,FQHXN113.86
1,FSDLZ56.20
1,FSXTY41hun.28
1,FeceHuNa150110_FDME220052261-1a.22
2,FHBSJZ5.16
1,FSHXBX4.10
1,FGZ42M_FDME220052055-1a.100
1,FHuNHHMY61.42
2,FNMHHHHT12.78
1,SDHZD11.40
1,FGDLZ11_FDME220051913-1a.1
1,FeceHuBe15018_FDME220052836-1a.20
1,FBJ57.73
1,FGSYC65.47
1,FXJYN9.98
1,FSXLVLS11.22
1,FSHXWN4hun.13
2,FJXSRPYG31.89
1,FSHXXA16.8
1,M105F01.86
1,FNXYCHL69.6
1,FSXTY45.88
2,FCQTY067_FDME220051145-1a.48
1,FHNFQ35.90
1,FQHXN106.50
1,FSDJN19.31
1,FeceHuNa150124_FDME220052272-1a.11
1,FXJYN32.50
1,FHNXY21.5
1,FHNXY32.7
1,FNMHHHHT11.93
1,FSDJN23.44
1,FHuNHHMY53.40
1,FGDLZ63_FDME220051944-1a.56
1,FHNFQ63.54
1,FSHXHZ8.77
2,FSHHK9.61
1,FXJSW32hun.98
1,FNMHLBE6.34
1,FSHXBX45.68
1,FGDLZ12_FDME220051914-1a.63
1,FSXTY29hun.34
2,FCQTY031_FDME220051125-1a.17
1,FYNDL18hun.49
1,FHNFQ40.109
2,FHuBWH12.4
1,FSDJN38.28
1,FSCCD8hun.89
1,FSXTY28.86
1,FSDQZ19.43
1,FJNDD5_FDME220051222-1a.4
1,FHBSJZ4.56
1,FJNDD16_FDME220051233-1a.130
1,FBJ13.48
1,FSXLVLS14.10
1,FHLJYC7.33
1,FSDJN37.56
1,FCQTY064_FDME220051144-1a.11
1,FGXGL100.44
1,FQHXN39.20
1,FGSYC72.91
1,FSXTY19.13
1,FGSZY28.73
1,FNXYCHL63.46
1,FSXTY1hun.95
1,FGSZY32.52
2,FHuNHHMY76.63
2,FTJBH33.97
1,FHuNHHMY3.93
1,FSHXBX20.51
1,FSHXBX78.70
1,FSDQZ36.126
1,FSHXBX139.60
1,FSDJN1.30
1,FHNFQ28.90
1,FZJTZ29.23
1,FHNFQ46.26
1,FGXGL96.45
1,FSHXWN15.24
1,FSHCM69.34
1,FSHXBX165.37
1,FJLHD19.35
1,FGXGL7_FDME220052062-1a.34
1,FNMHHHHT18.88
2,FHNXY22.79
1,FSHCM22_FDME220054537-1a.30
2,L1EFC230373_FSHXBX64_S331_L004.3
1,FHLJYC21.38
