tree_group,mag
1,FSHHK26.18
1,FNMHHHHT15.49
1,FSHHK15hun.2
1,FSHHK33hun.59
1,FTJS006.53
2,FHLJYC18hun.55
1,FJSWXJ8.99
2,FSHCM86hun.41
1,FXJYN3.22
1,FAHWH30_FDME220050748-1a.26
1,FGXGL76_FDME220052131-1a.62
1,FeceHuBe150133_FDME220052849-1a.18
1,FGXGL83_FDME220052138-1a.44
2,FCQTY145_FDME220051185-1a.94
1,FJSWXJ17.120
2,FSHCM21_FDME220054536-1a.56
1,FSHXBX130.21
1,FSHHK35_FDME220054504-1a.30
1,FHuNHHMY7.3
1,FZJTZ67.22
1,FSHHK16_FDME220054486-1a.103
1,FJSNT33.107
1,FSHCM62.164
1,FCQNA6hun.49
1,FHuBWH39.16
1,FSDLZ47.16
1,FSHCM96.85
1,FSHCM51.69
1,FSDLZ44.59
1,FQHXN4.48
2,M1C7.83
1,FSHCM55hun.128
2,FSCDJY33.84
1,FZJTZ12.34
1,FJSNT43.36
1,FGSYC74.39
2,FSHHK20hun.72
1,FJSNT16.70
2,FGDLZ61_FDME220051940-1a.64
1,FJSWXJ32.37
1,FHNFQ60hun.67
1,FSCPS61.74
1,FXJYN32.59
1,FHBSJZ24.90
1,FHHMY42.23
1,FFJLY37_FDME220051266-1a.82
2,FGXGL26_FDME220052081-1a.20
