tree_group,mag
1,FJSNT29.20
1,FGXGL77_FDME220052132-1a.2
2,FNMHLBE22.44
1,FSHCM9_FDME220054526-1a.42
1,FHBSJZ35.37
NA,FXJSW11.146
1,FTJBH71.84
1,FYNLJ45.38
1,FXJCJ18.96
2,FNMHLBE28.25
2,FSHXXA19.74
1,FHLJZD54.19
1,FNXYCHL59.87
1,FXJSW10.20
1,FSCPS9.62
2,FJXSRPY53.16
1,FJLHD21.130
2,FJLHD52.28
2,FNMHLBE14.25
2,FSDQZ32.99
1,FSDQZ29.56
2,FSHHK5hun.22
1,FSXLVLS6.17
2,FNXYCHL47.5
1,FGDLZ62.58
NA,FAHBZ10_FDME220050692-1a.101
NA,FXJKS15.22
1,FAHBZ27_FDME220050707-1a.3
2,FGD17M_FDME220052001-1a.73
2,L1EFC230274_FXJCJ39_S158_L002.133
1,FGXGL96.1
2,FSHXWN4hun.72
1,FBJ14.59
2,FNMHLBE12.82
2,FNMHLBE11hun.16
1,FBJ40.7
1,FXJSW37.66
2,FYNDL10hun.13
2,FBJ44.7
1,FXJKS10.37
2,FSCDJY93.77
1,FHLJZD17.37
1,FSHXBX121.65
1,FHBSJZ54_FDME220052245-1a.95
1,FNXYCHL49.62
NA,FXJYN5.109
2,FQHXN65.37
1,FZJHZD30.32
2,FHLJZD41.66
1,FHLJZD18.20
2,FXJSW47.66
2,FSDLZ59.33
2,FHLJZD46.60
1,FGDLZ60_FDME220051939-1a.87
1,FSHXBX134hun.16
NA,L1EFC230312_FXJWS44_S238_L003.2
2,FNMHLBE16.29
2,FHBSJZ30.19
1,FBJ67.64
1,FSDQZ13.45
2,FeceHuNa150117_FDME220052266-1a.88
2,FZJTZ31.114
2,L1EFC230246_FHLJZD42_S89_L001.72
2,FAHBZ40_FDME220050717-1a.77
1,FSCCD23.42
1,L1EFC230268_FXJCJ27_S152_L002.64
1,FJXSRPY8.148
1,FSCDJY13.20
2,FSHXBX4.37
1,FGDLZ59_FDME220051938-1a.19
2,FSCCD9.38
1,FHuNHHMY56.7
2,FJLHD15.21
1,FSDLZ15.109
NA,L1EFC230247_FHLJZD44_S90_L001.41
2,FHBSJZ38_FDME220052229-1a.44
1,FeceHuBe150119_FDME220052841-1a.10
2,FHNFQ19.30
2,L1EFC230266_FXJCJ25_S150_L002.41
1,FHBSJZ31.77
1,FAHBZ61_FDME220050736-1a.52
1,FSCDJY64.82
1,FXJSW12.53
2,FSHXWN13hun.41
1,FSHXBX43.59
1,FZJHZD22.56
1,FHNFQ50.109
1,FXJYN4.79
1,FSDLZ09.116
1,FXJKS24.65
2,FSCDJY94.34
2,FAHWH21_FDME220050743-1a.97
2,FSDLZ48.22
1,FHLJZD13.30
1,FCQNA10.98
2,FQHXN113.51
1,FQHXN15.57
NA,L1EFC230295_FXJWS19_S222_L003.61
NA,FHLJZD32.27
1,FHuNHHMY30.88
1,FSCCD11.13
1,FeceHuBe150132_FDME220052848-1a.30
1,FSCPS10.55
1,FTJBH91.65
1,FFJLY18.51
1,FSHXBX171.43
2,L1EFC230242_FHLJZD30_S85_L001.9
1,FQHXN7.68
1,FGSYC55.53
1,FXJKS17.34
1,FNMHLBE31.11
1,FSDJN9.55
2,FSHXHZ25.19
1,FSDQZ20.92
2,FNMHLBE32.109
1,FSCDJY22.51
2,FSDQZ26.6
1,FSHXBX79.41
NA,FSDQZ22.65
1,FSCDJY31.92
1,FJXSRPY39.131
1,FHuNHHMY52.37
2,FBJ21.15
1,FHLJYC2.121
1,FSDQZ21.97
1,FJLHD3.101
1,FCQTY010.25
1,FNXYCHL11hun.26
1,FNXYCHL50.84
1,FSDQZ19.61
2,FHBSJZ45_FDME220052236-1a.52
1,L1EFC230379_FSHXXA03_S337_L004.24
1,FNMHLBE23.54
1,FSDLZ47.131
1,FJXSRPY22.79
NA,FXJKS36.70
2,FNXYCHL87.114
1,FAHWH38_FDME220050755-1a.154
1,FSDLZ03.28
1,FHuNHHMY6.71
1,FHLJZD58.63
1,FGSZY8.62
1,FNMHLBE24.43
2,L1EFC230273_FXJCJ38_S157_L002.52
1,FNMHLBE35.10
1,FGXGL61_FDME220052116-1a.137
2,FAHWH24_FDME220050745-1a.41
2,FHLJYC8hun.41
2,L1EFC230383_FSHXXA07_S341_L004.53
1,FNXYCHL45.148
2,FSCCD15.62
1,L1EFC230364_FSHXBX42_S322_L004.81
1,L1EFC230288_FXJCJ64_S171_L002.18
NA,FXJYN18.36
1,FGDLZ10_FDME220051912-1a.51
1,L1EFC230351_FJXFC35_S309_L004.50
2,FSHXXA29.56
1,FNMHLBE27.22
1,FNMHLBE13.75
2,FHLJZD15.80
NA,FXJWS16.103
1,FAHWH23_FDME220050744-1a.85
NA,FXJKS27.7
1,FHuNHHMY24.62
2,L1EFC230355_FJXFC53_S313_L004.109
2,L1EFC230395_FSHXXA48_S38_L003.41
2,FTJS020.83
NA,FXJKS16.40
2,L1EFC230292_FXJWS12_S175_L002.93
2,FYNLJ46.6
1,FXJCJ57.86
