tree_group,mag
1,FSHXWN27.43
2,FJLHD31.45
1,FGD17M_FDME220052001-1a.102
1,FTJBH19.36
1,FSHXBX136hun.56
2,FGSZY39.43
1,FSHXBX9.63
2,FCQTY067_FDME220051145-1a.74
2,FGXGL59_FDME220052114-1a.67
1,FSDJN62.49
1,M2CF01.27
1,FSHXBX129.52
1,FHuBWH29.32
1,FYNLJ9.18
1,FTJBH64.42
1,FHLJDQ7.118
1,FQHXN45.109
1,FHLJYC12.109
1,FHLJYC15.93
2,FCQTY102_FDME220051174-1a.70
2,FFJLY66.40
2,M1C10.56
2,FHuBWH28.63
1,FSHXBX161.47
1,FHNXY13.24
1,FHuBWH1.79
1,FHNFQ63.68
1,FJSNT24.46
1,FXJYN33.107
2,FFJLY8_FDME220051245-1a.20
2,FGXGL27_FDME220052082-1a.39
1,FTJBH53.55
1,FXJCJ4.21
1,FTJBH49.51
1,FHBSJZ11.24
2,FSCPS50.33
1,FeceHuNa15019.68
2,FGXGL34_FDME220052089-1a.65
2,FGXGL20_FDME220052075-1a.10
1,FHNXY24.9
2,M1C4.28
1,FJXSRPYG32.99
1,FHBSJZ34.28
2,FCQTY097_FDME220051172-1a.88
1,L1EFC230330_FTJS0027_S256_L003.63
1,FSHCM86hun.67
1,FHNFQ41.87
1,FHLJDQ5.5
2,FHuNHHMY38.37
2,FHuBWH33.51
2,FZJTZ11.74
1,FTJBH93.123
2,FJXSRPY12.28
1,FHLJYC28hun.25
2,FBJ21.95
1,FHNFQ35.64
1,L1EFC230310_FXJWS40_S236_L003.48
1,FHuBWH20.48
1,L1EFC230328_FTJS0025_S254_L003.27
1,FCQTY048_FDME220051133-1a.46
1,FHLJZD9.45
1,FXJCJ3.19
1,FSHXHZ2.2
2,FSHHK39_FDME220054508-1a.59
1,FHLJZD13.42
1,FJSNT45.69
1,FHBSJZ19.39
1,FSXLL1.34
1,FHNXY36.43
1,FHBSJZ14.62
2,FZJTZ26.80
2,FJSWX90.79
1,FHNXY17.7
1,FSHXWN24.83
2,FCQTY073_FDME220051150-1a.25
1,L1EFC230301_FXJWS28_S227_L003.31
1,FHNXY30.37
1,FHBSJZ56_FDME220052247-1a.75
1,FSHXBX111.77
1,FFJLY15_FDME220051249-1a.46
2,FSDJN23.27
1,FHBSJZ3.38
2,M2CF19.129
2,L1EFC230351_FJXFC35_S309_L004.21
1,FSDJN50.96
1,FQHXN6.2
1,FZJTZ5.58
1,FAHBZ59_FDME220050734-1a.152
2,FSHCM12_FDME220054529-1a.88
1,FNMHHHHT16.4
1,FTJS032.14
1,L1EFC230262_FXJCJ20_S146_L002.16
1,FHuBWH8.41
1,FSDLZ46.25
1,FHLJYC13.3
1,FSHXHZ18.72
1,FBJ45.61
1,FSHXXA38.114
2,FGDLZ83_FDME220051961-1a.134
1,JSCZD5.29
2,FHNXY27.51
1,FTJBH59.86
1,FHNXY8.85
1,FHBSJZ24.59
2,FSHCM65.29
2,FGXGL32_FDME220052087-1a.138
2,FeceHuBe15015_FDME220052833-1a.43
1,FHNXY9.80
2,FGXGL12_FDME220052067-1a.115
1,FSXLL12.67
2,FJLHD4.47
1,FBJ43.75
2,FeceHuBe15018_FDME220052836-1a.45
1,FSHCM75.116
1,FHuBWH11.49
1,FSDJN11.72
2,FGDLZ82_FDME220051960-1a.55
1,FHBSJZ25.37
2,FSDJN55.60
1,FGSYC58.6
2,FCQTY154_FDME220051190-1a.78
1,FSHXBX74.46
1,FBJ67.88
1,FHBSJZ16.56
1,FSHXBX145.25
1,FSHCM47.108
2,FCQTY070_FDME220051147-1a.102
2,L1EFC230342_FJXFC16_S268_L003.98
1,FAHWH28_FDME220050746-1a.87
1,M2CF15.68
1,FHBSJZ51.37
2,FSHCM59.62
2,FSHCM83.51
1,SDHZD16.67
2,FJLHD40.21
2,FQHXN10.59
2,FeceHeNa4.85
1,FBJ50.71
1,FSHXBX130.116
1,FHBSJZ27.55
2,FXJYN29.90
1,FHBSJZ54_FDME220052245-1a.74
1,FGD19M_FDME220052006-1a.21
1,FXJWS16.43
1,FSDJN4.29
2,FHuBWH25hun.2
2,FJLHD2.11
1,FBJ30.21
1,FSHXBX147.133
2,FCQTY043_FDME220051131-1a.68
1,FQHXN73.91
1,FSXLL10.56
1,FSHXBX108.53
2,FJSNT28.45
1,FHuBWH2.22
1,FHBSJZ33.48
1,FHNXY4.1
2,FeceHeNa16.30
2,FSHCM99.36
1,L1EFC230332_FTJS0029_S258_L003.54
1,FSHXBX65.111
1,FBJ29.71
1,FXJWS7.116
1,FTJBH86hun.35
1,L1EFC230369_FSHXBX54_S327_L004.30
1,FBJ41.38
2,L1EFC230339_FJXFC12_S265_L003.92
2,FHLJYC21.59
2,FCQTY079_FDME220051154-1a.20
2,FSHCM100.140
1,FSHXBX125.30
1,FSHXBX78.128
1,FFJLY25.20
2,M2CF13.99
1,FSDLZ31.36
2,FXJWS30.37
1,FGDLZ70.61
1,FHLJYC33_FDME220052682-1a.73
2,FeceHeNa25.55
2,FeceHeNa15.30
2,FSCPS73.69
