tree_group,mag
1,FHLJDQ11.32
2,FFJLY16.33
2,FQHXN98.48
1,FYNLJ41.46
2,FJLHD26.8
1,FAHBZ49_FDME220050727-1a.14
2,FZJTZ67.9
1,FJSNT15.107
2,FQHXN55.83
1,FHNXY6.34
1,FCQNA14.59
1,FNMHHHHT21.54
1,FSHXXA39.54
1,FSXLVLS18.36
1,FZJTZ14.91
1,FJXSRPY25.54
1,FJXSRPY6.25
1,FeceHuNa150113_FDME220052264-1a.12
1,FAHBZ48_FDME220050725-1a.50
1,FSDLZ55.45
2,FJSWXJ21.77
1,FNMHHHHT44.26
1,FJSWXJ30.21
1,FSHXBX4.75
1,FHHMY17.51
1,L1EFC230278_FXJCJ44_S162_L002.43
2,FSHCM38.98
1,FSHXWN18.23
1,L1EFC230237_FHLJZD20_S82_L001.78
1,FSHHK10_FDME220054482-1a.86
1,FHBSJZ52.52
2,FGDLZ67_FDME220051948-1a.45
1,SDHZD10.72
1,FSHXXA44hun.26
2,M119R01.141
2,FSDLZ39.57
2,FSCPS62.30
1,L1EFC230303_FXJWS32_S229_L003.3
2,FSDQZ16.53
2,FGXGL96.88
1,FSDQZ7.29
1,FSHCM83.83
2,FGSZY3.3
2,FGSZY46.75
1,FHBSJZ23.2
1,FSHCM54.34
1,FSDJN22.26
1,FBJ61.63
2,M137R01.32
1,FHNXY13.83
1,FZJTZ20.70
1,FSHCM7.10
1,L1EFC230393_FSHXXA37_S36_L003.93
1,FGSZY28.31
1,FSDQZ32.8
1,FJSNT33.105
1,FSHXWN19.35
1,FBJ28.92
1,FSXTY52.75
1,FSXTY44.59
1,FAHBZ47_FDME220050724-1a.37
1,L1EFC230310_FXJWS40_S236_L003.5
1,FHLJZD28.84
2,FXJYN36.98
2,FQHXN11.58
1,FNMHHHHT31.65
2,FZJTZ36.69
1,FSDLZ24.58
1,L1EFC230383_FSHXXA07_S341_L004.30
1,L1EFC230296_FXJWS21_S300_L004.7
1,FXJSW21.43
1,FHLJZD58.19
1,FNMHLBE13.94
2,FSHXWN3.9
1,FTJBH86hun.16
1,FJXSRPY43.85
1,FGXGL88.19
1,L1EFC230252_FXJCJ02_S137_L002.10
2,FHuNHHMY78.3
1,FCQTY097_FDME220051172-1a.27
1,FGXGL61_FDME220052116-1a.115
1,FGDLZ21.91
1,FCQTY152_FDME220051189-1a.33
2,FZJHZD20.9
2,FJXSRPY27.85
1,FSXLL16.44
1,FHNFQ33.56
1,FGSYC50.16
1,FNXYCHL39.36
1,FQHXN13.8
1,FHLJZD39.50
1,FQHXN56.20
1,FNMHLBE3.61
2,FJLHD31.76
1,FNXYCHL50.116
1,FHuNHHMY38.109
1,FCQHC1.47
1,L1EFC230299_FXJWS26_S225_L003.70
1,FGXGL85_FDME220052140-1a.42
2,FYNLJ35.5
1,FSXLVWS6.108
1,FNXYCHL23.15
1,FSHCM100.104
1,SDHZD12.25
1,FSHHK18hun.44
2,FXJSW2.39
2,FQHXN54.5
1,FAHBZ60_FDME220050735-1a.56
2,FJXSRPY22.81
2,FGSZY53_FDME220051904-1a.11
1,FHLJZD13.40
2,FGDLZ53.15
1,FZJJH11.62
2,FXJYN28.34
1,L1EFC230306_FXJWS35_S232_L003.38
1,FBJ20.80
1,FSDLZ09.75
1,FNMHHHHT23.54
2,FNMHLBE26.78
1,FHNFQ41.29
2,FSDJN5.63
1,FNMHLBE16.106
2,FSHHK12hun.67
1,FZJTZ46.39
1,FeceHuNa150111_FDME220052262-1a.106
2,FNMHLBE24.7
1,FSDQZ33.7
2,FHuNHHMY58.74
1,FNMHHHHT32.109
1,FSXTY30.90
2,M105F01.32
2,FSDJN15.13
1,FXJCJ31.3
2,FZJTZ37.54
1,FNMHHHHT14.52
1,FSXLL5.46
1,FSHXBX169.76
1,FHBSJZ21.67
1,FJLHD28.26
1,FJSWXJ38.148
1,FSHXWN14.68
1,FGSYC49.25
1,FSHHK45.43
1,FNXYCHL33.11
1,FSHXWN15.73
1,FZJJH16.32
1,FSDJN32.9
1,FHBSJZ29.44
2,SDHZD15.96
1,FJXSRPYG18.34
1,FHuNHHMY14.5
2,FZJTZ19.98
2,FSXLVLS10.17
1,FSHXHZ5.32
1,L1EFC230291_FXJWS11_S174_L002.10
2,FSHXWN17.97
2,L1EFC230389_FSHXXA21_S347_L004.45
1,FHLJZD16.33
2,FXJKS10.96
1,FFJLY17_FDME220051250-1a.61
2,L1EFC230273_FXJCJ38_S157_L002.53
1,FGSZY41.18
1,FNMHHHHT11.150
1,FSHXBX157.135
1,L1EFC230267_FXJCJ26_S151_L002.34
1,FGXGL77_FDME220052132-1a.12
1,FSHHK1.5
1,L1EFC230349_FJXFC31_S307_L004.95
2,FXJKS25.45
1,FFJLY66.63
1,FGXGL58_FDME220052113-1a.28
1,FBJ31.63
1,L1EFC230347_FJXFC25_S305_L004.32
1,FSHCM17_FDME220054534-1a.32
1,FHBSJZ55.73
1,FSXLVLS11.64
2,FGZ42M_FDME220052055-1a.14
1,FeceHeNa5.8
1,FZJHZD27hun.15
1,FSHXBX12.80
1,FGSYC66.8
2,FGSYC34.4
1,FGZ3M_FDME220051970-1a.65
1,FSCPS92.75
1,FGXGL92.46
1,FJLHD36.60
2,FJSNT66.15
1,FHuNHHMY69.119
1,FSHXWN8.75
1,FSDLZ45.57
1,FJXSRPY12.39
1,FQHXN50.72
1,FHLJZD32.28
1,M202F01.35
2,FHLJYC40.4
1,FSHXHZ21.35
1,FSHXBX90.31
1,FSDQZ10.34
2,FSHXBX88.42
2,FHNXY58.56
1,FSHXXA14.61
1,FSHCM94hun.91
1,FGXGL94.2
2,FSDLZ19.87
1,FHBSJZ19.31
2,FSHCM51.57
1,FGZ35M_FDME220052035-1a.6
1,FHNXY5.36
1,FSDJN26.66
2,L1EFC230309_FXJWS39_S235_L003.34
1,FXJKS49.16
1,FGXGL41_FDME220052096-1a.79
1,FJSNT3.54
2,FSHCM2.24
1,FeceHuBe15013_FDME220052831-1a.84
1,FJSNT5.54
1,FSDLZ48.16
1,FZJTZ47.21
1,FZJTZ41.78
1,L1EFC230348_FJXFC29_S306_L004.4
2,FSHCM77hun.78
1,FSHCM39.40
2,FXJKS30.12
1,FJXSRPYG9.16
1,FTJBH14.51
2,FQHXN62hun.152
1,FTJBH53.83
2,FXJSW46.76
1,FHuBWH29.43
2,FCQNA17.51
1,FJXSRPY51.50
2,FZJTZ15.24
1,L1EFC230371_FSHXBX56_S329_L004.78
1,FSXTY38.91
1,FSHXBX50.29
1,FSDLZ28.19
1,FAHBZ52_FDME220050729-1a.20
2,FAHBZ21_FDME220050701-1a.126
2,FZJTZ2.48
1,FFJLY23_FDME220051254-1a.70
2,FXJSW1.36
2,FHLJZD11.6
1,FNMHHHHT17.79
2,FQHXN93.104
1,FSDLZ01.25
2,FNMHLBE19.9
1,FSDQZ28.25
1,FJSNT43.62
1,FAHWH20_FDME220050742-1a.103
2,FeceHeNa13.47
1,FHLJYC6.67
1,FJXSRPY47.25
1,FHLJYC37_FDME220052686-1a.63
1,FSDQZ20.16
1,FQHXN42.27
1,L1EFC230263_FXJCJ22_S147_L002.38
1,FTJBH50.30
2,FJSWXJ42.54
1,FeceHuNa15016.39
2,FNMHLBE20.16
1,FHuBWH14.51
1,FHBSJZ8.82
2,FSXTY5hun.33
1,FGSYC57.34
1,FCQNA9hun.120
1,FSCDJY13.7
1,FSCPS5.85
1,FAHWH16.49
2,FGXGL13_FDME220052068-1a.42
1,FJSNT24.88
2,FGDLZ81_FDME220051959-1a.96
1,FSXTY49.1
2,M106R01.12
1,FSHCM13_FDME220054530-1a.117
1,FCQTY106_FDME220051177-1a.34
1,FSHXBX89.22
1,FSXTY33hun.102
1,L1EFC230301_FXJWS28_S227_L003.80
1,FNMHLBE28.20
1,FSXLL8.36
1,FNXYCHL12.139
1,FeceHuBe150122_FDME220052843-1a.19
1,FHNXY60.84
1,FJSWX91.29
1,FGSYC4.88
1,FQHXN40.49
1,FHLJYC34.66
1,FSHXWN30.11
2,L1EFC230376_FSHXBX69_S334_L004.105
1,FNXYCHL35.52
1,FSDLZ15.52
2,FQHXN8.60
1,FHBSJZ45_FDME220052236-1a.104
1,FeceHeNa11.55
1,FNXYCHL30.56
1,FQHXN38.44
1,L1EFC230282_FXJCJ51_S165_L002.55
2,FSDQZ38.123
1,SDHZD16.116
1,FNXYCHL20.9
2,FAHBZ15.86
1,FSCDJY73.71
1,FHBSJZ35.26
1,FSCDYJ7.84
2,FXJKS23.144
1,FGXGL74_FDME220052129-1a.37
1,FSHXWN21.22
1,FSXLVLS7.65
1,FBJ42.32
1,FHNFQ59.35
2,FJSWXJ29.6
1,FSXTY41hun.29
2,FQHXN66.78
1,FSDLZ40.148
1,FBJ60.69
1,FHBSJZ54_FDME220052245-1a.42
1,FSHXBX44.7
1,FHNFQ50.49
1,FJSWX72.5
2,FJLHD5.61
1,SDHZ11.45
2,FQHXN71.84
2,FSCPS6.15
1,FHLJZD19.51
1,FXJCJ19.6
1,FSHCM49.40
2,FAHWH21_FDME220050743-1a.100
2,FCQTY105_FDME220051176-1a.70
1,FYNLJ40.85
1,FNMHHHHT18.51
1,FHLJYC7.7
1,FHHMY84.99
1,FNXYCHL54.25
1,L1EFC230292_FXJWS12_S175_L002.104
1,FZJHZD23.24
2,FXJSW13.61
2,FSDJN43.68
1,FHNFQ53.10
1,FGSYC43.30
1,FNXYCHL31.59
1,FJXSRPY45.25
1,FHBSJZ18.29
1,FNXYCHL73.31
1,FZJTZ29.31
1,FAHBZ61_FDME220050736-1a.22
1,FSHHK27hun.10
2,FZJHZD6.142
1,FSDJN21.46
1,FeceHuNa150136.57
1,FTJBH51.1
1,FCQTY022_FDME220051119-1a.3
1,FHLJYC15.156
1,FSXTY17.79
1,FZJJH15.16
1,FAHBZ38.31
2,FYNLJ67.29
1,FAHWH12_FDME220050738-1a.3
2,FHuNHHMY75.36
1,FSHXBX53.85
2,FBJ4.13
1,FSHXWN7.14
1,FGSYC25.26
1,FSDJN38.10
2,FSXTY22.69
1,FJSNT30.102
1,FGXGL22_FDME220052077-1a.84
1,FSHCM12_FDME220054529-1a.33
1,FHuNHHMY83.49
2,FHBSJZ3.65
1,FXJSW23.42
2,FSHXWN1.65
2,FSHXBX176.47
1,FSCDJY61.40
2,FCQNA28.91
2,FBJ55.43
1,FJXSRPY39.52
1,FGSYC83.36
1,FSCDJY68.10
1,FJXSRPY11.38
2,FGDLZ47_FDME220051927-1a.42
1,FYNLJ25.29
1,FHBSJZ4.52
2,FZJTZ10.33
1,FHLJZD53.93
1,FHLJYC14.109
2,L1EFC230354_FJXFC47_S312_L004.83
2,FBJ5.74
1,FTJBH55.52
1,FSHXBX150.132
1,FGDLZ9_FDME220051911-1a.47
1,FJSWX90.20
1,FHLJDQ12.48
2,FXJSW22.184
1,L1EFC230356_FJXFC54_S314_L004.84
1,L1EFC230313_FXJWS45_S239_L003.143
2,L1EFC230341_FJXFC14_S267_L003.102
2,L1EFC230335_FJXFC05_S261_L003.45
1,FHLJZD59.39
1,SDHZD7.48
2,FGSYC65.41
1,FGXGL17_FDME220052072-1a.31
1,FSHXBX18.8
1,FHuNHHMY40.23
2,FBJ19.4
2,FJSWX84.36
1,FNXYCHL60.9
1,FXJSW34.1
2,FYNLJ79.32
1,FTJBH18.13
2,FSHXBX162.45
2,FSHXBX39.29
1,FZJTZ45.38
1,FeceHuBe150112.17
1,FXJCJ29.117
2,FXJKS16.50
2,FGDLZ35.27
2,FGXGL32_FDME220052087-1a.21
1,FSCDJY94.115
1,FSHXBX21.8
2,FJXSRPYG32.40
2,FHBSJZ31.3
2,FHLJYC12.74
1,FZJTZ58.12
1,FGD19M_FDME220052006-1a.44
1,FBJ67.69
2,FSHCM71hun.36
1,FSHXBX124.4
1,FSDLZ13.14
1,FXJWS48.90
1,FXJYN33.25
2,FSHHK23hun.13
2,FJLHD29.75
1,FSHCM11hun.49
1,FNXYCHL95.19
2,M1C1.39
2,FSHCM26.16
2,L1EFC230280_FXJCJ46_S164_L002.40
1,FSXLVLS21.38
1,FHLJYC28hun.54
1,FGSYC58.81
1,FSXTY11.11
