tree_group,mag
1,FHuBWH30.12
2,FSCPS54.27
2,FBJ10.25
2,FSHHK19_FDME220054489-1a.53
1,FHLJZD15.64
2,FQHXN19.5
1,FFJLY29_FDME220051259-1a.17
1,FXJSW50.69
1,FXJKS33.33
1,FSHXBX5.1
1,FGSZY40.45
1,FJLHD32.54
1,FHuNHHMY47.10
1,L1EFC230308_FXJWS37_S234_L003.35
1,FGXGL80_FDME220052135-1a.48
1,L1EFC230386_FSHXXA15_S344_L004.57
1,FZJTZ25.73
2,FSCCD9.30
2,FHLJYC5.115
1,FAHBZ44_FDME220050721-1a.18
1,FeceHuNa150138_FDME220052281-1a.33
1,FXJWS43.61
1,FQHXN84.112
1,FGXGL47_FDME220052102-1a.80
1,FJSWXJ3.21
1,FJSNT60.97
1,FNXYCHL30.12
1,FSXLL16.63
1,FNXYCHL33.15
1,FJSNT20.120
1,FSCCD19.46
1,FZJHZD24.49
1,FSHHK39_FDME220054508-1a.25
1,FSHCM37.34
1,FZJHZD28.47
2,M1DZ11.148
1,FGSZY33.53
1,FNXYCHL55.52
2,FJSNT30.61
1,FGSZY29.82
1,FSHHK1.9
1,SDHZ2.21
1,L1EFC230354_FJXFC47_S312_L004.23
1,FQHXN67hun.35
1,FJLHD20.54
2,FSXTY63.45
1,L1EFC230273_FXJCJ38_S157_L002.25
1,FXJYN12.8
1,FGXGL103.10
1,SDHZD7.42
1,FSCDYJ6.33
1,FGDLZ85.103
1,FJNDD1.7
1,FSHXWN7.3
2,FSDJN22.89
1,FJND2_FDME220051160-1a.26
1,FAHWH34_FDME220050751-1a.96
1,FAHWH19.13
2,FJXSRPY22.35
2,FeceHeNa19.15
2,L1EFC230364_FSHXBX42_S322_L004.84
1,FCQNA3.37
1,FJLHD18.51
2,FXJYN37hun.13
1,FCQNA8.3
1,FQHXN83.73
1,L1EFC230337_FJXFC09_S263_L003.1
1,FSHCM88hun.28
2,FSCCD21hun.61
1,FeceGuXi150113.20
1,FSHXXA16.3
1,FNXYCHL91.49
1,FQHXN85.18
1,FNXYCHL8.40
1,FSHXXA18.53
1,FNXYCHL88.7
1,FHLJZD17.59
2,FNXYCHL6.53
1,FTJBH52.14
2,FSDJN44.53
1,FSHXXA23.10
1,FBJ41.14
1,FSDQZ32.56
1,FGSZY36.31
1,FGSYC79.27
2,FJSWX92.18
2,FSHXWN14.57
NA,FCQNA22hun.27
1,FXJCJ29.81
1,FSDLZ04.41
1,FGSZY32.10
1,FGZ40M_FDME220052053-1a.79
1,FSHCM95.35
2,FCQTY033_FDME220051126-1a.26
1,FNXYCHL93.79
1,FJLHD53.58
NA,FFJLY40_FDME220051269-1a.22
1,FSXTY44.9
1,FXJYN35hun.87
1,FGXGL26_FDME220052081-1a.79
