tree_group,mag
1,M1DZ07.41
2,FHuNHHMY80.40
2,FJSWXJ33.36
1,M2CF10.88
1,M128R01.32
1,FGSYC45.33
1,M1C8.166
2,FGDLZ17_FDME220051916-1a.81
1,FGSZY55.12
1,FQHXN59.9
1,M1C17.37
2,FYNLJ53.49
2,FGXGL1_FDME220052056-1a.144
1,M1DZ06.53
1,FXJKS33.27
1,M1DZ02.32
1,FXJKS45.56
1,M1DZ03.22
2,FGDLZ21.21
1,FQHXN69.62
1,FQHXN68.73
1,FXJKS49.44
1,FXJKS16.10
1,FXJKS21.82
1,FYNLJ20hun.58
1,FGSZY12.69
1,FXJKS37.107
1,M122R01.138
NA,FAHBZ52_FDME220050729-1a.42
2,FGSZY19.55
2,FYNLJ57.54
2,FGDLZ5_FDME220051909-1a.13
2,FHuNHHMY16.43
1,FJLHD53.99
2,FGDLZ64_FDME220051945-1a.40
2,FQHXN60hun.24
1,M1DZ01.65
1,FQHXN86.80
2,FHuNHHMY13.59
1,M1DZ10.8
1,FQHXN51hun.36
1,M1DZ12.65
1,FQHXN93.157
2,FGXGL10_FDME220052065-1a.93
1,FYNLJ35.114
2,FHuNHHMY71.20
1,FYNLJ36.69
1,FHNXY20.29
2,FHuNHHMY37.55
2,FGDLZ83_FDME220051961-1a.1
1,FXJKS15.79
1,M2CF09.58
1,FXJKS44.18
1,M1C10.78
