tree_group,mag
1,FSHHK25_FDME220054495-1a.17
1,FeceHuBe150125_FDME220052846-1a.109
2,FSHHK14.140
2,FTJBH30.65
1,FSHHK35_FDME220054504-1a.1
1,FSHHK50_FDME220054517-1a.50
1,FTJBH19.30
1,FeceHuNa15016.6
1,FGZ15M_FDME220051995-1a.31
1,FJLHD55.56
2,FCQTY145_FDME220051185-1a.72
2,FSCPS69.99
1,FSCPS4.85
2,FSDLZ56.118
2,FFJLY10_FDME220051247-1a.36
2,FGZ9M_FDME220051984-1a.62
2,FGXGL92.3
1,FTJBH2.45
2,FSHXBX148.112
1,FJSWXJ14.176
2,FSHXBX20.30
1,FSHHK38_FDME220054507-1a.120
1,FJSNT30.14
2,FeceGuXi15011.89
2,FSHXBX57.133
1,FJSWXJ17.3
1,FeceHuBe150119_FDME220052841-1a.45
1,FAHBZ43.11
2,SDHZ24.99
1,FGZ36M_FDME220052036-1a.9
1,FNMHLBE25hun.114
2,FSCPS41.1
2,FQHXN99.143
2,FGZ28M_FDME220052025-1a.105
1,FJSWXJ7.23
2,FBJ29.27
2,FSHCM17_FDME220054534-1a.70
1,FXJYN9.49
2,FCQTY155_FDME220051191-1a.31
1,FJSWXJ8.28
2,FSCPS68.51
2,FJSNT18.158
NA,FeceHuNa150118_FDME220052267-1a.12
2,FGDLZ85.51
1,FJSWXJ43.116
2,FHLJYC38_FDME220052687-1a.108
2,FeceHuBe150133_FDME220052849-1a.42
1,FHuNHHMY7.40
