tree_group,mag
1,FXJWS7.66
1,FBJ28.83
2,L1EFC230357_FJXFC55_S315_L004.12
2,FSHXBX148.88
2,FSHCM81.37
1,FJLHD10.52
2,FSCCD14hun.122
2,FNXYCHL12.15
2,FSHHK36_FDME220054505-1a.13
1,FAHBZ42_FDME220050719-1a.72
2,FHLJDQ7.49
2,FGDLZ24_FDME220051919-1a.2
2,FeceHeNa16.62
2,FGSZY16.53
1,FJSWX107.47
2,FGXGL16_FDME220052071-1a.49
2,FGXGL51_FDME220052106-1a.95
2,FeceHeNa9.31
1,FHNXY8.23
2,FCQTY069_FDME220051146-1b.23
2,FSHCM96.18
2,FSDQZ37.50
2,FGXGL77_FDME220052132-1a.19
1,FCQJJ4.31
1,FGSZY12.38
1,FNMHHHHT12.25
1,FQHXN56.44
2,FQHXN80.16
2,FJSNT35.7
2,FJSWXJ43.19
1,L1EFC230311_FXJWS42_S237_L003.71
2,L1EFC230350_FJXFC33_S308_L004.36
1,FSDJN38.71
2,FGXGL42_FDME220052097-1a.52
2,FSHXWN13hun.90
2,M2CF13.56
1,FXJSW22.74
1,FQHXN52hun.101
1,FGSYC76.15
2,FHLJZD53.115
2,FSHXBX28.129
1,FXJKS2.87
2,FeceGuXi150112.9
1,FHLJYC30.91
2,FNXYCHL1.75
1,FJSWX80.74
2,FJSNT18.189
2,FCQHC9.2
1,L1EFC230274_FXJCJ39_S158_L002.89
2,FYNDL28hun.147
2,FeceGuXi150114.42
1,M1C10.102
2,FJXSRPY21.105
2,FNXYCHL64.55
2,FJNDD14_FDME220051231-1a.91
2,FGXGL27_FDME220052082-1a.23
2,FAHBZ33_FDME220050713-1a.64
1,FeceHuNa150139_FDME220052282-1a.62
2,FJLHD15.41
2,FSCDJY79.56
1,FTJBH48.87
2,FHuNHHMY13.155
1,FQHXN50.33
1,FXJKS33.4
1,FZJTZ50.82
2,FTJBH66.21
2,FTJBH100.8
2,FQHXN93.110
1,FQHXN66.48
2,FSXTY14.5
2,M2CF11.9
1,FSXTY28.46
2,FNMHHHHT23.26
1,FBJ5.33
2,FHNXY32.67
2,FHLJZD2.58
2,FFJLY32_FDME220051261-1a.25
2,FGXGL61_FDME220052116-1a.110
2,FXJYN29.129
2,FQHXN54.37
2,FZJHZD23.18
2,FCQTY001.27
2,FXJCJ31.24
1,FSXTY51hun.8
2,M2CF15.5
1,FHNXY9.83
1,FXJYN22.54
2,FSHXWN36.2
1,FHLJZD51.54
2,FCQTY063_FDME220051143-1a.49
2,FCQTY009.19
1,FZJHZD19.61
1,FSXLVLS1.30
1,L1EFC230258_FXJCJ14_S143_L002.110
2,FJSWXJ14.173
1,FYNLJ56.28
1,L1EFC230293_FXJWS14_S176_L002.35
2,FXJKS29.24
2,FHuNHHMY43.15
2,FZJHZD1hun.27
2,FSDQZ6.148
1,FSHXXA18.19
2,FCQHC8.72
1,FAHBZ36.13
2,FFJLY53_FDME220051276-1a.31
2,FXJCJ10.64
1,FGSYC75.25
2,FQHXN27.27
1,FNXYCHL32.81
2,FJXSRPYG41.108
1,FGSZY51.140
2,FTJBH27.101
2,FXJYN33.54
2,FSCPS81.35
1,FHLJYC14.49
1,FQHXN58.78
1,L1EFC230251_FXJCJ01_S136_L002.22
1,FSXLL17.3
2,FSXLL14.74
2,FGDLZ49.123
2,FJSNT31.71
1,FTJBH25.96
2,FeceHuBe150125_FDME220052846-1a.103
2,FJXSRPY33.76
1,FGDLZ39.62
1,L1EFC230254_FXJCJ06_S139_L002.29
2,FQHXN24.66
1,FSCCD8hun.53
2,FSHXBX147.21
2,FQHXN60hun.63
2,FYNLJ51.9
