tree_group,mag
1,FZJHZD24.73
1,FXJSW50.72
1,FJSWX105.1
2,L1EFC230376_FSHXBX69_S334_L004.78
1,FHLJYC14.27
1,FCQTY105_FDME220051176-1a.63
1,FeceHeNa1.16
1,FSCDJY98.28
1,FSHXBX122.10
1,FHLJYC16.55
1,FeceHuNa150114_FDME220052265-1a.71
1,FZJTZ35.70
1,FHLJZD2.106
1,FGZ28M_FDME220052025-1a.89
NA,FSHCM37.37
1,FSHHK41_FDME220054510-1a.35
1,FNMHHHHT17.69
1,FHLJYC5.52
1,FHBSJZ7.38
1,FSHHK15hun.42
1,FNMHHHHT22.29
1,FAHBZ51_FDME220050728-1a.43
2,FHNFQ3.75
1,FXJSW14.63
1,FAHBZ38.36
2,FNXYCHL50.21
1,FZJTZ36.70
2,FXJCJ19.53
1,SDHZD17.51
1,FHNXY46.124
1,FGSYC30.49
1,FJSWX76.51
1,FCQTY166_FDME220051197-1a.48
1,FCQTY025_FDME220051121-1a.12
1,FGSYC5.30
1,FHNFQ48.9
1,FNMHLBE12.24
1,FSHXBX65.137
1,FAHBZ45_FDME220050722-1a.68
1,FSHXBX174.16
1,SDHZD2.111
1,M2CF15.44
2,FJSNT33.70
2,FSHXXA41hun.56
1,FJSWXJ27.43
1,FYNLJ69.18
1,FNXYCHL58.72
1,FSHHK11_FDME220054483-1a.51
1,FJXSRPYG18.23
1,FHLJYC13.86
1,FHLJZD51.15
2,FSHHK37_FDME220054506-1a.54
2,FHuNHHMY78.2
2,FJSWXJ30.83
2,FSDLZ19.23
1,FSCCD19.39
1,FHLJZD41.138
2,FSDJN38.27
1,FSCPS37.42
1,FGDLZ81_FDME220051959-1a.14
1,FSDJN55.101
1,FSDLZ02.74
2,FJNDD14_FDME220051231-1a.87
1,FSHHK34_FDME220054503-1a.48
1,FXJCJ21.70
1,FAHWH10.14
1,FeceHeNa22.14
2,FXJYN11.15
1,FHuBWH28.19
1,FSXLVLS13.28
1,FFJLY7_FDME220051244-1a.99
1,FSXLVLS25.35
1,FXJYN17.97
1,FZJTZ11.17
2,FeceHuBe150125_FDME220052846-1a.100
2,FGSZY4.14
1,FNXYCHL18.11
2,FXJKS33.47
1,FSDJN59.2
1,FHBSJZ24.18
1,FNMHHHHT33.77
1,FSHXBX22.35
1,FBJ52.85
1,FGXGL15_FDME220052070-1a.12
1,FSXLVLS9.62
2,FSHXBX123hun.49
1,FQHXN97.75
1,FJSWX103.29
1,FYNDL21hun.89
1,L1EFC230274_FXJCJ39_S158_L002.49
2,FSHHK49_FDME220054516-1a.38
1,FSDJN57.64
1,FJXSRPY43.37
2,FSHCM13_FDME220054530-1a.53
1,M206F01.68
2,FNMHHHHT37.139
1,FGXGL61_FDME220052116-1a.120
2,FHuBWH4.58
2,FJSWX84.44
1,M104R01.14
1,FGSYC74.9
2,FSXLL2.72
1,FZJTZ53.36
1,FSXLVLS14.32
1,FHNFQ28.24
1,FHNFQ53.68
2,FFJLY25.5
1,FHLJYC38_FDME220052687-1a.71
1,FGDLZ11_FDME220051913-1a.37
1,FSCPS62.103
1,FSHXHZ2.80
1,M1DZ11.56
2,FSHCM69.63
1,FQHXN1.118
1,FAHBZ46_FDME220050723-1a.89
1,FSHXWN32.52
1,FSHXBX134hun.6
1,FGZ6M_FDME220051977-1a.97
1,FCQNA43.54
1,FFJLY47.57
1,FSHHK10_FDME220054482-1a.68
1,HuNCS3.54
1,FSDQZ27.18
1,SDHZ24.30
1,FZJTZ68.38
1,FAHWH08.33
1,FGZ7M.106
1,L1EFC230388_FSHXXA20_S346_L004.57
1,FGSYC83.34
1,FGSZY2.60
1,FHLJDQ7.100
2,FHuBWH31.29
1,FJNDD17_FDME220051234-1a.28
1,FXJYN35hun.61
1,FJSWXJ28.26
1,FHNFQ26.106
1,FXJYN23.84
1,FQHXN102.13
2,FNMHHHHT12.39
1,L1EFC230295_FXJWS19_S222_L003.39
2,FHBSJZ57_FDME220052248-1a.99
1,FZJTZ52.129
2,FBJ57.16
1,FJSNT21.42
1,FZJTZ1.34
1,FHNXY36.101
1,FHBSJZ40_FDME220052231-1a.19
1,FSHCM87.46
1,FBJ37.64
1,FSCDYJ7.158
1,FSXLVLS3.107
1,FSCDJY69.8
1,FNMHHHHT18.79
1,FeceHuNa150135_FDME220052278-1a.50
2,FSXTY31.76
1,FAHBZ11_FDME220050693-1a.6
1,FSHXBX121.39
1,FSHXWN8.23
1,FSXTY35.14
1,FGXGL79_FDME220052134-1a.99
1,FTJS032.24
1,L1EFC230381_FSHXXA05_S339_L004.15
2,FYNLJ46.35
2,FSXLL9.34
1,FSDQZ11.49
1,FNXYCHL39.26
1,FSXTY24.13
1,FSXLVLS15.68
1,FQHXN109.93
1,FJXSRPY29.56
1,FTJBH_17.128
1,FeceHeNa26.92
1,FGSZY40.68
1,L1EFC230373_FSHXBX64_S331_L004.60
1,FGDLZ58.70
1,FGSZY37.15
1,FHNXY48.26
1,FNXYCHL68.97
1,FSHXBX171.62
1,FSHXBX9.105
1,FGXGL102.75
1,FGZ10M_FDME220051987-1a.35
NA,FHuBWH32.11
2,SDHZD4.30
1,FXJYN9.85
1,FGXGL81_FDME220052136-1a.129
1,FNXYCHL71.51
1,FJNDD11_FDME220051228-1a.12
2,FZJTZ55.27
1,FSDLZ17.1
1,JSCZD12.45
1,L1EFC230302_FXJWS31_S228_L003.160
1,FQHXN23.6
1,L1EFC230361_FSHXBX31_S319_L004.38
1,FSXTY52.30
1,FHBSJZ60_FDME220052251-1a.66
1,FSHXBX155.4
2,FBJ61.13
1,L1EFC230391_FSHXXA34_S34_L003.70
1,FYNLJ45.8
NA,FZJHZD25.113
1,FSHHK36_FDME220054505-1a.21
1,FJSNT43.17
1,FSHCM4hun.60
1,FSHXBX14.52
1,FAHBZ2.46
1,FHHMY62.14
2,FSHCM84.64
1,FHNXY1.51
2,FSHXBX126.18
1,FQHXN22.47
1,FXJYN25.30
1,FTJBH50.57
1,FSCCD7hun.31
1,FJLHD16.74
1,FAHBZ42_FDME220050719-1a.38
1,FFJLY78.31
1,FHLJYC21.159
2,FAHBZ3_FDME220050685-1a.66
2,FNMHLBE9hun.105
1,FNMHLBE33.54
1,FSHXWN27.71
2,FYNLJ4.4
1,FSCCD2.89
1,FSCPS50.10
1,FHNFQ7.69
1,FNXYCHL48.28
1,FSHCM85.107
1,FCQTY010.67
2,FSHCM96.63
1,FGXGL96.21
1,FGDLZ66_FDME220051947-1a.27
1,FSHCM31.61
1,FSHXWN13hun.43
2,FNXYCHL26.78
1,FSXTY59.4
1,FBJ20.24
1,FSCPS31.92
1,FBJ51.86
1,FAHBZ15.36
2,FHBSJZ13.11
1,FSHCM49.15
1,FJXSRPY10.33
1,FGSZY7.37
1,FeceHuNa150142_FDME220052285-1a.113
1,FZJHZD11.7
1,FJSWX90.30
1,FTJBH59.66
2,FCQTY031_FDME220051125-1a.33
2,L1EFC230288_FXJCJ64_S171_L002.70
2,FYNLJ38.16
1,FSDQZ25.74
1,FSXTY47.43
2,FNMHHHHT42.51
1,FHuBWH15.29
2,FSHXBX70.141
1,FSHHK44.10
2,L1EFC230335_FJXFC05_S261_L003.6
2,FJSNT24.25
1,FSDLZ12.52
1,FNXYCHL64.65
1,FSDJN33.95
1,M1DZ10.72
1,FJSWXJ12.69
1,FCQTY077_FDME220051152-1a.33
1,L1EFC230386_FSHXXA15_S344_L004.8
1,FXJKS13.82
1,FSHXHZ21.29
1,M2CF17.11
NA,FNXYCHL33.19
1,FAHBZ20_FDME220050700-1a.122
2,FGDLZ5_FDME220051909-1a.31
1,FGSYC79.34
1,FHNFQ57.78
1,FHNXY32.92
1,FHLJYC23.88
1,FHLJYC22.15
1,FTJS006.19
1,FJSWXJ25.43
1,M1C2.71
2,SDHZD12.12
2,L1EFC230318_FTJS0001_S244_L003.120
1,FSHXHZ18.54
1,FHBSJZ22.26
1,FSCPS39.63
1,FSDJN50.31
1,FHNFQ30.71
2,FSXLVLS21.93
1,M2CF14.7
2,FCQTY071_FDME220051148-1a.29
1,FAHWH05.36
1,FNXYCHL44.119
1,BJCY3.27
1,FeceHuBe15015_FDME220052833-1a.101
1,FHuNHHMY38.99
2,FGSZY52.19
1,FAHBZ7_FDME220050689-1a.59
2,FSHCM77hun.6
1,FYNLJ65.73
2,FXJYN12.1
1,FSHXBX145.98
1,FJSNT3.46
1,FCQTY101_FDME220051173-1a.70
1,HeNJZ4hun.1
2,FFJLY10_FDME220051247-1a.30
1,FSDLZ47.129
1,FSCDJY12.23
1,FNXYCHL69.99
1,FNXYCHL13.19
1,FHNFQ46.62
1,FCQTY022_FDME220051119-1a.106
1,FCQTY159_FDME220051194-1a.12
1,FeceHuNa15011_FDME220052259-1a.45
2,FSHXHZ17.24
2,FSHHK20hun.13
1,L1EFC230266_FXJCJ25_S150_L002.18
2,FHLJZD58.57
2,FTJBH45.66
2,L1EFC230395_FSHXXA48_S38_L003.60
1,FJSWX80.58
1,L1EFC230410_FSXTY46_S53_L003.25
1,FAHWH14.78
1,L1EFC230366_FSHXBX48_S324_L004.26
1,FGSYC18.50
1,FHBSJZ46_FDME220052237-1a.19
1,FQHXN26.75
1,FZJHZD27hun.50
2,FeceGuXi15011.126
1,FHNXY60.20
1,FHNXY58.62
1,FHuBWH29.82
1,FHNXY14.59
2,FGDLZ21.82
2,FSXLL10.22
1,FNMHLBE17.98
1,FXJSW3.8
1,FSHXWN4hun.1
1,FNXYCHL51.38
1,FTJS012.47
1,FJSWXJ38.87
1,FJSWXJ43.109
1,FSCCD14hun.26
2,FJSNT15.53
1,FSHXBX30.14
1,FSCDJY41hun.13
1,FSHCM39.23
2,FAHBZ43.25
1,FSHCM86hun.63
1,FSDQZ17.52
2,FSDQZ4.76
2,FZJHZD9hun.73
1,FCQTY047_FDME220051132-1a.11
1,FSHXBX127.73
1,FTJS019.30
1,FSDQZ19.109
2,FFJLY1_FDME220051239-1a.43
1,FXJKS9.43
1,L1EFC230285_FXJCJ59_S168_L002.18
1,FSHXBX125.58
1,M101R01.16
2,FAHBZ40_FDME220050717-1a.47
1,FSHCM65.79
1,FSHCM80.23
1,FGSZY44.93
2,FGSYC65.10
1,FZJTZ58.32
2,FHuNHHMY83.97
1,FeceHuNa150120_FDME220052269-1a.75
1,FZJTZ2.17
2,FSDLZ58.92
1,FXJYN41.87
1,FSCPS81.34
1,FJXSRPY45.28
1,FSHXBX12.67
1,FSCPS4.89
1,FSDLZ09.64
1,FZJTZ33.108
1,FHuNHHMY74.83
1,FTJBH27.33
2,FNXYCHL42.61
2,FZJTZ12.93
1,FGXGL71_FDME220052126-1a.11
2,FNXYCHL52.108
1,FCQTY053_FDME220051136-1a.46
1,FCQHC8.2
1,L1EFC230350_FJXFC33_S308_L004.23
2,FGDLZ85.88
1,FSHXXA44hun.65
1,M2CF12.110
1,FSXLL8.59
1,FAHWH19.17
1,FAHWH33.42
1,FSDLZ49.37
1,FHLJYC7.36
1,FNMHHHHT29.58
1,FSCPS52.20
1,FJSWXJ16.55
2,FSHXBX124.6
2,FNXYCHL28.20
1,FSCPS94.84
1,FSXTY18hun.53
1,FBJ34.10
2,FTJBH28.79
2,FXJSW15.125
1,FQHXN61hun.141
1,FSHXHZ5.54
1,FYNLJ7.52
2,FSDQZ42.123
1,FSDQZ36.119
1,FSHCM62.25
1,FSXTY33hun.76
1,FBJ59.19
2,FHNXY29.48
1,FHNFQ61hun.32
1,FQHXN62hun.103
1,FHLJYC2.55
1,FCQNA15.8
2,FSDLZ59.60
1,FSDQZ35.155
1,FGSYC39.44
2,FJSWX92.20
1,FGSZY15.88
2,FSXLVWS7hun.41
1,FZJTZ20.109
1,L1EFC230256_FXJCJ12_S141_L002.5
2,FZJHZD23.39
1,FSDQZ32.69
1,L1EFC230349_FJXFC31_S307_L004.83
2,FHuNHHMY32.152
1,FHNFQ5.59
1,FSHXBX139.57
2,FeceHeNa11.11
1,FGSYC45.37
1,FXJYN21.75
1,FGDLZ83_FDME220051961-1a.29
1,FCQTY141_FDME220051183-1a.96
1,FGSZY32.51
2,FJSNT44.15
2,FSHXBX44.26
1,FFJLY39_FDME220051268-1a.26
1,FHNXY41.96
1,FJXSRPYG7.65
1,FSXTY26.15
1,FQHXN39.13
1,FTJBH25.116
1,FJSWX79.31
1,FSCCD10.69
2,FeceGuXi15013.12
2,FGDLZ24_FDME220051919-1a.23
1,L1EFC230292_FXJWS12_S175_L002.9
2,L1EFC230304_FXJWS33_S230_L003.12
1,FNXYCHL23.73
1,FSHXBX157.99
1,FTJBH17.75
1,FSHCM59.13
1,FXJYN24.3
2,FHBSJZ44_FDME220052235-1a.46
1,FHuNHHMY69.21
1,SDHZD11.108
1,FNMHHHHT13.17
2,FJXSRPY15.38
1,FGSZY28.70
1,FHLJYC29.75
1,L1EFC230258_FXJCJ14_S143_L002.150
2,FSDLZ21.78
1,FAHWH06.64
1,FNXYCHL63.79
1,FJND18_FDME220051209-1a.84
1,M1DZ12.6
1,FCQNA11.59
2,FHNFQ6.93
1,FCQTY006.25
1,FHuBWH36.37
1,FAHBZ39_FDME220050716-1a.39
2,FTJBH57.90
1,FHBSJZ30.63
1,FGDLZ16.59
2,FSDJN45.81
1,FSCPS61.83
1,FSHCM47.83
1,L1EFC230345_FJXFC21_S303_L004.51
2,FGDLZ12_FDME220051914-1a.51
2,FCQNA17.34
1,FSDLZ08.75
1,FeceHeNa2.73
2,FXJWS6hun.92
2,FSDJN31.57
1,FGSZY13.115
1,FSDQZ13.26
1,FYNLJ20hun.100
1,M1C8.108
1,FTJBH30.84
1,FJXSRPYG32.57
1,FSHXBX45.61
1,FSXTY25.24
1,FSXLVLS12.42
1,FJSWX77.12
1,FGSYC43.16
1,L1EFC230387_FSHXXA17_S345_L004.85
1,FSCDJY50.54
1,FGDLZ20.19
2,FSDLZ27.41
1,FSHXXA30.19
1,FeceGuXi150112.25
2,HuNCS8.3
1,FeceHuBe15013_FDME220052831-1a.23
1,FNXYCHL8.105
1,FGXGL72_FDME220052127-1a.65
1,FCQNA27.55
1,FJLHD33.94
1,FNXYCHL24.18
1,FZJHZD13hun.13
1,FGXGL24_FDME220052079-1a.56
1,L1EFC230326_FTJS0013_S252_L003.4
2,FBJ2.25
1,L1EFC230371_FSHXBX56_S329_L004.51
1,FXJSW36.104
1,FSHHK23hun.20
1,FAHBZ10_FDME220050692-1a.124
1,FZJTZ15.25
2,FSDJN41.30
2,FTJBH19.143
1,M2CF06.41
2,FZJTZ48.83
1,FYNLJ51.115
2,FCQTY157_FDME220051193-1a.64
1,FCQTY064_FDME220051144-1a.77
2,FBJ48.7
2,FXJCJ29.43
1,FZJTZ65.88
1,FSHHK2.37
1,FGXGL69_FDME220052124-1a.44
1,FTJBH48.103
1,FQHXN63hun.114
NA,FYNLJ80hun.17
2,L1EFC230362_FSHXBX40_S320_L004.34
1,FeceGuXi150113.53
1,FGXGL48_FDME220052103-1a.31
2,FSXTY15.15
1,FQHXN48.22
1,FGDLZ82_FDME220051960-1a.69
1,FJSNT20.117
NA,FSHXXA26.93
1,FQHXN27.51
1,FZJTZ13.83
2,FeceHuNa150111_FDME220052262-1a.5
1,FJSWX104.46
1,FGSYC49.8
2,FJXSRPYG1.11
1,FSHHK46_FDME220054513-1a.87
2,FSDQZ2.75
1,L1EFC230314_FXJWS46_S240_L003.13
1,FSHCM2.39
1,FSDLZ46.35
1,FHBSJZ55.40
1,FXJSW10.157
2,FSHXXA35.25
1,FCQNA40.92
1,FGDLZ8_FDME220051910-1a.54
1,FSDLZ20.103
1,FSHXHZ11.95
1,FSHHK40_FDME220054509-1a.45
1,FGSYC80.18
1,FGXGL97.20
1,FJSNT36.55
1,FSDQZ29.66
1,FSHXWN9.20
2,FAHBZ25_FDME220050705-1a.67
2,FSCPS12.76
1,FSXTY23.77
1,FHuNHHMY61.80
1,FJSWXJ3.56
1,FJSWXJ22.23
1,FSHCM54.29
1,FSHHK29_FDME220054498-1a.2
2,FeceHuBe150133_FDME220052849-1a.13
1,FHNXY53.80
1,FSXTY38.77
2,FSDJN18.78
1,FSHHK16_FDME220054486-1a.44
1,FGXGL39_FDME220052094-1a.29
1,FSHHK47_FDME220054514-1a.92
2,FJXSRPYG19.44
1,FXJCJ31.112
1,FSDQZ43.29
1,FGXGL56_FDME220052111-1a.18
1,FHLJZD15.78
1,FAHBZ33_FDME220050713-1a.52
2,FGSYC69.63
1,FSDLZ40.25
2,FNXYCHL30.6
1,FQHXN30.46
1,FSXLL5.11
1,FSXTY5hun.16
1,FNMHHHHT32.14
1,FCQTY009.87
1,FGSZY16.37
1,FSXTY50.42
1,M2CF13.71
1,FSHXXA32.2
1,FSXTY17.16
1,FGSZY48.46
2,FGSYC20.4
1,FCQTY076_FDME220051151-1a.37
1,FHLJYC36_FDME220052685-1a.20
2,FSXTY60.67
1,FSDQZ20.38
1,FGXGL100.15
1,FSHHK18hun.48
2,FJSWXJ13.37
1,FSHCM20_FDME220054535-1a.87
1,FGZ34M_FDME220052034-1a.34
1,FXJSW12.50
1,FSHXWN15.84
1,FJSNT4.93
1,FGDLZ77_FDME220051942-1a.48
1,FHNXY40.2
2,FAHBZ37_FDME220050714-1a.81
2,FNXYCHL46.109
1,M124R01.118
1,FSHCM53.38
1,FNMHHHHT14.1
2,FJSWX85.49
1,FSHXWN22.49
2,FHNXY3.99
2,FBJ11.73
1,FHLJYC12.14
1,FZJTZ14.14
1,L1EFC230283_FXJCJ52_S166_L002.42
1,FBJ29.35
2,FJNDD12_FDME220051229-1a.67
1,FSXTY32.74
1,FZJJH11.29
2,FYNDL23hun.46
1,M105F01.140
1,FJSNT61.33
1,FSHCM56.101
2,FSHXHZ23.72
1,FSDLZ15.25
2,FXJYN19.86
1,FXJYN3.69
1,FSXTY43.64
2,FSCPS9.92
2,FJSWXJ14.61
1,FXJWS29.52
1,L1EFC230332_FTJS0029_S258_L003.92
1,FSXTY28.3
1,L1EFC230303_FXJWS32_S229_L003.8
1,FGSZY23.121
1,FHLJDQ11.35
1,FSHHK33hun.79
1,FSCPS69.38
1,FSHXBX19.11
1,FCQTY050_FDME220051135-1a.85
2,FNXYCHL61.71
1,FNXYCHL9.95
1,FSDJN39.17
1,FSXTY7hun.37
2,L1EFC230360_FSHXBX24_S318_L004.29
1,FCQNA9hun.30
1,FQHXN92.85
1,FHLJZD39.89
1,L1EFC230324_FTJS0010_S250_L003.54
1,FHBSJZ5.34
1,FSDJN58.5
2,FSHXWN21.61
1,FNMHLBE5.22
1,FSCPS46.65
2,FNXYCHL65.105
2,FZJHZD7hun.63
1,FGSYC31.14
1,FSHXBX165.36
1,FJSWXJ4.73
2,FAHWH18.15
1,FJSNT5.36
1,FJXSRPY12.20
1,FSDQZ39.101
1,FNMHLBE4.1
1,FSCCD8hun.91
1,FSHXBX47.44
1,FHuNHHMY71.30
1,FGZ5M.90
1,FGSZY22.129
1,FeceHuNa150137.46
1,FCQTY058_FDME220051138-1a.26
1,FSDLZ01.22
1,FGXGL65_FDME220052120-1a.21
2,FSHXHZ22.30
1,FTJBH41.68
1,FJXSRPY6.36
1,FNXYCHL67.96
1,FZJHZD28.65
1,FSCDJY57.59
2,FHNFQ15.18
1,FZJTZ67.43
1,FeceGuXi15012.33
1,FAHWH31.51
1,FZJTZ41.22
2,FJLHD44.173
1,FCQJJ2.53
1,FSXLL11.58
1,FYNLJ36.44
1,FHLJYC37_FDME220052686-1a.69
1,FXJWS38.83
1,JSCZD7.14
1,FSHXWN14.70
1,FSHXBX98.76
2,FAHWH28_FDME220050746-1a.55
1,FJSNT60.60
1,FXJYN34.43
2,FZJTZ23.9
1,FGXGL22_FDME220052077-1a.56
2,FXJWS18.64
1,FJXSRPY24.113
1,FSDJN20.109
1,FSXLVLS20.12
1,FSHHK31hun.12
1,FSXLVWS9.93
1,FJSWXJ39.16
1,FSDJN5.84
2,FSHXWN16hun_FDME22H000406-1a.23
1,FJSNT45.41
1,FSXTY39.128
1,FeceHuNa150140_FDME220052283-1a.7
1,FAHBZ26_FDME220050706-1a.69
1,FSDQZ14.9
1,FCQTY091_FDME220051169-1a.10
1,FSXTY54.23
1,M1C7.58
1,SDHZD7.40
2,FXJSW5hun.108
1,SDHZD6.139
1,FCQTY136_FDME220051181-1a.64
1,FNXYCHL75.22
1,FJSNT46.45
1,FHNFQ50.91
1,FQHXN113.37
1,FNXYCHL29.64
1,FGXGL87_FDME220052142-1a.87
1,FGXGL33_FDME220052088-1a.34
1,FNMHHHHT36.112
1,FNXYCHL89.112
1,FNMHHHHT11.36
1,FJSNT63.1
2,FHuNHHMY67.29
2,FHLJZD6.6
1,FGSZY24.4
1,FGDLZ63_FDME220051944-1a.9
1,FFJLY77.102
1,FHNXY11.96
1,FHBSJZ8.37
1,FGDLZ62.80
2,FSHCM83.13
1,FeceHuNa150119.3
1,FTJBH53.27
1,FSHXXA46.101
1,FSDJN24.38
1,FHNXY62.72
1,FGD19M_FDME220052006-1a.35
1,FXJCJ53.52
1,M2CF05.89
1,FZJTZ61.47
1,FSXTY16hun.21
1,FNXYCHL70.22
1,FBJ60.140
1,FSHHK48_FDME220054515-1a.39
2,FZJTZ18.20
2,FHLJZD29.26
1,FHNXY43.48
2,FHNXY49.131
1,FGXGL63_FDME220052118-1a.87
1,FSHXBX151hun.1
1,FGXGL77_FDME220052132-1a.66
1,M2CF10.33
2,FSHHK26.41
1,FSHXXA45.19
1,FSDJN36.66
1,FZJTZ28.54
1,FGDLZ4_FDME220051908-1a.69
1,FNXYCHL59.90
1,FGSZY41.44
1,FSXTY8hun.14
1,FBJ67.92
1,FHLJYC18hun.22
1,FSXTY27.79
2,FHBSJZ41_FDME220052232-1a.11
1,FSCDJY49.100
1,FAHBZ32_FDME220050712-1a.65
1,FBJ32.73
1,FHNXY63.51
1,FJXSRPY44.6
1,FQHXN47.69
2,FNXYCHL47.14
1,FHBSJZ12.23
2,FGZ15M_FDME220051995-1a.22
1,L1EFC230389_FSHXXA21_S347_L004.87
1,FSCPS41.9
2,FJLHD18.94
2,FSDLZ41.54
1,FeceHuNa150136.54
1,FHLJZD53.125
1,FSHXBX169.32
1,FCQNA10.6
1,FSXLVWS8hun.14
1,FAHWH09.81
1,FXJWS22.71
1,FNMHLBE35.166
2,FSHXBX158.34
1,FNMHLBE16.21
1,FBJ26.19
1,FJSWX82.16
1,FQHXN55.85
1,FQHXN58.70
