tree_group,mag
1,FQHXN4.62
1,FSXTY12hun.11
1,L1EFC230302_FXJWS31_S228_L003.147
2,FSXLL10.7
2,FNMHHHHT44.81
1,FSHHK33hun.98
1,FGXGL69_FDME220052124-1a.98
1,FGXGL28_FDME220052083-1a.60
1,FAHBZ25_FDME220050705-1a.113
2,FGXGL26_FDME220052081-1a.69
2,FGSZY11.8
2,L1EFC230295_FXJWS19_S222_L003.67
1,FSHHK7_FDME220054481-1a.32
2,FSHXWN30.59
1,FGXGL93.20
2,FAHWH21_FDME220050743-1a.132
2,FeceGuXi150114.123
1,FHuNHHMY67.48
1,L1EFC230410_FSXTY46_S53_L003.35
2,FSDLZ38.72
2,FJSWXJ17.74
2,FSCDJY45.5
2,FSHCM97.94
2,FZJHZD16hun.94
2,FHuNHHMY20.67
2,FBJ7.70
1,FAHWH14.41
2,L1EFC230395_FSHXXA48_S38_L003.97
1,FFJLY15_FDME220051249-1a.8
1,FHuBWH23hun.5
1,FSDJN19.37
1,FGXGL60_FDME220052115-1a.50
1,L1EFC230376_FSHXBX69_S334_L004.71
1,FAHWH12_FDME220050738-1a.38
1,FHuBWH24.97
2,L1EFC230320_FTJS0005_S246_L003.59
2,FSHXWN6.26
1,FSDLZ15.79
1,FSHXXA46.14
2,FHNFQ19.4
1,FXJYN17.38
1,FZJTZ30.61
1,FSHHK25_FDME220054495-1a.40
2,FJSWXJ14.37
1,FFJLY17_FDME220051250-1a.79
2,L1EFC230386_FSHXXA15_S344_L004.42
2,FGXGL21_FDME220052076-1a.34
2,FGXGL29_FDME220052084-1a.4
2,FSHHK12hun.86
1,L1EFC230347_FJXFC25_S305_L004.137
1,FZJTZ12.95
1,FGZ40M_FDME220052053-1a.9
1,FAHWH41_FDME220050758-1a.24
2,FAHBZ38.45
2,FSHXWN1.41
2,FSHXBX4.47
2,FSHCM9_FDME220054526-1a.83
1,FHLJYC21.122
1,FJSNT29.23
2,FNMHHHHT22.21
2,FBJ37.58
2,FSCPS8.71
1,FSHXXA29.18
1,FCQTY070_FDME220051147-1a.105
1,L1EFC230274_FXJCJ39_S158_L002.115
2,FGZ37M_FDME220052037-1a.106
1,FGXGL87_FDME220052142-1a.72
2,FCQTY021_FDME220051118-1a.68
2,FCQTY092_FDME220051170-1a.31
1,FJSWXJ15.40
2,M2CF21.102
1,FXJSW36.51
1,FQHXN7.12
2,FSXTY21.53
2,FSDJN1.76
1,FBJ57.65
2,FSDQZ6.139
1,FSDLZ56.6
1,FGZ2M.84
2,FSHXWN4hun.63
