tree_group,mag
1,FJSWXJ42.133
2,FQHXN6.26
2,FJSWXJ3.32
2,FXJYN21.55
2,FJSWX97.69
2,FQHXN11.28
2,FJLHD52.62
1,FGDLZ3.46
2,FJLHD45.10
1,FeceHeNa20.27
2,FTJBH38hun.23
2,FQHXN63hun.115
2,FTJBH49.45
1,FQHXN22.39
2,FHLJZD21.143
1,FCQNA25.32
2,L1EFC230342_FJXFC16_S268_L003.56
2,FAHBZ3_FDME220050685-1a.82
2,FSHXWN6.101
2,FGSZY34.92
2,FHLJYC42_FDME220052691-1a.107
1,FHNXY20.92
2,FSHXBX140.41
2,FSXTY27.22
2,FSHHK25_FDME220054495-1a.33
1,FCQTY092_FDME220051170-1a.57
2,FGXGL40_FDME220052095-1a.15
2,FNXYCHL68.120
2,M1DZ04.98
2,FNMHLBE9hun.36
1,FJLHD44.99
2,FNMHLBE14.96
2,FHLJZD19.40
2,FTJBH64.17
1,FSHCM62.1
2,FBJ53.14
2,FSHXWN2.17
2,FSDJN12.89
2,FHuNHHMY19.22
2,FHNFQ28.10
2,FAHBZ29_FDME220050709-1a.50
2,FFJLY43_FDME220051271-1a.86
2,L1EFC230274_FXJCJ39_S158_L002.31
1,FCQNA39.91
2,FeceHeNa6.25
2,FGSZY14.2
1,FQHXN8.55
2,FSDLZ55.49
2,FQHXN104.26
2,FSHCM17_FDME220054534-1a.65
2,FSXLVWS6.105
2,M122R01.145
1,L1EFC230294_FXJWS15_S177_L002.47
1,FSHXBX157.67
2,FSXTY25.29
1,L1EFC230369_FSHXBX54_S327_L004.112
2,FSCCD1hun.36
2,FTJBH27.10
2,L1EFC230335_FJXFC05_S261_L003.80
2,FHNXY1.67
1,FXJSW8.47
2,FSDLZ30.119
2,FHNXY63.76
2,FXJSW21.47
2,FSDJN1.102
2,FXJSW39.49
2,FJSWX76.35
2,FXJKS23.125
2,FHNFQ6.39
2,FXJKS34.78
2,FQHXN52hun.50
2,FHBSJZ60_FDME220052251-1a.2
2,FBJ63.51
2,FeceHeNa8.98
2,FXJCJ21.114
2,FHLJZD41.34
1,FSHCM21_FDME220054536-1a.30
2,FeceHuNa150113_FDME220052264-1a.81
2,FCQHC8.29
2,FXJKS16.57
2,FZJTZ18.13
2,FSHXBX25.33
2,L1EFC230285_FXJCJ59_S168_L002.130
1,FCQTY060_FDME220051140-1a.6
1,FGDLZ1.29
2,FZJTZ6.119
1,FXJKS48.132
2,FSHCM4hun.70
2,FGXGL86_FDME220052141-1a.25
2,FQHXN76.97
1,FGDLZ50_FDME220051930-1a.29
2,FXJCJ31.82
2,FBJ43.39
2,FZJTZ43.23
1,FJNDD5_FDME220051222-1a.70
2,FSXLVLS19.122
2,FSDLZ50.58
1,FeceHuNa150119.73
2,FAHBZ9_FDME220050691-1a.56
1,FSHXBX57.56
2,FSDJN15.31
1,FHNXY34.36
1,FHHMY79.28
2,FSHCM83.71
1,SDHZ24.131
1,FSDLZ40.21
1,FSDQZ32.97
2,FSCPS95.4
1,L1EFC230364_FSHXBX42_S322_L004.20
2,L1EFC230312_FXJWS44_S238_L003.58
2,FSXLVLS13.103
1,FXJKS2.5
2,FSHXBX88.4
1,FHLJYC15.44
2,FHLJZD51.12
2,FGSZY29.31
2,JSCZD5.47
2,FSDJN27.21
2,L1EFC230310_FXJWS40_S236_L003.70
2,FXJYN37hun.15
2,FXJCJ17hun.31
2,FCQTY141_FDME220051183-1a.95
2,FSHXBX27.71
2,FSHXBX74.41
2,FSXLVWS1hun.73
2,L1EFC230359_FSHXBX16_S317_L004.13
1,FGXGL81_FDME220052136-1a.137
2,FHuNHHMY67.55
2,FJXSRPY12.34
2,FSHXHZ10.3
2,FJND9_FDME220051201-1a.90
2,FBJ30.49
2,FGSZY35.34
1,L1EFC230341_FJXFC14_S267_L003.14
1,FSHXBX78.1
2,FYNDL28hun.4
2,FSXTY59.96
2,FGSZY8.53
2,FSCDJY79.33
2,FSHXWN19.33
2,FSHXBX125.18
2,FYNLJ65.12
2,FGDLZ55_FDME220051935-1a.44
2,FeceHeNa26.20
2,FSHHK7_FDME220054481-1a.90
2,FHNFQ41.15
1,M207F02.64
2,FNMHHHHT19.40
2,FNXYCHL58.114
2,FAHBZ19.50
1,FHuBWH29.64
1,FCQNA40.67
1,FSDQZ46.52
2,FNXYCHL95.30
2,FNMHLBE24.136
2,FGDLZ53.48
2,FNXYCHL71.24
2,L1EFC230266_FXJCJ25_S150_L002.25
1,FSDQZ27.66
2,FCQTY147_FDME220051186-1a.4
1,FXJSW46.112
2,FHBSJZ34.72
2,FAHBZ10_FDME220050692-1a.79
1,FJLHD7.65
1,FHNFQ39.87
2,FSXTY24.75
2,FHuNHHMY56.33
1,FSCDJY48.79
2,FJLHD1.41
2,FHBSJZ16.86
2,FZJTZ4.17
2,FNMHLBE11hun.70
2,FSDJN20.66
2,FGDLZ68.46
2,FTJBH62hun.99
1,FSXLVWS9.74
2,FQHXN103.116
2,FSHXHZ2.55
2,FJLHD50.57
2,FeceHuNa150137.80
2,FHuBWH32.47
1,FXJKS25.34
2,FSDJN44.42
2,FSCDJY64.92
2,M1DZ09.67
1,FeceHuNa150118_FDME220052267-1a.35
2,FTJS016.19
2,FJXSRPY54.107
2,FGSYC13.42
2,FNMHLBE34hun.83
1,FFJLY66.47
2,FBJ42.83
2,FTJS022.1
1,FNXYCHL41.45
1,L1EFC230325_FTJS0011_S251_L003.92
1,FBJ28.27
1,FJLHD21.132
2,FXJYN19.19
2,FSHXBX103.69
2,FHNFQ25.20
1,FGDLZ8_FDME220051910-1a.12
2,FAHBZ27_FDME220050707-1a.24
2,FSHXBX70.90
1,FXJSW2.109
2,FJXSRPY48.57
1,JSCZD12.17
2,FQHXN99.102
2,FHNXY3.98
2,FHNXY10.33
2,FZJTZ19.130
2,FXJYN11.134
2,FHLJYC33_FDME220052682-1a.55
1,FGXGL32_FDME220052087-1a.13
1,FXJKS14.128
2,FeceHuBe15013_FDME220052831-1a.113
2,FGXGL26_FDME220052081-1a.53
1,FAHBZ53.46
2,FGXGL6_FDME220052061-1a.97
1,FSHXBX148.57
2,L1EFC230376_FSHXBX69_S334_L004.68
2,FJXSRPY53.22
2,FSDJN61.14
2,FHNXY9.68
2,FHBSJZ37.1
2,FHBSJZ29.26
2,FSXLVLS10.49
2,L1EFC230242_FHLJZD30_S85_L001.23
2,FXJKS19.122
1,FeceHeNa21.30
2,FSDLZ54.56
2,FQHXN79.11
1,L1EFC230250_FHLJZD56_S135_L002.25
1,L1EFC230237_FHLJZD20_S82_L001.11
2,FSXTY42.40
2,M1C13.42
2,FeceHuNa15019.21
2,FSCPS45.13
1,FSCDJY57.146
1,FSHXWN27.66
2,FHNXY7.89
1,FJSNT67.10
1,FXJYN38.44
1,FSDLZ16.16
2,FHLJZD31.13
2,FSDQZ36.46
1,FSDLZ31.7
2,FQHXN90.46
2,FAHBZ31_FDME220050711-1a.81
2,FNXYCHL39.140
2,FSCCD15.41
2,FSHXHZ18.140
1,FAHBZ36.51
2,FQHXN50.70
1,FSHXBX138.19
2,FGDLZ74.92
2,FSHXBX65.24
2,FSDLZ44.122
2,FHLJZD32.43
1,FAHWH14.84
1,FSDLZ11.111
1,L1EFC230258_FXJCJ14_S143_L002.141
2,FHNFQ63.11
2,FJSNT31.76
2,FQHXN102.73
2,M101R01.28
2,FJLHD53.121
1,FeceHuNa15012_FDME220052260-1a.17
2,FCQTY049_FDME220051134-1a.45
1,FJSNT23.68
2,FJLHD9.55
1,L1EFC230344_FJXFC20_S302_L004.111
2,FSDLZ19.27
2,FSDJN48.38
2,L1EFC230363_FSHXBX41_S321_L004.55
2,FGSZY33.94
2,FGXGL41_FDME220052096-1a.81
2,FSHXBX174.85
2,FSHHK28_FDME220054497-1a.163
2,FHNXY58.86
2,FBJ50.48
2,FSDJN22.91
2,FSHXHZ25.78
2,FHBSJZ25.7
2,FSDLZ34.93
2,FSXLVLS15.15
2,FTJS020.81
2,FSHXHZ11.17
1,FHLJZD16.54
2,FCQTY097_FDME220051172-1a.62
2,FSDJN36.127
2,FCQTY031_FDME220051125-1a.93
2,L1EFC230279_FXJCJ45_S163_L002.34
2,FHLJYC40.62
2,FNXYCHL45.18
1,FHLJYC29.132
2,FSHXBX153.21
2,FGDLZ64_FDME220051945-1a.45
2,FSXTY43.66
1,FBJ44.109
2,FJXSRPY29.29
2,FJNDD1.40
2,FSCDJY45.19
2,FQHXN15.2
1,FGXGL23_FDME220052078-1a.35
2,L1EFC230313_FXJWS45_S239_L003.124
2,FJSWX83.22
1,FSHXBX45.34
2,FAHWH30_FDME220050748-1a.73
2,FNMHLBE7.72
2,FGSZY26.105
2,FGXGL73_FDME220052128-1a.95
2,FSXLL5.9
2,FJSNT66.73
1,FSCPS49.78
2,FHLJDQ12.37
1,FSDQZ24.29
2,FNXYCHL46.90
2,FHuNHHMY49.42
1,FZJTZ8.11
2,FSHXHZ9.117
2,FZJTZ26.107
2,FZJTZ20.96
2,FSDJN3.25
2,FZJTZ35.9
2,FSXLL1.43
1,FAHBZ18_FDME220050698-1a.34
2,L1EFC230305_FXJWS34_S231_L003.124
2,FHLJZD2.39
2,FSHXWN17.15
2,FQHXN64hun.61
1,FeceHuNa150117_FDME220052266-1a.55
1,FSCDYJ7.137
1,FGDLZ49.71
2,FHuNHHMY7.58
1,FJLHD42.16
2,FZJTZ56.33
2,FSHXBX123hun.7
2,FQHXN49.62
1,FXJKS27.94
2,FSDQZ19.51
2,FGXGL16_FDME220052071-1a.46
1,FZJTZ54.22
2,FGZ6M_FDME220051977-1a.103
2,FXJWS6hun.3
2,FHuNHHMY64hun.50
2,FTJBH5.62
1,FGDLZ58.17
2,FGSZY41.79
2,FZJTZ68.109
2,FXJYN1.112
2,FHBSJZ56_FDME220052247-1a.44
2,FTJBH2.75
2,FSHCM63.2
2,FSXTY21.39
2,FGSZY13.58
2,M2CF12.6
1,FZJTZ60.20
2,FSDLZ38.43
2,FGDLZ82_FDME220051960-1a.26
2,FGDLZ14.38
2,FGSZY57_FDME220051907-1a.46
2,FNMHLBE18.53
2,FCQTY007.15
2,FSXLVLS21.74
2,FHHMY17.56
2,FSHHK36_FDME220054505-1a.109
2,FBJ58.50
2,FSHXBX150.112
1,FGXGL33_FDME220052088-1a.48
2,FHBSJZ19.74
2,FHNFQ62hun.35
1,FSHXBX79.26
2,FHuBWH23hun.103
2,FSHXWN21.2
1,FXJKS29.18
1,FHLJYC2.101
2,FSDJN35.5
2,L1EFC230295_FXJWS19_S222_L003.91
2,FSDQZ2.32
2,FSDQZ13.78
2,FSHXBX12.57
2,FeceHuNa150111_FDME220052262-1a.66
2,FGSYC39.62
1,FSDLZ20.2
2,FQHXN113.62
2,FGXGL11_FDME220052066-1a.27
2,FSDLZ39.75
2,FTJS030.65
2,FJLHD39.128
2,FAHBZ30_FDME220050710-1a.29
2,FSDJN46.14
2,FHLJYC35_FDME220052684-1a.40
1,FJLHD16.6
2,FHLJZD1.80
2,FZJTZ31.86
2,FSXTY23.85
2,FQHXN53.72
2,FSHXBX155.53
2,FJNDD9_FDME220051226-1a.92
2,L1EFC230382_FSHXXA06_S340_L004.89
2,FSDQZ39.51
2,FXJSW6.27
2,FQHXN48.35
1,FXJKS5.114
2,SDHZD3.98
1,FZJTZ22.18
2,FNXYCHL52.96
2,FXJSW49.41
2,FJSNT43.10
2,L1EFC230236_FHLJZD14_S81_L001.92
2,FXJKS47.65
2,FSHXWN30.63
1,FTJBH47.51
2,FeceHuBe15011_FDME220052829-1a.10
1,FGDLZ2.80
1,FSCPS36.22
2,FXJKS49.22
2,FBJ67.7
2,M2CF01.24
2,FSHXBX128.17
2,FFJLY40_FDME220051269-1a.74
2,FAHBZ2.4
1,FJXSRPY17.111
