tree_group,mag
1,FQHXN109.14
2,FSDQZ21.110
1,FXJKS47.84
1,FSHXHZ21.56
1,M214F02.24
2,FAHBZ40_FDME220050717-1a.75
1,FSCPS69.95
1,FSCDJY76.112
2,FNXYCHL24.78
2,FJLHD6.106
1,L1EFC230247_FHLJZD44_S90_L001.53
2,FXJKS42.88
2,SDHZ24.24
1,FXJKS43.126
1,FSCDJY64.84
1,FGSYC12.43
1,FYNLJ76.58
2,FGXGL16_FDME220052071-1a.24
1,FGDLZ2.41
1,FXJYN11.48
1,M123F01.15
2,FHHMY79.58
1,FXJKS14.108
1,FQHXN102.88
2,FHNXY44.65
1,FJLHD16.94
1,FJSWXJ13.75
2,FAHBZ1_FDME220050683-1a.13
1,FCQTY054_FDME220051137-1a.42
1,FQHXN76.38
2,FQHXN89.6
2,FXJKS11.10
1,FXJKS22.25
2,FGXGL34_FDME220052089-1a.111
2,FAHBZ23_FDME220050703-1a.61
2,FJSWX90.17
2,L1EFC230332_FTJS0029_S258_L003.107
2,FTJBH_17.13
2,FSHXBX130.152
1,FQHXN73.125
2,FNMHLBE23.77
1,L1EFC230355_FJXFC53_S313_L004.117
2,FHNXY7.13
2,FJLHD55.49
1,FJSWXJ38.143
2,FHuBWH29.57
2,FSHCM86hun.71
1,FNMHLBE12.4
1,FXJKS5.39
1,FXJKS34.31
1,L1EFC230341_FJXFC14_S267_L003.56
1,FXJYN36.145
1,FeceHuBe150125_FDME220052846-1a.138
1,FFJLY34_FDME220051263-1a.58
1,FeceHuBe150119_FDME220052841-1a.122
1,FCQNA9hun.175
1,FHNFQ2.32
1,FAHBZ2.7
1,M1C5.103
2,FHNFQ12.103
2,FJSNT27.81
1,FSXLVWS8hun.139
2,FSDLZ01.65
2,FGDLZ5_FDME220051909-1a.62
2,FYNDL28hun.104
2,FAHBZ46_FDME220050723-1a.1
1,FXJCJ43.59
1,FSDJN12.43
2,FSDLZ19.77
1,FGDLZ24_FDME220051919-1a.131
1,FSHXBX28.70
2,FNXYCHL65.142
2,FHuNHHMY43.71
1,FHNXY58.79
2,FAHWH38_FDME220050755-1a.136
1,FFJLY10_FDME220051247-1a.27
2,FCQNA40.5
2,FSDLZ40.111
2,FJSNT23.20
1,FSCCD6.43
1,FHuNHHMY77.47
2,FSXTY51hun.89
1,M104R01.92
2,FCQTY159_FDME220051194-1a.3
1,FSCDJY67.33
2,FHBSJZ42_FDME220052233-1a.104
1,FJLHD53.52
1,FGDLZ49.111
1,FJSWXJ21.23
1,FAHBZ48_FDME220050725-1a.33
1,FGSYC51.7
1,M1C12.81
1,FGDLZ6.36
1,FZJTZ23.88
2,FQHXN87.114
2,FSXLVLS25.16
2,FAHBZ44_FDME220050721-1a.58
1,FXJYN29.17
1,M2CF08.69
2,FTJBH30.115
1,FSXLVLS19.43
1,FSCPS36.81
2,FSHCM57.6
1,M1C1.51
2,FSHXBX169.148
2,FSXLVLS3.127
1,FCQTY078_FDME220051153-1a.47
2,FAHBZ17.109
1,FQHXN99.97
1,FXJSW8.79
1,FHLJDQ7.16
2,FSDLZ17.41
2,FSHCM96.34
2,FGDLZ27.60
1,FeceGuXi15013.141
2,FSHXHZ18.130
1,FHuNHHMY58.10
1,FSDLZ12.26
2,FHNXY60.21
2,FZJTZ53.2
2,FHNFQ13.31
1,FZJTZ30.73
1,M101R01.76
1,FeceHeNa8.9
1,FAHBZ22_FDME220050702-1a.52
2,FNXYCHL5.37
1,FSHCM39.154
1,FAHBZ12.49
2,FQHXN90.59
1,FHLJYC29.118
1,FSDQZ39.20
1,FAHBZ5_FDME220050687-1a.66
1,FJXSRPYG41.89
1,M1DZ01.30
2,FGDLZ33_FDME220051920-1a.68
2,FZJTZ11.44
1,FHNXY1.4
1,L1EFC230325_FTJS0011_S251_L003.48
1,FJSWXJ8.108
2,FeceHeNa20.110
1,FQHXN61hun.92
2,L1EFC230351_FJXFC35_S309_L004.10
2,FBJ29.31
1,FZJTZ21.8
1,M1DZ08.69
1,FNMHLBE10hun.76
1,FSHHK30_FDME220054499-1a.140
1,FXJSW19.52
2,FNXYCHL44.92
1,FHuNHHMY32.90
2,FGSZY13.116
2,FFJLY56_FDME220051237-1a.88
2,FHNXY19.52
1,FGXGL45_FDME220052100-1a.79
1,FXJSW15.102
1,FGXGL69_FDME220052124-1a.42
1,FSCDJY31.118
1,FHLJZD55.59
1,FGXGL88.47
1,FGXGL32_FDME220052087-1a.92
2,FGXGL81_FDME220052136-1a.34
2,FGSZY54.14
2,FSHXBX139.93
2,L1EFC230339_FJXFC12_S265_L003.137
1,FXJSW48.2
1,FHNFQ60hun.62
1,FZJTZ4.91
2,FSDJN27.20
2,FSHHK17hun.105
1,FXJCJ4.114
1,FSCPS4.116
1,FXJYN9.79
2,FJNDD9_FDME220051226-1a.75
2,FeceHeNa7.28
2,FSDLZ27.2
2,FHNXY47.116
1,FAHBZ10_FDME220050692-1a.55
1,M1C8.198
1,FGSYC30.116
1,FHNXY42.94
1,FGDLZ54.7
2,FSHCM54.73
1,FYNLJ68.39
2,FXJSW17.38
1,M124R01.67
1,FBJ25.31
1,FSDQZ16.71
1,FGDLZ19_FDME220051917-1a.81
1,FJLHD38.89
1,FSCDYJ7.19
2,FGXGL6_FDME220052061-1a.122
1,FCQNA43.81
1,FZJTZ24.59
2,FSDLZ30.83
1,FXJKS40.174
2,FZJTZ15.73
1,FNMHHHHT17.22
1,FBJ69.88
1,M1DZ06.13
1,FSCPS62.89
2,FYNLJ52.8
2,FJSWXJ25.151
1,M202F01.40
2,FSDQZ27.1
1,FZJTZ12.111
2,FCQTY010.187
2,FeceGuXi150114.38
2,FZJTZ41.11
1,FJSWXJ4.125
1,FSCDJY57.113
1,FJSWXJ7.104
1,FYNLJ22hun.115
1,FBJ63.74
1,FZJTZ19.70
2,FXJYN25.62
2,FGSZY37.102
1,FeceHeNa5.117
1,FGXGL41_FDME220052096-1a.2
2,FSHXBX71.33
1,FSDQZ35.72
2,FTJBH93.100
2,FSDLZ25.17
1,FGSZY57_FDME220051907-1a.34
1,FXJKS37.11
1,FSXLVWS1hun.104
1,FAHBZ20_FDME220050700-1a.128
1,FSHXBX98.29
1,FSDLZ21.126
1,L1EFC230313_FXJWS45_S239_L003.56
1,FJLHD29.26
1,FAHBZ18_FDME220050698-1a.39
1,M1C9.200
1,L1EFC230318_FTJS0001_S244_L003.59
1,M2CF05.87
1,FYNLJ46.9
1,FQHXN108.5
1,FSHCM15_FDME220054532-1a.42
2,FGXGL22_FDME220052077-1a.8
1,FQHXN14.82
1,FJLHD32.59
2,FHuNHHMY64hun.122
2,FNMHLBE8.104
1,FSHHK44.57
1,FSHHK49_FDME220054516-1a.71
1,FJXSRPY40.131
1,FYNLJ66.21
1,FXJKS19.26
2,FSHCM31.23
1,FXJKS50.60
2,FNXYCHL61.13
1,FSDQZ11.11
1,FHNXY6.75
1,FJXSRPYG9.67
2,FJSWX105.15
1,FSHHK28_FDME220054497-1a.123
1,FSHXBX157.27
1,M1DZ11.12
2,FJSNT32.90
1,FSDLZ02.70
2,FXJKS6.50
1,L1EFC230300_FXJWS27_S226_L003.16
1,FGXGL1_FDME220052056-1a.25
1,FJSNT67.79
2,FSHHK14.151
2,FJSWXJ14.43
1,FZJHZ8.71
1,FCQTY085_FDME220051156-1a.84
2,L1EFC230328_FTJS0025_S254_L003.39
1,FZJTZ52.51
2,FeceHuBe150132_FDME220052848-1a.85
1,FNMHLBE31.173
1,FSDQZ18.70
1,FCQTY092_FDME220051170-1a.9
2,FCQTY145_FDME220051185-1a.49
1,FQHXN93.5
2,FGDLZ81_FDME220051959-1a.83
1,FQHXN1.59
2,L1EFC230354_FJXFC47_S312_L004.6
1,FXJKS51.81
1,FYNLJ57.112
1,FGXGL3_FDME220052058-1a.56
1,FSHXHZ13.148
2,FNXYCHL55.24
1,FeceHuNa15017.53
1,FJXSRPY8.94
1,FJLHD23.129
2,L1EFC230285_FXJCJ59_S168_L002.99
1,FeceGuXi15011.3
2,FNMHHHHT19.42
1,FSHHK16_FDME220054486-1a.117
2,FHLJYC42_FDME220052691-1a.159
2,FHuBWH36.147
2,FSDJN31.17
1,FGDLZ9_FDME220051911-1a.29
1,FSDLZ08.48
2,FNMHLBE25hun.37
1,FGXGL26_FDME220052081-1a.131
1,L1EFC230363_FSHXBX41_S321_L004.28
2,FTJBH17.87
2,FXJKS2.97
2,FHLJZD2.60
2,FNXYCHL56.131
1,FHLJZD41.79
1,FXJKS30.81
2,FSCPS68.35
2,FAHBZ25_FDME220050705-1a.107
2,FSCPS41.39
1,FGDLZ83_FDME220051961-1a.154
1,FQHXN68.37
2,FZJTZ6.42
2,FHNXY38.157
1,FGXGL28_FDME220052083-1a.53
1,FGDLZ50_FDME220051930-1a.109
2,FJXSRPY47.69
1,FSDLZ50.39
1,M2CF10.61
1,FSHXBX88.80
1,FSCPS94.48
1,FHLJYC38_FDME220052687-1a.52
1,L1EFC230393_FSHXXA37_S36_L003.101
1,FGXGL40_FDME220052095-1a.77
2,FHuNHHMY83.69
2,FGXGL71_FDME220052126-1a.92
1,M207F02.25
1,FCQNA25.54
2,FSXLVWS6.102
1,FNMHLBE18.109
2,FGSYC45.38
2,FHLJZD43.122
1,FJXSRPYG19.95
1,FBJ50.72
1,FXJYN38.53
1,FHNFQ20.70
1,FeceGuXi150110.8
1,FZJTZ68.131
1,FAHBZ43.24
1,L1EFC230344_FJXFC20_S302_L004.93
1,FTJBH2.147
2,FNXYCHL50.98
1,FQHXN97.42
2,FSHCM38.149
1,FZJTZ26.98
1,FSHHK50_FDME220054517-1a.42
2,FZJTZ25.43
1,FAHBZ11_FDME220050693-1a.11
2,FXJSW10.98
1,FSDJN37.119
1,FSHXBX148.9
1,FSHHK41_FDME220054510-1a.16
2,FJSWXJ17.71
2,L1EFC230302_FXJWS31_S228_L003.142
2,FSDQZ19.45
2,FXJSW32hun.51
1,M1C7.71
1,FJSNT21.50
1,FZJTZ62.62
2,FSHCM90.98
1,FeceHuBe150121_FDME220052842-1a.64
2,FSCPS65.58
1,FGDLZ65_FDME220051946-1a.55
2,FNMHHHHT10.139
1,FSHXBX57.25
1,FAHBZ21_FDME220050701-1a.114
2,L1EFC230395_FSHXXA48_S38_L003.75
1,FeceGuXi15015.86
1,FZJTZ35.53
2,FHNXY20.27
1,FHLJZD58.120
1,FTJBH39hun.4
2,FSDQZ24.57
2,FJSWXJ40.20
2,L1EFC230319_FTJS0003_S245_L003.23
1,FJNDD15.81
2,FHHMY63.110
2,FXJSW14.51
2,FHLJZD16.94
1,FXJKS3.23
1,FJXSRPY17.64
1,FAHBZ60_FDME220050735-1a.41
2,FSCPS35.80
1,FSHXBX20.114
2,FNXYCHL41.103
2,FQHXN92.72
1,FGSYC90.76
1,FSHXBX80.97
1,FGSZY3.102
1,FSDLZ42.142
1,FHLJYC5.133
2,FXJWS38.34
1,FJLHD44.2
1,FHNXY48.140
2,FSHXBX27.42
1,FCQTY155_FDME220051191-1a.89
1,FSXTY15.73
1,FJXSRPY37.82
2,FHuNHHMY16.15
1,FYNLJ35.29
1,FZJTZ40.79
1,FNXYCHL93.64
1,FXJKS39.70
1,FXJKS36.167
2,FSHHK40_FDME220054509-1a.39
1,M1C6.76
2,FSDQZ6.55
1,FHuNHHMY52.34
1,FJSWXJ2.115
2,L1EFC230361_FSHXBX31_S319_L004.12
