tree_group,mag
1,FeceHuNa150137.2
1,FQHXN23.98
1,FJSNT43.98
1,FGSYC19.55
1,FXJKS6.97
1,FJLHD23.85
1,FAHBZ19.61
1,FQHXN76.82
1,FXJSW10.40
2,L1EFC230286_FXJCJ60_S169_L002.78
2,FSHXBX169.86
1,FSXTY49.91
1,FSHXBX27.105
1,FGSZY23.76
1,FSDQZ31.92
1,FHuBWH29.12
1,FeceGuXi15013.109
1,FAHBZ59_FDME220050734-1a.140
2,FHLJYC18hun.75
1,FGSZY16.12
1,FHLJYC39_FDME220052688-1a.44
1,FGSYC74.40
1,FGSYC86.19
1,FSHXBX45.54
2,FSDQZ43.113
1,FCQTY155_FDME220051191-1a.25
2,FXJSW44.30
1,FSDQZ23.42
1,FXJKS4.8
1,FAHWH38_FDME220050755-1a.146
1,FHNFQ6.18
1,FHLJYC38_FDME220052687-1a.137
2,FQHXN96.89
2,FSXLVLS2.19
1,FHNXY63.22
1,FZJTZ13.82
1,FeceHeNa26.155
1,M104R01.70
1,FJSWXJ14.3
1,FSCCD14hun.113
1,FNXYCHL55.93
1,FQHXN90.42
1,FNMHLBE20.12
1,FQHXN54.89
1,FSHXWN1.1
1,L1EFC230372_FSHXBX62_S330_L004.15
1,FAHWH05.92
1,FJXSRPYG19.97
2,FSDLZ30.33
2,FXJKS39.6
1,FXJKS46.30
1,FSCCD8hun.24
2,FSHXBX139.84
1,FSCDJY22.111
2,FSHHK16_FDME220054486-1a.79
1,FeceHuNa150113_FDME220052264-1a.22
1,FGSYC4.128
1,FAHBZ5_FDME220050687-1a.141
2,FSDLZ01.28
1,FAHWH14.66
1,FXJWS38.72
1,FSHCM44hun.23
1,FSDQZ29.16
2,M1DZ01.91
1,L1EFC230325_FTJS0011_S251_L003.138
1,FSDJN26.111
1,FeceGuXi150110.118
1,FSHXXA42hun.13
1,FQHXN106.68
1,FSDLZ24.50
1,FXJKS42.32
2,FZJHZD16hun.23
1,FGSYC77.9
2,FNMHLBE23.115
2,FBJ58.72
1,FGSYC16.82
1,FCQTY054_FDME220051137-1a.90
1,FXJKS14.1
1,FZJTZ8.74
2,FGSZY57_FDME220051907-1a.31
2,FSHCM39.157
1,FGXGL65_FDME220052120-1a.99
1,FAHBZ21_FDME220050701-1a.38
1,FeceHuBe15017_FDME220052835-1a.25
1,FHuNHHMY52.85
2,FNMHLBE10hun.136
1,FSDLZ32.128
1,FHNXY8.81
1,FNXYCHL42.42
1,FSHXBX65.4
1,FGDLZ9_FDME220051911-1a.19
1,FeceGuXi15012.3
1,FJSWXJ17.84
2,FQHXN49.6
1,FBJ65.8
2,FSHXBX176.92
1,FZJTZ18.42
1,FJLHD53.15
1,FSHHK33hun.63
2,FZJTZ12.106
1,M2CF04.136
1,FGDLZ50_FDME220051930-1a.83
1,FSCPS39.16
1,FYNLJ22hun.60
2,FHuBWH4.21
1,FXJYN40.13
1,FXJKS49.66
2,FQHXN7.173
1,FQHXN61hun.150
1,FCQTY010.45
2,FZJTZ43.93
1,FSDQZ18.21
2,FJLHD52.24
1,FXJKS16.38
1,FSXTY42.57
1,FTJS006.38
2,FeceHuNa150117_FDME220052266-1a.16
2,FGXGL2_FDME220052057-1a.112
1,FSHXBX43.96
1,FJXSRPY40.110
1,FAHBZ33_FDME220050713-1a.40
2,FSHHK10_FDME220054482-1a.117
2,FXJSW46.82
1,FXJSW16.103
2,FAHBZ60_FDME220050735-1a.110
1,FXJSW19.66
1,FSHCM70.74
2,FBJ44.67
1,FGSZY53_FDME220051904-1a.56
1,FQHXN36.23
2,FHLJYC40.11
1,FGDLZ56_FDME220051936-1a.98
1,FGXGL39_FDME220052094-1a.33
1,M115R01.25
1,FXJYN32.119
1,FXJYN3.28
2,FHLJYC8hun.69
1,FHBSJZ57_FDME220052248-1a.15
1,FZJTZ26.111
1,FJXSRPY22.64
1,FGDLZ77_FDME220051942-1a.25
2,FQHXN70hun.24
1,FAHBZ43.145
1,FJLHD33.71
1,FBJ37.27
1,FSXLVWS8hun.107
2,FXJKS25.19
1,FBJ50.123
2,FSHCM31.82
1,FSXLVLS3.31
1,L1EFC230363_FSHXBX41_S321_L004.67
1,FQHXN1.2
1,FeceHuBe150112.63
1,FSHXBX146.27
1,FNMHLBE32.22
1,FJSNT23.145
1,FZJTZ15.13
1,FSCDJY48.40
2,FTJBH39hun.23
1,FGZ28M_FDME220052025-1a.49
1,FAHBZ11_FDME220050693-1a.29
1,FQHXN87.102
1,FXJKS45.57
1,FFJLY66.17
1,FSHXBX130.18
2,FAHWH44_FDME220050761-1a.27
1,FGDLZ15_FDME220051915-1a.44
1,FGDLZ85.91
1,FGSZY33.55
1,L1EFC230302_FXJWS31_S228_L003.77
1,FSCPS69.175
1,L1EFC230347_FJXFC25_S305_L004.52
2,FSHXBX163.84
1,FeceHeNa4.54
1,FGXGL85_FDME220052140-1a.35
1,FGSZY30.71
1,FHuNHHMY40.104
1,FJSNT67.36
1,FGSZY36.114
1,FXJSW11.141
2,FXJKS43.104
2,SDHZD11.57
1,FNMHHHHT10.44
1,FQHXN89.21
2,FTJBH7.87
1,FXJSW7.71
1,FGSYC7.75
1,FJSWXJ2.141
1,FNMHHHHT27.37
1,FGSYC69.49
1,FHLJZD51.109
1,FXJKS10.21
2,FQHXN69.128
1,FQHXN53.76
1,FXJKS40.17
1,FHNXY7.166
1,FBJ29.8
1,FSHCM96.170
1,FSXLVLS13.72
1,FJSWX82.9
1,FJLHD42.83
1,FQHXN60hun.52
1,FFJLY78.59
1,FSCPS41.63
1,FJXSRPY27.2
1,FJXSRPY24.2
1,FZJTZ68.42
1,FXJKS50.146
1,FXJSW13.2
1,FSHXBX20.71
1,FNMHLBE25hun.28
1,FFJLY7_FDME220051244-1a.83
1,FAHBZ44_FDME220050721-1a.38
1,FSHXBX5.39
1,L1EFC230327_FTJS0023_S253_L003.41
1,FGDLZ49.60
2,FHNFQ5.124
1,FGSYC80.13
1,FNXYCHL71.120
1,FZJTZ6.38
1,FQHXN14.153
1,FHuNHHMY64hun.108
1,FSCDJY67.28
1,FGDLZ35.37
2,FQHXN102.112
1,FZJTZ65.74
2,FNMHLBE13.54
1,FNMHLBE34hun.60
1,FSHXWN15.56
1,FHHMY4.11
1,M128R01.75
2,L1EFC230387_FSHXXA17_S345_L004.128
1,FSHXBX158.14
1,FSXLVWS5.31
2,FSCDJY49.29
2,FSHXBX89.7
1,FJSWXJ28.33
2,FSHXBX57.125
1,FJSWXJ37.98
2,FJSWX89.12
1,L1EFC230268_FXJCJ27_S152_L002.9
1,FGSZY54.33
1,L1EFC230319_FTJS0003_S245_L003.150
2,FSHCM62.60
1,FHNFQ21.114
1,FGSZY22.96
1,FJSNT61.55
2,FSDLZ56.30
1,FHLJZD17.85
1,FGSYC12.124
1,FSHXBX98.97
1,FSXTY52.64
1,FXJKS38.71
1,L1EFC230379_FSHXXA03_S337_L004.22
1,FZJTZ62.14
1,FeceHuNa15012_FDME220052260-1a.81
1,FQHXN43.25
1,FYNDL10hun.107
1,FGSYC59.6
1,FSXLVLS19.117
2,FJSWXJ8.38
1,FHNXY32.27
1,L1EFC230354_FJXFC47_S312_L004.43
1,FSHXXA27.72
2,FeceHuBe150127_FDME220052847-1a.93
2,M1DZ06.19
2,L1EFC230312_FXJWS44_S238_L003.45
1,FQHXN92.51
1,FGXGL1_FDME220052056-1a.111
2,FHNXY41.18
1,FHBSJZ46_FDME220052237-1a.37
1,FXJYN9.77
1,FGSYC72.29
1,FAHBZ56.62
2,FSDLZ08.41
1,FZJTZ22.22
2,FSHXBX88.40
1,FeceHuNa150114_FDME220052265-1a.61
1,FYNLJ61.47
2,FSHXBX80.17
1,FGXGL63_FDME220052118-1a.95
2,FXJKS48.133
1,FJLHD19.42
1,FNXYCHL3hun.67
1,FGSZY55.20
2,FJSNT15.87
1,FSHHK7_FDME220054481-1a.7
2,L1EFC230371_FSHXBX56_S329_L004.83
2,FSHCM90.135
1,FGDLZ83_FDME220051961-1a.111
1,FSCDJY76.137
1,FXJKS2.13
1,FXJKS37.75
1,L1EFC230383_FSHXXA07_S341_L004.65
1,FJSWXJ34.4
1,FSDLZ44.113
1,FJLHD6.127
1,FTJBH47.5
1,FJLHD21.125
2,FSCPS89.93
1,FSDQZ32.102
1,L1EFC230300_FXJWS27_S226_L003.104
1,FAHBZ20_FDME220050700-1a.70
2,FHNFQ55.14
2,FXJKS44.56
2,FCQTY049_FDME220051134-1a.19
1,FYNLJ59.28
1,FNXYCHL24.20
1,M101R01.87
1,FZJHZ8.65
2,FXJKS47.109
2,FZJTZ19.86
1,FAHBZ10_FDME220050692-1a.57
2,FAHBZ23_FDME220050703-1a.106
2,FGSYC30.70
2,FSDLZ07.19
1,FGSYC45.94
2,FXJKS13.77
1,FGXGL10_FDME220052065-1a.46
1,FHNXY48.102
1,FAHBZ48_FDME220050725-1a.35
1,FCQNA43.90
1,FHNXY34.98
1,FNMHLBE18.113
2,FeceHuNa150110_FDME220052261-1a.74
1,FHNXY20.44
1,FSHXHZ13.55
1,FXJSW32hun.34
1,FSCPS4.82
1,FNXYCHL61.86
2,FSHHK38_FDME220054507-1a.124
1,FXJKS51.60
2,FBJ53.42
1,FHNXY33.1
1,FAHBZ12.64
1,FSCDJY33.6
1,FJSNT30.71
1,M1C7.98
2,FSHHK30_FDME220054499-1a.48
1,FAHBZ30_FDME220050710-1a.82
2,FSHXBX76.74
1,FSXLVLS12.34
2,FJSNT71.17
2,FJSNT20.10
1,FSCPS10.43
1,FHBSJZ60_FDME220052251-1a.27
1,FXJKS34.16
1,FSHXBX71.32
1,FeceGuXi150114.129
1,FeceGuXi15015.103
1,FeceHeNa7.60
1,FNXYCHL41.100
1,FCQTY092_FDME220051170-1a.48
2,FHBSJZ4.23
1,FNMHLBE7.128
1,FeceGuXi150117.62
1,FHLJZD55.93
1,FXJKS29.22
1,FHNFQ60hun.84
1,FGSZY19.29
1,FSHXXA35.17
1,FeceGuXi15011.8
1,FSHXBX79.100
1,FGDLZ84_FDME220051962-1a.95
1,FGSYC46.41
1,FGSYC87.20
1,L1EFC230269_FXJCJ28_S153_L002.51
1,FSHXBX166.99
2,FXJSW17.45
1,FNXYCHL50.134
1,FSXLVWS1hun.37
1,M1DZ08.60
1,FHNXY13.46
1,FHuNHHMY49.63
1,FHLJYC32.83
1,L1EFC230341_FJXFC14_S267_L003.28
1,FSHHK4.83
1,FXJKS27.52
1,FGSYC78.115
1,FXJCJ43.22
1,FTJBH27.16
2,FXJKS22.73
1,FCQNA40.6
1,FSCDJY31.84
2,FSHXBX155.13
1,FSHXHZ21.38
1,FSHHK49_FDME220054516-1a.95
1,FTJS031.22
1,FAHBZ9_FDME220050691-1a.34
2,FXJSW14.39
2,FJSNT21.15
2,FQHXN68.75
1,L1EFC230285_FXJCJ59_S168_L002.122
2,FGSZY3.55
1,FCQNA9hun.65
1,FBJ61.64
1,L1EFC230368_FSHXBX52_S326_L004.55
2,FSHXBX174.8
2,M1C5.100
2,FTJS030.113
1,FYNLJ52.132
1,FZJHZD6.127
2,FQHXN108.41
1,FSHCM54.76
1,FAHBZ57_FDME220050732-1a.8
1,FHNXY37.54
1,M1C9.107
1,FHuNHHMY29.25
1,FZJTZ63.10
2,FTJS022.16
1,M1C6.33
2,FAHBZ22_FDME220050702-1a.37
1,FHLJZD28.64
1,FGXGL88.84
2,M1C8.69
1,FNXYCHL30.65
2,FNMHLBE4.20
1,FSDQZ20.9
1,FXJKS30.10
2,FHNXY1.50
1,FeceHuNa15017.118
1,L1EFC230295_FXJWS19_S222_L003.77
1,FFJLY56_FDME220051237-1a.17
1,FQHXN97.125
1,FGZ4M_FDME220051972-1a.94
1,FTJBH32.72
1,FSXLVLS20.52
1,FGSYC51.4
1,FZJTZ60.60
1,FNMHHHHT41.59
1,FJLHD32.84
2,FAHBZ51_FDME220050728-1a.14
2,FSHXBX164.38
1,FNXYCHL68.20
1,FNMHHHHT22.85
1,FAHWH04.11
2,L1EFC230361_FSHXBX31_S319_L004.23
1,FGSZY8.95
1,FXJSW12.108
1,FHLJYC5.15
1,FAHBZ46_FDME220050723-1a.11
1,FSHHK14.32
2,FSHXWN17.28
2,FXJKS11.90
2,FXJSW48.114
1,FXJWS41.62
1,M207F02.79
2,FSDLZ33.19
1,FGXGL16_FDME220052071-1a.84
1,FQHXN99.34
1,FSXLL3.77
2,FNXYCHL19.10
1,FXJYN38.111
1,FeceHeNa20.135
2,FXJKS36.147
