tree_group,mag
1,FAHWH06.24
1,FBJ42.103
1,FAHBZ47_FDME220050724-1a.12
1,FCQNA15.42
1,FCQTY035_FDME220051127-1a.52
1,FCQNA9hun.109
1,FCQTY092_FDME220051170-1a.109
1,FCQTY136_FDME220051181-1a.73
1,FHNFQ12.112
1,L1EFC230347_FJXFC25_S305_L004.48
1,FTJBH38hun.1
1,FHLJYC4hun.35
2,FJSNT36.50
1,FHNXY5.51
1,FSDQZ31.51
1,FHuNHHMY55.69
1,FHuNHHMY6.132
1,FSHHK45.8
1,L1EFC230326_FTJS0013_S252_L003.29
1,FSDQZ3.33
1,FJXSRPYG32.85
1,FJXSRPY43.95
1,FHLJYC1.30
1,FJSWX98.40
1,FTJBH32.7
1,FSDJN5.65
1,FJXSRPY24.85
1,FNXYCHL33.47
1,FXJYN10hun.70
2,FJSWXJ37.89
1,FGDLZ81_FDME220051959-1a.15
2,FSXLVLS2.64
1,FSHXWN15.40
1,FSHXWN22.94
1,FSHXBX43.21
1,FSHXBX155.75
1,FBJ61.44
1,FCQTY050_FDME220051135-1a.6
1,FCQNA25.38
1,FCQTY036_FDME220051128-1a.33
1,FJSWX108.14
2,FHLJYC38_FDME220052687-1a.132
1,FJXSRPYG7.98
1,FHNFQ2.41
1,FJSWX80.10
1,FHNFQ27.6
1,FHNXY45hun.65
1,L1EFC230268_FXJCJ27_S152_L002.61
2,FGSYC49.50
2,FSXTY39.42
2,FZJTZ55.60
1,FJXSRPY13.29
2,FQHXN108.55
1,FJXSRPY21.48
1,FGDLZ4_FDME220051908-1a.38
1,FSHXBX22.49
1,FNMHLBE6.52
1,FSHCM86hun.47
1,FGXGL100.51
1,FSDQZ23.24
1,FHNXY43.24
1,FQHXN62hun.66
2,L1EFC230359_FSHXBX16_S317_L004.57
1,FSXTY22.86
1,FGSYC65.86
1,FGSZY56.46
2,FSHXBX164.40
1,FGDLZ51.72
1,SDHZD4.6
2,FSHHK48_FDME220054515-1a.55
1,FSHXBX157.50
1,FHNXY13.43
1,FSHXWN17.96
1,FSDJN55.74
1,FSCPS27.128
1,FAHBZ44_FDME220050721-1a.91
1,FBJ2.41
1,FBJ57.32
1,FGDLZ12_FDME220051914-1a.38
1,FGDLZ50_FDME220051930-1a.92
1,FeceHuNa150138_FDME220052281-1a.29
1,FJNDD6_FDME220051223-1a.13
1,FGSZY52.103
2,FeceHuNa15017.111
1,FJLHD5.6
1,L1EFC230346_FJXFC22_S304_L004.47
1,FHuBWH29.53
1,FTJBH27.24
1,FSDLZ31.65
1,FHNXY16.31
2,FQHXN61hun.63
1,FSHXWN36.51
1,FTJBH41.32
2,FSHXBX163.26
1,FXJWS38.90
1,FSDQZ4.18
1,FSXLVLS3.19
1,FSCPS81.52
1,FSHXWN9.92
1,FSXLVLS25.31
2,FSHCM35.75
1,L1EFC230386_FSHXXA15_S344_L004.81
1,M1DZ09.60
1,SDHZD17.69
1,FAHWH04.44
1,FeceHuBe15013_FDME220052831-1a.40
1,FeceHuNa150110_FDME220052261-1a.15
1,FCQTY097_FDME220051172-1a.51
1,FCQTY144_FDME220051184-1a.43
1,FeceHuBe15018_FDME220052836-1a.37
2,FJSNT21.144
1,FGSZY2.37
1,FZJJH12.68
1,FGD17M_FDME220052001-1a.61
1,FZJTZ68.2
1,FJSWXJ7.66
1,FHuNHHMY64hun.138
1,FZJTZ15.33
2,FZJTZ27.28
1,FHNXY58.84
1,FSHXBX44.45
1,FHLJYC24hun.94
1,FZJJH11.133
1,L1EFC230376_FSHXBX69_S334_L004.23
1,FSHCM38.59
1,FGXGL8_FDME220052063-1a.1
1,FQHXN102.65
1,FSCDJY12.84
1,FHNXY2.4
2,FSHCM90.163
