tree_group,mag
1,M1DZ09.31
2,FSHXXA23.50
1,FSHXWN22.9
1,FGSYC47.31
1,FSDLZ01.123
1,FHNFQ56.11
1,FQHXN50.30
2,FGSZY53_FDME220051904-1a.25
1,FYNLJ7.36
1,FSXTY23.25
2,FSHXXA38.109
2,FAHBZ16.15
1,FHHMY73.38
1,L1EFC230353_FJXFC44_S311_L004.56
1,FAHBZ18_FDME220050698-1a.11
2,FSDLZ24.9
1,FGDLZ10_FDME220051912-1a.17
1,FXJSW32hun.53
2,FSXLVLS17.63
1,FCQNA15.57
1,FBJ7.86
1,FSXTY25.38
2,FHNFQ7.6
,FCQTY104_FDME220051175-1a.38
1,FJSWX81.35
1,FHLJZD41.25
2,FSHXBX145.31
2,FHNXY44.44
1,M1C9.74
1,FSXTY7hun.39
1,FSCPS8.106
1,FSHXWN1.13
1,FQHXN14.139
2,FCQTY078_FDME220051153-1a.27
2,FGSYC18.57
1,FeceHeNa33.67
2,FHBSJZ26.63
1,FHNXY13.69
2,FBJ40.25
2,SDWF3.33
,FHBSJZ53_FDME220052244-1a.30
1,FTJBH31.58
2,FSHXBX172.42
2,FSXLVWS6.84
2,FNMHHHHT42.23
2,FCQNA19.26
1,FSHXHZ10.38
1,FBJ11.96
1,FNXYCHL6.124
1,FJSNT9.37
2,HuNCS8.29
1,FXJYN16.20
2,FSHXBX5.75
2,FHLJYC36_FDME220052685-1a.76
1,FCQJJ1.42
2,FSCPS9.124
2,FSHXBX21.36
2,FJSNT43.28
1,FHHMY5.42
2,FSHXBX125.29
2,FeceHuNa150138_FDME220052281-1a.40
2,FJSWXJ42.4
1,FXJKS42.149
1,L1EFC230348_FJXFC29_S306_L004.38
1,FGXGL30_FDME220052085-1a.15
2,FJSWX102.15
2,FSHCM13_FDME220054530-1a.10
1,FGZ1M.87
1,FGSYC44.27
1,FSCDJY76.91
1,FNMHHHHT31.16
1,FSHXXA44hun.64
2,FHBSJZ46_FDME220052237-1a.59
1,FSXTY13hun.70
1,FSHXWN30.57
2,FTJBH52.58
1,FGXGL28_FDME220052083-1a.2
1,FSDQZ48.48
1,FGZ36M_FDME220052036-1a.109
2,FGSZY37.27
2,FNMHLBE17.52
1,FJNDD11_FDME220051228-1a.60
1,L1EFC230254_FXJCJ06_S139_L002.78
1,FNMHHHHT28.26
1,FNXYCHL12.89
2,LNSY1.3
2,FAHWH36_FDME220050753-1a.45
2,FZJTZ1.67
2,FAHWH01.10
1,FJNDD16_FDME220051233-1a.108
2,FSHXWN10.27
2,FSDLZ54.39
2,FSDQZ4.57
1,FGSZY12.17
2,FZJHZD17hun.22
2,SDHZD4.55
1,FSDQZ14.46
2,FCQTY071_FDME220051148-1a.44
2,FSDLZ55.63
2,FHuNHHMY20.2
1,FQHXN73.60
1,FHBSJZ6.7
2,FeceGuXi15013.47
,FGXGL39_FDME220052094-1a.10
1,FHuNHHMY69.25
1,FGZ4M_FDME220051972-1a.96
1,FSHXBX65.79
1,FGXGL75_FDME220052130-1a.1
1,FSXTY12hun.78
2,FNMHHHHT21.70
1,FGSYC89.24
2,FGXGL21_FDME220052076-1a.46
1,FQHXN32.15
1,FHNFQ54.26
1,FCQNA5hun.50
2,FSCDJY12.65
1,FSHHK10_FDME220054482-1a.41
1,FGSZY34.75
2,FSCCD11.52
1,FeceHeNa25.66
1,FGSYC28.47
1,FSDLZ56.49
,FJXSRPY52.19
2,FGXGL63_FDME220052118-1a.66
2,FHuNHHMY78.16
2,FeceHeNa2.16
1,FGSYC79.5
1,FTJS032.29
2,FYNLJ23hun.10
1,FXJYN40.25
1,FGSYC30.40
1,FSDLZ18.66
1,FHLJYC41.24
2,FBJ57.10
2,FAHBZ58_FDME220050733-1a.5
1,M1DZ08.2
1,M101R01.48
1,FSHXBX57.149
1,FHuNHHMY32.49
2,FHuNHHMY57.35
1,FHNXY62.24
1,FCQNA27.65
1,FGZ34M_FDME220052034-1a.90
1,FXJSW22.63
1,FSDJN57.10
1,FXJYN9.104
1,FGDLZ56_FDME220051936-1a.4
1,FSHXBX122.39
2,FGXGL87_FDME220052142-1a.32
1,FTJBH38hun.9
1,L1EFC230311_FXJWS42_S237_L003.3
1,M1DZ05.57
2,FHNXY56.47
1,FSHCM69.12
2,FGXGL52_FDME220052107-1a.70
1,FCQTY069_FDME220051146-1b.6
1,FHuBWH20.30
1,FGXGL25_FDME220052080-1a.43
2,FSHXHZ7.20
2,FTJBH82.6
1,FZJHZD4.59
1,FSDQZ43.73
1,FHLJZD59.24
1,FSDLZ30.68
2,FXJCJ65.33
2,FSXTY34.11
1,FJSNT19.53
1,FHLJZD54.3
1,FSXTY49.120
2,L1EFC230235_FHLJZD10_S80_L001.72
1,FYNDL13.32
1,FSXTY48hun.74
2,FQHXN10.19
2,FYNLJ58.58
1,M123F01.46
1,FJSWXJ2.140
1,FSHXBX169.22
1,FNXYCHL47.108
1,FSHHK36_FDME220054505-1a.121
1,FHNXY46.40
1,FSCPS39.22
1,FSDQZ6.21
1,FSCPS69.145
2,FCQNA40.52
1,FSHCM15_FDME220054532-1a.19
2,FSHXHZ1.60
1,FHBSJZ24.88
1,FTJBH11.33
1,FHuNHHMY53.56
1,FSDJN27.25
2,FGDLZ84_FDME220051962-1a.91
2,FSHXBX44.75
2,FSCPS89.66
2,FSHHK42_FDME220054511-1a.15
1,FHNXY14.50
1,FXJWS29.2
1,FHuNHHMY60.2
2,FTJBH41.20
1,FJXSRPYG18.14
1,FSDLZ25.83
2,L1EFC230386_FSHXXA15_S344_L004.93
