tree_group,mag
1,FAHWH36_FDME220050753-1a.23
1,FCQNA25.47
1,FeceGuXi150112.109
1,FFJLY27_FDME220051257-1a.39
2,FGSZY3.27
1,FGSZY8.70
2,FHLJYC41.25
1,FGXGL9_FDME220052064-1a.54
1,FFJLY33_FDME220051262-1a.46
1,FGXGL6_FDME220052061-1a.29
2,FGZ9M_FDME220051984-1a.68
1,FHuNHHMY14.10
1,FHuNHHMY46.60
1,FHuNHHMY58.85
1,FJSWX71.17
1,FJSWX106.44
1,FHNFQ27.35
2,FHNFQ38.10
2,FJLHD52.89
1,FSCPS39.8
2,FNXYCHL75.30
1,FSCDJY41hun.44
2,FSDQZ27.71
1,FSDQZ38.106
1,FSCDJY33.113
2,FNMHLBE10hun.45
1,FSCPS68.4
2,FSDJN44.40
1,FJXSRPY47.50
1,FQHXN54.16
2,FSHXBX17.10
2,FSHXBX103.88
2,FXJYN24.38
1,FSHXHZ5.15
1,FXJCJ50.15
1,FZJTZ67.55
1,FXJSW14.53
1,FZJTZ30.117
1,FBJ1.74
1,FAHBZ60_FDME220050735-1a.32
1,FAHBZ20_FDME220050700-1a.150
2,FeceHuNa150138_FDME220052281-1a.37
2,FCQTY062_FDME220051142-1a.1
1,FGXGL47_FDME220052102-1a.13
1,FGSZY42.47
1,FGSYC51.10
1,FeceHeNa12.18
1,FGXGL69_FDME220052124-1a.11
1,FFJLY48.22
1,FHuNHHMY2hun.12
1,FHNXY56.7
1,FHNXY63.7
1,FJSNT46.5
1,FJSWX98.11
1,FFJLY10_FDME220051247-1a.113
1,FJSWXJ14.134
1,FJXSRPY17.77
1,FSDQZ32.58
1,FSCPS49.23
2,FQHXN37.18
1,FJXSRPY8.77
1,FSDJN59.37
1,FNMHLBE22.96
2,FQHXN101.17
1,FSDLZ44.77
1,FSHCM63.37
2,FQHXN72hun.83
1,FQHXN50.18
1,FSHHK33hun.109
1,FSHHK25_FDME220054495-1a.148
1,FSHXBX140.2
1,FTJBH62hun.86
1,FZJTZ58.74
2,M2CF21.57
1,M2CF09.34
2,M1DZ05.4
2,SDHZD11.64
2,L1EFC230364_FSHXBX42_S322_L004.92
1,L1EFC230353_FJXFC44_S311_L004.37
1,L1EFC230337_FJXFC09_S263_L003.23
1,L1EFC230284_FXJCJ58_S167_L002.2
1,L1EFC230313_FXJWS45_S239_L003.6
1,FAHBZ14.21
1,FCQHC8.103
1,FCQNA32.32
2,FeceHuNa15016.62
1,FeceHuBe15011_FDME220052829-1a.54
1,FGDLZ35.90
1,FeceHuBe150112.12
1,FGXGL33_FDME220052088-1a.68
1,FFJLY43_FDME220051271-1a.56
1,FGDLZ85.134
1,FFJLY22.10
2,FGSYC45.79
1,FeceGuXi150110.92
1,FJLHD44.96
1,FHuNHHMY60.66
1,FHuNHHMY15.24
1,FHNFQ52.9
1,FJSNT27.102
2,FQHXN43.47
1,FSCPS65.40
2,FSDJN3.89
2,FSCPS54.23
2,FSDJN12.147
1,FSDJN56.1
1,FNMHHHHT45.57
1,FJXSRPYG20.42
1,FNMHLBE4.29
1,FSHCM9_FDME220054526-1a.41
2,FSHXBX146.46
1,FXJSW1.60
2,FTJS031.43
1,FSHXXA42hun.9
1,FSHXWN2.14
2,FXJKS42.11
2,M2CF10.16
2,FZJTZ19.129
2,M214F02.169
2,L1EFC230257_FXJCJ13_S142_L002.45
NA,FAHBZ11_FDME220050693-1a.1
2,FeceHuNa15017.83
2,FeceHuNa15011_FDME220052259-1a.71
1,FeceHeNa21.47
2,FGD17M_FDME220052001-1a.78
2,FGSZY22.53
1,FGSYC19.22
1,FGXGL89_FDME220052144-1a.53
1,FGSYC46.7
1,FGXGL31_FDME220052086-1a.2
1,FGSZY55.57
1,FCQTY094_FDME220051171-1a.70
1,FGSZY51.3
1,FJSWX88.9
1,FJNDD3.35
1,FJSWXJ24hun.8
1,FJND9_FDME220051201-1a.42
1,FSDJN43.14
1,FSCPS43.50
2,FNMHHHHT19.96
1,FSHCM52.16
2,FQHXN83.109
2,FSHXBX7.8
1,FSHXBX76.12
1,FSHCM70.4
1,FSHHK30_FDME220054499-1a.30
1,FSHHK4.128
1,FSHXHZ12.45
2,FSHXWN22.35
1,FTJBH13.48
1,FSHXHZ7.2
1,FSXTY51hun.79
1,FTJBH78.30
1,FZJHZD16hun.127
1,FZJTZ54.42
1,FZJTZ65.93
2,M1DZ11.132
1,FZJJH15.27
1,L1EFC230324_FTJS0010_S250_L003.28
2,FAHBZ15.70
1,FCQHC11.29
1,FCQNA17.38
1,FeceHuNa15012_FDME220052260-1a.13
1,FGDLZ6.17
2,FGSYC12.63
1,FeceHeNa8.121
1,FHLJZD28.99
1,FFJLY34_FDME220051263-1a.78
1,FGXGL92.4
2,FHNXY42.30
1,FJLHD37.21
2,FJLHD32.65
1,FHuNHHMY85.56
1,FJSWX105.25
1,FJSWX96.66
2,FHNFQ60hun.21
1,FJSWXJ29.21
1,FJSNT66.85
2,FHNXY16.44
2,FSDJN60.118
2,FNMHLBE14.65
1,FQHXN2.9
1,FJXSRPY48.45
2,FQHXN85.13
1,FQHXN8.9
1,FSHHK27hun.26
1,FSHHK28_FDME220054497-1a.90
1,FSHCM72.29
1,FSHXXA27.99
1,FSHXHZ23.44
2,FXJSW7.105
1,FSXLVLS13.79
1,FTJBH19.77
1,FSHXWN20.55
1,FTJBH25.22
2,FXJYN32.79
2,L1EFC230236_FHLJZD14_S81_L001.81
1,FZJTZ7.39
2,L1EFC230359_FSHXBX16_S317_L004.6
1,M105F01.34
1,FCQNA9hun.63
1,FeceHuNa150118_FDME220052267-1a.36
1,FCQTY042_FDME220051130-1a.16
1,FeceHuNa150110_FDME220052261-1a.23
1,FCQTY001.33
1,FeceGuXi150113.90
2,FCQTY014.66
1,FGSYC59.56
1,FGXGL15_FDME220052070-1a.29
2,FGSZY52.69
1,FGXGL87_FDME220052142-1a.100
2,FGDLZ53.13
1,FJSWX102.8
2,FHNFQ10.4
2,FHNFQ11.29
1,FJNDD12_FDME220051229-1a.73
1,FJSWXJ27.42
1,FJSWXJ42.2
2,FSCPS16.24
1,FSCPS33.48
1,FJXSRPYG19.60
2,FQHXN42.11
1,FSDQZ11.20
1,FSDLZ59.41
2,FSHXBX80.63
1,FSHXBX27.130
2,FSHXBX22.65
1,FSHHK9.6
1,FSHXHZ17.40
1,FSHXWN13hun.38
1,FTJBH61.49
2,FXJYN3.103
1,FTJBH82.5
2,FXJKS9.29
1,FXJSW13.71
2,FXJYN41.79
1,FZJHZ5.14
2,FXJKS49.9
1,FZJTZ23.71
2,FZJTZ24.81
2,M2CF14.35
2,M2CF05.92
2,M203F02.29
1,FZJJH16.18
1,L1EFC230280_FXJCJ46_S164_L002.22
1,L1EFC230339_FJXFC12_S265_L003.12
2,L1EFC230363_FSHXBX41_S321_L004.111
1,FCQHC1.57
1,FeceHuNa150137.23
1,FeceHeNa23.49
1,FGXGL67_FDME220052122-1a.1
1,FeceHuBe150111.63
1,FHLJYC5.79
1,FGXGL70_FDME220052125-1a.23
1,FFJLY56_FDME220051237-1a.67
2,FGSZY2.17
2,FGXGL23_FDME220052078-1a.46
1,FHuNHHMY9.60
1,FHuNHHMY52.69
1,FJNDD9_FDME220051226-1a.69
2,FJSWX80.15
2,FJSWX76.56
1,FSDQZ41.34
2,FQHXN107.48
2,FQHXN44.19
1,FJXSRPY22.60
1,FSDQZ46.62
1,FSDJN50.93
1,FSHCM3.38
1,FSHXBX75.53
2,FQHXN64hun.51
1,FSHXWN12.15
1,FSXTY42.67
1,FSXTY16hun.49
1,FZJHZD26.98
1,FYNLJ57.59
1,FZJTZ49.41
2,M2CF01.10
1,FZJTZ8.3
2,SDHZD10.7
2,FXJYN8.1
2,L1EFC230368_FSHXBX52_S326_L004.61
1,L1EFC230346_FJXFC22_S304_L004.73
1,L1EFC230344_FJXFC20_S302_L004.21
1,L1EFC230285_FXJCJ59_S168_L002.7
1,FCQHC10.78
1,FeceHuNa150112_FDME220052263-1a.70
2,FeceHeNa6.23
1,FeceHeNa4.30
1,FCQTY165_FDME220051196-1a.31
1,FeceHuBe150119_FDME220052841-1a.34
1,FGZ39M_FDME220052051-1a.20
1,FFJLY78.75
1,FHLJZD38.3
2,FGSZY54.29
1,FCQTY155_FDME220051191-1a.85
1,FHNXY57.4
1,FJSWX100.56
1,FJSWXJ33.2
1,FHNFQ35.69
1,FJSWXJ28.40
1,FSCDJY22.43
1,FSCPS27.97
1,FSCDJY31.104
1,FNMHLBE3.99
1,FJXSRPY30.95
1,FSCDJY15.20
1,FSHXHZ22.40
1,FSHXBX88.99
1,FSHXHZ3.81
1,FXJSW2.65
1,FTJBH39hun.22
1,M2CF08.78
1,FYNLJ74.51
1,FZJTZ14.83
2,FXJKS41.18
2,FXJKS16.58
1,FZJTZ15.12
