tree_group,mag
1,FSDJN20.117
1,FHNXY24.16
1,FXJSW38.17
1,FHLJYC1.65
1,FJSNT19.65
1,FTJBH17.65
1,FSHXBX130.120
1,FSXTY8hun.67
1,FGXGL76_FDME220052131-1a.36
1,FJSWXJ13.97
1,FNXYCHL32.71
1,FJLHD50.35
2,FSXTY3.18
1,FSDQZ17.2
1,FHNFQ48.107
1,FFJLY66.20
1,FHuNHHMY1.74
2,FJSNT67.25
1,FJSNT65.17
1,JSCZD5.75
2,FSHXBX28.49
1,FSHXHZ9.78
1,FJLHD15.80
1,FHLJYC33_FDME220052682-1a.1
1,FGDLZ70.67
1,FGDLZ17_FDME220051916-1a.50
1,FJLHD55.35
1,FSCDJY94.92
2,FSHXBX89.13
1,FSHCM13_FDME220054530-1a.76
1,L1EFC230355_FJXFC53_S313_L004.112
2,FSDLZ20.12
1,FSHCM94hun.92
1,FJLHD18.97
2,FAHBZ27_FDME220050707-1a.37
2,FSXTY12hun.61
2,FSDLZ18.120
1,FGSZY14.60
1,FNMHLBE16.101
1,FGD22M_FDME220052013-1a.52
1,FHuNHHMY61.26
1,FJLHD45.152
1,FJLHD42.7
1,FSHCM59.60
1,FJLHD37.42
1,FCQTY162_FDME220051195-1a.69
1,FSXTY33hun.100
1,FCQNA2.74
1,FTJBH49.148
1,FFJLY77.24
2,FJLHD23.68
2,FJLHD38.27
1,FXJWS13.105
1,FSXTY28.24
2,FJLHD3.17
1,FHLJYC39_FDME220052688-1a.16
1,FZJTZ16hun.11
1,FHNFQ56.66
2,FXJSW8.28
1,FGXGL50_FDME220052105-1a.63
1,FXJCJ21.27
1,FJSNT32.50
1,FSHXBX79.56
1,FHLJDQ12.45
1,FSDLZ17.151
1,FJSWXJ18.21
1,FHLJYC4hun.80
2,L1EFC230305_FXJWS34_S231_L003.79
1,FGXGL49.72
1,FHLJYC22.18
1,FHBSJZ11.85
1,L1EFC230288_FXJCJ64_S171_L002.1
1,FSXLL10.27
1,FAHWH14.79
1,FHNXY45hun.97
1,FHBSJZ41_FDME220052232-1a.30
1,FeceGuXi15013.60
1,FQHXN35.103
1,FSCCD9.14
1,FNXYCHL1.18
1,FHLJYC15.77
2,M1C6.16
1,FJXSRPY35.117
1,FeceHuNa150135_FDME220052278-1a.109
1,FHLJDQ7.43
1,FJXSRPYG4.34
1,FCQTY069_FDME220051146-1b.33
1,FGDLZ83_FDME220051961-1a.44
1,FeceHuNa150123_FDME220052271-1a.24
1,FHNXY3.35
1,FCQTY105_FDME220051176-1a.17
1,FTJBH74.81
1,FTJBH28.18
2,FSHXBX78.103
2,FXJSW22.148
1,FeceHuNa150118_FDME220052267-1a.73
1,FHuNHHMY3.144
1,FGD19M_FDME220052006-1a.4
1,FQHXN31.30
1,FSHCM31.126
1,L1EFC230267_FXJCJ26_S151_L002.73
1,FFJLY9_FDME220051246-1a.98
1,FFJLY37_FDME220051266-1a.55
1,L1EFC230380_FSHXXA04_S338_L004.39
2,FSCPS95.51
1,FGZ37M_FDME220052037-1a.32
2,FHNFQ39.33
1,FJXSRPYG1.68
2,FeceGuXi150112.11
1,FCQTY060_FDME220051140-1a.55
1,FHBSJZ44_FDME220052235-1a.3
1,FBJ13.95
1,FCQTY031_FDME220051125-1a.103
1,FSHCM90.100
1,FSXLL6.40
1,FSXTY18hun.47
1,FHNXY29.105
1,FNXYCHL88.51
1,FSHXWN32.17
1,FXJSW41.21
1,FJLHD21.41
2,FSCCD2.107
1,FJXSRPY17.4
1,FHNXY57.38
1,FSHXBX137.29
2,FSXLL7.23
1,FSDJN61.39
1,FSCPS5.17
1,FSHXBX22.20
1,FCQTY141_FDME220051183-1a.38
1,FSXTY35.38
1,FTJBH84.19
1,FSCPS50.74
1,FCQTY154_FDME220051190-1a.90
1,FQHXN14.147
1,FSXTY48hun.69
1,FTJBH_17.106
1,JSCZD12.95
1,FGDLZ8_FDME220051910-1a.80
1,FHuNHHMY70.27
1,FJXSRPY46.21
1,FGSYC65.55
1,FCQTY039_FDME220051129-2a.11
2,FHuBWH28.37
1,L1EFC230360_FSHXBX24_S318_L004.18
1,FSHCM23_FDME220054538-1a.24
1,FGSYC66.15
2,FSHXWN30.90
1,FJNDD19_FDME220051236-1a.67
1,FYNLJ38.43
1,FZJTZ20.42
1,FSCPS92.97
1,FHLJYC37_FDME220052686-1a.19
1,FBJ40.13
1,FSHCM93.91
1,FGZ38M_FDME220052048-1a.19
1,FHuNHHMY24.100
1,FQHXN6.25
1,FeceHuNa150113_FDME220052264-1a.38
1,FCQTY148_FDME220051187-1a.91
1,FJXSRPYG32.74
1,FeceHeNa16.2
1,FNMHHHHT44.61
1,M2CF04.110
1,FFJLY58_FDME220051277-1a.8
1,FYNLJ68.60
2,FSDJN31.79
1,FSDLZ60.32
2,M1C9.102
1,FXJCJ29.14
1,FFJLY47.40
2,FSHXBX158.7
1,FSHXWN8.45
1,FJXSRPY21.64
1,FGZ36M_FDME220052036-1a.99
2,FAHBZ42_FDME220050719-1a.101
2,FSHXBX71.119
1,FGZ9M_FDME220051984-1a.72
1,FSXTY49.105
1,FGXGL34_FDME220052089-1a.1
1,FeceHuBe150123_FDME220052844-1a.136
