tree_group,mag
1,FJXSRPY10.96
2,FBJ69.10
2,FZJTZ19.44
1,FZJTZ69.12
2,FSDJN37.153
2,M203F02.24
1,FHuNHHMY74.33
2,FYNLJ23hun.19
2,FSHXBX17.20
1,FZJTZ36.35
1,L1EFC230319_FTJS0003_S245_L003.48
2,L1EFC230307_FXJWS36_S233_L003.20
1,L1EFC230376_FSHXBX69_S334_L004.50
2,FSHXWN2.37
2,FQHXN85.6
1,FJSWX96.95
2,FJXSRPYG41.103
2,FGSYC30.104
2,FAHWH12_FDME220050738-1a.19
2,FJSWXJ8.30
1,FJSNT18.164
2,FSHCM94hun.113
2,FSDJN27.26
1,FJSWXJ5.47
2,M1DZ09.59
1,FSHCM100.48
2,FYNLJ41.62
1,FFJLY33_FDME220051262-1a.33
2,FQHXN93.150
1,FZJTZ58.71
1,FGDLZ84_FDME220051962-1a.126
2,FeceHuBe150112.48
2,FCQTY088_FDME220051167-1a.34
1,L1EFC230339_FJXFC12_S265_L003.125
2,FNMHHHHT17.34
2,FSXTY59.76
2,FGSZY39.98
1,FSHXXA14.53
2,FYNLJ74.77
2,FXJKS47.108
2,FTJS032.4
1,FGSZY51.47
2,FAHWH28_FDME220050746-1a.13
2,FXJKS22.59
2,FSHXBX120.57
2,L1EFC230297_FXJWS23_S223_L003.33
2,FHNXY42.44
1,FSDQZ11.24
1,FSCPS68.68
2,FJLHD42.98
1,FHNXY22.12
2,FAHBZ42_FDME220050719-1a.98
2,FXJYN19.123
1,FZJTZ34.42
1,FAHBZ36.19
2,FJSNT64.29
2,FeceHeNa4.12
1,FSDQZ49.107
2,FGSZY21.3
2,FHNXY48.163
2,SDHZ24.35
2,FSHXWN20.8
1,FHNFQ13.98
2,FBJ42.12
1,FSCPS4.58
2,FSCDYJ9.49
2,FZJTZ60.1
1,FHNFQ57.27
1,FTJS015.22
1,FGDLZ48.78
2,FXJSW20.35
2,FQHXN50.71
1,FZJTZ67.48
2,FYNLJ66.24
1,FSHXHZ13.105
2,FHNXY44.25
2,FGXGL104.14
2,FSHXHZ23.58
2,FGXGL107.61
2,M1C13.8
1,FHNXY41.21
2,FNXYCHL25.104
2,FHNXY20.39
1,FSCPS31.123
1,FAHBZ18_FDME220050698-1a.82
2,FAHBZ27_FDME220050707-1a.106
1,FJSWXJ43.97
2,FJSWXJ2.5
1,L1EFC230335_FJXFC05_S261_L003.25
1,FJLHD29.25
1,L1EFC230343_FJXFC19_S301_L004.85
2,FSHXBX152.26
2,FYNLJ22hun.50
2,FXJKS33.25
2,FJSWX105.65
1,FJSWXJ1.43
1,FQHXN108.14
1,FSHXBX65.124
1,L1EFC230347_FJXFC25_S305_L004.121
1,FAHBZ3_FDME220050685-1a.8
1,FSCPS33.81
2,L1EFC230372_FSHXBX62_S330_L004.67
1,FSHXBX164.85
1,FYNDL13.76
1,FBJ29.117
1,FGSYC68.56
2,FXJSW42.31
2,FYNLJ56.83
1,FSHXHZ15.47
1,FJXSRPY37.105
1,FTJS012.17
2,FBJ30.115
1,FNMHLBE25hun.31
2,FSHCM69.14
1,FZJTZ8.108
1,FHNXY6.72
1,FCQTY097_FDME220051172-1a.17
2,FGDLZ36.80
1,FTJBH33.119
1,FZJTZ40.10
2,FSHXBX98.134
2,FJSWX91.47
2,FTJBH51.34
2,FGSYC51.43
2,M1C1.54
1,L1EFC230371_FSHXBX56_S329_L004.13
2,FeceHeNa8.93
1,FeceHuNa150133_FDME220052276-1a.64
1,FSHXBX89.55
2,FNMHLBE33.41
1,FHNXY2.21
2,FJXSRPYG7.47
1,FSHXBX14.26
2,FJLHD1.20
2,FTJBH55.13
2,FeceHuBe150127_FDME220052847-1a.89
2,M1DZ10.46
2,FQHXN105.52
2,FNXYCHL89.59
2,FGDLZ17_FDME220051916-1a.119
2,FSCPS11.92
1,FXJYN3.48
2,L1EFC230239_FHLJZD23_S84_L001.7
2,FSHXBX12.26
2,FYNLJ46.77
2,FAHBZ20_FDME220050700-1a.184
2,FJSWXJ14.166
1,FSCPS39.6
2,FHBSJZ17.33
1,FYNLJ79.53
1,FSHXBX126.108
1,FTJBH84.67
2,FHNFQ20.75
2,FSDQZ19.164
2,FYNLJ62.55
2,FeceHuNa150118_FDME220052267-1a.1
2,FHLJYC26.76
2,M2CF09.22
2,FNMHLBE22.66
2,FSHXBX87.32
2,FGXGL105.10
1,FSHXBX100hun.11
1,FGSZY44.76
2,FHuNHHMY52.36
2,FSDJN12.135
2,FNMHLBE23.100
1,FYNLJ80hun.53
1,FeceHuNa150114_FDME220052265-1a.10
2,FQHXN84.86
2,FSCPS54.75
2,FSHHK37_FDME220054506-1a.5
1,FYNDL20hun.24
1,FSHXBX134hun.3
1,FGDLZ29.75
2,M1DZ12.3
2,M207F02.57
2,FXJYN10hun.39
2,M1C3.61
2,FAHBZ39_FDME220050716-1a.68
1,FYNDL21hun.13
1,FSHCM53.27
1,FJSWXJ42.127
2,M1C9.11
2,FGDLZ1.24
2,FYNLJ52.46
2,FeceGuXi150113.99
2,FXJKS4.157
2,FHNFQ2.101
2,FYNDL7.7
2,FSHXBX166.130
2,FSHCM56.91
2,FYNLJ36.33
1,FSHXBX123hun.34
1,FYNDL2.7
2,FHNXY32.13
1,FHNXY1.26
2,SDHZD11.111
2,FYNLJ76.19
1,FSHXBX174.73
2,FGXGL95.4
1,FeceHuBe15011_FDME220052829-1a.12
2,M2CF04.107
1,FHNXY19.126
1,FHLJYC41.44
1,SDHZD1.99
1,FeceGuXi15015.73
2,FXJKS47.22
1,FTJBH33.32
2,FHLJDQ8.43
2,FSDLZ09.3
1,FHNXY14.8
1,FHNXY16.8
1,FXJYN17.20
2,FNMHLBE11hun.32
1,FSHCM57.58
2,FXJSW5hun.37
2,FHLJYC32.27
1,FSDJN18.23
2,FYNLJ60.3
2,FSCDJY48.42
2,FJSWX82.44
2,FSHXBX108.50
2,FGSYC59.27
2,FJLHD43.44
1,FSDLZ02.103
1,FXJSW44.68
2,FSDQZ46.100
1,FGXGL21_FDME220052076-1a.53
1,FGDLZ20.14
1,FeceGuXi15011.7
2,FHNXY57.113
1,FHNXY8.66
1,FSHCM75.113
1,L1EFC230337_FJXFC09_S263_L003.52
2,FJLHD53.2
2,FGSZY8.92
1,FZJTZ50.72
2,FXJCJ57.123
2,FQHXN87.118
1,FSDQZ32.136
2,FQHXN68.162
1,FeceHuBe150120.67
1,FZJTZ1.5
2,FHBSJZ20.36
2,FQHXN98.65
2,FTJBH25.99
2,FHLJYC7.15
1,L1EFC230325_FTJS0011_S251_L003.29
2,FSHXBX88.10
2,FXJSW13.30
1,FeceHuBe150132_FDME220052848-1a.107
1,FSDLZ53.85
2,L1EFC230359_FSHXBX16_S317_L004.66
1,FHHMY63.144
1,FYNLJ67.9
1,FGXGL32_FDME220052087-1a.18
2,FJSWXJ21.87
2,FeceHuNa150122.13
2,FGSYC12.44
1,FGSYC21.2
2,FGZ4M_FDME220051972-1a.72
2,FZJTZ35.26
1,L1EFC230341_FJXFC14_S267_L003.38
1,FSHXBX163.73
1,FSDJN1.65
2,L1EFC230250_FHLJZD56_S135_L002.53
1,FHNFQ27.43
2,FGSZY23.100
1,FZJTZ52.94
2,FAHBZ31_FDME220050711-1a.38
1,FHHMY84.85
2,FHLJZD3.93
2,FSDJN45.75
2,FSDQZ27.169
2,FGDLZ3.45
1,FSHCM70.29
1,FHNFQ60hun.94
2,FYNLJ19hun.57
1,FGSYC19.17
1,FAHBZ22_FDME220050702-1a.4
2,FQHXN90.86
1,FSHXBX167.132
2,FHNXY37.38
2,M124R01.56
2,FAHBZ14.29
1,FSXTY15.7
2,M1DZ07.68
2,FGXGL108.46
2,FXJYN34.72
2,FFJLY7_FDME220051244-1a.115
1,FZJTZ40.93
1,FSHXBX71.140
2,L1EFC230299_FXJWS26_S225_L003.71
1,FJNDD12_FDME220051229-1a.99
2,FNMHLBE10hun.131
1,L1EFC230336_FJXFC07_S262_L003.57
1,FZJTZ22.116
1,FQHXN97.77
2,FNMHLBE7.65
2,FQHXN83.8
2,FHuNHHMY13.114
2,FGSZY16.111
1,FHBSJZ46_FDME220052237-1a.11
2,FSHXHZ5.72
2,FSHCM7.53
2,FGSZY11.72
1,FSHHK41_FDME220054510-1a.140
2,L1EFC230393_FSHXXA37_S36_L003.72
2,FeceHuNa150120_FDME220052269-1a.92
1,FSHHK28_FDME220054497-1a.15
2,FXJKS27.85
2,L1EFC230286_FXJCJ60_S169_L002.3
1,FZJTZ54.85
2,FHuNHHMY83.93
2,M1C6.53
1,FHNXY35.32
1,FSDLZ03.69
2,FQHXN101.49
2,L1EFC230285_FXJCJ59_S168_L002.38
1,FYNLJ71.86
1,FSHHK17hun.111
2,FAHBZ43.125
1,FJSNT20.2
2,FYNLJ74.3
2,FeceHuNa150118_FDME220052267-1a.50
