tree_group,mag
1,FNMHHHHT7hun.27
1,M2CF20.64
1,L1EFC230257_FXJCJ13_S142_L002.3
1,FYNLJ9.48
2,L1EFC230278_FXJCJ44_S162_L002.26
1,SDHZD9.124
2,FHLJYC12.22
1,L1EFC230275_FXJCJ40_S159_L002.24
2,FSCPS95.55
1,FSHXXA27.36
1,FQHXN98.40
2,FSCCD1hun.95
1,SDHZD5.20
2,FGSYC71.78
1,FJLHD4.56
1,FGXGL78_FDME220052133-1a.8
1,FGXGL61_FDME220052116-1a.131
1,FGDLZ81_FDME220051959-1a.133
2,FHNFQ40.41
2,SDHZD17.59
1,FGXGL99.42
2,L1EFC230360_FSHXBX24_S318_L004.17
1,FYNLJ20hun.4
1,FXJSW40.55
2,FSDJN20.21
2,FSHXWN11hun.73
1,FHuNHHMY10.85
1,FSHXBX121.74
1,FHBSJZ23.37
1,FCQTY026_FDME220051122-1a.27
1,FSXTY34.16
1,FSHCM56.98
1,FXJCJ50.11
1,L1EFC230338_FJXFC11_S264_L003.26
2,FSHXBX103.36
1,FSHXBX175.22
1,FSXTY58hun.53
1,FCQTY029_FDME220051123-1a.27
1,FJSNT31.61
1,L1EFC230259_FXJCJ15_S144_L002.68
1,FNXYCHL1.55
1,FZJTZ29.57
1,FNMHHHHT31.130
1,FZJTZ31.3
NA,FeceHuNa150145.27
2,SDHZD6.100
2,FSDJN9.90
1,FeceHuBe150121_FDME220052842-1a.104
1,FSDJN7.107
1,FSCDJY61.15
2,FHuNHHMY74.34
1,FNMHHHHT33.2
1,FNMHLBE29.34
1,FSDJN61.5
1,L1EFC230265_FXJCJ24_S149_L002.22
2,FSXTY11.38
1,FeceHeNa23.29
1,FGSYC38.15
1,FNXYCHL8.78
2,FHuBWH6.4
1,FSCCD2.124
2,FBJ48.15
1,FSHXBX125.69
1,FSHXBX14.8
1,FJNDD2_FDME220051219-1a.30
1,FHuNHHMY29.29
1,L1EFC230291_FXJWS11_S174_L002.29
2,L1EFC230262_FXJCJ20_S146_L002.61
1,FNXYCHL40.37
1,FGSYC33.41
1,L1EFC230287_FXJCJ63_S170_L002.49
1,FNMHLBE33.56
1,FJLHD31.39
1,FSDJN23.67
1,FAHBZ35.51
1,FNXYCHL51.130
1,L1EFC230288_FXJCJ64_S171_L002.50
2,FXJYN28.38
1,L1EFC230251_FXJCJ01_S136_L002.102
2,FXJWS17.36
1,L1EFC230256_FXJCJ12_S141_L002.71
2,FHBSJZ54_FDME220052245-1a.66
1,FeceHuBe150117_FDME220052839-1a.48
1,FNXYCHL31.29
2,FHNFQ53.40
1,FJXSRPY33.94
1,FNXYCHL37.24
2,FSHCM71hun.4
1,FSHCM67.54
1,FGSYC66.58
2,FYNLJ7.66
1,FNMHHHHT37.35
2,L1EFC230284_FXJCJ58_S167_L002.22
1,FSXTY44.36
1,FSCPS52.27
1,FJSNT4.53
2,FHLJYC36_FDME220052685-1a.54
1,FSCCD10.19
1,FHBSJZ58.16
1,FGSYC10.28
2,FGXGL2_FDME220052057-1a.98
1,FQHXN27.110
1,FHLJYC35_FDME220052684-1a.35
1,FJSNT45.19
1,FSXLL9.56
1,L1EFC230331_FTJS0028_S257_L003.49
1,FSXTY45.28
1,FSHXWN9.62
2,SDHZD16.15
1,FBJ38.81
1,FYNDL28hun.32
1,FSHCM11hun.31
2,FCQNA26hun.22
2,FJSWX79.12
1,FGXGL44_FDME220052099-1a.31
NA,FSDLZ60.37
1,FYNLJ70.26
1,FGZ36M_FDME220052036-1a.27
2,FZJTZ56.19
2,FGSYC57.32
1,FSDJN6.98
NA,FHLJYC28hun.39
1,FJLHD2.48
1,FJXSRPY10.136
1,FHNFQ12.118
2,FQHXN15.78
2,FGSYC75.20
1,FSHCM42hun.74
1,FSXTY10hun.55
1,FSDJN35.43
1,L1EFC230297_FXJWS23_S223_L003.25
