tree_group,mag
1,FCQNA10.49
2,FNMHLBE10hun.30
1,FSCDJY67.54
1,FNXYCHL30.2
2,FTJBH30.41
1,FJXSRPY8.102
1,FAHBZ15.82
1,FSCDJY45.65
2,FHuNHHMY30.59
2,FAHBZ57_FDME220050732-1a.68
2,FGSYC80.17
2,FSDQZ16.61
1,L1EFC230302_FXJWS31_S228_L003.50
1,FNMHLBE22.60
2,FXJSW7.43
2,L1EFC230319_FTJS0003_S245_L003.111
1,FNXYCHL44.36
1,L1EFC230355_FJXFC53_S313_L004.37
2,FSDJN12.96
1,FAHWH09.92
1,FSCPS56.98
2,M119R01.38
2,FNMHLBE20.10
2,FXJKS47.91
1,L1EFC230267_FXJCJ26_S151_L002.14
1,L1EFC230236_FHLJZD14_S81_L001.21
1,FSCPS10.92
1,FSXTY35.11
1,FJXSRPY38.28
1,FZJHZD28.54
1,FSCDJY64.103
1,FSCDJY33.86
2,FHNFQ26.73
2,FNMHLBE14.94
2,FSXLVLS3.150
1,FeceGuXi15013.48
2,FGXGL1_FDME220052056-1a.94
1,FHuNHHMY43.106
1,FAHBZ59_FDME220050734-1a.121
2,FNXYCHL55.19
1,FJXSRPY27.84
1,FSDLZ40.2
1,FHuNHHMY16.49
2,FGDLZ15_FDME220051915-1a.80
1,FZJTZ54.91
2,L1EFC230239_FHLJZD23_S84_L001.10
2,FSDLZ01.79
2,FHNXY44.9
NA,FYNDL10hun.75
2,FSDQZ27.156
2,FHLJYC5.10
2,L1EFC230286_FXJCJ60_S169_L002.51
1,FSDLZ44.69
1,FSHHK4.44
1,FNMHLBE31.19
2,FSDLZ59.102
1,FSHHK12hun.47
1,FSDJN35.76
2,FNXYCHL56.96
1,FSCPS5.63
2,FAHBZ44_FDME220050721-1a.99
2,FAHBZ10_FDME220050692-1a.60
1,FSCDYJ7.97
2,FHNXY48.127
2,FSDLZ54.15
1,FSDQZ18.47
1,FSDQZ33.59
2,FAHWH07.39
1,FGSZY12.29
2,FXJSW11.43
2,L1EFC230266_FXJCJ25_S150_L002.23
2,FNXYCHL65.81
1,FeceHuNa15017.59
1,FSCPS69.34
1,FJLHD6.66
2,FQHXN22.70
1,FSCPS43.60
2,FAHBZ60_FDME220050735-1a.166
1,FJSWXJ4.135
1,FHuBWH23hun.82
1,FCQHC10.96
2,FQHXN87.99
2,FeceHuNa15016.3
2,FXJKS39.35
1,FSCPS36.57
2,FSHXBX169.78
1,FeceHuBe150119_FDME220052841-1a.62
2,FSDQZ13.5
2,FXJKS43.77
2,FQHXN89.66
2,FSDLZ48.121
1,FSCPS68.20
1,FJXSRPY30.15
1,FSDLZ09.5
2,FXJSW10.151
1,FZJTZ19.35
1,FHuNHHMY32.76
1,L1EFC230234_FHLJZD07_S79_L001.24
1,L1EFC230351_FJXFC35_S309_L004.95
1,FNMHLBE32.63
2,FQHXN63hun.105
2,M1C6.216
