tree_group,mag
1,FYNLJ52.53
1,FQHXN30.103
NA,BJCY2.9
1,FCQNA39.24
1,FJXSRPY27.90
1,FeceHeNa5.69
3,FCQTY157_FDME220051193-1a.71
3,FSHCM63.71
1,FHNXY36.93
1,FSDQZ1.31
3,SDZB2.23
1,FSHXBX76.99
1,FHLJDQ12.133
1,FGZ29M_FDME220052027-1a.51
1,FHuNHHMY43.135
1,SDYT1.17
1,FJXSRPYG1.35
1,M2CF17.22
3,FHLJZD43.44
3,FSHXBX10.4
1,FSDJN1.52
3,L1EFC230377_FSHXBX72_S335_L004.68
1,FGXGL12_FDME220052067-1a.12
1,FGXGL57_FDME220052112-1a.15
1,HNZZ117_FDME220052304-1a.15
3,FGDLZ21.30
1,FNXYCHL39.151
3,FFJLY43_FDME220051271-1a.24
1,FJXSRPY36.50
1,FNXYCHL1.40
1,FSHXWN18.31
1,FGXGL65_FDME220052120-1a.71
3,FZJHZ11.10
3,SDZB3.16
3,HNZZ16_FDME220052294-1a.7
3,FHBSJZ43_FDME220052234-1a.42
3,FGSYC10.51
3,FeceHeNa18.12
3,JSCZD6.7
1,FCQTY049_FDME220051134-1a.93
3,FJLHD30.73
1,FHNFQ39.40
3,FGDLZ85.101
1,FeceGuXi150111.40
3,FeceHuBe15017_FDME220052835-1a.76
3,FSCDJY50.51
3,FSXTY22.38
1,FSXLVLS16.44
3,FSXTY14.51
3,FNMHHHHT30.42
1,FSDQZ9.18
3,L1EFC230323_FTJS0009_S249_L003.10
1,FSHCM23_FDME220054538-1a.65
3,FJLHD15.87
1,FHuNHHMY16.24
1,LNSY2.34
3,FGXGL46_FDME220052101-1a.4
1,FGXGL75_FDME220052130-1a.70
1,FJSNT8.67
3,FHNXY4.57
3,FNMHHHHT45.2
1,FeceHuBe150117_FDME220052839-1a.44
3,L1EFC230268_FXJCJ27_S152_L002.53
