tree_group,mag
1,FTJS006.14
2,FeceHuNa15017.85
2,FSHHK16_FDME220054486-1a.34
2,FJSNT43.88
1,FAHWH04.13
1,FHNXY48.115
2,FSHHK23hun.35
2,FSHHK28_FDME220054497-1a.113
2,FSXTY52.9
2,FSHHK42_FDME220054511-1a.102
1,FXJYN40.62
2,FSHHK40_FDME220054509-1a.53
NA,FeceGuXi15011.125
1,L1EFC230318_FTJS0001_S244_L003.28
1,FSCPS69.19
2,FCQTY145_FDME220051185-1a.79
2,FJSWXJ43.107
2,FJSWXJ17.77
2,FeceHuBe150119_FDME220052841-1a.46
2,FNXYCHL24.95
2,FSHHK35_FDME220054504-1a.31
NA,FSHHK33hun.47
2,FJSWXJ7.93
1,FJSWXJ8.22
1,FJSNT71.44
1,FSHHK14.86
1,FSCPS41.61
1,FAHWH05.19
2,FSHHK38_FDME220054507-1a.118
1,FXJKS36.42
1,FSHXBX20.14
1,FTJBH30.48
2,FSHHK25_FDME220054495-1a.107
