tree_group,mag
1,FSDLZ60.27
NA,BJHD1.26
1,FTJBH78.70
3,FZJHZ20.10
3,L1EFC230254_FXJCJ06_S139_L002.28
3,FNXYCHL88.59
1,FXJCJ11.27
3,FGDLZ1.4
1,FXJCJ10.35
3,FHuNHHMY67.82
3,FNXYCHL2.2
3,SDJN16.11
3,HNZZ115_FDME220052303-1a.1
3,FSDJN7.91
1,L1EFC230383_FSHXXA07_S341_L004.68
1,FHNFQ49-1.49
3,FeceHuNa150144_FDME220052287-1a.13
3,FAHWH13_FDME220050739-1a.58
3,FSHXBX7.3
3,FZJHZ17.7
1,FSHXBX114.7
3,FHNXY41.64
3,FZJHZ7.19
3,SDHZ8.24
3,HNZZ123.8
3,HuNCS4.11
3,FGDLZ72_FDME220051953-1a.22
1,FSHXXA19.78
3,HLJDQ2.21
1,FSCDJY64.150
3,FTJBH11.65
3,FAHBZ32_FDME220050712-1a.59
3,FGSYC33.21
