tree_group,mag
1,FGZ1I4_FDME220051968-1a.5
1,FHuBWH21.13
NA,FZJTZ34.9
1,FZJJH12.28
1,FSHCM1_FDME220054518-1a.28
1,SHXXA4hun.48
1,L1EFC230336_FJXFC07_S262_L003.76
1,FXJKS12.74
1,FZJTZ19.105
1,FCQHC9.68
1,FHLJYC39_FDME220052688-1a.84
1,FJSWXJ39.20
1,TJDG8.14
1,FeceHeNa4.58
1,FSCPS50.42
1,FJSNT14.32
1,FAHWH10.44
1,FNMHLBE32.89
1,FSXTY14.46
3,FSCCD17.90
1,FZJTZ70.29
1,FZJTZ40.69
NA,FBJ18.36
3,FAHBZ53.3
3,FCQHC4.50
1,FGZ27I1_FDME220052024-1a.6
1,FeceHeNa11.30
3,FGD22I1_FDME220052014-1a.3
1,FJXSRPY35.20
3,FGD5I2.23
1,FHuBWH25hun.11
1,FSCPS68.100
1,FSDQZ13.113
1,FSCPS31.49
1,FGDLZ72_FDME220051953-1a.56
3,FHBSJZ48_FDME220052239-1a.25
