tree_group,mag
1,FSHCM41hun.33
1,FSHXWN6.19
2,FHuNHHMY75.1
1,FSHXWN4hun.66
1,FJSNT28.39
1,FGZ10M_FDME220051987-1a.31
1,FSDJN10.3
1,FFJLY32_FDME220051261-1a.18
1,FNXYCHL69.33
1,FSHCM20_FDME220054535-1a.50
1,FHNXY43.71
1,FSHXWN8.46
2,FHuBWH25hun.38
1,FSHXXA46.1
2,JSZJ2.36
1,FSHXBX89.43
1,FTJS012.38
2,FJSNT46.75
1,FSXTY57hun.29
2,FSHXHZ25.79
1,FCQTY043_FDME220051131-1a.49
1,FJSNT8.50
1,FNXYCHL63.64
2,FCQTY004.46
1,L1EFC230340_FJXFC13_S266_L003.12
1,FTJBH83.78
1,FJSWXJ30.13
2,FAHWH36_FDME220050753-1a.31
1,FSHCM83.97
1,FQHXN47.63
2,FeceHeNa5.93
1,FNMHHHHT15.132
1,FTJBH59.38
1,FJSNT16.60
1,FGSYC83.40
2,FSHHK31hun.21
1,FNMHLBE6.24
1,FAHWH18.77
1,FSXLL18.69
1,FSHCM88hun.55
2,FSDJN41.10
1,FSHXBX128.27
1,FJSNT19.67
2,FBJ32.88
1,FTJBH14.73
1,FGXGL27_FDME220052082-1a.4
1,FGSYC49.122
1,FNXYCHL32.55
2,FNXYCHL88.39
1,FSCCD3.22
2,FXJSW36.30
1,FSHXBX144.17
1,FSCDJY98.93
1,FHLJYC17hun.22
1,FBJ16.94
1,FSDJN15.30
1,FSHHK19_FDME220054489-1a.37
1,L1EFC230373_FSHXBX64_S331_L004.45
2,FSHHK43.48
1,FCQTY021_FDME220051118-1a.62
1,FeceHuBe150117_FDME220052839-1a.11
1,FNMHLBE8.99
2,FSXTY5hun.3
1,FJSWX74.6
1,FFJLY21_FDME220051252-1a.47
1,FJSNT33.120
1,FSHCM69.22
2,FBJ26.66
1,FHLJYC10.41
1,FeceHuBe15018_FDME220052836-1a.74
1,FXJWS20.41
1,FZJHZD11.84
2,FSXTY38.7
2,FCQTY104_FDME220051175-1a.30
1,FSHCM42hun.62
1,FSHXXA33.40
2,FCQTY091_FDME220051169-1a.43
2,FGZ1M.16
1,FGZ34M_FDME220052034-1a.84
1,FJSWXJ18.74
2,FSHHK48_FDME220054515-1a.38
1,FHBSJZ8.16
1,FSHCM71hun.13
1,FHuNHHMY20.30
1,FNXYCHL67.51
1,L1EFC230410_FSXTY46_S53_L003.21
2,FSHHK24hun.29
2,FSHXWN19.23
1,L1EFC230288_FXJCJ64_S171_L002.31
1,FJSNT29.66
2,FSHXWN1.39
1,FHLJYC9.65
1,FSDQZ47.60
2,FSHHK11_FDME220054483-1a.46
2,FJXSRPY15.22
1,FGZ9M_FDME220051984-1a.9
1,FJNDD13_FDME220051230-1a.39
1,FSDLZ18.13
1,FCQTY039_FDME220051129-2a.38
1,FeceHuNa150140_FDME220052283-1a.36
2,FSCCD13.13
2,FNXYCHL29.51
1,FSHXWN32.24
2,FSDJN19.43
1,FSDQZ25.54
1,FSDLZ16.45
