tree_group,mag
1,FNXYCHL14.10
2,FAHWH19.3
2,FSXLL6.30
1,FGZ37M_FDME220052037-1a.90
1,CS7.1
1,FSDQZ8.38
2,HuNCS4.12
2,FJND20.7
1,DA3.13
1,LNSY3.17
2,LNSY4.30
1,FSHCM47.50
1,BJHD4.8
2,BJCY4.13
1,HNZZ118.2
1,FGDLZ58.75
1,FGD17I1_FDME220052002-1a.1
1,FSHHK1.53
1,FTJBH50.11
1,JLHD2hun.13
1,FSHXBX37.5
2,FJLHD17.55
1,FHuBWH18.20
2,FZJHZD17hun.14
1,FSHCM1_FDME220054518-1a.29
1,JXNC1.1
1,FZJHZ20.12
2,FSDJN15.59
1,FSDLZ42.110
1,FSXLVLS9.47
2,FTJBH27.113
2,FHBSJZ50_FDME220052241-1a.10
1,FJND13.2
1,FZJZJ6.13
1,FAHBZ16.40
2,HLJDQ3.13
1,FZJJH2hun.26
1,FGXGL5_FDME220052060-1a.42
1,FNXYCHL25.26
1,FFJLY17_FDME220051250-1a.22
2,FBJ15.17
1,FGXGL12_FDME220052067-1a.114
1,FZJJH13.34
NA,FSHXXA39.70
2,HLJDQ1.15
2,FZJTZ44.28
NA,SDYT1.40
1,FNXYCHL94.7
1,FZJHZD20.71
1,BJHD5.27
1,FJND10_FDME220051202-1a.1
1,FSHCM13_FDME220054530-1a.43
NA,L1EFC230356_FJXFC54_S314_L004.58
1,FGXGL37_FDME220052092-1a.12
1,TJDG5.4
2,FeceGuXi15016.29
2,FXJSW34.8
1,JSZJ2.4
1,FGZ26I2_FDME220052022-1a.22
1,HeBSJZ1.13
1,FJSNT25.77
1,FHNXY28.19
1,SDZC2.12
1,FGZ28I1_FDME220052026-1a.4
1,SDHZ19.24
1,NMGWLCB1hun.34
1,FSHXWN17.105
1,FGZ40I1_FDME220052052-1a.4
1,SDJN16.6
1,NMGEL1hun.11
1,SDWF2.23
2,HuNCS1.28
1,FSHXXA23.13
2,FSHXBX136hun.59
NA,FNXYCHL62.19
1,FSXLL16.56
1,FGZ14I1_FDME220051993-1a.2
1,FSXTY31.70
1,HNZZ14_FDME220052292-1a.13
1,FXJWS3.13
1,FSDJN40.68
NA,FHuNHHMY14.66
1,FSHXXA12.29
2,FHBSJZ6.24
NA,FXJCJ41.4
1,FJSNT8.18
1,FHuBWH13.4
1,FGZ30I1_FDME220052029-1a.17
2,BJ1.24
1,SHMX1_FDME220054475-1a.41
1,HNZZ15_FDME220052293-1a.6
1,FZJTZ32.55
2,FBJ42.60
1,FJLHD33.64
1,SHXXY2.13
1,SDHZ15.30
1,AHFY1.18
1,FGXGL99.40
1,FeceHuNa150141_FDME220052284-1a.13
1,FJND14_FDME220051206-1a.32
1,FGSZY38.3
1,FBJ13.34
1,FZJHZ25.10
1,FAHWH40_FDME220050757-1a.18
1,FCQNA22hun.1
1,FZJHZ4.9
1,FZJHZ6.19
1,TJDG4.14
1,FeceHuNa150145.47
1,FSDJN19.42
1,TJDG11hun.4
1,FJSNT46.20
1,FSDQZ49.56
2,FCQTY069_FDME220051146-1b.64
1,FeceGuXi150114.130
2,FSDQZ9.70
1,FSHXXA32.23
1,SHXXA3hun.5
2,FGZ7I2_FDME220051982-1a.9
1,FJND23_FDME220051214-1a.24
2,FHuBWH40.10
1,FGXGL92.58
1,FGXGL80_FDME220052135-1a.28
1,BJHD7.21
1,SDJN4.3
1,FTJBH66.18
1,FZJHZ3.27
2,FHNXY61hun.21
1,FHuBWH20.23
1,FGDLZ48.55
1,FGXGL46_FDME220052101-1a.54
1,LNSY2.21
1,FJND1_FDME220051159-1a.18
1,FZJJH3hun.11
2,M2CF15.40
1,FJLHD14.54
1,FGSYC43.37
1,FZJJH11.84
1,FSCPS8.20
1,HeNJZ9hun.8
1,FSXLL2.37
1,TJHX1.39
NA,FNXYCHL34.35
2,BJCY2.7
1,FZJTZ42.44
2,AHHF1.10
NA,FSXLVWS4.8
1,HLJDQ2.3
NA,FNXYCHL4hun.86
1,FHLJYC17hun.43
1,HuNCS6.20
1,FHBSJZ12.2
1,FCQTY123_FDME220051180-1a.7
1,HuNDA1.22
1,FSHHK43.14
1,FZJZJ4.31
2,SHXXY1hun.22
1,FJND22_FDME220051213-1a.3
1,NMGHHHT2hun.5
1,FHuBWH21.11
1,FGZ4I2.1
1,FSXLVLS10.39
1,SDWF1.15
1,FSHXWN33.31
1,FGDLZ81_FDME220051959-1a.92
1,FXJCJ3.33
1,FSXLVLS6.43
1,FGD17I2_FDME220052003-1a.18
1,FSHXXA47hun.26
2,FGZ25I2_FDME220052019-1a.16
1,FSHXWN25.19
1,SDZC1.9
1,FGD16I2_FDME220052000-1a.13
2,FSDJN39.64
1,FGZ30I2_FDME220052040-1a.2
1,FSHXWN11hun.56
1,FZJZJ3.16
1,FHNXY32.53
2,SDZB3.13
1,HuNCS8.4
1,FSHXBX32.12
1,FSHXBX168.8
1,FZJJH6.14
2,FZJHZ5.25
1,FZJHZ24hun.19
1,SDHZ5.18
1,SHXXA5hun.10
2,FGZ7M.77
1,SDHZ18.15
1,FZJHZ13.20
2,SDHZ8.67
2,FGSZY1.13
2,FGZ27I1_FDME220052024-1a.11
1,FSHXBX61.38
1,FXJYN7.35
1,FGXGL27_FDME220052082-1a.13
2,FJFZ2_FDME220051166-1a.28
1,FSHXWN35.12
1,SDHZ6.2
1,FCQJJ2.57
1,BJCP1.14
1,FSHXWN34hun_FDME22H000409-1a.18
1,TJDG8.11
1,FSDLZ60.24
1,FJND12_FDME220051204-1a.3
1,FSDLZ14.76
1,FJND19_FDME220051210-1a.16
1,FGXGL103.14
2,FHuNHHMY28.32
1,FZJJH14.14
2,FJNDD6_FDME220051223-1a.19
1,FGD9I2_FDME220051986-1a.14
1,FHuBWH31.56
1,FYNDL18hun.69
1,JSZJ5.9
1,FAHBZ4_FDME220050686-1a.42
1,FCQNA24.16
1,FeceHeNa2.74
1,FZJZJ5.5
2,SDZB2.32
1,FHuNHHMY26.45
1,HNZZ113_FDME220052301-1a.4
2,M207F01.25
1,M1C14.19
1,FJFZ1_FDME220051165-1a.33
1,FQHXN110.32
1,FGXGL88.33
NA,FHBSJZ52.87
1,FeceHeNa18.66
2,FZJHZ18.16
1,FeceHuNa150144_FDME220052287-1a.45
1,FXJWS10.56
