tree_group,mag
1,FYNLJ66.130
2,FXJKS13.30
2,FGSYC90.140
1,FHLJYC5.43
2,FQHXN99.15
2,FXJKS42.14
1,FHNXY38.169
1,FZJTZ69.77
2,L1EFC230319_FTJS0003_S245_L003.135
1,FSCPS4.163
1,SDHZ24.75
1,FJSNT20.28
1,FSCPS94.24
1,FSCPS69.127
2,M1C1.15
1,FCQTY145_FDME220051185-1a.92
1,FHNXY19.65
2,FYNLJ76.71
1,FJSWXJ25.6
1,FJSNT32.96
2,FXJYN40.94
2,FSHHK28_FDME220054497-1a.29
1,FQHXN106.47
1,FTJBH2.120
1,FSDQZ39.22
1,L1EFC230335_FJXFC05_S261_L003.83
2,M1C12.15
1,FYNLJ52.39
2,FeceGuXi15011.113
2,FeceGuXi150117.41
1,FSDLZ19.96
1,FGXGL23_FDME220052078-1a.116
2,L1EFC230236_FHLJZD14_S81_L001.40
1,FSDQZ43.88
2,FXJKS35.86
1,FJSWX85.5
1,FZJTZ21.97
2,FJSWXJ43.113
1,FGDLZ49.136
1,FSCPS89.52
2,FXJKS22.158
2,M1C6.108
1,FHLJZD8.85
2,FXJKS14.127
1,FGXGL49.118
