tree_group,mag
1,FSHXBX76.64
2,L1EFC230382_FSHXXA06_S340_L004.139
2,FYNLJ66.13
1,FSDLZ53.86
1,FNMHHHHT41.81
1,M1C5.22
2,FJXSRPY30.96
2,FGXGL31_FDME220052086-1a.107
2,FZJTZ21.145
2,FGDLZ35.80
1,FeceHuNa150114_FDME220052265-1a.85
1,FXJSW8.60
1,L1EFC230312_FXJWS44_S238_L003.89
1,FSDLZ54.53
2,FGDLZ70.8
2,FGDLZ49.17
1,L1EFC230364_FSHXBX42_S322_L004.38
2,FGDLZ55_FDME220051935-1a.34
1,FSDQZ35.4
2,L1EFC230393_FSHXXA37_S36_L003.4
2,FJXSRPY40.35
2,FHNXY58.82
2,FNMHHHHT37.36
2,FGDLZ65_FDME220051946-1a.59
1,FGSZY50.46
1,FSHXBX60.53
2,FGXGL1_FDME220052056-1a.158
2,FGXGL74_FDME220052129-1a.106
2,FGDLZ27.61
2,FJXSRPYG41.106
1,L1EFC230305_FXJWS34_S231_L003.87
1,FXJKS35.50
2,FJSNT67.73
1,FSDQZ21.102
2,FSDQZ39.156
2,FSHXHZ9.115
2,FGDLZ76_FDME220051956-1a.16
1,FSDQZ42.54
2,FSCPS11.96
2,FHLJZD52.24
1,FQHXN99.81
1,FSXLVWS8hun.15
2,FHHMY4.21
2,FZJHZD9hun.81
1,FXJCJ4.79
2,FHuNHHMY47.69
2,FJLHD32.78
1,FSDJN36.11
1,FHNXY42.89
1,FeceHuBe15011_FDME220052829-1a.25
2,FJLHD45.79
2,FCQTY166_FDME220051197-1a.122
2,FHuNHHMY24.142
2,FCQTY092_FDME220051170-1a.37
2,FGDLZ74.55
1,FSHXBX108.46
2,FYNLJ38.86
2,M2CF08.25
2,SDHZD17.24
2,FSHXHZ20.86
2,FZJHZD6.8
1,FSDLZ50.12
2,FSHXHZ24.73
1,FXJYN29.6
2,FGDLZ85.85
2,L1EFC230351_FJXFC35_S309_L004.3
2,FCQNA25.100
1,FSXTY48hun.4
1,L1EFC230298_FXJWS24_S224_L003.5
2,FSCPS43.5
2,FeceHuNa150142_FDME220052285-1a.75
2,FJNDD5_FDME220051222-1a.126
2,FSXTY14.13
1,FGSZY45.35
2,FSHXXA38.33
2,FHLJYC42_FDME220052691-1a.152
1,M1C8.175
2,FHuNHHMY80.49
2,FHLJZD45.34
2,FJLHD44.135
2,FHLJZD2.140
2,FYNLJ37.63
2,FJXSRPY47.47
2,FXJSW2.35
1,FSXTY40.94
2,FGDLZ10_FDME220051912-1a.83
2,FSCPS31.29
2,FSCPS4.50
1,M2CF01.133
2,FHuNHHMY13.34
1,FSHXBX139.86
2,FeceHuBe150121_FDME220052842-1a.168
2,FJXSRPY17.9
2,L1EFC230285_FXJCJ59_S168_L002.113
1,FGSYC68.38
