tree_group,mag
1,FNXYCHL52.73
1,FQHXN62hun.82
1,FHBSJZ11.17
1,FTJBH86hun.1
1,FTJBH64.18
1,FSXLVWS7hun.29
1,FZJHZD6.96
1,FZJHZD9hun.28
1,FSHXWN27.38
2,FZJTZ68.133
1,FHLJYC13.96
1,M2CF05.36
2,FQHXN22.124
1,FSHXBX78.99
2,FTJS030.22
1,FSDJN37.162
1,FSHXBX155.23
1,FXJSW2.96
2,FSXTY48hun.30
1,FHBSJZ7.32
1,FHLJYC2.54
1,FQHXN97.74
1,FBJ50.74
1,FYNDL21hun.61
1,FGZ5M.64
1,FSDQZ6.141
1,FGD17M_FDME220052001-1a.68
1,FSHXBX137.8
1,FSDQZ24.66
1,FTJBH45.39
1,FSHCM54.48
1,FGDLZ65_FDME220051946-1a.26
1,FSCCD14hun.16
1,FXJYN29.137
1,SDHZD1.63
1,L1EFC230337_FJXFC09_S263_L003.69
1,FHBSJZ34.137
2,FJNDD5_FDME220051222-1a.36
1,FZJHZD16hun.83
1,FGSYC82.91
1,FSDLZ47.78
1,FGXGL95.20
1,FHNXY16.21
1,FJSWXJ28.58
1,FeceHuNa150113_FDME220052264-1a.11
2,L1EFC230382_FSHXXA06_S340_L004.82
1,FHNFQ35.37
1,FSHXBX126.80
1,FGXGL81_FDME220052136-1a.89
2,FJSWXJ4.159
1,FNXYCHL68.5
1,FFJLY9_FDME220051246-1a.48
2,FSDLZ11.100
1,FSHXBX161.43
1,FSDQZ3.32
1,FSDJN45.71
1,FNXYCHL46.78
1,FHNXY22.101
1,FNMHHHHT19.29
1,FSXLL1.85
1,FNXYCHL72.61
1,FSHXBX134hun.20
1,FHBSJZ27.2
1,FGDLZ84_FDME220051962-1a.152
1,FAHBZ7_FDME220050689-1a.22
2,FZJTZ25.104
2,FSHXHZ10.31
1,FSXLVWS6.41
1,FGSZY9.33
1,L1EFC230376_FSHXBX69_S334_L004.83
1,FSHXBX128.69
1,FSHXXA16.43
2,FSXLVWS9.68
1,FBJ30.81
1,FSDQZ23.61
1,FSDJN33.126
1,FSDLZ46.101
1,FSHCM62.98
2,M2CF11.119
1,FTJBH93.12
1,FJLHD45.118
1,L1EFC230328_FTJS0025_S254_L003.7
1,FCQNA40.97
1,M2CF14.55
1,FSDLZ31.85
1,FSXLVLS12.11
1,FJSWXJ2.104
2,FXJSW39.30
1,FGSZY15.19
1,FHLJYC21.90
2,FHLJZD16.95
1,FJSNT23.107
1,FXJYN38.24
1,FSHXBX57.139
1,M2CF19.42
1,FYNLJ56.14
