tree_group,mag
1,FZJTZ32.35
2,FSDQZ9.27
1,FCQTY029_FDME220051123-1a.38
2,FSDLZ51.7
1,FHNFQ41.13
2,FHuNHHMY59.34
1,FJXSRPY54.79
1,FSCPS89.29
2,FHLJYC7.82
2,FSHHK44.47
1,SDHZD9.39
2,FSHXBX78.52
1,FHuBWH18.35
1,FSHHK43.29
2,FSHCM22_FDME220054537-1a.39
2,L1EFC230365_FSHXBX46_S323_L004.21
2,FSDQZ1.34
1,FJSNT14.18
2,FAHWH30_FDME220050748-1a.5
2,FGD22M_FDME220052013-1a.3
1,FGXGL42_FDME220052097-1a.79
1,FJXSRPY46.93
2,FeceGuXi15019.16
2,FSCDJY68.59
2,L1EFC230237_FHLJZD20_S82_L001.53
2,FJFZ1_FDME220051165-1a.23
1,FHuNHHMY48.27
1,FNXYCHL31.41
2,FSHHK4.43
1,FNXYCHL16.47
1,FSCPS49.32
1,FZJTZ57.22
2,FSCDJY60.59
2,FJNDD2_FDME220051219-1a.93
2,L1EFC230357_FJXFC55_S315_L004.44
1,FCQNA10.59
1,FSHHK23hun.41
2,FNXYCHL45.33
1,FSHXBX10.12
2,FSHHK45.37
2,FGDLZ80_FDME220051958-1a.29
2,FJSNT40.4
2,FHLJYC31.17
2,FZJTZ27.33
1,FAHBZ58_FDME220050733-1a.8
2,FHuBWH21.12
1,L1EFC230345_FJXFC21_S303_L004.21
1,FSHHK34_FDME220054503-1a.15
2,FCQNA23hun.13
2,FSHXXA18.26
2,FJNDD13_FDME220051230-1a.40
2,FSHXBX154.14
2,FHuNHHMY29.106
2,FCQTY058_FDME220051138-1a.1
2,FSHXBX172.35
1,FYNLJ36.20
1,FAHWH17_FDME220050741-1a.55
1,FCQTY006.39
1,FAHWH37_FDME220050754-1a.10
2,FGXGL73_FDME220052128-1a.14
2,L1EFC230246_FHLJZD42_S89_L001.85
1,FXJYN4.42
1,FJLHD25.92
1,FZJTZ42.25
2,FSCPS61.52
2,FHLJYC20.15
1,FFJLY4.57
2,FGXGL46_FDME220052101-1a.58
1,FSCDJY22.83
2,FJLHD24.23
2,FFJLY64.4
2,FJSNT31.93
2,FZJTZ56.15
2,FHLJZD18.87
2,FSCDJY13.115
2,FFJLY73.56
1,FQHXN27.121
2,FGXGL13_FDME220052068-1a.41
1,FGXGL36_FDME220052091-1a.44
2,FJXSRPY51.4
2,FFJLY30_FDME220051260-1a.33
1,FXJYN35hun.23
1,FGXGL68_FDME220052123-1a.11
1,FQHXN1.134
2,FSHXBX142.94
2,L1EFC230258_FXJCJ14_S143_L002.60
2,FSCPS24.57
