tree_group,mag
1,FFJLY77.46
1,FSHCM83.7
1,FGDLZ33_FDME220051920-1a.47
1,FSCCD2.28
1,FeceHuNa15017.99
1,FSHCM52.45
1,FQHXN60hun.29
1,FSHHK33hun.27
1,FSHHK10_FDME220054482-1a.100
1,FJSNT58.59
1,FXJYN31.51
1,FJXSRPY37.22
1,FGDLZ82_FDME220051960-1a.15
1,FeceHeNa2.47
2,FSXTY48hun.89
1,FGDLZ9_FDME220051911-1a.28
2,FSXLL3.61
2,FJSWX105.35
1,FCQNA39.132
1,FSCPS35.30
1,FCQTY077_FDME220051152-1a.50
1,FHuBWH4.28
2,FSHCM58.15
1,M116R01.51
2,M206F01.40
2,M101R01.45
1,FXJYN38.58
1,FYNLJ57.56
1,FSHXBX151hun.3
1,FYNLJ69.38
1,FZJTZ48.69
1,FSXTY33hun.52
1,FGSYC4.95
2,FZJTZ21.98
2,FCQTY042_FDME220051130-1a.42
1,FBJ28.68
2,FHuBWH24.96
1,FJSNT30.78
1,FGD17M_FDME220052001-1a.72
2,FNMHHHHT41.63
1,FQHXN10.62
1,FJSNT25.108
1,FSXTY52.3
2,FSHXHZ11.119
2,FSDQZ36.81
1,FJXSRPY43.26
2,FBJ51.56
1,FJLHD30.62
1,FTJBH86hun.37
1,FSXTY49.56
2,FZJTZ5.111
1,FSDJN6.75
2,FNXYCHL89.43
2,JSCZD12.74
1,FNXYCHL61.114
2,FGXGL51_FDME220052106-1a.105
1,FHNXY19.9
1,FBJ7.112
2,FCQTY094_FDME220051171-1a.52
1,FTJS035.23
1,FNMHLBE11hun.12
1,FSCPS92.119
1,FZJTZ10.64
1,FCQTY053_FDME220051136-1a.21
1,FJSNT45.56
1,FXJWS7.139
1,FJSNT38.80
1,FSXLL1.116
1,FCQTY043_FDME220051131-1a.12
1,FHLJZD21.23
1,FQHXN7.8
2,FSDJN18.5
1,FYNDL21hun.88
1,FGSZY26.84
2,FTJBH28.35
1,M124R01.83
1,FSXLVLS14.36
1,FQHXN104.13
1,FJXSRPYG9.98
1,FNXYCHL18.30
1,FSHXBX74.77
1,FCQTY022_FDME220051119-1a.44
1,FHuNHHMY38.64
1,FNMHLBE9hun.88
1,FSDQZ19.36
1,FJSWX83.2
1,FNMHLBE34hun.42
1,FCQNA28.31
1,FSXLVWS7hun.142
1,FXJSW20.130
1,FSDJN3.107
1,FeceGuXi150110.119
1,FSHXBX174.33
2,FSHCM31.85
1,FGXGL86_FDME220052141-1a.50
1,FeceHuNa15016.54
1,FHLJYC19.75
2,FCQTY149_FDME220051188-1a.21
1,FeceHuNa150111_FDME220052262-1a.49
1,FJSWX82.68
1,FGDLZ63_FDME220051944-1a.22
2,FNMHHHHT17.100
1,FJLHD47.32
1,FZJTZ16hun.17
1,FXJYN21.29
1,FSDJN44.30
1,FBJ52.63
1,FSDQZ31.74
1,FZJTZ30.20
1,FJSWXJ28.90
1,FNMHHHHT10.80
2,FZJJH12.62
2,FGDLZ65_FDME220051946-1a.17
2,FNMHHHHT22.61
1,FTJBH62hun.92
2,FGSYC46.16
1,FBJ44.90
2,FZJTZ68.146
1,M2CF04.132
1,FSHHK36_FDME220054505-1a.62
1,M207F02.27
1,FZJTZ9.84
2,FSCPS45.53
1,FTJBH25.42
1,L1EFC230300_FXJWS27_S226_L003.27
1,FXJKS3.10
1,FSDJN60.32
1,FGSYC30.109
1,FSHXBX75.31
1,FGXGL40_FDME220052095-1a.79
1,FHNXY57.70
1,FQHXN53.55
2,FGXGL6_FDME220052061-1a.28
1,FGXGL65_FDME220052120-1a.124
2,FSDJN27.70
1,M2CF12.111
1,FFJLY40_FDME220051269-1a.75
1,FJSNT33.118
1,FeceHuBe150127_FDME220052847-1a.3
2,FSDLZ13.58
2,FSXTY8hun.19
2,FQHXN67hun.41
1,FCQNA43.84
1,FSHXBX47.25
1,FYNLJ74.19
1,FTJBH38hun.28
1,FSDLZ47.34
1,FGSZY35.28
1,FXJKS22.123
2,FXJWS29.11
2,FGXGL34_FDME220052089-1a.5
1,FJLHD42.51
1,FBJ58.31
1,FeceHuNa150135_FDME220052278-1a.37
1,FXJWS41.88
2,FJSNT64.44
1,FSHCM54.66
2,FSHXBX108.52
2,FJLHD21.105
1,FSCDJY48.62
1,M115R01.62
1,FXJYN19.105
1,FHLJYC12.75
1,FHNXY22.45
1,FSDJN13.81
2,FSXTY29hun.44
1,FSDQZ6.25
1,FSDJN62.62
1,FSDLZ09.110
1,FQHXN22.162
1,FJSNT32.25
2,FSHCM12_FDME220054529-1a.76
1,FSDLZ25.34
1,FSXTY32.19
1,FJLHD16.103
2,FHLJYC23.80
1,FSDLZ01.128
1,FQHXN73.62
1,FXJYN18.1
1,FSHCM70.48
2,FGSZY48.78
1,FSDJN46.39
1,FGSYC62.67
1,FSCPS69.100
1,FSDLZ19.69
1,FSDLZ58.109
2,M1C1.61
1,FGZ37M_FDME220052037-1a.14
1,FJLHD7.83
2,FJXSRPYG41.85
2,FSDJN50.104
1,FJSWXJ39.12
2,FSXTY28.68
1,L1EFC230330_FTJS0027_S256_L003.13
1,FJNDD5_FDME220051222-1a.111
1,FSHHK50_FDME220054517-1a.32
2,FGZ15M_FDME220051995-1a.126
2,FSHCM87.45
1,FHNXY5.5
2,FHuBWH23hun.63
1,FHNFQ35.112
1,FXJWS38.30
1,FSHXHZ1.34
1,FeceHeNa26.40
2,FAHBZ20_FDME220050700-1a.99
1,L1EFC230288_FXJCJ64_S171_L002.35
1,FTJBH45.112
2,FSHXBX65.63
1,FZJTZ31.41
2,FHNXY30.47
1,FSHHK35_FDME220054504-1a.32
2,FZJHZ8.1
2,FSXLVWS3hun.35
1,FSHHK15hun.35
1,FCQNA14.94
1,FFJLY10_FDME220051247-1a.114
1,FSXLVWS8hun.75
1,FJLHD53.88
2,FSDJN31.55
2,FHHMY4.87
2,FZJTZ19.175
1,FHHMY63.32
1,FSHCM53.39
2,FCQTY101_FDME220051173-1a.50
1,FJXSRPYG18.39
1,FHNXY43.39
2,FJSWXJ16.1
2,FXJSW3.101
1,FSHCM39.91
1,FCQTY105_FDME220051176-1a.82
2,FSCPS43.83
2,FSHCM8.23
1,FJSWXJ13.73
1,FSHCM85.13
2,FSHXBX143.77
1,FSXLVLS21.34
1,FFJLY9_FDME220051246-1a.34
2,FJSNT27.59
1,FBJ65.46
1,FSHXWN6.88
1,FSHHK46_FDME220054513-1a.47
1,FBJ32.3
1,FSHCM17_FDME220054534-1a.88
2,L1EFC230319_FTJS0003_S245_L003.3
1,FSXLVLS3.18
1,FJSWXJ37.28
1,FSXLVWS9.45
1,FeceHuNa150118_FDME220052267-1a.19
1,FQHXN31.91
1,FeceHuNa150120_FDME220052269-1a.82
1,M1DZ01.10
2,M1C10.19
2,FSXLL18.47
1,L1EFC230328_FTJS0025_S254_L003.59
1,FNMHHHHT44.6
2,FCQTY159_FDME220051194-1a.30
1,FeceHuNa150114_FDME220052265-1a.45
1,FSCPS62.35
2,FGXGL22_FDME220052077-1a.31
1,FGDLZ70.23
1,FHNXY36.75
1,FHuNHHMY70.2
1,FBJ60.58
2,FHBSJZ57_FDME220052248-1a.46
2,FJSWX100.58
1,FGDLZ48.28
1,FHNFQ48.52
1,FJNDD15.25
2,FYNLJ76.70
1,FHLJZD39.30
1,FTJBH64.72
2,FHLJDQ12.32
1,FGDLZ10_FDME220051912-1a.46
1,FSDLZ49.68
2,FJXSRPY12.23
1,FFJLY56_FDME220051237-1a.39
1,SDHZD11.51
1,FeceGuXi150112.30
1,FAHWH21_FDME220050743-1a.61
2,FSXTY60.17
1,FFJLY32_FDME220051261-1a.34
1,FYNLJ51.13
2,FBJ43.18
2,FTJBH48.13
1,FCQTY145_FDME220051185-1a.48
2,FSHCM38.73
1,FHNXY29.78
2,FYNLJ19hun.49
2,FSDJN5.34
1,FHNXY47.71
1,FGDLZ15_FDME220051915-1a.73
1,M1C9.208
2,FGXGL10_FDME220052065-1a.94
1,L1EFC230247_FHLJZD44_S90_L001.32
2,FJSNT20.64
2,FXJSW5hun.7
2,FHNXY16.35
2,M1C3.69
1,FSHHK18hun.22
2,FQHXN109.38
1,FSDJN12.170
1,FSCPS27.27
1,FSDLZ24.92
2,FGDLZ51.14
2,FFJLY72_FDME220051238-1a.32
1,FZJTZ58.40
1,FTJS032.34
1,FSHXWN19.8
2,FSHXHZ5.38
1,FFJLY53_FDME220051276-1a.76
2,FGXGL26_FDME220052081-1a.111
2,FGDLZ12_FDME220051914-1a.54
1,FXJYN3.53
2,L1EFC230334_FJXFC03_S260_L003.25
1,FBJ20.22
1,FCQTY141_FDME220051183-1a.70
1,FSHCM13_FDME220054530-1a.56
1,FAHWH15_FDME220050740-1a.50
1,FTJBH57.81
1,FSHXBX130.98
1,FGZ30M_FDME220052028-1a.91
2,FSCCD8hun.31
2,FGXGL74_FDME220052129-1a.62
1,FGSZY3.12
2,FQHXN113.92
1,FHNXY60.27
1,M1C5.64
1,FSHCM90.131
2,FSHXHZ13.5
1,FJLHD37.149
1,FHHMY84.54
1,FBJ63.55
2,FJSWXJ25.45
1,FQHXN78.6
2,FSHCM51.54
1,FNMHHHHT18.18
1,FZJTZ67.68
1,FSDLZ44.84
1,FSHXBX70.126
1,FCQNA6hun.55
1,FSHCM4hun.97
1,FHNXY41.78
1,FHNXY53.73
2,FGDLZ85.136
1,FGDLZ5_FDME220051909-1a.17
2,FJXSRPYG19.40
1,FYNLJ52.36
1,FYNDL28hun.50
1,FSDQZ24.35
1,FZJHZD16hun.16
2,FJXSRPYG20.7
1,FGDLZ17_FDME220051916-1a.68
1,FSDLZ29.37
1,FeceHeNa23.53
2,FZJTZ11.84
1,FSHXBX12.105
1,FGDLZ84_FDME220051962-1a.40
2,FSHXHZ21.43
1,FJSWXJ4.45
2,FAHBZ4_FDME220050686-1a.69
1,FHNXY7.114
1,FSDJN23.38
2,FSXLL11.32
1,FBJ42.51
1,FQHXN52hun.28
1,FAHWH16.37
2,FGXGL75_FDME220052130-1a.64
1,FSHCM26.27
1,FSHCM62.90
2,FSHCM79hun.2
1,FeceHuNa150110_FDME220052261-1a.91
1,FJSNT28.30
1,FBJ14.53
1,FHBSJZ27.87
1,FGSZY15.139
1,FZJHZD15.35
1,FTJBH84.13
1,FJSNT15.13
1,FNMHLBE25hun.72
1,FSDJN32.27
1,FZJTZ24.35
2,FHNFQ40.63
1,FHLJZD6.75
2,FFJLY16.34
1,FTJBH5.66
1,FSCPS11.143
1,FHuNHHMY13.164
1,FQHXN49.37
1,FSHXBX152.34
1,JSCZD5.12
2,FJSWX90.45
1,FHNXY20.110
1,FHNFQ57.44
1,FGXGL2_FDME220052057-1a.79
1,FeceHuNa150142_FDME220052285-1a.2
1,FXJYN33.59
1,FXJKS49.56
1,L1EFC230306_FXJWS35_S232_L003.26
1,FHBSJZ34.110
2,FGDLZ74.56
1,FSHXBX25.5
1,FHLJYC21.74
1,FNXYCHL26.25
1,FGXGL93.74
1,L1EFC230388_FSHXXA20_S346_L004.45
2,FSXTY22.70
1,M2CF07.48
1,FGDLZ58.23
2,FCQTY039_FDME220051129-2a.45
1,FZJTZ22.103
2,FXJYN25.14
1,FSDLZ20.61
1,FGSYC12.107
2,FCQTY147_FDME220051186-1a.41
1,FHLJYC37_FDME220052686-1a.25
1,FHNFQ28.56
2,FSDLZ12.166
1,FGXGL31_FDME220052086-1a.94
1,L1EFC230351_FJXFC35_S309_L004.45
2,FJLHD39.21
2,FXJWS22.40
1,FAHWH28_FDME220050746-1a.59
1,FJLHD52.106
1,FGDLZ78_FDME220051943-1a.67
1,FSDLZ33.71
1,FJLHD32.1
1,FSHXBX167.143
1,FHNXY32.78
1,FQHXN106.3
1,FZJHZD18hun.54
1,FSDJN2.87
2,FGXGL49.123
1,FSDLZ55.16
2,FSDLZ08.80
1,FJLHD18.42
1,FHNXY33.16
1,FSHCM93.99
1,FSXTY53.24
1,FBJ69.43
2,FHuNHHMY40.63
1,FSHXBX49.47
1,FGDLZ76_FDME220051956-1a.52
1,FAHWH20_FDME220050742-1a.90
1,FJSNT72.32
1,FGXGL33_FDME220052088-1a.75
1,FJSWX76.22
1,FGXGL20_FDME220052075-1a.52
2,FGXGL1_FDME220052056-1a.88
2,FCQTY031_FDME220051125-1a.131
1,FYNLJ34.32
1,FSXLL17.83
1,FSXTY61.62
1,FSHCM56.68
1,FSHHK41_FDME220054510-1a.124
1,FeceHuBe150122_FDME220052843-1a.112
1,FAHBZ60_FDME220050735-1a.97
2,FSDJN34.31
2,FCQTY156_FDME220051192-1a.47
2,FHBSJZ8.56
1,FHuNHHMY16.54
1,FSHCM91.96
1,SDHZD2.107
1,FNMHHHHT42.34
1,FJNDD11_FDME220051228-1a.105
1,FHuNHHMY1.36
1,FGDLZ66_FDME220051947-1a.2
2,FQHXN102.75
1,FGD18M_FDME220052004-1a.80
1,FeceHuNa150137.36
2,FHLJDQ9.52
1,FHBSJZ5.40
1,FSXLL5.53
1,FJXSRPY44.2
1,FSHXBX45.85
2,FHLJYC40.51
1,FSXTY40.41
1,FGXGL67_FDME220052122-1a.11
2,M2CF01.137
1,FeceHuNa150122.26
2,FSDLZ57.54
1,FZJTZ36.99
2,FNMHHHHT15.29
1,FSDJN51.101
1,FHLJYC24hun.27
1,FSDJN45.49
2,L1EFC230343_FJXFC19_S301_L004.80
1,FSHCM35.12
1,FSDLZ17.52
1,FHLJZD51.76
1,FSXLVLS19.1
1,FBJ61.34
1,FSDQZ29.92
1,FTJBH39hun.47
2,FGDLZ55_FDME220051935-1a.102
1,FGSYC14.7
2,FHuNHHMY47.59
1,FJLHD19.19
1,FXJYN29.146
1,M1C6.158
1,FSXTY5hun.48
