tree_group,mag
1,FSCPS41.106
1,FGSZY11.121
1,FHLJYC38_FDME220052687-1a.103
1,L1EFC230267_FXJCJ26_S151_L002.81
1,FSCPS69.5
1,FGSYC74.58
1,L1EFC230298_FXJWS24_S224_L003.92
1,FHNXY14.13
1,FSHCM62.14
1,FZJTZ52.84
1,FXJKS34.83
1,FSCDJY31.24
1,FXJSW22.32
1,FGXGL2_FDME220052057-1a.127
1,L1EFC230285_FXJCJ59_S168_L002.63
1,FXJYN40.83
1,FSHXBX20.23
1,FSXTY28.67
1,FXJSW48.107
1,FSHCM96.39
1,FCQHC8.24
1,FCQNA14.35
1,FSHXBX144.76
1,FSXLVLS10.60
1,FHNFQ53.18
1,FFJLY1_FDME220051239-1a.52
1,FXJKS12.18
1,FXJKS41.13
1,FSHXBX90.63
1,FHLJZD41.104
1,FSHXBX153.49
2,FXJKS14.24
1,FSXTY52.15
1,FSXTY51hun.56
1,FNXYCHL6.44
1,FXJSW15.158
1,FNMHHHHT15.76
1,FSCDJY49.123
1,FSHXBX111.49
1,L1EFC230279_FXJCJ45_S163_L002.17
1,FSHXWN8.69
1,FSCPS73.35
2,FYNLJ22hun.6
1,FZJTZ33.81
2,FXJKS6.120
2,FHNFQ43.43
2,FHNFQ39.74
2,FYNDL10hun.79
1,FHBSJZ4.37
1,L1EFC230363_FSHXBX41_S321_L004.94
1,FSHXBX169.110
1,L1EFC230300_FXJWS27_S226_L003.71
1,FHLJYC2.81
1,FHBSJZ57_FDME220052248-1a.60
1,FeceHeNa2.34
2,FXJYN38.43
1,L1EFC230239_FHLJZD23_S84_L001.109
1,FeceHuNa150140_FDME220052283-1a.26
1,FSXTY39.80
1,FXJSW14.24
1,FCQNA6hun.46
1,FSDQZ13.141
1,FSHXBX155.33
2,FXJKS11.161
1,SDHZD11.84
1,L1EFC230366_FSHXBX48_S324_L004.42
2,FXJKS50.62
1,FSCDYJ6.22
1,FSHXBX78.68
1,FXJSW2.5
2,FSHCM39.120
1,FHNFQ59.56
1,FSXTY38.86
1,FGXGL53_FDME220052108-1a.27
1,FCQNA15.10
1,FSCDJY69.144
1,FZJTZ8.94
1,FNXYCHL16.70
1,FNMHLBE32.36
1,FGSYC45.2
2,FAHBZ12.74
1,FTJBH7.66
1,FeceHuNa150137.60
1,FCQNA16.100
1,FSXLVLS3.113
1,FZJTZ22.42
1,FQHXN18.82
1,FHLJZD55.17
1,FZJTZ6.9
1,FSXLVLS25.96
1,FeceHuBe150133_FDME220052849-1a.21
1,L1EFC230364_FSHXBX42_S322_L004.19
1,FAHWH08.9
1,FXJSW46.26
1,L1EFC230280_FXJCJ46_S164_L002.27
1,FXJKS10.8
2,FHLJZD6.101
1,FZJTZ12.63
1,FSXLVLS19.59
1,FHBSJZ24.74
1,FNMHLBE15.53
2,FSDQZ21.21
1,FJSNT71.60
1,FCQTY148_FDME220051187-1a.69
1,FZJTZ62.74
1,FSHCM71hun.28
1,FXJWS4.121
1,FSXTY16hun.33
1,FSHXBX100hun.10
2,FSXTY45.66
2,FNMHLBE24.69
1,FSXLVLS20.59
1,FeceHuBe150122_FDME220052843-1a.82
2,FXJKS39.36
1,FSHXHZ10.39
1,FGZ36M_FDME220052036-1a.19
1,FSHXBX157.143
1,FSHXXA35.20
1,FXJSW19.25
1,FZJTZ18.37
1,FFJLY40_FDME220051269-1a.32
1,FSXTY19.11
1,FSXLVWS2hun.74
2,FXJKS43.89
2,FGSYC34.57
1,FSDQZ22.100
1,FNXYCHL66.23
1,FXJCJ43.28
1,L1EFC230347_FJXFC25_S305_L004.46
1,FSXTY29hun.76
1,FBJ61.30
2,FSHXBX57.46
1,FGSYC44.53
1,M2CF10.98
1,FAHBZ7_FDME220050689-1a.45
1,FZJTZ23.67
1,FSCPS92.50
1,FQHXN14.84
1,FGXGL1_FDME220052056-1a.43
1,FSCDJY33.34
1,M2CF19.114
1,FHNXY1.29
2,FSHXBX130.141
1,FJXSRPY38.25
1,FGXGL41_FDME220052096-1a.28
1,FHuNHHMY24.12
1,FXJSW17.71
1,FCQNA40.69
1,FFJLY7_FDME220051244-1a.54
2,FNMHLBE23.34
1,FSHXBX137.67
1,FGSYC62.47
1,FXJKS30.75
1,FHuNHHMY46.17
1,SDHZD7.20
1,FJLHD16.19
2,FHNXY17.130
1,FXJSW7.83
1,FAHWH01.21
1,FSCPS43.65
1,FHHMY42.50
1,FSDJN12.166
