tree_group,mag
1,FXJCJ17hun.43
1,FBJ5.76
2,FHLJDQ11.36
1,FHBSJZ11.68
1,FSHXWN30.14
1,FXJWS18.80
1,FSHXBX161.9
1,FNMHHHHT11.71
1,FSDLZ51.33
1,FCQTY162_FDME220051195-1a.57
1,FSXLL16.38
1,FSXTY43.32
1,FZJTZ66.42
1,FNXYCHL37.25
2,FeceHeNa27.8
1,FBJ40.30
2,FZJTZ70.46
2,FeceHuBe150111.11
1,L1EFC230333_FTJS0033_S259_L003.39
1,FHNFQ15.37
2,FCQNA20hun.20
2,FSHCM54.49
1,FSXTY8hun.43
1,FHLJYC10.30
1,FJNDD19_FDME220051236-1a.51
1,FBJ66.58
1,FNMHHHHT16.42
1,FJXSRPY35.44
1,FNXYCHL50.48
1,FSHXBX80.81
1,FHLJZD51.1
1,FSXTY20.60
1,FCQTY078_FDME220051153-1a.46
1,FXJSW41.41
1,FTJBH72.76
1,FTJBH37.48
1,FGXGL90_FDME220052145-1a.18
1,FHLJYC19.70
1,FJXSRPY21.43
1,FCQTY097_FDME220051172-1a.98
1,FSHXWN27.62
2,FXJWS6hun.69
1,FYNLJ36.37
1,FJLHD7.90
2,SDHZD16.62
2,FGSYC80.109
1,FSDJN39.2
2,FSXTY40.22
2,FGXGL65_FDME220052120-1a.26
2,FZJTZ64.21
1,FGSYC10.34
1,FJSNT45.17
1,FBJ14.97
1,FXJSW10.147
1,FHNXY6.2
2,L1EFC230349_FJXFC31_S307_L004.61
2,FSXTY26.59
2,FSXLVLS20.45
2,FGXGL108.8
1,FQHXN73.120
1,FJNDD12_FDME220051229-1a.9
1,FHNFQ23.52
1,FSXTY21.32
1,L1EFC230271_FXJCJ35_S155_L002.56
1,FXJYN33.84
1,FJNDD11_FDME220051228-1a.72
1,FSHXBX147.101
1,FSHXBX125.22
2,FSXLL13.78
1,FGD18M_FDME220052004-1a.19
2,FeceHeNa5.10
2,FJXSRPY45.33
1,FHLJYC1.68
1,FGSZY14.93
2,FCQTY069_FDME220051146-1b.32
1,FZJTZ2.70
2,FGXGL59_FDME220052114-1a.80
2,FGXGL22_FDME220052077-1a.28
1,FGZ6M_FDME220051977-1a.70
1,SDHZD14.70
2,FZJTZ1.20
1,FXJSW14.23
2,M122R01.78
1,FXJCJ55.28
2,FNXYCHL54.13
2,FGSYC34.3
2,L1EFC230256_FXJCJ12_S141_L002.44
1,FHBSJZ16.13
1,FSHXHZ13.110
2,FBJ20.6
1,FJLHD4.27
2,FSDLZ18.50
1,FQHXN42.33
1,FGSYC60.13
1,FHBSJZ19.47
1,M1C10.104
1,FJSWX107.62
2,FQHXN18.6
2,FSXTY23.34
1,FYNLJ38.75
1,FXJWS38.53
1,L1EFC230356_FJXFC54_S314_L004.47
1,FHBSJZ48_FDME220052239-1a.33
1,FHuNHHMY72.51
2,FHLJZD13.17
1,FSDJN61.54
1,FSHXBX45.18
1,FGSZY44.5
1,FHNXY57.66
2,FZJTZ20.104
1,JSCZD5.100
1,FHLJZD26.53
1,FGSZY12.34
1,L1EFC230305_FXJWS34_S231_L003.39
1,FJSWX106.36
1,FXJCJ57.13
1,FXJSW12.109
1,FSHXBX75.39
1,FSXLVLS6.21
1,FSHXBX134hun.110
1,FHBSJZ5.51
1,NMGEL5.18
1,FZJTZ11.65
1,FeceGuXi150115.18
2,FGD16M_FDME220051998-1a.53
1,FBJ9.74
2,FJSNT33.88
1,FBJ52.45
1,FSXTY28.38
1,FSHXBX44.58
1,FHNFQ48.78
1,FGSYC18.41
2,FAHWH09.73
1,FBJ67.116
2,FSXTY59.30
1,FSHXBX103.54
1,FSHCM65.58
1,FNMHHHHT23.48
1,FHLJYC37_FDME220052686-1a.68
1,FHuNHHMY64hun.21
1,FCQTY030_FDME220051124-1a.42
1,FBJ53.2
1,FJLHD2.19
2,FSHXBX131.16
1,FSDQZ6.74
1,FJLHD40.3
1,FSDJN1.4
2,FCQTY149_FDME220051188-1a.17
2,SDHZD10.69
1,FSHXBX9.44
2,FSXLL10.99
1,FSXLL8.68
1,L1EFC230363_FSHXBX41_S321_L004.72
1,SDHZD2.93
1,FHuNHHMY3.79
1,FNXYCHL42.78
2,FZJTZ9.87
1,FeceHuNa150140_FDME220052283-1a.43
2,FSHXBX74.64
2,FHNXY8.14
1,FGSYC1.54
1,FAHBZ38.7
2,FGXGL105.2
1,FJSWXJ3.65
1,FSDJN11.44
2,FHNXY27.64
1,FBJ30.31
1,FGZ28M_FDME220052025-1a.39
1,FAHBZ48_FDME220050725-1a.57
2,FGXGL109.39
2,FGXGL104.52
1,FBJ29.106
1,FJLHD30.64
1,FCQTY026_FDME220051122-1a.40
2,FSHCM9_FDME220054526-1a.28
1,FSHXHZ2.61
1,FZJJH12.86
1,FHNXY4.78
1,FHLJZD18.45
1,FNXYCHL29.19
2,FZJTZ10.80
1,FHBSJZ33.70
1,FSHCM83.52
1,FTJBH5.22
1,FSDLZ48.61
1,FGXGL27_FDME220052082-1a.37
1,FJLHD55.47
1,FJLHD31.26
1,FNMHLBE16.39
1,FTJS030.20
1,FSHHK19_FDME220054489-1a.35
2,L1EFC230388_FSHXXA20_S346_L004.78
2,FNMHHHHT41.101
1,M106R01.38
1,FHBSJZ8.9
1,FSDJN58.90
1,FZJHZD19.52
1,FZJTZ8.6
1,FSHCM84.49
1,FQHXN22.46
1,FCQTY084_FDME220051155-1a.32
1,FeceHeNa25.60
1,FHNXY33.12
1,M129R01.52
1,FGZ27M_FDME220052023-1a.16
1,FHBSJZ14.17
1,FHLJYC30.17
1,FYNLJ69.47
1,FSHCM8.13
1,FSDLZ47.44
1,FHNFQ22.15
1,SDHZD9.104
1,FJSWX81.41
1,FSDJN35.78
2,FSCCD18hun.57
2,FGXGL40_FDME220052095-1a.60
1,M1DZ11.130
2,FZJHZD12.91
2,FSHCM70.26
2,FSXTY25.58
1,M1C17.51
2,FCQTY061_FDME220051141-1a.15
1,FJXSRPY15.41
1,FYNLJ76.1
1,FJSNT62.20
2,FSHXBX66.55
1,FHNFQ46.105
1,FCQTY102_FDME220051174-1a.96
1,FSXTY38.27
2,L1EFC230299_FXJWS26_S225_L003.22
2,FHNXY30.86
1,FHNFQ7.37
1,FHuNHHMY66.5
2,FGXGL107.15
1,FGDLZ11_FDME220051913-1a.17
1,FGSZY15.67
1,M2CF01.73
2,FeceHuNa150113_FDME220052264-1a.53
1,FJNDD17_FDME220051234-1a.48
1,FHBSJZ34.117
1,L1EFC230310_FXJWS40_S236_L003.16
1,FSDLZ09.127
1,FSXTY47.39
1,FJLHD38.21
1,FGSYC65.2
1,FSDQZ27.82
1,FHNXY13.93
1,FSHXBX172.63
1,FSDJN18.1
1,FGSYC69.6
1,FHLJZD2.59
1,FTJBH59.61
1,FNMHHHHT44.47
2,FeceHuNa150110_FDME220052261-1a.32
1,FNXYCHL65.14
1,FHuBWH34.10
1,FHNFQ62hun.80
1,FGZ4M_FDME220051972-1a.82
2,FSHCM59.43
1,L1EFC230273_FXJCJ38_S157_L002.39
1,FBJ44.46
1,FeceHeNa4.47
1,FCQTY031_FDME220051125-1a.28
1,FSHXBX136hun.17
2,FeceHeNa11.31
2,FSHXXA25.20
2,FAHWH42_FDME220050759-1a.51
1,FCQTY025_FDME220051121-1a.77
2,FSHCM26.41
1,FSDJN6.82
1,L1EFC230366_FSHXBX48_S324_L004.24
2,FGXGL31_FDME220052086-1a.15
1,FSHXBX126.72
1,FHLJYC9.57
1,FJSNT2.7
2,FBJ3.46
1,FQHXN55.40
1,M2CF03.68
1,FZJHZD30.74
1,FHBSJZ18.14
2,FSHXBX145.86
2,FCQNA3.24
1,FHNFQ12.29
2,FSHXBX135hun.32
2,FGDLZ84_FDME220051962-1a.15
1,FeceHuNa150124_FDME220052272-1a.3
2,FSXTY24.27
1,FZJHZD22.9
1,FNMHHHHT21.28
2,L1EFC230322_FTJS0008_S248_L003.27
1,FSHCM21_FDME220054536-1a.55
2,FQHXN8.44
1,FJSWX97.78
1,FSHXBX128.71
1,FNXYCHL47.66
2,FSCPS37.5
2,FSXLL5.21
1,FSHXBX123hun.78
1,FNXYCHL53.30
1,FFJLY40_FDME220051269-1a.63
1,FSDLZ08.11
1,FSDLZ41.36
1,FCQTY060_FDME220051140-1a.24
1,FGXGL49.86
1,FHNXY11.23
1,BJHD7.38
1,M2CF15.92
1,L1EFC230334_FJXFC03_S260_L003.19
1,FNXYCHL51.37
1,FSHXXA26.50
1,FXJSW38.52
1,FSCDJY67.144
2,FYNLJ41.32
2,L1EFC230307_FXJWS36_S233_L003.83
2,FHuNHHMY10.122
1,FSXTY5hun.63
2,FYNLJ62.17
2,FGXGL42_FDME220052097-1a.87
1,FZJTZ40.13
2,FHNFQ32.122
1,FSXTY39.39
1,FTJBH86hun.28
1,L1EFC230348_FJXFC29_S306_L004.25
1,FSHCM22_FDME220054537-1a.28
1,FSHCM41hun.20
2,FAHWH36_FDME220050753-1a.18
1,FeceHuNa15011_FDME220052259-1a.25
1,FJSWXJ4.41
1,FGSYC20.8
1,FSHXWN24.20
2,FSXTY44.28
2,FYNLJ19hun.69
1,FNXYCHL6.10
1,FFJLY46_FDME220051273-1a.25
1,FSDLZ30.59
1,FHuNHHMY80.67
2,FHNXY3.76
2,L1EFC230342_FJXFC16_S268_L003.116
1,FHNFQ40.88
1,FQHXN60hun.84
2,FAHWH12_FDME220050738-1a.53
1,M1C4.63
1,FSDQZ36.69
1,FHBSJZ56_FDME220052247-1a.79
1,FSHCM31.59
1,FYNLJ65.51
2,FXJKS42.107
1,FSDJN8.50
1,FGZ5M.10
2,L1EFC230330_FTJS0027_S256_L003.80
1,FJXSRPYG31.20
1,FHLJZD27.68
1,FNMHHHHT13.38
1,FQHXN71.51
1,FQHXN89.83
2,FBJ28.1
1,FGZ30M_FDME220052028-1a.11
1,FHNXY59.25
1,FSHCM49.48
2,FGXGL106.25
1,FHNFQ25.15
2,FGSYC45.96
1,FSHHK48_FDME220054515-1a.18
1,L1EFC230262_FXJCJ20_S146_L002.14
1,FHNXY22.2
1,FSXTY29hun.11
1,FSHXHZ4.29
1,FAHBZ59_FDME220050734-1a.21
1,FJXSRPYG32.41
1,FSDQZ49.129
2,FSXTY27.58
1,FXJCJ34.7
1,FHNXY31.65
2,FHNFQ41.70
2,FXJWS43.35
1,L1EFC230360_FSHXBX24_S318_L004.64
2,L1EFC230266_FXJCJ25_S150_L002.40
1,FSDJN33.88
2,FSXLVLS25.98
1,M1C2.69
2,FSCPS36.53
2,FHBSJZ51.19
1,FTJS015.28
2,M137R01.35
1,FSDJN38.59
2,FSXTY6hun.14
1,FJNDD13_FDME220051230-1a.21
1,FeceHuBe15013_FDME220052831-1a.20
1,FHNFQ26.101
1,FNMHHHHT36.49
1,FHNXY51.32
1,FSDLZ50.57
1,FeceHuBe15015_FDME220052833-1a.9
1,FSDJN62.32
2,FCQNA43.12
1,FHNXY21.40
2,SDHZD3.63
1,FZJHZ9.40
1,FXJWS17.48
1,FSXLL2.65
2,M1C13.54
1,FYNLJ56.53
2,FGSYC44.16
1,FAHWH17_FDME220050741-1a.117
2,FHNFQ29.29
2,FHNXY5.1
2,FHLJYC36_FDME220052685-1a.72
1,FHLJYC17hun.20
2,FHuNHHMY24.46
2,FAHBZ35.36
1,FGZ2M.61
1,FSHXWN8.82
2,FXJSW37.39
1,FHLJYC14.108
1,FGSYC59.69
1,FNMHHHHT31.22
1,SDHZD4.49
1,FHLJZD21.118
1,FNXYCHL56.94
1,FAHWH24_FDME220050745-1a.100
1,FXJWS7.44
1,FJXSRPYG4.36
2,L1EFC230392_FSHXXA36_S35_L003.70
1,FBJ60.128
2,FJSNT38.35
1,FCQNA2.55
1,FSDLZ42.60
2,FNXYCHL12.47
1,FHLJYC6.8
2,FSXTY11.68
2,FNXYCHL26.96
1,FNXYCHL30.54
