tree_group,mag
NA,L1EFC230357_FJXFC55_S315_L004.5
2,FNXYCHL39.120
3,FCQTY102_FDME220051174-1a.55
2,FHNXY14.17
2,FJLHD14.10
2,FGDLZ50_FDME220051930-1a.111
2,FCQTY108_FDME220051178-1a.21
2,FSCDJY12.7
2,FHLJZD29.18
2,FXJWS17.9
2,JSCZD12.61
2,FJLHD40.15
2,FGZ25M_FDME220052017-1a.136
2,FeceHuNa150117_FDME220052266-1a.24
2,FSHCM89hun.80
2,FHuBWH33.37
2,FSHXBX124.24
2,FSCCD1hun.53
2,FeceHeNa16.99
2,FGDLZ67_FDME220051948-1a.55
2,FGXGL96.95
3,FAHWH42_FDME220050759-1a.60
2,FeceHeNa19.5
2,L1EFC230265_FXJCJ24_S149_L002.60
2,FHBSJZ56_FDME220052247-1a.43
2,FGXGL108.9
NA,FCQTY043_FDME220051131-1a.17
3,FCQTY089_FDME220051168-1a.40
2,FGDLZ56_FDME220051936-1a.113
2,FGXGL58_FDME220052113-1a.16
2,FHuNHHMY78.22
2,FGXGL61_FDME220052116-1a.41
2,FeceHuBe150112.68
2,FSHHK34_FDME220054503-1a.59
3,FJXSRPY13.64
2,FJSWXJ19.38
3,M203F02.31
3,FSCPS37.23
2,FHNFQ28.41
2,FeceHeNa25.76
2,FNXYCHL11hun.12
2,FGXGL66_FDME220052121-1a.41
2,FGXGL31_FDME220052086-1a.17
2,FHuNHHMY76.99
2,FGZ29M_FDME220052027-1a.4
2,FSHHK48_FDME220054515-1a.32
2,FeceHuBe150119_FDME220052841-1a.100
2,FHuNHHMY14.46
2,FXJKS33.44
2,FCQTY033_FDME220051126-1a.6
2,FHNXY27.31
2,FSCDJY98.32
2,FHuNHHMY47.19
2,FHNXY13.121
NA,FCQTY059_FDME220051139-1a.46
2,FGXGL32_FDME220052087-1a.113
2,FJSNT19.27
2,FBJ48.5
2,JSCZD11.27
2,FTJS031.47
2,FHuNHHMY57.27
2,M206F01.88
2,FSHCM69.11
NA,FSHCM75.104
2,FHNXY20.88
2,FJSNT55.39
2,L1EFC230372_FSHXBX62_S330_L004.32
2,FGDLZ74.94
2,FHNXY10.2
2,FHuBWH31.26
2,FeceHeNa9.22
2,FHNXY48.6
2,FHuNHHMY6.96
2,FGXGL107.36
2,L1EFC230384_FSHXXA08_S342_L004.27
2,FJXSRPYG14.24
2,FHNXY3.37
2,FGXGL109.60
2,M2CF06.89
3,L1EFC230238_FHLJZD22_S83_L001.65
2,L1EFC230249_FHLJZD48_S134_L002.4
2,FJNDD6_FDME220051223-1a.28
2,FQHXN56.109
2,FSHXWN8.49
2,FTJBH4.10
2,FGXGL104.21
NA,FGXGL25_FDME220052080-1a.45
2,FSDJN29.10
2,FCQTY078_FDME220051153-1a.23
2,FGXGL59_FDME220052114-1a.76
2,FYNDL10hun.53
2,FSHCM2.6
2,FZJHZD30.28
2,FJXSRPYG4.59
2,FGXGL62_FDME220052117-1a.63
2,FJXSRPYG20.75
2,FHuNHHMY59.51
2,FHBSJZ55.71
2,FJSNT11.77
2,FGDLZ61_FDME220051940-1a.33
2,FYNDL7.2
2,FGDLZ11_FDME220051913-1a.66
2,FGXGL51_FDME220052106-1a.4
3,FSHCM16_FDME220054533-1a.44
2,FAHWH17_FDME220050741-1a.50
2,FSHCM72.75
2,FCQTY154_FDME220051190-1a.38
2,FGXGL39_FDME220052094-1a.41
3,FCQTY006.60
2,FGDLZ51.93
3,FJSWXJ38.112
2,FAHBZ35.44
2,L1EFC230335_FJXFC05_S261_L003.57
2,FGDLZ15_FDME220051915-1a.101
3,FJSNT36.44
3,FSDJN22.12
2,FSHXBX142.72
2,FQHXN66.59
2,FFJLY1_FDME220051239-1a.61
2,FTJS002.11
2,FHLJZD18.13
3,FGSYC27.66
2,FQHXN62hun.94
2,M202F01.108
3,FGXGL13_FDME220052068-1a.56
3,FGXGL36_FDME220052091-1a.10
2,FGDLZ12_FDME220051914-1a.47
2,FGXGL45_FDME220052100-1a.97
NA,FCQTY087_FDME220051157-1a.19
2,FHLJZD3.30
2,FJSWXJ6.55
2,FGXGL106.66
2,FCQTY162_FDME220051195-1a.38
2,FZJTZ1.52
3,FCQTY104_FDME220051175-1a.63
2,FJSWXJ20.13
2,FSHCM5_FDME220054522-1a.44
2,FCQTY097_FDME220051172-1a.45
2,FCQTY009.60
2,L1EFC230345_FJXFC21_S303_L004.5
2,FZJTZ49.15
2,FCQNA23hun.32
2,FHuBWH1.81
2,FGDLZ22_FDME220051918-1a.48
2,FCQTY070_FDME220051147-1a.26
2,FGDLZ62.40
2,FGXGL105.61
2,FZJTZ5.96
3,FHuNHHMY72.61
NA,FCQTY058_FDME220051138-1a.37
2,FHBSJZ40_FDME220052231-1a.68
2,FGDLZ75_FDME220051955-1a.52
2,FJSWXJ30.23
2,FSHHK5hun.48
2,FFJLY74.64
2,FCQNA22hun.10
2,FGXGL52_FDME220052107-1a.39
2,FYNDL2.62
3,FJXSRPYG7.37
2,FSHHK29_FDME220054498-1a.60
2,FFJLY21_FDME220051252-1a.29
2,FAHWH36_FDME220050753-1a.44
NA,FCQTY029_FDME220051123-1a.13
2,HuNCS3.16
2,FSHXWN3.37
2,FeceHeNa26.21
2,M214F02.143
3,FCQTY106_FDME220051177-1a.47
2,FYNLJ52.93
2,FJSWXJ3.31
2,FHNXY39.26
2,FJLHD30.58
2,FSHXWN6.37
