tree_group,mag
1,FHuNHHMY75.41
1,FHBSJZ47_FDME220052238-1a.22
1,FNMHHHHT20.26
2,FZJTZ70.26
2,L1EFC230341_FJXFC14_S267_L003.67
2,FGZ15M_FDME220051995-1a.79
1,M1C4.27
1,FGXGL30_FDME220052085-1a.47
1,FSHXBX12.104
1,FGSYC17.57
1,FGSZY36.33
2,FSHHK34_FDME220054503-1a.54
2,FTJBH83.80
1,FBJ30.27
1,FFJLY56_FDME220051237-1a.21
2,FAHWH20_FDME220050742-1a.2
1,FJSNT25.31
1,FSDQZ26.26
2,FHuNHHMY53.10
2,FHuNHHMY19.32
1,FNMHHHHT32.70
2,FSCPS36.24
1,FJLHD42.95
1,FGSZY13.109
1,FBJ29.118
1,FSHXBX39.23
1,FQHXN27.3
1,FCQNA7.16
1,FNXYCHL21.54
1,FTJBH65.45
1,FNXYCHL60.45
1,FSDLZ16.112
1,FSXLVLS10.14
1,FSHXBX88.48
2,FGDLZ64_FDME220051945-1a.78
1,FSHCM37.57
1,FSHXXA27.4
1,FSHCM9_FDME220054526-1a.53
1,FGDLZ67_FDME220051948-1a.3
1,FGXGL104.19
2,FJSWXJ30.19
2,FGXGL51_FDME220052106-1a.67
2,FJLHD15.67
1,FJSNT11.8
1,FXJKS8.46
1,FQHXN96.1
1,FGSYC4.89
1,FGXGL105.67
2,FZJJHD2.54
1,FGSYC7.72
1,FSHXWN17.67
1,FSHXBX125.17
1,FZJTZ39.20
1,FJXSRPY17.13
2,FSCPS92.57
1,FZJJH15.20
2,FZJTZ33.10
2,FSCDJY53.8
2,FHLJZD50.17
1,FXJKS6.61
2,FSCDJY93.72
1,FSHXBX121.60
1,FSDQZ14.30
2,FSHXWN16hun_FDME22H000406-1a.71
2,FGZ5M.30
1,FFJLY17_FDME220051250-1a.63
1,FYNLJ61.7
2,FZJTZ56.9
2,FGDLZ8_FDME220051910-1a.31
1,FGXGL100.33
1,FZJTZ51.79
1,FNXYCHL95.26
1,FSHXBX143.74
1,FBJ2.21
1,FJLHD6.41
1,FGSYC80.100
1,FSCCD1hun.32
1,FGXGL85_FDME220052140-1a.56
2,FHuBWH29.52
1,FSHXWN2.9
1,FHLJYC8hun.22
2,FGXGL64.27
2,FXJYN33.22
1,FGXGL101.34
2,M2CF14.37
1,FXJSW38.37
1,FGSYC65.40
1,FAHWH39_FDME220050756-1a.51
1,FXJYN3.61
1,FTJS016.14
1,FSDLZ39.139
1,FHLJYC9.76
1,FSHXXA44hun.5
2,FeceHuNa150113_FDME220052264-1a.46
1,FAHBZ37_FDME220050714-1a.33
1,FGSYC21.57
2,FSDJN21.58
1,FGDLZ62.6
1,FSHXBX134hun.66
2,FCQTY009.102
1,FBJ52.65
1,FFJLY42.40
2,FJSWXJ6.70
1,FJSNT24.115
1,FNMHHHHT44.58
2,FSHCM23_FDME220054538-1a.64
2,FSHXHZ11.31
2,FZJJH12.60
2,L1EFC230234_FHLJZD07_S79_L001.7
2,FNXYCHL73.39
1,FSDQZ7.34
1,FCQNA32.63
2,FGSZY37.109
1,FTJBH45.45
1,FSDLZ42.53
2,FSDLZ29.81
2,FGXGL68_FDME220052123-1a.84
2,FHBSJZ35.59
1,FGDLZ48.32
1,FXJYN22.37
1,L1EFC230371_FSHXBX56_S329_L004.26
1,FQHXN71.45
1,FHLJZD17.5
2,FSHXBX150.123
2,FNXYCHL39.45
1,L1EFC230318_FTJS0001_S244_L003.76
2,FFJLY39_FDME220051268-1a.25
1,FGSYC82.15
1,FZJTZ47.26
2,FCQNA40.101
1,FHuNHHMY14.43
1,FHLJDQ11.41
2,FFJLY32_FDME220051261-1a.27
1,FSXTY5hun.64
1,L1EFC230274_FXJCJ39_S158_L002.114
1,FBJ53.23
2,FJLHD30.129
1,FXJKS25.40
1,FYNLJ23hun.37
2,FJXSRPY8.55
1,FGXGL56_FDME220052111-1a.71
1,FSHXXA41hun.49
1,FQHXN22.72
1,FSHXBX89.31
2,FGXGL63_FDME220052118-1a.116
1,FHNXY5.77
1,FGXGL4_FDME220052059-1a.23
1,FGSYC77.73
1,L1EFC230310_FXJWS40_S236_L003.69
2,FSHXWN1.69
2,FSHCM83.32
1,FZJTZ45.21
1,FSDQZ39.148
2,FSDQZ5.115
1,FSDLZ15.55
1,FSDLZ45.32
2,FSCDJY41hun.27
2,FJSNT8.60
2,FeceGuXi15016.51
2,FSCCD21hun.49
1,FSDJN33.66
1,FSHXWN32.31
1,FeceHuBe15013_FDME220052831-1a.41
1,L1EFC230334_FJXFC03_S260_L003.43
1,FGSYC50.48
2,FCQNA10.50
2,FGDLZ22_FDME220051918-1a.38
1,L1EFC230373_FSHXBX64_S331_L004.90
2,FeceHuNa150140_FDME220052283-1a.53
1,FSHXBX173.33
1,L1EFC230278_FXJCJ44_S162_L002.28
1,FYNLJ68.44
1,FTJBH71.31
1,FXJWS18.18
2,FGXGL26_FDME220052081-1a.49
1,FAHWH23_FDME220050744-1a.77
1,FXJWS16.53
2,FZJTZ16hun.41
1,FCQTY162_FDME220051195-1a.20
2,FQHXN79.9
2,FNXYCHL71.68
2,FGZ7M.80
1,FGXGL18_FDME220052073-1a.5
1,FQHXN4.23
2,FHuNHHMY39.78
1,FSXTY1hun.89
1,FSCDJY15.18
2,FHNXY6.53
1,M2CF16.56
1,FSDJN28.68
1,FQHXN52hun.119
1,FHuNHHMY29.126
1,FJSWX100.33
2,FFJLY11_FDME220051248-1a.11
1,FGSYC26.94
2,FCQTY012.61
1,SDHZD10.50
1,FSDLZ32.36
1,FGXGL53_FDME220052108-1a.33
1,FAHBZ11_FDME220050693-1a.49
1,FTJBH72.39
1,FSDLZ18.133
1,FSHCM89hun.57
2,FCQTY069_FDME220051146-1b.46
2,FGXGL8_FDME220052063-1a.55
1,FZJTZ9.66
2,FGZ42M_FDME220052055-1a.9
1,FCQTY049_FDME220051134-1a.79
1,FSXTY2hun.78
2,FeceHuNa150136.91
2,FSHXWN21.56
1,FGXGL42_FDME220052097-1a.14
2,FJXSRPY26.50
1,FHLJYC24hun.68
1,FSXLL12.66
2,FSDJN18.90
1,FHNXY15.11
2,FSHHK44.67
1,FXJYN7.28
1,FXJKS7.98
1,FZJTZ63.33
1,FBJ42.6
1,FQHXN26.63
1,FHuNHHMY69.39
2,FNMHLBE25hun.90
1,FSHXBX166.58
1,L1EFC230354_FJXFC47_S312_L004.36
2,FQHXN2.101
1,FSHXBX167.1
1,FAHWH33.21
2,FGXGL103.23
2,FHuNHHMY72.22
2,FGXGL22_FDME220052077-1a.48
1,FFJLY22.9
2,FGXGL14_FDME220052069-1a.4
1,FJSNT38.27
1,FSHXBX151hun.52
1,FZJTZ13.2
1,FHLJZD53.77
1,FJLHD50.110
1,FCQNA25.22
2,FCQTY141_FDME220051183-1a.29
2,FFJLY38_FDME220051267-1a.7
2,FJSNT6.38
2,FJXSRPY35.35
1,FSHXBX171.16
2,L1EFC230377_FSHXBX72_S335_L004.55
1,FSHXXA46.98
1,FCQTY060_FDME220051140-1a.48
1,FXJYN18.29
2,FHuNHHMY20.85
2,FSCDJY22.119
1,FYNLJ37.39
2,FHuBWH23hun.129
1,FSHCM85.71
1,FGSYC90.7
1,FTJBH39hun.96
1,FHLJYC30.45
1,FSHXBX15.32
1,FYNLJ79.68
1,FAHWH36_FDME220050753-1a.67
1,FHNXY4.80
1,FJSNT9.19
1,FCQNA11.5
2,FSCCD10.48
1,FSDLZ48.52
1,FSDJN14.22
1,FJSWX71.12
2,FFJLY66.70
1,FGXGL77_FDME220052132-1a.24
1,FGDLZ63_FDME220051944-1a.77
1,FGSZY16.62
1,FSHCM6_FDME220054523-1a.52
1,FHNFQ53.51
2,FSHHK33hun.101
2,FHuBWH39.101
2,FHLJYC19.101
2,FHHMY63.68
1,FSHXBX21.28
1,SDHZD6.19
1,L1EFC230279_FXJCJ45_S163_L002.30
1,FSCCD8hun.39
1,L1EFC230267_FXJCJ26_S151_L002.53
1,M214F02.93
2,FZJTZ58.25
2,L1EFC230287_FXJCJ63_S170_L002.65
2,FGXGL23_FDME220052078-1a.143
1,FTJS015.26
2,FNXYCHL12.93
1,FGSYC27.22
2,FZJTZ57.55
1,FSDJN11.71
2,FSHCM54.37
2,FTJBH64.30
1,FCQNA43.114
1,FSXLVLS16.87
2,FSHXHZ5.49
1,FGSYC35.39
2,FAHBZ29_FDME220050709-1a.30
1,FFJLY2.50
2,FCQNA15.28
2,FFJLY44_FDME220051272-1a.7
1,FSHCM55hun.43
2,FSHXXA35.70
2,FJLHD18.116
1,FeceHeNa11.107
1,FZJTZ38.38
1,FSXTY7hun.17
1,FXJYN24.42
1,FYNLJ56.114
1,FNXYCHL92.27
1,FSDQZ3.68
2,FNXYCHL26.113
1,FGDLZ15_FDME220051915-1a.58
1,L1EFC230256_FXJCJ12_S141_L002.81
1,FSDLZ55.27
2,FFJLY34_FDME220051263-1a.47
2,FeceHeNa25.7
1,FSXLL11.49
2,FHBSJZ14.1
1,FGSZY9.31
1,FGDLZ61_FDME220051940-1a.96
2,FZJTZ53.68
1,FSCDJY73.16
2,FJSWX97.62
1,FSHXBX129.40
1,FGXGL59_FDME220052114-1a.18
1,FZJTZ10.76
1,FHLJZD40.40
1,FSXTY63.24
1,FHNXY3.95
1,FGXGL106.40
2,FFJLY53_FDME220051276-1a.15
1,FNXYCHL35.31
2,L1EFC230347_FJXFC25_S305_L004.37
1,FGXGL29_FDME220052084-1a.108
1,FNMHHHHT30.15
1,FGXGL94.47
1,FGXGL86_FDME220052141-1a.13
1,FGSYC91.87
1,FGD19M_FDME220052006-1a.59
1,FSXLVWS4.66
1,M2CF12.19
2,FZJTZ26.139
1,L1EFC230288_FXJCJ64_S171_L002.83
2,FSXTY9.9
1,FSXLL10.85
1,FNMHHHHT13.59
2,FTJBH82.13
1,FeceHuBe150132_FDME220052848-1a.46
1,L1EFC230338_FJXFC11_S264_L003.35
2,FSHCM12_FDME220054529-1a.42
1,FBJ20.38
2,FHuNHHMY2hun.101
1,FXJCJ19.65
1,FXJYN5.87
1,FGXGL109.6
2,FTJBH50.27
1,FGDLZ41_FDME220051924-1a.50
1,FSCPS8.98
1,L1EFC230309_FXJWS39_S235_L003.96
2,FGDLZ78_FDME220051943-1a.80
1,FGXGL2_FDME220052057-1a.135
1,FCQTY033_FDME220051126-1a.18
1,FSHXBX61.70
1,FHLJYC26.85
1,FSHXXA18.11
2,FeceHeNa2.82
1,FGXGL58_FDME220052113-1a.34
2,FSDJN29.88
1,FTJS020.51
2,FJSNT66.110
2,FGDLZ79_FDME220051957-1a.54
1,FTJBH49.57
1,FHBSJZ3.40
1,FCQTY007.34
1,SDHZD4.87
1,FGSYC25.43
1,FQHXN48.8
1,FSHCM38.79
1,FJXSRPYG31.58
1,FSDQZ40.43
1,FAHWH12_FDME220050738-1a.46
1,FGXGL108.26
1,FNMHHHHT18.46
1,L1EFC230251_FXJCJ01_S136_L002.90
1,FNXYCHL28.57
1,L1EFC230297_FXJWS23_S223_L003.61
1,FSXTY43.24
2,FZJTZ52.99
2,FGXGL7_FDME220052062-1a.65
1,SDHZD9.91
1,FHuBWH8.9
1,FTJS019.51
1,FSHCM47.106
1,FSDQZ6.51
2,FJXSRPY46.59
1,M2CF05.17
1,FSCDJY48.71
2,FGSYC74.3
