tree_group,mag
1,FJXSRPYG4.49
2,FXJWS7.100
1,FSHXBX147.118
2,FSHHK2.26
1,FSDLZ47.76
1,FHLJZD52.31
2,FSDQZ30.132
2,FGSZY11.21
2,FSHXBX125.46
1,FAHBZ25_FDME220050705-1a.76
2,FSHCM80.29
2,FXJYN33.76
1,FZJHZD5.58
2,FHuBWH39.36
2,FSDLZ15.36
2,FHLJZD31.80
2,FSHXHZ2.47
1,FQHXN86.121
2,FNMHLBE24.39
1,FHNFQ23.109
2,L1EFC230243_FHLJZD33_S86_L001.75
NA,FNXYCHL73.61
1,FSHXBX78.73
1,FHLJDQ12.67
2,FGXGL3_FDME220052058-1a.80
2,FGDLZ25.2
2,FSCPS95.103
1,FQHXN99.159
2,FSHXBX128.54
1,FXJYN39.80
1,FSHCM99.55
2,FSCPS52.82
2,FSCPS69.66
1,FGDLZ18.67
1,FSCCD8hun.55
2,FQHXN26.57
2,FSHCM3.42
2,FJSWXJ29.7
2,L1EFC230267_FXJCJ26_S151_L002.23
2,FSXTY22.43
2,FAHWH37_FDME220050754-1a.22
1,FCQNA18.50
2,FXJWS17.76
2,FSCDYJ2.23
2,L1EFC230362_FSHXBX40_S320_L004.68
2,FQHXN22.100
2,FGDLZ6.62
1,FHLJZD15.86
2,FAHBZ21_FDME220050701-1a.68
2,FSHXWN3.24
2,FBJ42.46
2,FSDQZ1.40
1,FJSWX90.46
2,FGSZY15.36
1,FBJ40.41
2,FJSWXJ16.7
2,L1EFC230283_FXJCJ52_S166_L002.41
1,FXJSW38.57
2,FSXTY30.40
1,FSDJN7.124
1,FSDLZ49.64
2,FAHBZ48_FDME220050725-1a.82
2,FeceHuBe150117_FDME220052839-1a.34
1,L1EFC230308_FXJWS37_S234_L003.51
2,FSDLZ26.17
2,FSXLVLS3.57
2,FSHXWN13hun.31
2,FGDLZ5_FDME220051909-1a.26
1,FSCCD18hun.4
2,FCQNA3.64
2,FeceGuXi150114.3
2,FTJBH61.33
2,FZJTZ27.53
1,FGSYC39.68
1,FXJSW42.59
1,FeceHeNa26.46
2,FSDJN4.7
1,FSHXHZ10.8
1,FCQTY063_FDME220051143-1a.28
2,FHNXY53.2
1,FSHXWN17.63
2,FNMHHHHT12.61
1,FXJSW41.49
1,FSCCD11.76
2,FXJKS11.132
2,FSXLVLS4.31
1,FHLJDQ7.33
1,FSHXBX12.18
1,FHuNHHMY24.68
1,FSHCM88hun.5
1,FZJTZ19.3
2,FCQTY009.49
1,FNXYCHL71.89
2,FGSYC47.49
1,FHLJYC2.34
2,FSDQZ40.18
2,FGXGL87_FDME220052142-1a.23
2,FGSYC20.55
1,FTJBH28.71
2,FZJHZD17hun.9
1,SDHZD15.5
2,L1EFC230258_FXJCJ14_S143_L002.114
1,FHuNHHMY55.60
1,FNMHHHHT16.37
2,FSHCM9_FDME220054526-1a.7
2,FGSYC80.31
1,FFJLY32_FDME220051261-1a.65
2,FSCCD9.63
2,FHBSJZ49_FDME220052240-1a.41
2,FGDLZ51.58
1,FSDLZ34.34
2,FNMHLBE14.71
2,L1EFC230246_FHLJZD42_S89_L001.75
1,FGXGL72_FDME220052127-1a.11
1,FTJBH49.10
2,FSDLZ39.110
1,FHuNHHMY56.64
2,FSCPS49.47
2,FJXSRPY43.36
2,FXJSW12.122
2,FZJTZ25.74
1,FGSZY48.90
2,FHuNHHMY69.24
2,FSDLZ18.115
2,FGZ42M_FDME220052055-1a.42
2,FGSZY22.87
2,FAHWH18.13
2,FAHWH21_FDME220050743-1a.128
2,FGXGL4_FDME220052059-1a.21
2,FZJTZ65.98
1,FJLHD37.70
2,FSHHK4.89
1,FXJKS34.24
1,FSCDJY64.81
2,FJNDD17_FDME220051234-1a.34
2,L1EFC230265_FXJCJ24_S149_L002.14
2,FFJLY56_FDME220051237-1a.14
2,FAHBZ29_FDME220050709-1a.49
1,FNMHHHHT10.123
2,FCQTY021_FDME220051118-1a.27
2,FSHXXA16.10
1,FSCPS54.74
2,FAHWH14.80
2,FXJSW24.63
1,FHLJYC10.40
2,FJSWXJ32.27
1,FGZ26M_FDME220052020-1a.19
1,FJXSRPY53.42
1,FSHXXA46.73
1,FGZ40M_FDME220052053-1a.119
1,FGXGL81_FDME220052136-1a.6
2,FSHXBX138.14
2,FJXSRPY12.98
1,L1EFC230380_FSHXXA04_S338_L004.54
2,FJXSRPY51.71
2,FJLHD10.62
1,FJLHD26.73
2,FHuNHHMY38.31
1,FHLJZD34.27
2,FSCPS65.1
2,FCQTY007.56
2,FSDLZ31.40
2,FHuNHHMY71.36
2,FGXGL27_FDME220052082-1a.55
1,FNMHLBE13.77
2,FSDQZ18.40
1,FSDLZ41.98
2,FQHXN54.95
1,FXJSW37.47
2,FSHXBX45.79
2,FGXGL76_FDME220052131-1a.23
2,FJNDD5_FDME220051222-1a.54
2,FXJKS43.51
2,FNXYCHL46.146
2,FGSYC58.55
2,FGZ15M_FDME220051995-1a.58
1,FGSYC43.57
1,FFJLY25.52
1,FSDLZ21.1
1,FJLHD23.22
2,FAHWH12_FDME220050738-1a.41
2,FFJLY37_FDME220051266-1a.75
2,FSHCM56.4
2,FSHXXA19.35
2,M2CF13.82
2,FSXTY61.19
2,FNMHLBE26.52
2,FHLJYC11.16
1,L1EFC230244_FHLJZD35_S87_L001.1
1,FGZ9M_FDME220051984-1a.82
1,FJLHD15.76
1,FZJTZ22.119
2,FSDQZ2.59
2,FHuNHHMY22.20
2,FJXSRPY25.79
2,FGXGL42_FDME220052097-1a.6
2,FHLJYC30.92
1,FHNXY46.73
2,FHLJZD58.78
1,SDHZD3.60
1,L1EFC230376_FSHXBX69_S334_L004.121
1,L1EFC230252_FXJCJ02_S137_L002.82
2,FHBSJZ13.46
2,FHuNHHMY75.15
1,L1EFC230302_FXJWS31_S228_L003.45
2,FSHCM70.91
2,FSHXWN20.39
1,FHNFQ63.87
1,FQHXN24.28
1,FSCPS35.66
2,FCQTY162_FDME220051195-1a.56
2,FNXYCHL62.26
2,FJXSRPY46.85
1,FNXYCHL33.76
2,FNXYCHL45.36
2,FSDQZ42.130
2,FBJ51.67
2,FFJLY78.85
2,FJLHD28.49
2,FSHHK19_FDME220054489-1a.73
1,FXJSW20.13
2,FCQNA20hun.40
2,L1EFC230385_FSHXXA13_S343_L004.116
2,FSCPS12.23
2,FJNDD13_FDME220051230-1a.12
2,FHNFQ46.49
2,FAHWH15_FDME220050740-1a.70
1,FFJLY9_FDME220051246-1a.29
2,FGSYC10.49
2,FGZ34M_FDME220052034-1a.94
1,FSCDJY12.41
1,FJLHD42.47
1,FXJWS6hun.117
2,FNXYCHL8.111
1,FJSWX106.75
2,FJNDD14_FDME220051231-1a.129
2,FGD22M_FDME220052013-1a.9
1,FZJTZ66.55
1,FCQHC4.7
1,FYNDL21hun.55
2,FGDLZ52.22
2,FNMHLBE30.58
2,L1EFC230293_FXJWS14_S176_L002.67
2,FCQTY010.182
2,FAHWH34_FDME220050751-1a.11
1,FHuNHHMY9.44
2,FXJYN34.6
2,FSHXBX171.29
2,FNMHHHHT17.27
1,FSHXBX155.196
1,FXJKS25.100
1,FTJBH74.100
1,FSHCM5_FDME220054522-1a.56
2,FSCPS50.18
2,FSHCM48.36
2,FAHWH36_FDME220050753-1a.41
2,FeceHuNa150119.38
2,FJLHD18.95
2,FSHCM79hun.17
2,FZJHZD30.57
1,FGXGL101.90
2,FSXTY6hun.7
2,FCQHC10.75
2,FJXSRPY44.7
2,FSHXXA29.63
1,FAHBZ30_FDME220050710-1a.65
2,FAHBZ42_FDME220050719-1a.1
2,FHLJYC21.145
2,FXJWS43.19
2,FGDLZ22_FDME220051918-1a.70
1,FQHXN15.92
1,FZJJH11.122
2,FJSNT4.70
1,FNMHHHHT32.88
2,FGDLZ67_FDME220051948-1a.4
2,FSHCM98.18
1,FHHMY42.15
2,FGXGL9_FDME220052064-1a.26
1,FQHXN31.90
1,FSHXHZ6.63
2,FSXLL11.6
1,FSHXXA44hun.29
2,FHuNHHMY32.36
1,BJHD7.6
2,L1EFC230284_FXJCJ58_S167_L002.55
2,FJSWXJ14.147
1,FCQNA2.11
2,FJSWX107.35
1,FXJKS12.66
1,FSHXBX79.110
2,FSHCM31.130
2,FNXYCHL49.91
2,FNMHLBE23.7
1,FAHWH28_FDME220050746-1a.35
2,FZJTZ57.63
1,SDHZD13.92
2,FJSWXJ28.86
2,L1EFC230346_FJXFC22_S304_L004.32
1,L1EFC230282_FXJCJ51_S165_L002.4
2,FHLJZD21.40
1,FNMHHHHT44.29
2,FQHXN71.49
1,L1EFC230305_FXJWS34_S231_L003.106
2,FSDJN12.106
2,FGXGL38_FDME220052093-1a.36
2,FXJKS8.71
2,FSXTY34.4
2,FSXTY40.19
2,FNXYCHL22.47
2,FNXYCHL89.64
2,FSXLL8.31
2,FZJHZD8.20
2,FZJTZ41.63
1,FSDLZ19.116
2,FHuNHHMY67.38
1,FNMHLBE9hun.125
2,FSHCM89hun.19
2,FNMHHHHT19.25
2,FSXTY31.44
1,FJXSRPY36.115
2,FSDLZ22.42
2,FNMHLBE31.88
2,FZJHZD12.49
1,L1EFC230274_FXJCJ39_S158_L002.119
2,FSDJN26.98
2,FSXTY56.41
2,FGXGL19_FDME220052074-1a.66
1,FQHXN7.140
2,FGSYC18.10
2,FSDLZ08.131
1,FSHCM23_FDME220054538-1a.41
1,L1EFC230277_FXJCJ42_S161_L002.29
2,FXJYN31.36
2,FNXYCHL36.61
2,FAHBZ26_FDME220050706-1a.68
2,FJXSRPY11.39
1,FHuNHHMY3.92
1,FXJSW15.63
2,FCQNA39.100
2,FGDLZ69_FDME220051950-1a.32
1,FSXTY25.84
2,FSDQZ15.58
1,FFJLY1_FDME220051239-1a.94
2,FSDJN35.105
2,FCQTY022_FDME220051119-1a.46
2,FZJHZD22.92
2,FSHXBX176.9
2,FHBSJZ35.54
1,FGSZY14.4
2,FFJLY65.120
1,FAHBZ9_FDME220050691-1a.35
1,FSXTY44.43
2,FSCDJY94.33
1,FAHBZ15.12
1,FSDJN13.23
1,FSXLL2.31
1,FNXYCHL63.95
2,FGXGL41_FDME220052096-1a.64
2,FGSYC65.38
1,FSHXBX145.90
2,FGSZY25.21
2,FNXYCHL52.34
1,FSXTY28.40
2,FHBSJZ30.31
2,L1EFC230251_FXJCJ01_S136_L002.94
2,FNXYCHL64.19
2,FXJCJ21.113
1,FNMHHHHT21.42
1,FNXYCHL60.32
1,FXJSW9.63
2,FSHXBX33.71
1,FHLJZD16.128
1,FJLHD33.101
1,FSXTY63.11
2,FJLHD35.19
2,FSHXBX121.90
2,FXJYN32.63
2,FSHXBX4.90
1,FSHCM41hun.19
1,L1EFC230327_FTJS0023_S253_L003.38
2,FJSWX86.9
1,FXJKS19.38
2,FJNDD11_FDME220051228-1a.64
2,L1EFC230310_FXJWS40_S236_L003.20
2,FSDJN37.100
2,FSCPS62.91
2,FSDQZ7.42
2,FSDQZ46.36
1,FQHXN39.87
2,FSCPS22.29
2,FXJCJ19.30
1,FJSNT27.14
1,FSDJN21.34
2,FHLJZD26.27
1,FGSZY46.36
2,FHLJZD50.71
2,FCQTY048_FDME220051133-1a.89
1,FSHXBX157.175
2,FHLJZD55.38
2,FeceHuNa150139_FDME220052282-1a.6
1,FSDJN8.49
2,FSXTY12hun.7
2,FHuBWH12.42
2,FSDJN29.26
1,FHNFQ6.53
2,FGSYC45.50
2,FZJTZ46.18
2,FGXGL50_FDME220052105-1a.37
2,FSDQZ49.23
2,FSCDJY45.26
1,FSCCD4.12
2,FGXGL89_FDME220052144-1a.73
1,FNMHLBE15.29
1,FSXTY14.6
2,FGD16M_FDME220051998-1a.17
1,M214F02.80
1,FXJSW46.78
2,FSHXBX132hun.7
2,FSCCD10.26
2,FGDLZ47_FDME220051927-1a.4
2,FJNDD16_FDME220051233-1a.73
2,FAHBZ3_FDME220050685-1a.47
2,FHBSJZ45_FDME220052236-1a.13
2,FSHXBX49.63
2,L1EFC230395_FSHXXA48_S38_L003.44
2,FHBSJZ40_FDME220052231-1a.22
2,FQHXN64hun.60
2,L1EFC230298_FXJWS24_S224_L003.77
2,FGDLZ28.54
1,FZJTZ39.47
1,FSDLZ20.74
2,FNXYCHL35.49
2,FHLJZD49.68
2,FHLJYC34.86
2,FSCDJY93.41
2,FZJTZ70.15
1,FQHXN48.50
2,FJLHD17.52
2,FXJKS40.66
2,FSHHK6.33
2,FXJKS9.12
2,FSXTY19.46
1,FGSYC25.57
1,FGSZY9.24
1,FHuNHHMY23.41
1,FXJSW2.34
2,FXJCJ53.13
2,FGSYC75.38
2,FSHHK1.34
2,FSDQZ25.50
2,FHBSJZ31.32
2,FJXSRPYG31.97
2,FSCPS92.45
1,JSCZD7.67
2,FXJCJ29.33
2,FHuBWH31.18
2,FHNXY49.133
1,FGZ10M_FDME220051987-1a.75
2,FQHXN2.54
1,FAHWH23_FDME220050744-1a.45
2,FCQHC9.95
1,FNXYCHL1.57
2,FNMHHHHT23.6
2,FSCDJY98.30
2,FQHXN35.77
2,FNMHHHHT18.50
1,L1EFC230329_FTJS0026_S255_L003.36
2,L1EFC230306_FXJWS35_S232_L003.60
1,FNXYCHL5.2
1,FXJCJ65.14
1,FGXGL71_FDME220052126-1a.42
1,FJLHD9.10
2,FNXYCHL50.107
1,FTJBH2.37
2,L1EFC230309_FXJWS39_S235_L003.43
2,FBJ38.21
2,FSXLVLS6.53
2,FHLJYC19.35
1,FSXLL5.41
1,FCQNA5hun.39
2,FHLJYC3.27
2,FJSNT35.11
2,FSHXBX130.17
1,FSHCM22_FDME220054537-1a.8
2,FSHXBX150.111
2,FCQJJ4.55
1,FHNFQ1.17
1,FHHMY84.75
2,FGXGL8_FDME220052063-1a.51
2,FAHBZ27_FDME220050707-1a.148
2,FSDLZ59.7
1,FBJ9.7
2,FHuBWH21.20
2,FFJLY4.63
2,FNXYCHL18.48
2,FJSWX84.79
1,FSXTY21.57
1,FSHXHZ20.61
1,FNXYCHL48.115
2,FXJWS4.125
1,FNXYCHL3hun.98
1,FZJTZ54.40
2,FBJ7.65
2,FGDLZ68.68
2,FQHXN6.67
2,FGXGL64.22
2,FQHXN94.30
2,FBJ10.36
2,FSHXWN24.5
2,FSDLZ33.72
2,FHNFQ21.93
2,FCQNA14.61
1,FQHXN34.25
2,FJSWXJ23.31
2,FHBSJZ51.5
2,FJLHD45.65
1,FSXLL10.118
2,FJSNT38.66
1,FHLJZD43.53
2,FFJLY71.46
NA,L1EFC230382_FSHXXA06_S340_L004.74
2,FSHHK9.130
2,L1EFC230342_FJXFC16_S268_L003.95
1,M2CF11.113
1,FJXSRPY24.67
1,FSCCD14hun.5
2,FHuNHHMY77.52
1,BJHD3.9
2,FBJ57.66
1,FXJWS22.12
1,FCQHC7.40
2,FSHXBX47.53
2,FSHCM51.20
2,FJNDD19_FDME220051236-1a.14
1,FFJLY17_FDME220051250-1a.23
2,FSXLL9.54
2,FNMHLBE19.22
2,FSDQZ6.22
2,FJSWXJ18.85
1,FGSYC66.32
2,FSCDJY57.127
2,FHLJYC18hun.45
2,FCQTY030_FDME220051124-1a.41
1,FSHXBX28.157
2,FNXYCHL87.41
2,FQHXN30.32
2,M1C5.74
2,L1EFC230239_FHLJZD23_S84_L001.34
1,FNMHLBE16.47
1,L1EFC230315_FXJWS47_S241_L003.2
1,FGZ3M_FDME220051970-1a.91
1,FAHBZ19.25
2,FSHXWN30.87
2,L1EFC230263_FXJCJ22_S147_L002.34
2,FGDLZ13.87
2,L1EFC230266_FXJCJ25_S150_L002.42
1,FZJHZD2hun.48
1,FSHCM62.49
1,FJXSRPY27.62
2,L1EFC230299_FXJWS26_S225_L003.56
2,FFJLY22.24
1,FSXTY24.42
1,FJXSRPY23.75
2,FZJTZ69.52
2,FGXGL74_FDME220052129-1a.101
NA,FHuBWH8.34
2,FHLJYC25.51
1,FQHXN10.22
2,FQHXN4.79
1,FFJLY20_FDME220051251-1a.38
2,FZJHZD26.96
2,FNMHHHHT36.81
2,FHLJYC37_FDME220052686-1a.89
1,FXJSW22.161
1,FNXYCHL53.14
1,FSDLZ17.20
1,FQHXN92.110
2,FQHXN16.84
2,L1EFC230273_FXJCJ38_S157_L002.38
2,FHBSJZ14.38
1,L1EFC230301_FXJWS28_S227_L003.114
2,L1EFC230339_FJXFC12_S265_L003.47
1,FJXSRPY48.25
2,FJSWXJ2.10
2,FAHBZ32_FDME220050712-1a.37
1,SDHZD4.36
1,FNXYCHL59.48
1,FSXTY15.39
1,FSDLZ48.99
1,FXJSW7.108
1,FSHXBX14.70
2,FJSNT31.85
2,FGSYC79.16
2,FHBSJZ34.48
2,FSHHK29_FDME220054498-1a.27
2,FSHXBX103.17
2,FHNFQ54.27
1,FeceGuXi150116.26
2,FTJBH66.44
2,FJLHD30.16
2,FSHCM59.72
2,FGXGL49.65
1,FSHXBX65.97
2,FCQJJ2.1
1,FJXSRPY30.75
1,FAHBZ31_FDME220050711-1a.43
2,FSHXBX63.78
1,FGSYC26.120
2,FZJTZ28.43
2,FNXYCHL57.27
1,FZJHZD4.33
2,L1EFC230367_FSHXBX51_S325_L004.5
1,FHuNHHMY72.53
2,FHNFQ38.29
1,FSDQZ32.83
1,FFJLY10_FDME220051247-1a.137
1,FNMHHHHT33.33
2,L1EFC230373_FSHXBX64_S331_L004.87
1,FSDLZ51.22
1,FHBSJZ24.66
1,FXJCJ31.65
2,FGXGL102.65
1,FHNFQ41.52
2,L1EFC230234_FHLJZD07_S79_L001.84
2,FHLJZD24.37
2,FZJTZ44.86
2,FJSWXJ30.30
2,FSCDYJ7.121
2,L1EFC230360_FSHXBX24_S318_L004.46
1,FJXSRPYG20.25
1,FSXTY8hun.17
1,FSXTY23.82
2,FGSZY44.32
1,FXJSW10.106
2,FXJKS49.39
2,FJXSRPYG1.83
1,FZJTZ5.1
2,FZJTZ47.2
1,FGDLZ19_FDME220051917-1a.112
1,FGSYC17.8
2,L1EFC230292_FXJWS12_S175_L002.16
2,L1EFC230322_FTJS0008_S248_L003.5
1,FGSYC76.83
2,FSHXBX144.24
2,FNMHHHHT30.68
1,FXJKS42.50
2,FAHWH43_FDME220050760-1a.103
2,FTJBH37.43
2,FHNFQ3.66
2,FSCPS43.61
2,FSDJN16.27
1,FHuBWH30.6
1,FGSYC7.132
2,FSHCM95.32
1,FeceHuBe150121_FDME220052842-1a.129
2,FBJ32.66
1,FSDJN6.56
2,FSXTY60.71
2,FGD19M_FDME220052006-1a.75
1,FJLHD39.40
2,FXJKS10.170
2,L1EFC230307_FXJWS36_S233_L003.76
2,FSXLVWS6.30
1,FHuNHHMY36.48
2,FHLJZD9.44
2,FNXYCHL39.69
1,FGSYC72.67
1,FGSZY36.6
2,FJXSRPY45.78
2,L1EFC230288_FXJCJ64_S171_L002.19
2,FYNLJ20hun.36
2,FXJSW50.71
1,FNMHLBE7.87
1,FSXTY5hun.4
1,FSHXBX44.68
2,FSDQZ19.149
2,FSHXWN4hun.39
2,FGSYC83.88
2,L1EFC230233_FHLJZD05_S78_L001.4
2,FAHWH24_FDME220050745-1a.31
1,L1EFC230262_FXJCJ20_S146_L002.20
2,FHBSJZ61_FDME220052252-1a.88
1,FCQNA13.61
2,FHBSJZ33.34
2,FYNDL18hun.79
1,FTJBH84.37
2,FSXTY58hun.26
1,FNMHLBE25hun.150
2,FSCDJY13.54
2,M1C4.69
1,FNMHHHHT11.99
2,FSHCM14_FDME220054531-1a.33
2,L1EFC230287_FXJCJ63_S170_L002.77
1,FGXGL62_FDME220052117-1a.21
2,FSDQZ16.78
1,FGSZY16.11
2,SDHZD16.6
1,FJXSRPY40.78
1,FSXTY27.21
1,FHBSJZ25.38
1,FGSZY39.70
1,FFJLY64.34
2,FXJSW40.75
1,FJXSRPY10.113
1,L1EFC230369_FSHXBX54_S327_L004.108
1,FHBSJZ37.33
2,FGSYC35.56
2,FSCDJY22.62
1,FXJWS13.56
2,FSHCM38.44
2,FSHXHZ11.64
2,FNMHHHHT27.105
1,FGSYC73.83
2,FJNDD1.23
1,FSHXBX137.66
2,FeceHeNa16.93
2,FHBSJZ48_FDME220052239-1a.6
1,FSHXBX165.26
2,L1EFC230334_FJXFC03_S260_L003.52
1,FQHXN107.58
2,FSHXWN6.77
1,FJSNT25.3
2,FeceHeNa22.17
1,FNMHHHHT31.134
1,FZJTZ55.10
2,L1EFC230242_FHLJZD30_S85_L001.10
2,FCQNA10.61
1,FXJSW21.58
2,FHNFQ48.29
2,FTJS021.43
2,FHuNHHMY26.14
2,L1EFC230340_FJXFC13_S266_L003.38
2,L1EFC230245_FHLJZD36_S88_L001.35
2,FGDLZ61_FDME220051940-1a.31
2,FSHXWN11hun.30
1,FHLJYC24hun.95
2,FNXYCHL23.60
2,FNMHLBE8.75
1,FXJCJ47.10
1,FNXYCHL41.123
2,L1EFC230379_FSHXXA03_S337_L004.5
2,FJLHD4.31
1,FSXTY29hun.18
1,FBJ66.66
2,FQHXN56.46
2,FBJ21.36
1,L1EFC230386_FSHXXA15_S344_L004.30
2,FNMHLBE29.40
2,FQHXN1.6
2,FGZ7M.110
1,FGZ35M_FDME220052035-1a.27
1,FBJ60.121
2,FHBSJZ27.57
1,FXJSW1.18
2,FJXSRPY33.13
2,FFJLY29_FDME220051259-1a.38
2,FNMHLBE2.83
2,FGXGL79_FDME220052134-1a.2
2,FeceHeNa2.71
2,FAHBZ10_FDME220050692-1a.14
2,FZJHZD7hun.76
2,FAHBZ33_FDME220050713-1a.30
1,FSCPS3.15
2,FXJCJ55.46
2,FSHCM6_FDME220054523-1a.49
1,FGSZY30.79
2,FHNXY11.110
1,FZJHZD11.54
1,FFJLY48.25
2,FHuNHHMY61.11
2,FSHXBX111.23
2,L1EFC230318_FTJS0001_S244_L003.63
2,FSXLVLS12.100
2,FGSYC21.29
2,FSHCM47.67
2,L1EFC230264_FXJCJ23_S148_L002.112
1,FGXGL6_FDME220052061-1a.46
2,FQHXN27.33
2,FHNXY43.35
1,FJSNT23.125
1,FNXYCHL7.55
2,FSHCM91.14
1,FZJTZ40.92
2,FSCDJY15.38
1,FHLJYC4hun.76
1,FFJLY74.11
1,FSXTY26.89
2,FXJSW47.2
2,FNMHHHHT15.78
1,FGSYC6.57
2,FHNXY7.123
2,L1EFC230324_FTJS0010_S250_L003.75
1,FSXTY32.55
2,FHLJZD45.14
1,FSHXXA38.38
2,FNMHLBE33.45
2,FCQTY141_FDME220051183-1a.36
1,FSHXHZ1.75
1,FSCCD2.53
2,FHLJZD28.35
1,L1EFC230332_FTJS0029_S258_L003.3
2,FSCCD1hun.21
2,FSDJN38.35
1,FXJCJ57.69
2,L1EFC230295_FXJWS19_S222_L003.22
1,L1EFC230279_FXJCJ45_S163_L002.76
2,FXJSW39.56
2,FCQTY091_FDME220051169-1a.45
2,FGZ29M_FDME220052027-1a.22
2,FGSYC91.24
2,FSXLVLS1.46
2,FHuNHHMY76.80
1,FYNLJ7.83
2,FSDLZ56.32
2,FNXYCHL68.96
2,FGXGL46_FDME220052101-1a.66
2,FHLJZD27.24
1,FSDQZ28.13
2,FHLJZD51.62
2,FJLHD38.91
1,L1EFC230313_FXJWS45_S239_L003.48
2,FSCCD15.53
1,FNXYCHL21.62
1,FJSWXJ25.76
2,FZJTZ67.80
2,FGZ37M_FDME220052037-1a.109
2,FZJTZ45.14
1,FCQNA40.76
1,FSXTY33hun.29
2,FHLJZD11.60
1,FSDLZ40.67
2,FXJSW3.56
2,FSDJN11.25
2,FHNFQ50.52
2,FJSWX99.41
2,FGSYC44.22
2,FJLHD29.69
2,FFJLY33_FDME220051262-1a.78
2,FAHBZ46_FDME220050723-1a.122
2,FHBSJZ3.1
1,FZJTZ60.35
2,FGSYC82.79
2,FYNDL2.51
1,FHNFQ22.56
1,FGSYC13.46
1,FGZ41M_FDME220052054-1a.62
2,FSHCM53.31
2,FSDQZ21.167
1,FNXYCHL65.67
2,FCQJJ3.44
2,FAHBZ51_FDME220050728-1a.55
1,FHuBWH24.47
2,FGDLZ81_FDME220051959-1a.12
1,FHNXY34.133
2,FQHXN52hun.27
