tree_group,mag
1,FSHHK7_FDME220054481-1a.11
1,FNXYCHL6.60
1,FAHWH42_FDME220050759-1a.68
2,FSXTY7hun.34
1,L1EFC230297_FXJWS23_S223_L003.27
1,FGXGL40_FDME220052095-1a.54
1,FQHXN7.60
1,FGXGL24_FDME220052079-1a.67
2,FCQTY149_FDME220051188-1a.34
1,FGXGL14_FDME220052069-1a.19
1,FGXGL64.17
2,FSCPS24.37
1,FeceHeNa6.6
1,FHuNHHMY9.36
1,FSDLZ14.38
1,FHNXY29.44
1,FCQTY106_FDME220051177-1a.55
1,FGDLZ85.71
2,FBJ52.47
1,FSXTY51hun.123
2,FXJSW36.75
2,FHuBWH29.81
2,FHHMY63.40
2,FJXSRPYG19.102
1,FZJHZD13hun.16
2,FJSWXJ30.70
1,FHNFQ55.10
1,FGXGL70_FDME220052125-1a.34
1,FBJ55.18
2,FBJ63.97
1,FBJ30.95
1,FSXLL5.6
1,FXJCJ41.37
1,FHLJDQ8.16
1,FBJ35.9
2,FHBSJZ28.15
2,FSHXHZ22.72
2,FZJHZD6.140
1,FHBSJZ17.20
2,FJSNT20.30
1,FNMHLBE18.132
1,FJXSRPY24.131
1,FAHWH43_FDME220050760-1a.63
1,FJLHD47.37
1,FHNXY53.37
1,FXJSW40.42
1,FBJ19.6
2,FSDJN40.16
1,FNMHHHHT21.18
1,FNMHLBE12.62
2,FGXGL32_FDME220052087-1a.129
1,FGSZY43.76
1,FSHHK3_FDME220054479-1a.26
1,FSDLZ27.68
1,FJLHD5.75
2,FeceHuBe15019_FDME220052837-1a.10
2,L1EFC230353_FJXFC44_S311_L004.35
1,FHuNHHMY34.63
1,FHNXY41.99
2,FHLJYC28hun.86
1,FBJ37.17
2,FNMHHHHT41.108
1,FSCPS46.16
1,FSDLZ32.134
1,FHBSJZ31.62
2,FGSZY50.58
2,FSDQZ40.68
1,FeceHuNa150118_FDME220052267-1a.57
2,L1EFC230253_FXJCJ05_S138_L002.11
1,FAHWH09.67
2,FJXSRPY39.4
1,FJXSRPY54.84
1,FBJ4.95
1,FGSYC82.1
1,FBJ10.13
1,FHLJYC21.93
1,SDHZD2.141
2,FGXGL67_FDME220052122-1a.24
1,FAHWH36_FDME220050753-1a.59
1,FGDLZ20.52
1,FGXGL22_FDME220052077-1a.42
1,FSDQZ3.55
2,FGSZY37.57
1,FSHHK40_FDME220054509-1a.38
1,FGSYC65.34
2,FJSNT67.149
2,FHBSJZ26.58
1,FNXYCHL55.63
2,FJXSRPY6.22
1,FGXGL81_FDME220052136-1a.4
1,FSHXHZ18.18
1,FXJSW5hun.34
1,FAHBZ8_FDME220050690-1a.51
1,FGXGL87_FDME220052142-1a.83
1,FeceHeNa26.11
2,FCQTY166_FDME220051197-1a.32
1,FSHXHZ12.15
1,FGXGL20_FDME220052075-1a.94
1,FGZ34M_FDME220052034-1a.18
1,FSHHK9.81
2,FSDJN26.2
1,FNXYCHL37.33
2,FJXSRPY13.52
2,FQHXN71.40
1,FHNXY54.11
1,FJLHD50.79
2,FTJS017.28
1,FBJ43.68
1,FYNDL10hun.72
1,FCQNA17.31
1,FZJTZ34.98
1,FHBSJZ42_FDME220052233-1a.30
2,FHuBWH12.19
1,FCQTY094_FDME220051171-1a.73
1,FSDLZ28.29
1,FGDLZ25.15
1,FQHXN33.126
1,FGDLZ6.69
2,FJSNT23.92
1,FJNDD1.58
1,FJSNT38.12
2,FNMHHHHT11.54
1,FJLHD3.47
1,FSHCM97.107
1,FBJ51.42
1,FHNFQ47.66
1,FTJS015.27
1,FXJYN3.42
2,FSXLVLS13.15
1,L1EFC230258_FXJCJ14_S143_L002.79
1,FZJHZD15.48
1,FSDLZ08.13
1,FHuBWH24.25
1,FNXYCHL58.62
2,FGXGL39_FDME220052094-1a.60
1,FHLJYC25.50
1,FZJTZ16hun.32
1,FSDJN16.8
2,M119R01.129
2,FGSYC72.44
1,FSHXWN36.14
1,FCQTY014.44
1,L1EFC230294_FXJWS15_S177_L002.20
2,FHBSJZ45_FDME220052236-1a.53
2,FSDLZ44.47
2,FSHCM42hun.95
1,FXJCJ31.51
NA,FeceHeNa27.21
1,FGDLZ82_FDME220051960-1a.79
1,FZJTZ35.24
1,FTJBH57.77
2,FGSYC49.67
1,FSXLVLS19.87
2,FSHHK36_FDME220054505-1a.22
1,FZJTZ30.30
1,FeceHuNa150119.8
2,FSHXBX131.28
2,FGSYC33.33
2,FHLJYC2.53
2,FZJHZD12.51
1,FGXGL41_FDME220052096-1a.70
1,FSHXWN5.7
1,FAHWH14.74
2,L1EFC230355_FJXFC53_S313_L004.120
1,FZJTZ26.100
2,FCQTY157_FDME220051193-1a.77
1,FBJ42.71
1,FBJ44.40
1,FeceHeNa16.104
1,FSHCM87.55
1,FSDLZ16.34
1,FSCPS73.20
1,FSCPS39.98
1,FSHXBX98.73
1,FSDLZ42.69
1,FNXYCHL19.41
1,FGXGL15_FDME220052070-1a.60
2,FTJBH14.90
1,FGSZY3.127
1,FFJLY21_FDME220051252-1a.10
1,FSHXXA16.89
1,FBJ3.54
2,FJXSRPY12.30
1,FZJTZ63.69
1,FQHXN32.53
1,FSCPS37.34
1,FBJ13.61
1,FSCCD10.17
2,FGZ2M.78
2,FCQHC7.13
1,FJXSRPYG32.24
2,FSXTY25.37
1,FNXYCHL9.80
1,FGXGL49.23
1,FSHCM52.76
1,FSHCM90.88
2,FBJ58.44
1,FHuNHHMY74.55
2,FZJTZ2.89
1,FNXYCHL42.30
2,FHBSJZ48_FDME220052239-1a.57
