tree_group,mag
1,FQHXN73.121
2,FXJKS2.42
1,FJLHD19.112
2,M1DZ04.46
2,M1DZ06.34
2,FQHXN70hun.85
2,FXJKS45.21
2,FQHXN86.95
1,FYNLJ66.14
1,FYNLJ76.96
2,M1C7.40
2,FXJYN19.33
2,FXJKS30.5
1,FSCDYJ9.3
1,FHuNHHMY83.33
2,FXJKS42.118
1,FXJKS50.74
1,FYNLJ46.14
2,FQHXN106.103
1,FXJKS49.27
1,FYNLJ53.66
1,FGZ25M_FDME220052017-1a.119
1,FYNLJ21hun.64
1,FJSWXJ14.169
1,FeceGuXi15015.39
2,FGSZY23.99
2,FNMHLBE24.44
1,FQHXN98.54
2,M1DZ07.143
2,FXJKS29.20
1,M1C3.19
2,M1DZ01.79
1,FSCPS11.119
1,FGDLZ36.136
2,FXJKS22.9
1,FSCPS56.45
2,FNMHLBE23.110
1,FHLJYC42_FDME220052691-1a.73
1,M1DZ09.62
2,M1DZ05.52
