tree_group,mag
1,FGD24I1_FDME220052016-1a.9
2,HNZZ123.9
2,FXJSW11.57
1,FZJHZD19.59
1,FGXGL24_FDME220052079-1a.90
2,FSDLZ25.111
1,FNXYCHL64.30
2,FQHXN13.31
2,FNMHLBE26.71
2,FQHXN45.25
1,BJCY1.15
2,FeceHuBe15018_FDME220052836-1a.32
1,FNXYCHL21.61
1,FAHBZ19.14
1,FAHBZ9_FDME220050691-1a.47
2,FSXTY55.14
2,FNMHLBE7.84
2,L1EFC230282_FXJCJ51_S165_L002.51
1,HNZZ120_FDME220052307-1a.4
1,FJSWXJ27.11
1,FSCPS37.45
1,FGD20I1_FDME220052009-1a.7
1,FHNFQ45hun.5
1,FXJYN37hun.68
1,FSCDJY64.8
2,NMGEL1hun.28
1,FGZ25I2_FDME220052019-1a.13
1,FGD20I2_FDME220052010-1a.9
1,FeceHeNa7.173
1,SDZB4.19
1,FZJTZ3.20
1,FHuNHHMY66.19
1,FGZ14I1_FDME220051993-1a.4
1,FTJBH30.22
2,FSXTY52.7
1,FGD17I2_FDME220052003-1a.6
2,L1EFC230239_FHLJZD23_S84_L001.127
1,FJSWX100.50
1,FNMHLBE15.70
2,FQHXN39.64
1,FGZ25I1_FDME220052018-1a.7
1,FYNLJ72.28
2,FTJBH57.96
2,L1EFC230291_FXJWS11_S174_L002.28
2,LNSY4.19
1,FSDQZ16.141
2,FXJCJ3.40
2,FHLJZD40.28
1,FHLJZD57.37
2,FNMHLBE25hun.73
1,FHNXY54.4
1,FNXYCHL56.75
2,NMGEL3hun.19
1,TJHX1.28
2,FXJYN5.44
1,FeceHeNa29.6
2,FeceHuNa150112_FDME220052263-1a.28
2,FeceHuNa15011_FDME220052259-1a.93
1,FYNLJ27.13
1,FSHCM94hun.120
1,FZJZJ5.14
1,FSHCM93.139
2,FXJWS10.7
