tree_group,mag
1,FSCPS16.105
2,L1EFC230286_FXJCJ60_S169_L002.70
2,FeceGuXi150110.11
2,FZJTZ22.97
1,FFJLY65.55
1,FeceHuNa15011_FDME220052259-1a.37
1,FHuNHHMY30.68
1,FYNDL28hun.138
1,FQHXN76.90
1,FeceHeNa20.83
2,FGSYC16.51
1,FSCDJY67.61
1,FNMHLBE32.73
1,FHuNHHMY24.108
1,L1EFC230355_FJXFC53_S313_L004.139
2,L1EFC230382_FSHXXA06_S340_L004.135
2,L1EFC230313_FXJWS45_S239_L003.134
2,FSHCM70.84
2,FJXSRPY45.66
2,FHuNHHMY69.70
1,FHNFQ55.86
2,FSDQZ16.169
1,FGSYC59.54
1,FHuNHHMY43.98
1,FHLJYC38_FDME220052687-1a.129
2,FZJTZ24.62
1,FCQNA40.35
1,FXJSW1.27
1,FGXGL63_FDME220052118-1a.21
2,FSDJN37.78
1,FSCDJY76.167
2,FJSWXJ7.68
2,FJSNT24.85
