tree_group,mag
1,FSHCM89hun.47
2,FHuNHHMY81.34
1,FeceGuXi150110.33
2,FZJHZD6.5
2,FQHXN101.16
1,FJSWXJ40.77
2,FXJSW46.66
1,FJXSRPY53.3
1,FFJLY21_FDME220051252-1a.37
2,FSHHK10_FDME220054482-1a.74
2,M105F01.82
2,FCQTY049_FDME220051134-1a.86
1,JSCZD6.38
1,FHuNHHMY30.112
2,FNMHLBE4.73
2,FHLJYC19.129
2,FTJBH13.56
1,FGDLZ51.51
2,FBJ61.5
2,FGZ4M_FDME220051972-1a.86
2,FZJHZD9hun.78
2,FHLJZD49.73
2,FAHBZ46_FDME220050723-1a.124
2,FNMHLBE34hun.2
2,FSHCM58.82
2,FSHHK50_FDME220054517-1a.82
1,FSHCM80.7
2,FHNXY41.55
1,FSCCD6.90
2,FGSZY52.13
1,FZJTZ43.62
1,FJSWXJ39.28
2,FXJSW10.172
2,FZJTZ35.14
2,FSCPS3.81
2,FGXGL87_FDME220052142-1a.62
2,FBJ32.47
2,FZJTZ55.3
2,FSDQZ48.79
2,FHuNHHMY24.51
2,FFJLY9_FDME220051246-1a.41
2,FJSWXJ14.1
2,FQHXN106.104
2,FSDLZ21.72
1,FGDLZ66_FDME220051947-1a.5
2,FGSYC12.31
2,FGDLZ65_FDME220051946-1a.65
2,FFJLY20_FDME220051251-1a.63
2,FSHCM100.22
2,FQHXN62hun.70
2,FZJHZ8.132
2,FCQTY092_FDME220051170-1a.83
2,L1EFC230236_FHLJZD14_S81_L001.137
2,FJXSRPY48.23
1,FSCPS25.9
2,FNMHLBE20.35
2,FeceHuNa150117_FDME220052266-1a.141
2,FNMHLBE23.29
2,FSDQZ30.151
2,FHNXY30.72
2,FZJTZ54.13
2,FGZ3M_FDME220051970-1a.50
2,M1C5.72
2,FTJBH_17.79
1,FSHCM72.9
2,FXJKS19.30
2,FHLJDQ12.28
1,FHuNHHMY47.1
1,FCQTY104_FDME220051175-1a.43
1,FHHMY17.57
1,FeceGuXi15013.75
2,FSHXBX148.128
2,FQHXN79.47
2,FGZ40M_FDME220052053-1a.68
2,L1EFC230313_FXJWS45_S239_L003.133
2,L1EFC230342_FJXFC16_S268_L003.54
1,FGDLZ58.50
1,FGDLZ53.67
1,FJSWXJ23.14
2,FJNDD5_FDME220051222-1a.97
2,FSHHK14.19
1,FSHCM51.65
1,FJSNT61.34
2,FGDLZ62.93
1,FSCDJY15.47
2,FXJWS13.116
2,M2CF15.55
1,FCQTY101_FDME220051173-1a.53
1,FeceHeNa13.4
2,FGDLZ85.65
2,FGXGL2_FDME220052057-1a.142
2,FGDLZ10_FDME220051912-1a.37
2,FQHXN59.19
2,FJSNT33.59
1,FHuNHHMY55.47
1,FGXGL8_FDME220052063-1a.78
2,FJSWXJ18.46
2,FGD19M_FDME220052006-1a.23
1,FSCDJY76.78
2,FSXLVLS16.92
2,FeceHuNa150135_FDME220052278-1a.24
1,FHuNHHMY22.54
1,FSCDJY49.6
2,FJNDD4_FDME220051221-1a.8
2,FQHXN105.21
2,FYNDL13.4
2,FNMHLBE22.124
2,FFJLY43_FDME220051271-1a.54
2,FJXSRPY51.38
2,FSDQZ33.43
2,FSDJN29.28
2,M206F01.87
2,FGDLZ24_FDME220051919-1a.77
2,FAHWH35_FDME220050752-1a.138
2,FJLHD43.54
2,FXJKS43.71
2,FJSWXJ38.57
2,L1EFC230237_FHLJZD20_S82_L001.58
2,FSHHK47_FDME220054514-1a.65
2,FZJTZ63.52
2,FHLJZD19.15
2,FCQTY166_FDME220051197-1a.1
2,FGXGL42_FDME220052097-1a.57
2,FJSNT36.57
2,FSHCM70.59
2,FHNXY37.44
1,FHuNHHMY49.23
1,FJSWXJ43.82
1,FSCDJY33.108
1,FHuNHHMY26.82
1,FSCPS10.4
2,FJNDD11_FDME220051228-1a.71
2,FQHXN52hun.73
1,FAHWH39_FDME220050756-1a.59
2,FCQTY136_FDME220051181-1a.41
2,FJSWXJ2.91
1,FCQTY154_FDME220051190-1a.32
2,FeceGuXi150117.63
2,FXJYN29.86
2,L1EFC230263_FXJCJ22_S147_L002.23
2,FJXSRPY21.74
2,FSHXBX70.118
2,FHuBWH14.62
2,FQHXN60hun.109
2,FHNXY48.16
1,FSHCM7.116
1,FeceHeNa26.166
2,FSHXBX150.81
2,FSCDJY79.47
2,FJSWXJ28.51
2,M2CF06.36
2,FHNFQ21.77
1,FHuNHHMY48.49
2,FHBSJZ8.23
2,FGZ35M_FDME220052035-1a.66
2,FXJKS15.50
2,FHNFQ11.23
2,FJSNT20.131
2,FGDLZ72_FDME220051953-1a.1
2,FQHXN51hun.56
