tree_group,mag
1,FAHBZ32_FDME220050712-1a.73
2,FJSWX96.98
2,FBJ29.56
1,L1EFC230331_FTJS0028_S257_L003.27
1,FGSZY11.40
2,FSHHK41_FDME220054510-1a.40
2,FeceHeNa26.85
1,FNXYCHL46.40
1,FAHBZ20_FDME220050700-1a.28
2,FZJTZ6.47
1,FSHHK46_FDME220054513-1a.48
1,FQHXN70hun.113
2,FAHBZ10_FDME220050692-1a.131
1,FSDLZ20.57
2,FHHMY4.27
1,FQHXN54.80
2,FAHWH14.113
1,FHNFQ8.37
2,FSCPS36.125
1,FSHXWN6.68
2,FSDQZ31.24
2,FJXSRPY51.31
1,FGSZY38.10
2,FGXGL32_FDME220052087-1a.108
1,FNMHHHHT37.70
2,FAHWH42_FDME220050759-1a.30
1,FNMHHHHT32.39
2,FZJTZ4.8
2,FJSWXJ28.99
2,FBJ22.20
1,L1EFC230381_FSHXXA05_S339_L004.34
1,FBJ65.148
1,FZJTZ58.4
2,FTJBH28.92
2,FZJTZ26.40
1,FHNFQ31.45
2,FHuNHHMY52.4
2,FSCDJY22.128
1,FSDLZ08.92
1,FQHXN96.26
2,FGXGL23_FDME220052078-1a.18
2,FeceGuXi15015.136
1,FSHCM86hun.55
1,FHNFQ28.38
1,FSHXWN10.58
1,FSCCD23.31
1,FXJKS39.17
1,FSDQZ36.73
1,FGSZY22.13
2,FGXGL10_FDME220052065-1a.64
1,FGSZY37.13
2,FHNFQ55.28
1,FXJWS13.21
2,FHuNHHMY6.82
1,FHNFQ5.11
2,FSHCM94hun.8
1,FQHXN71.55
1,FHNFQ40.2
2,FFJLY56_FDME220051237-1a.86
1,FNMHHHHT11.140
1,FXJYN29.116
1,FSHXBX130.114
1,FGSZY44.120
1,FJSWXJ25.121
1,FSXLVLS19.22
1,FQHXN72hun.56
2,FYNDL23hun.66
2,FJSNT67.133
2,FJSNT21.21
2,FHNFQ26.100
1,FHNFQ25.35
1,FHNFQ39.12
2,FGDLZ28.7
1,FAHBZ31_FDME220050711-1a.120
2,FSHCM3.24
1,BJHD3.6
2,FYNLJ58.62
1,FAHBZ57_FDME220050732-1a.32
1,FQHXN51hun.26
1,FHLJZD31.97
1,FCQTY085_FDME220051156-1a.61
2,FHNXY38.145
1,FXJKS25.108
1,FQHXN64hun.28
2,FCQTY097_FDME220051172-1a.79
1,FGSZY45.12
1,M214F02.150
2,FJSWXJ29.22
1,FHHMY79.3
2,FSXTY38.83
2,FGXGL95.107
2,FJXSRPYG1.4
1,FSDJN27.2
1,FQHXN98.66
2,FJLHD55.90
1,FHNXY54.22
2,L1EFC230337_FJXFC09_S263_L003.55
2,FSCPS10.1
2,JSCZD11.52
1,M115R01.127
2,FJXSRPY40.55
1,FSHXBX143.22
1,M1DZ07.55
2,FGDLZ56_FDME220051936-1a.68
1,FSDJN37.110
2,FHuBWH1.88
1,FNMHHHHT33.58
2,FJXSRPY22.45
2,FHNXY20.22
2,FeceHuBe150125_FDME220052846-1a.57
1,FXJWS9hun.10
2,FHuNHHMY37.52
2,FJLHD9.16
2,FJXSRPY44.33
1,M1C6.193
1,FQHXN66.2
1,FGSYC27.3
2,FGDLZ83_FDME220051961-1a.62
2,FAHBZ21_FDME220050701-1a.85
1,FJSWX107.26
2,FGZ4M_FDME220051972-1a.79
1,FAHWH38_FDME220050755-1a.117
1,FYNLJ19hun.10
2,FGDLZ6.89
1,FZJTZ22.90
2,FXJYN32.96
1,FJLHD19.98
2,FHuNHHMY60.69
1,FHNFQ36.67
1,FGSZY52.62
2,FSHCM93.11
2,FYNLJ70.87
1,M124R01.51
2,FJSWXJ38.4
2,FNMHHHHT27.74
2,FeceHuBe15011_FDME220052829-1a.47
2,FFJLY7_FDME220051244-1a.76
1,FXJCJ48.46
1,FJLHD31.51
1,FGSYC77.39
2,FSHHK4.77
1,FXJKS24.60
1,L1EFC230236_FHLJZD14_S81_L001.124
2,FJLHD8.17
1,FNMHLBE13.9
1,FNMHLBE22.4
1,FSCDJY69.103
1,FXJKS6.58
1,FNMHHHHT17.28
1,FSDLZ03.22
1,FNMHLBE26.66
2,FHNXY58.29
NA,M130R01.79
2,FZJTZ43.46
2,FYNLJ71.17
2,FGDLZ20.45
2,FGDLZ17_FDME220051916-1a.99
2,FHLJYC14.43
1,FJLHD6.146
2,FTJBH7.14
1,FHNFQ20.105
2,FJXSRPYG41.68
1,FXJSW7.81
1,FNXYCHL33.64
1,FXJSW12.48
1,FYNLJ20hun.59
2,FGDLZ15_FDME220051915-1a.76
2,FCQNA2.5
1,M2CF08.3
1,FJLHD48.42
1,FXJKS19.46
2,FSDQZ24.44
2,FeceHuNa15012_FDME220052260-1a.65
1,FGSYC20.54
1,FNMHLBE30.122
2,FZJTZ60.5
2,FeceGuXi150111.44
1,FNMHLBE14.109
2,FeceHuBe150136_FDME220052850-1a.37
1,FXJSW22.94
1,FSDLZ56.54
1,FNMHLBE23.109
2,FHLJZD34.56
2,FSHHK43.59
1,FNMHLBE5.38
1,L1EFC230255_FXJCJ07_S140_L002.63
1,FGSZY42.18
2,FJSWXJ33.23
1,FeceHeNa17.57
2,FHuNHHMY3.86
1,FQHXN102.132
2,FAHBZ40_FDME220050717-1a.91
2,FGDLZ74.80
1,L1EFC230342_FJXFC16_S268_L003.30
2,FAHWH43_FDME220050760-1a.21
2,FGDLZ9_FDME220051911-1a.56
1,FSHXBX175.36
2,FCQHC11.1
2,FZJTZ65.14
2,FSCDJY33.7
2,FJND18_FDME220051209-1a.50
1,SDHZD1.71
2,FJSNT11.78
1,FTJBH71.14
2,FSCDJY76.77
1,FNMHLBE19.51
2,FJSWXJ37.55
2,FSDJN34.41
1,FAHBZ26_FDME220050706-1a.41
2,FHLJDQ10.112
2,FJLHD34.102
2,FHLJZD21.114
2,FSCDJY48.69
1,FGSZY8.43
1,FHNFQ56.53
2,FAHBZ59_FDME220050734-1a.93
1,FXJSW1.54
1,FNMHLBE12.2
2,FSCCD1hun.54
2,FGDLZ48.22
2,FAHBZ27_FDME220050707-1a.93
1,FXJKS7.82
2,FHuNHHMY58.15
1,FXJSW49.50
1,FQHXN10.65
2,FSCPS65.59
2,FXJSW8.135
2,FGDLZ84_FDME220051962-1a.118
2,FSCPS11.228
2,FGDLZ29.63
1,FGSYC60.48
2,FJNDD15.27
2,FAHBZ36.32
1,SDHZD17.72
1,FYNLJ35.97
1,FJLHD16.79
1,FSDJN46.19
