tree_group,mag
1,FBJ22.34
2,FHuBWH33.13
2,FAHWH23_FDME220050744-1a.109
2,FHNXY3.117
2,FSCPS25.86
2,FHLJZD41.50
2,FJXSRPY12.13
1,FSDQZ15.111
2,FHBSJZ37.49
2,FSHXWN19.71
1,FFJLY40_FDME220051269-1a.23
2,FeceHeNa27.69
2,FSDJN13.61
2,FBJ29.32
2,FZJTZ2.74
2,FSHHK28_FDME220054497-1a.142
2,FGDLZ19_FDME220051917-1a.39
2,FHuBWH32.60
2,FGXGL26_FDME220052081-1a.16
2,FSHCM58.35
2,FSCDYJ7.100
2,L1EFC230237_FHLJZD20_S82_L001.35
2,FJXSRPY53.57
2,FSCPS95.93
2,FXJSW11.166
2,FSHHK25_FDME220054495-1a.114
2,M1C5.102
2,FNXYCHL89.110
2,FTJBH53.68
2,FSHXHZ11.94
1,M1DZ09.18
2,FHNXY17.57
2,FHLJYC34.63
2,FJXSRPY15.18
2,FFJLY32_FDME220051261-1a.61
2,FZJTZ8.38
2,FSDLZ20.8
2,FJLHD21.159
2,FJSNT25.54
1,FSDQZ38.167
2,FJXSRPY8.27
2,FHuNHHMY46.19
2,FSXTY39.45
2,FGDLZ69_FDME220051950-1a.11
2,FJNDD12_FDME220051229-1a.59
2,FGDLZ55_FDME220051935-1a.72
2,FGZ2M.53
2,L1EFC230252_FXJCJ02_S137_L002.44
1,FXJKS49.8
2,FSHXBX80.46
1,FAHBZ10_FDME220050692-1a.94
1,FSHXBX128.44
1,FSXTY9.28
2,FSDJN50.84
2,FJNDD13_FDME220051230-1a.46
2,FJSNT16.39
2,FGDLZ24_FDME220051919-1a.32
2,FCQTY007.72
2,FHNXY30.126
2,FSHXHZ1.23
2,FJSWXJ37.52
2,FSCCD14hun.44
2,FCQTY010.106
2,FeceHuNa150114_FDME220052265-1a.29
2,FHNXY21.47
2,FJSWXJ38.73
2,FSHCM47.103
2,FAHBZ12.62
2,FSHCM65.85
2,FHuNHHMY69.112
2,FSDJN38.63
2,SDHZD3.64
2,FBJ2.44
1,FGSYC60.91
2,FSHXBX123hun.93
2,FHNFQ60hun.71
2,FGXGL40_FDME220052095-1a.69
2,FSXTY22.37
1,M214F02.29
2,FSDLZ34.39
2,FBJ7.142
2,FSXTY24.56
2,FSXTY50.139
2,FSDLZ33.80
2,L1EFC230264_FXJCJ23_S148_L002.79
2,FSHXBX174.42
2,FNXYCHL71.53
2,FeceHuBe150122_FDME220052843-1a.58
2,L1EFC230381_FSHXXA05_S339_L004.11
2,FSDJN24.13
1,FSHXBX66.25
2,FJSWX100.41
2,FXJSW37.53
2,FCQHC9.94
1,FXJKS17.64
2,FJSNT32.46
1,FSDQZ11.86
1,FSDQZ18.11
2,FGZ3M_FDME220051970-1a.95
2,FSHXWN21.80
2,FCQTY070_FDME220051147-1a.67
2,FSHHK30_FDME220054499-1a.17
1,FSHCM99.48
2,FJLHD16.81
2,FJSNT33.96
2,FSDLZ03.23
2,FSDJN20.126
1,FGSYC58.59
2,FJXSRPYG4.17
1,FSDJN44.63
1,FGSYC65.15
2,FFJLY8_FDME220051245-1a.53
2,FGDLZ82_FDME220051960-1a.57
2,FJSWX107.44
2,FTJBH61.41
2,FHNFQ38.9
2,FSHCM80.32
2,L1EFC230361_FSHXBX31_S319_L004.73
2,FSXLVWS7hun.1
2,L1EFC230330_FTJS0027_S256_L003.26
1,FNMHLBE25hun.21
2,FTJBH78.31
2,FSHCM23_FDME220054538-1a.31
2,FTJBH51.60
2,FAHBZ42_FDME220050719-1a.34
2,FHuNHHMY72.55
2,FGXGL41_FDME220052096-1a.74
2,FGSZY16.114
2,FSCCD18hun.15
2,FGXGL6_FDME220052061-1a.127
2,FNMHLBE35.21
2,FNMHHHHT21.90
2,FJXSRPYG20.95
1,FHBSJZ27.85
2,FGXGL23_FDME220052078-1a.95
2,FGDLZ33_FDME220051920-1a.44
2,FSDJN21.35
2,FFJLY3_FDME220051240-1a.47
1,FXJKS20.7
2,FSXTY1hun.16
2,FSXTY15.37
2,FHuNHHMY6.92
2,FGZ6M_FDME220051977-1a.57
2,FSXLL9.1
1,FSDQZ2.63
2,FFJLY72_FDME220051238-1a.28
2,FJNDD4_FDME220051221-1a.28
2,FCQTY063_FDME220051143-1a.23
2,FJXSRPY55.65
2,FJXSRPY21.18
2,FAHBZ46_FDME220050723-1a.71
1,FSDQZ36.44
2,FSHCM22_FDME220054537-1a.45
1,FGSYC80.32
2,FHNXY20.62
2,FSCPS61.80
2,FGDLZ81_FDME220051959-1a.67
2,FJXSRPY38.69
1,FHBSJZ19.86
2,FBJ41.28
1,FXJKS12.56
2,FZJTZ20.47
2,FJXSRPY10.42
2,FNMHLBE2.35
1,FHBSJZ34.130
2,FSHXWN32.40
1,FQHXN48.74
2,FGDLZ68.66
2,FFJLY43_FDME220051271-1a.53
1,FSHXBX71.14
2,FXJWS38.9
1,FXJKS50.85
2,FZJHZD28.34
2,FGZ12M_FDME220051990-1a.37
1,FQHXN45.137
2,FZJTZ68.72
2,FHuNHHMY16.38
2,FGXGL102.57
2,FGXGL71_FDME220052126-1a.20
1,FSHXBX125.48
2,FTJBH76.26
2,FCQTY101_FDME220051173-1a.54
2,FJSNT4.5
1,M1C10.40
2,FJSWX97.12
2,FeceHuBe15013_FDME220052831-1a.119
2,FSHCM13_FDME220054530-1a.69
2,FJLHD37.53
2,FHuNHHMY1.84
2,FFJLY78.115
2,FHuNHHMY32.17
2,FNXYCHL39.64
2,FJSNT2.24
2,FSDLZ17.138
2,FJSWX99.10
2,FSXTY53.41
2,FTJBH38hun.50
2,FHuBWH1.84
1,FQHXN73.80
2,FXJSW8.31
2,FJSNT46.49
1,FNXYCHL45.62
2,FSHCM75.128
2,FSHXWN30.67
2,FSDJN6.53
2,FJSWX89.28
2,FJNDD5_FDME220051222-1a.5
2,FSHXHZ10.56
2,FSHCM83.111
2,FGDLZ58.16
1,FXJYN31.26
2,FSHXBX53.99
2,FSXTY60.87
2,FSCPS24.44
2,FJSNT24.49
1,FSXLVWS9.51
2,FHNFQ56.85
2,L1EFC230325_FTJS0011_S251_L003.65
2,FXJYN33.108
2,FCQTY141_FDME220051183-1a.67
2,FNMHLBE7.140
2,FSCPS4.136
2,FHNXY11.55
2,FXJSW10.148
2,FSCDJY93.75
1,FHBSJZ56_FDME220052247-1a.29
2,FHHMY42.30
2,FSDLZ13.75
2,FGXGL11_FDME220052066-1a.1
2,FNMHHHHT23.18
2,FSHXWN6.67
2,FHLJZD53.127
2,FSHCM70.73
1,FSDLZ55.38
1,FGSYC90.29
2,FHLJYC42_FDME220052691-1a.59
2,L1EFC230299_FXJWS26_S225_L003.80
2,FSDJN62.59
1,FHBSJZ16.88
2,FAHBZ34.1
2,FeceHuNa150142_FDME220052285-1a.108
2,L1EFC230332_FTJS0029_S258_L003.117
2,FGXGL20_FDME220052075-1a.24
2,L1EFC230339_FJXFC12_S265_L003.13
2,FHuBWH8.15
2,FSCCD22.73
2,L1EFC230307_FXJWS36_S233_L003.71
2,FHLJYC19.87
2,FHLJYC25.93
2,FJSWXJ20.11
2,FFJLY53_FDME220051276-1a.12
2,FZJTZ11.33
1,FHuBWH12.48
2,FYNLJ38.39
2,FTJBH49.34
2,FJXSRPYG41.51
2,FJXSRPY54.121
2,FCQNA43.107
2,FSXTY59.42
2,FGDLZ67_FDME220051948-1a.68
2,FTJBH2.62
2,FBJ20.46
2,FSDLZ25.108
2,FHLJYC1.71
2,FeceHuBe150125_FDME220052846-1a.71
2,FSHXBX70.24
2,FJSNT66.17
1,FGSYC72.5
2,FZJTZ41.50
2,FGXGL32_FDME220052087-1a.85
2,FeceGuXi150112.69
2,FJSNT5.74
2,FSDLZ48.77
2,FSXLL3.2
2,FJSNT3.21
2,FSXLVWS8hun.84
2,FHBSJZ5.66
2,FSDJN48.28
1,FeceHuNa150119.37
2,FHNXY9.50
2,FSHCM90.68
2,FSDLZ16.47
1,FSHXBX74.6
2,FHuNHHMY43.25
2,FJSNT27.57
2,FJSNT58.38
2,FHLJZD43.36
2,FHuNHHMY80.23
2,FJXSRPYG9.84
2,FGSYC30.71
2,FJSNT30.114
2,FHuNHHMY34.50
2,FZJTZ52.19
2,FSDJN35.122
2,L1EFC230327_FTJS0023_S253_L003.91
1,M2CF15.30
2,FGDLZ12_FDME220051914-1a.59
2,FSHCM21_FDME220054536-1a.115
2,JSCZD5.14
2,FSHXBX65.143
2,FJXSRPY17.73
1,FSDQZ16.33
2,FCQTY154_FDME220051190-1a.82
2,FGXGL88.64
2,FSHXBX130.16
1,FXJSW15.140
2,FJSWX86.53
2,FSHCM85.59
1,L1EFC230395_FSHXXA48_S38_L003.53
2,FBJ57.47
2,FSXTY23.24
1,FSHXBX111.24
2,FSHXWN17.22
2,FSHXBX138.30
2,FJLHD18.39
2,FSDJN7.47
1,FHuNHHMY19.16
2,L1EFC230387_FSHXXA17_S345_L004.127
2,FSXLL1.94
2,FeceHeNa5.49
2,FSHCM86hun.44
2,L1EFC230298_FXJWS24_S224_L003.29
2,FHNXY34.84
2,FHLJYC21.99
2,FeceHeNa8.85
2,FGXGL56_FDME220052111-1a.36
1,FGD18M_FDME220052004-1a.11
2,FHLJYC15.97
2,FSCDJY67.22
2,FHuNHHMY24.75
2,FGXGL74_FDME220052129-1a.42
2,FHNXY45hun.112
2,FYNLJ70.49
2,FGZ9M_FDME220051984-1a.14
2,FTJBH62hun.41
2,FSHHK49_FDME220054516-1a.78
2,M2CF19.87
1,FQHXN113.113
2,FSCCD2.83
1,FSHXHZ4.1
2,FGXGL10_FDME220052065-1a.130
1,FAHBZ27_FDME220050707-1a.104
2,FGSYC12.66
2,FJSNT67.116
2,FeceHeNa33.6
2,FSHXBX14.68
2,FSDJN4.92
1,FNMHHHHT15.69
2,FNMHHHHT27.85
2,FHHMY79.63
2,FSHXBX167.112
2,FSHCM52.6
2,FSHCM56.60
2,FHNFQ6.46
2,FHLJYC29.128
2,FeceHeNa20.41
2,FHLJZD52.43
2,FSHXXA46.20
1,FQHXN6.35
2,FGXGL61_FDME220052116-1a.123
2,FHNFQ50.98
2,FSDLZ47.96
2,FHNXY8.74
2,FHLJZD55.29
2,FHBSJZ52.79
2,FSHCM17_FDME220054534-1a.17
2,FHNXY7.102
2,FHNXY5.23
2,FHLJZD49.82
2,FSXLL5.52
2,FHNFQ8.44
2,FHuBWH39.25
2,FXJYN37hun.92
1,SDHZD13.51
2,FHLJYC30.112
2,FNXYCHL47.121
1,FHNFQ29.96
2,L1EFC230342_FJXFC16_S268_L003.79
2,FHNFQ15.65
1,M1DZ11.9
2,FHLJZD46.78
2,FGXGL90_FDME220052145-1a.13
2,FeceHeNa11.16
2,FHuNHHMY70.89
2,L1EFC230376_FSHXBX69_S334_L004.63
2,FHNXY58.1
2,FHuNHHMY7.110
2,FGSYC39.5
2,FJSWXJ3.11
1,FGXGL3_FDME220052058-1a.116
2,FQHXN14.146
2,FJSNT15.81
2,FHuNHHMY52.35
2,FHNXY51.26
2,FFJLY17_FDME220051250-1a.14
2,FSHCM91.15
1,M119R01.78
2,FHLJYC6.61
1,FTJBH5.52
2,FSDJN23.100
2,FSHCM79hun.63
2,FJLHD17.46
2,FFJLY1_FDME220051239-1a.103
2,FHNXY60.104
2,FGDLZ83_FDME220051961-1a.147
2,FJXSRPY35.52
2,FAHBZ36.63
1,FSHCM98.25
1,FSHXBX57.55
2,FSCPS16.37
2,FQHXN58.35
1,FHNFQ63.26
2,FSCDJY76.161
2,FZJTZ6.45
2,FSDLZ57.127
2,FJXSRPY39.90
2,FCQNA9hun.48
2,FBJ69.109
2,FNMHLBE31.178
2,FCQTY050_FDME220051135-1a.57
2,FHBSJZ8.42
2,FHLJYC39_FDME220052688-1a.23
2,FGSZY44.87
1,FAHBZ51_FDME220050728-1a.18
2,FSDQZ21.43
2,FBJ28.52
1,M2CF01.113
2,FXJWS7.39
2,FGXGL75_FDME220052130-1a.98
2,FZJTZ50.75
2,FHuNHHMY78.61
2,FSHCM57.171
2,FSHXBX33.30
1,FXJWS6hun.57
2,FSHCM12_FDME220054529-1a.43
1,FHNFQ46.89
2,FZJTZ62.6
2,FeceHuNa150135_FDME220052278-1a.36
2,FJSNT43.107
2,FAHBZ3_FDME220050685-1a.32
2,FSHXXA38.112
2,FSCCD11.128
2,FSDQZ13.145
2,FSHXBX9.41
2,FCQTY077_FDME220051152-1a.17
2,FHuNHHMY23.4
1,L1EFC230258_FXJCJ14_S143_L002.77
2,FSXTY2hun.33
2,FSHCM62.56
