tree_group,mag
1,FQHXN78.52
1,FSDQZ6.49
1,M2CF01.79
2,FeceGuXi150112.82
2,FSHCM39.95
2,FSDLZ53.27
1,FGXGL16_FDME220052071-1a.73
2,FCQTY079_FDME220051154-1a.79
1,FQHXN79.99
1,FGDLZ76_FDME220051956-1a.72
1,L1EFC230382_FSHXXA06_S340_L004.57
1,FJSWXJ4.5
1,FYNLJ52.88
2,FSHXHZ24.46
2,FNXYCHL5.24
1,FNXYCHL46.87
2,FGXGL95.97
2,FXJYN2.59
NA,FAHWH14.56
2,FHLJYC18hun.21
1,FJLHD43.16
1,FHLJYC23.124
2,FFJLY10_FDME220051247-1a.126
1,M1C10.88
2,FSDJN20.68
1,FJSNT11.58
1,M2CF04.43
2,FYNLJ38.51
2,FNXYCHL26.44
1,FHuNHHMY13.53
1,FHuNHHMY43.81
1,FZJTZ19.39
1,FJLHD37.44
1,FXJYN29.126
2,FSXLVWS7hun.69
1,FGDLZ85.99
2,L1EFC230351_FJXFC35_S309_L004.54
1,FSDQZ21.81
1,FHHMY63.29
1,FeceHuNa150120_FDME220052269-1a.59
1,FSDJN37.43
2,FHLJYC8hun.61
2,FHuNHHMY1.49
2,FHuNHHMY70.64
