tree_group,mag
1,FQHXN60hun.64
1,FNXYCHL38.120
1,FGXGL72_FDME220052127-1a.31
1,FZJTZ26.102
1,FSHCM7.82
1,FSHCM52.65
1,FSDQZ3.8
2,FSHXBX153.35
2,FSHXWN10.14
1,FTJBH19.43
1,FAHBZ36.59
2,FSHXBX150.87
1,FTJS030.119
2,L1EFC230368_FSHXBX52_S326_L004.6
1,FHBSJZ57_FDME220052248-1a.73
1,FXJCJ21.82
2,FNXYCHL33.114
1,FHuNHHMY32.60
2,FSCPS41.103
2,FCQJJ4.45
2,FGSYC14.27
2,FFJLY66.147
2,M1C12.51
2,FHNXY7.33
1,FJXSRPYG20.71
2,FZJTZ35.11
2,FAHWH14.90
2,FSDJN39.61
2,FSHXBX80.16
1,FFJLY78.6
2,FSDLZ58.8
2,FSXLVWS5.41
1,FJSWX82.95
1,FYNLJ22hun.92
2,FHLJYC29.27
1,FJSWX99.2
2,FSHCM21_FDME220054536-1a.3
1,FJSNT45.9
1,FHuNHHMY30.66
1,FSHXBX70.81
2,L1EFC230247_FHLJZD44_S90_L001.124
2,FJSWXJ28.64
1,FSHCM38.11
2,FSXLVWS1hun.111
1,FGZ12M_FDME220051990-1a.73
2,FSHXBX17.54
2,FHLJDQ12.61
1,FCQNA28.57
2,FYNLJ40.3
2,FeceHeNa7.39
2,FeceHuNa150117_FDME220052266-1a.59
2,FXJKS51.44
2,FSHXHZ11.112
2,FHLJYC22.105
2,FSHXBX155.174
2,FSDLZ25.40
2,FSXLVWS3hun.45
1,FNXYCHL6.23
1,FSXTY19.86
1,FTJBH76.36
1,FXJKS34.22
2,FNMHLBE32.101
2,FSHXBX75.28
2,FZJTZ30.26
1,FGSYC25.50
1,L1EFC230252_FXJCJ02_S137_L002.60
1,FSHCM80.103
2,FXJSW2.105
1,FSHCM97.6
1,FSHXHZ3.66
1,FHuBWH33.46
2,FJLHD36.30
2,FNMHHHHT27.31
2,FXJYN29.26
2,FYNDL28hun.34
2,FJSWXJ21.27
1,FXJYN33.117
2,FHNFQ40.44
2,FHLJZD41.109
1,FGDLZ6.18
2,FAHBZ29_FDME220050709-1a.19
2,FGSYC76.20
2,FSHXXA38.15
2,FJXSRPY17.83
2,L1EFC230274_FXJCJ39_S158_L002.129
2,FSDJN26.38
2,FSCPS16.33
2,FGXGL84_FDME220052139-1a.68
1,L1EFC230388_FSHXXA20_S346_L004.82
1,FGXGL28_FDME220052083-1a.20
2,FCQNA40.16
1,FXJKS50.50
1,FGXGL3_FDME220052058-1a.74
1,FGZ36M_FDME220052036-1a.67
2,FGDLZ83_FDME220051961-1a.94
2,FHNXY1.63
