tree_group,mag
1,FJXSRPY15.79
1,FNXYCHL36.56
1,FHNXY36.84
1,FJXSRPY54.48
1,FSCDJY38.21
1,FJXSRPY38.85
1,FNXYCHL59.66
1,FXJYN18.37
1,FNMHHHHT32.121
1,FJXSRPY8.25
2,FJLHD44.136
NA,FCQTY014.40
2,FSCDJY76.54
1,FHLJZD39.37
1,FNXYCHL12.98
2,FJLHD50.115
1,FJXSRPYG28.57
2,FYNLJ74.17
1,FSCDYJ6.1
1,FSCCD19.10
1,FSCDJY93.108
1,FNXYCHL47.97
1,FYNLJ65.47
1,FGDLZ76_FDME220051956-1a.149
2,FZJTZ18.21
1,FGSZY13.45
1,FJNDD4_FDME220051221-1a.65
1,FNXYCHL58.59
1,FZJTZ66.48
1,FHLJZD3.28
1,FQHXN102.137
1,FXJSW50.80
1,FQHXN35.112
1,FNXYCHL7.28
1,L1EFC230355_FJXFC53_S313_L004.31
2,FSXLVWS7hun.22
2,FNXYCHL53.102
1,FFJLY78.139
1,FSCCD14hun.140
1,FCQTY062_FDME220051142-1a.4
1,FXJYN29.121
2,FSXLVLS21.65
1,FSHXXA38.22
2,FJXSRPYG1.55
1,FNMHLBE35.8
1,L1EFC230305_FXJWS34_S231_L003.21
