tree_group,mag
1,FHuNHHMY32.100
1,FJSNT60.91
2,FNXYCHL5.12
2,FNXYCHL95.2
1,FSCPS3.123
1,FGXGL11_FDME220052066-1a.72
1,FFJLY3_FDME220051240-1a.60
1,FHNXY17.83
1,FHNFQ30.94
1,FNXYCHL49.82
1,FFJLY77.61
1,FFJLY71.82
1,FZJHZD25.41
2,L1EFC230382_FSHXXA06_S340_L004.54
2,FYNLJ51.78
1,FHNFQ36.70
1,FJXSRPY46.88
1,FHLJYC13.66
2,FHLJZD52.19
1,FGSZY48.129
1,FSDLZ07.24
1,FHNXY21.27
1,FHBSJZ27.31
1,FGXGL1_FDME220052056-1a.23
1,FSHCM85.2
1,FSDLZ59.16
1,FSHCM12_FDME220054529-1a.70
1,FFJLY37_FDME220051266-1a.19
1,FHBSJZ34.99
NA,FBJ21.96
2,FSDLZ32.62
1,FHBSJZ54_FDME220052245-1a.40
2,FBJ35.2
1,L1EFC230311_FXJWS42_S237_L003.31
1,FSHXHZ8.123
1,FSHXHZ9.14
1,FYNLJ52.21
