tree_group,mag
1,FHuBWH12.3
1,FJSWX97.75
1,FTJBH57.6
2,FFJLY48.63
1,FXJYN12.31
1,FJSNT35.44
1,FGZ15M_FDME220051995-1a.69
1,FXJYN31.34
2,FHNFQ9.18
1,FAHWH36_FDME220050753-1a.52
1,FSDLZ60.11
1,FSHXBX21.39
1,FTJBH14.45
1,FSHCM22_FDME220054537-1a.1
1,FSDQZ43.44
1,FSDJN33.38
1,FGSYC49.9
1,FBJ58.42
2,FSHHK31hun.40
1,FSXLVLS4.8
2,FSHHK44.36
1,FZJJH12.108
1,FGZ41M_FDME220052054-1a.45
1,FZJHZD9hun.79
2,FSXTY3.82
2,FSHHK48_FDME220054515-1a.62
1,FGDLZ35.58
1,FSHCM53.42
1,FTJBH76.20
1,FAHWH44_FDME220050761-1a.4
1,FZJJHD2.1
1,FJSNT8.7
1,FZJHZD5.8
1,FSHXWN4hun.52
1,FXJYN17.105
1,FSHCM42hun.80
1,FGZ40M_FDME220052053-1a.80
2,FNXYCHL19.53
1,FHLJYC37_FDME220052686-1a.27
1,FSHCM94hun.87
1,FSCCD10.65
1,FGZ30M_FDME220052028-1a.94
1,FHBSJZ4.34
1,FNXYCHL54.12
1,FBJ14.29
1,FHNFQ63.45
1,FJSWXJ28.104
1,FCQTY029_FDME220051123-1a.18
1,FSHXBX4.78
1,FSHHK15hun.66
1,FHNXY55.72
1,FJSWXJ15.29
1,FSDJN24.8
2,L1EFC230328_FTJS0025_S254_L003.28
1,FSHHK18hun.7
1,FSDLZ16.73
2,FSHCM71hun.64
1,L1EFC230347_FJXFC25_S305_L004.2
1,FZJHZD7hun.14
1,FCQTY030_FDME220051124-1a.33
1,L1EFC230385_FSHXXA13_S343_L004.13
1,FGXGL83_FDME220052138-1a.56
1,SDHZD4.71
1,FNXYCHL29.49
1,FSHXBX89.70
2,FeceHuBe150119_FDME220052841-1a.33
1,FSXTY61.60
1,FSHXBX61.41
1,FJLHD14.9
1,FBJ57.51
1,FSXTY24.35
1,FXJCJ9.47
1,FSHCM75.39
1,FSHXWN32.79
1,FGZ37M_FDME220052037-1a.45
1,FSHHK47_FDME220054514-1a.88
1,FSDLZ45.40
1,FeceHuBe15013_FDME220052831-1a.70
1,FSHXXA45.105
1,FBJ26.88
1,M2CF19.39
1,L1EFC230306_FXJWS35_S232_L003.110
1,FJSWX84.31
1,FSXTY23.43
1,FSHXBX27.120
1,FSHCM61hun.31
1,FZJHZD3hun.14
1,FXJWS50.23
1,FSDLZ01.63
1,FJSNT60.53
2,FZJTZ11.12
1,FJSNT30.174
1,FSCDJY12.67
1,FXJCJ65.19
1,FSXLL6.15
2,FJSWX73.22
2,FSHHK19_FDME220054489-1a.9
1,FCQTY070_FDME220051147-1a.6
1,FJSNT61.43
1,FSHXBX164.75
1,FSXTY17.83
1,FHNFQ62hun.49
1,FCQTY067_FDME220051145-1a.6
1,FJSWXJ12.64
1,FSHHK43.23
1,FHuBWH39.50
2,FJSNT46.71
1,FCQTY006.7
1,FHNXY14.40
1,FSHCM65.50
2,FZJTZ66.28
1,FJSNT29.22
1,FCQTY059_FDME220051139-1a.16
1,FZJTZ1.66
1,FSHCM80.33
1,FSXTY16hun.19
1,FNXYCHL7.51
1,FJXSRPYG32.68
1,FGZ4M_FDME220051972-1a.160
1,FYNLJ45.77
1,FTJS016.5
1,FJNDD5_FDME220051222-1a.109
1,FGSYC39.23
1,FTJBH55.33
1,FJSNT33.89
1,FNXYCHL30.82
2,FZJTZ28.60
1,FCQTY004.34
1,FJSWXJ38.104
2,FSHHK24hun.31
2,FSHHK35_FDME220054504-1a.77
2,FHuNHHMY78.10
1,FJSWXJ26hun.19
1,FSXTY49.64
1,FZJHZD6.6
1,FXJYN27.30
2,SDHZ11.11
2,FGZ5M.35
2,FeceHeNa6.15
1,FSHHK20hun.74
1,FSXLVLS9.42
1,FJSNT16.15
2,FSXTY12hun.70
1,FNMHHHHT36.63
2,FJSWXJ29.3
1,FGD17M_FDME220052001-1a.3
1,FSHXWN8.43
1,FGZ38M_FDME220052048-1a.67
1,L1EFC230299_FXJWS26_S225_L003.101
1,FJNDD1.38
1,FHLJZD1.25
2,FSXTY57hun.27
1,FGZ6M_FDME220051977-1a.86
2,FGZ36M_FDME220052036-1a.74
1,FBJ28.87
1,FCQTY021_FDME220051118-1a.37
2,L1EFC230333_FTJS0033_S259_L003.24
1,L1EFC230345_FJXFC21_S303_L004.45
1,L1EFC230267_FXJCJ26_S151_L002.80
1,FJSWXJ41.25
1,FCQTY101_FDME220051173-1a.37
1,FZJTZ14.72
2,FTJBH83.23
1,L1EFC230307_FXJWS36_S233_L003.19
1,FSDLZ33.62
1,FCQTY148_FDME220051187-1a.48
1,FSXTY41hun.20
1,FCQTY149_FDME220051188-1a.38
1,FBJ22.104
1,FXJYN7.29
1,FSDJN19.41
1,FSHCM51.14
1,FSHXBX49.19
1,FTJBH82.30
2,FSHCM67.20
1,FJNDD11_FDME220051228-1a.98
1,FNMHHHHT21.6
1,FJXSRPYG34.8
1,FSXTY32.84
1,FTJBH61.77
2,FSDLZ47.81
1,FSHCM97.98
1,FCQTY025_FDME220051121-1a.88
1,FSHCM85.54
1,FAHWH01.30
2,FNMHLBE17.62
1,FBJ16.113
2,FHuBWH25hun.41
1,FNXYCHL42.39
1,FAHWH02.34
2,FGZ1M.4
1,FTJS020.70
1,FSHXBX123hun.17
1,FJLHD15.3
2,FJSNT19.80
2,FJSNT66.82
2,FHLJZD57.22
1,FHLJYC5.96
1,FSHHK7_FDME220054481-1a.22
1,FSHCM93.112
1,FXJCJ3.48
1,FCQTY048_FDME220051133-1a.41
1,FTJBH33.35
2,FHNXY30.42
2,FAHWH18.62
1,FeceHuNa150113_FDME220052264-1a.78
1,L1EFC230373_FSHXBX64_S331_L004.89
2,FJSWXJ19.71
1,FTJBH15.51
1,FTJBH32.80
1,FSHXBX150.33
2,FAHBZ2.66
1,FGSYC1.34
1,FSHXWN6.85
1,FGD18M_FDME220052004-1a.4
1,FJSWXJ22.4
1,FHNXY48.43
1,FSXLL5.37
1,FQHXN47.24
1,FZJHZD11.29
1,FNMHLBE8.29
1,L1EFC230322_FTJS0008_S248_L003.45
1,FSHCM9_FDME220054526-1a.71
1,FSDJN26.72
1,FSHHK12hun.81
1,FZJHZD8.11
1,FBJ37.12
1,FNMHLBE6.13
1,FTJS006.40
1,FHuNHHMY61.51
2,FAHWH16.36
1,FSXLVLS2.81
1,FZJHZ6.58
1,FJSNT14.45
1,FSHXBX163.85
2,FeceHuNa150119.54
1,L1EFC230302_FXJWS31_S228_L003.112
2,FGSYC83.46
1,FJSWX77.87
1,FNMHHHHT11.47
1,FSHHK27hun.60
2,FSHHK17hun.3
1,FSHCM88hun.3
2,FCQNA42.24
1,FCQTY155_FDME220051191-1a.99
1,FHHMY42.14
1,FSHXBX111.85
1,FSHHK16_FDME220054486-1a.84
2,FeceHuNa150110_FDME220052261-1a.45
1,FCQNA7.28
1,FAHWH06.76
