tree_group,mag
1,FTJBH84.101
2,FGSYC60.94
2,FGZ12M_FDME220051990-1a.10
2,FBJ69.79
1,FJSWX76.55
2,SDHZD4.72
2,FNMHHHHT31.19
2,FSXLVWS6.23
1,FCQTY043_FDME220051131-1a.23
1,FJSWXJ16.45
2,FGSYC1.27
2,FXJWS50.6
2,FSHXBX25.6
1,FBJ48.6
1,FSXTY23.39
2,FGD18M_FDME220052004-1a.28
2,FNMHLBE4.26
2,FSDQZ23.95
1,FSDQZ21.120
1,FHLJZD50.47
1,FGDLZ9_FDME220051911-1a.75
1,FHuNHHMY3.140
1,FGDLZ70.13
2,FHLJYC29.59
1,FJXSRPY43.16
2,FSHXBX43.105
1,FHBSJZ37.5
2,FeceHeNa17.107
1,FSHXBX174.43
1,FGZ15M_FDME220051995-1a.110
2,FNXYCHL38.59
2,FJSNT33.60
2,FSDQZ36.4
1,FFJLY73.24
2,FXJKS42.12
2,FSHXBX127.6
2,FAHBZ1_FDME220050683-1a.62
1,FSXTY27.32
2,FSXTY56.36
2,FSHXBX19.6
2,FAHBZ56.89
2,FSHXBX138.39
2,FTJS032.8
2,FSHXHZ1.43
2,FSDJN44.31
1,FSDJN23.74
2,FSDLZ17.50
1,FJSWXJ42.97
1,FSHXBX22.64
1,FHuBWH33.9
1,FGXGL4_FDME220052059-1a.41
2,FQHXN76.75
2,FTJS017.55
2,FQHXN87.92
1,FGSYC6.10
1,FJNDD17_FDME220051234-1a.50
1,FCQHC1.4
1,FSHCM80.83
1,FXJCJ57.8
2,L1EFC230319_FTJS0003_S245_L003.19
2,FHBSJZ24.34
2,L1EFC230248_FHLJZD47_S91_L001.33
1,FSCPS73.12
1,FSDLZ55.65
2,FTJBH51.12
2,FHBSJZ46_FDME220052237-1a.52
2,FSDLZ30.89
2,FGSYC3.65
1,FeceHuBe150124_FDME220052845-1a.52
1,FGXGL71_FDME220052126-1a.66
2,FAHBZ41_FDME220050718-1a.35
2,FHNXY29.5
2,FHBSJZ29.47
2,FSXTY3.87
2,FHNFQ25.63
2,FQHXN37.35
1,FSCPS39.68
2,FXJSW49.88
1,FJXSRPY45.43
2,FHuBWH29.67
1,FCQNA3.31
2,FNMHHHHT44.36
2,FCQTY141_FDME220051183-1a.20
2,FSHXXA14.22
1,FHNFQ22.21
2,FSDJN22.77
1,FTJS002.18
2,FAHBZ46_FDME220050723-1a.118
2,FSHCM52.38
1,FSCDJY98.55
2,FQHXN43.50
1,L1EFC230246_FHLJZD42_S89_L001.24
2,FHNXY54.18
2,FeceHuBe150122_FDME220052843-1a.110
1,FFJLY5_FDME220051242-1a.61
2,L1EFC230391_FSHXXA34_S34_L003.53
2,FHBSJZ26.66
1,FSXTY52.58
2,FNMHHHHT41.57
1,FSHHK39_FDME220054508-1a.1
1,FJSNT15.60
1,FSHXWN13hun.20
2,FTJBH41.8
1,FGXGL97.49
1,FHHMY17.58
1,FGDLZ62.60
2,FGXGL96.26
2,FXJYN35hun.34
2,FSXTY12hun.18
2,FHLJYC40.72
2,FBJ14.79
2,FCQNA39.26
1,FXJSW20.75
1,FeceHeNa6.68
1,FYNLJ34.93
2,FHNFQ54.37
2,FCQTY072_FDME220051149-1a.51
2,FTJBH17.74
2,FeceHuNa150111_FDME220052262-1a.28
1,FYNLJ69.58
2,FSHHK42_FDME220054511-1a.84
2,FHNFQ50.21
2,FeceHuBe15015_FDME220052833-1a.3
1,FNMHLBE22.20
1,FSHXWN1.81
1,FJXSRPYG7.25
1,FHNXY43.63
2,FSDJN13.34
2,FHNFQ27.9
1,FXJWS4.98
2,FSDQZ33.77
2,FNXYCHL61.6
2,FGXGL100.66
2,FHNXY20.87
1,FGXGL61_FDME220052116-1a.129
2,FHNFQ56.3
1,FXJSW41.50
1,FTJS020.95
2,FGDLZ51.41
2,SDHZD10.84
2,FSHCM13_FDME220054530-1a.52
2,FZJTZ53.101
1,FCQNA41.5
2,FHLJZD3.84
1,FJNDD9_FDME220051226-1a.76
2,FSDLZ39.37
2,FSCDJY38.103
2,FGSZY10.3
2,FJSNT14.9
2,FSXLVLS14.77
2,FAHBZ25_FDME220050705-1a.12
2,FXJSW9.87
2,FSDJN45.37
2,FYNLJ65.34
2,FGXGL26_FDME220052081-1a.101
2,FNMHHHHT15.22
2,FXJKS3.110
1,FGXGL83_FDME220052138-1a.58
2,FGXGL33_FDME220052088-1a.85
1,FSCDYJ9.38
1,FGXGL95.91
1,FAHWH33.65
1,FJSNT18.62
2,FJXSRPY17.43
2,M2CF05.41
1,FJXSRPY30.55
1,FSHHK10_FDME220054482-1a.60
2,FXJWS10.19
2,FGSZY43.11
2,FHLJZD32.17
1,FJSNT19.55
1,FSCDYJ6.19
2,FTJBH82.40
2,FGSZY46.70
1,FTJS016.80
2,FGZ2M.62
2,FJXSRPY22.99
1,FSHCM51.4
2,FYNLJ7.94
2,FHLJYC20.20
1,FHLJZD57.8
1,FHNFQ52.42
2,FJXSRPY35.71
2,FJSWX104.42
1,FXJCJ29.6
2,FJLHD34.50
2,FeceHuNa150134_FDME220052277-1a.41
2,FYNLJ56.93
2,FTJBH28.97
2,FXJKS30.2
2,FHNXY32.3
2,FZJTZ36.34
2,FXJSW5hun.46
2,FQHXN101.52
1,M130R01.70
1,FHLJYC24hun.30
2,FeceHuNa150117_FDME220052266-1a.41
2,FJSNT61.25
2,FXJSW44.40
2,FSXLVWS8hun.42
2,FAHBZ20_FDME220050700-1a.125
2,FSXTY43.17
2,L1EFC230381_FSHXXA05_S339_L004.31
2,FSDJN60.121
1,FSHCM4hun.74
2,FSXLVLS12.67
1,L1EFC230236_FHLJZD14_S81_L001.56
2,L1EFC230310_FXJWS40_S236_L003.13
2,FNXYCHL65.35
1,FSHXBX132hun.28
2,FXJWS48.21
1,FGDLZ50_FDME220051930-1a.19
2,FSXTY35.18
2,FGD19M_FDME220052006-1a.63
2,FYNLJ76.30
2,FGSYC76.62
1,FJSWXJ7.55
2,FAHBZ30_FDME220050710-1a.22
2,FGSYC19.40
2,FSHXBX161.8
2,FGSYC82.33
2,FNMHLBE32.20
2,FSHXBX156.64
1,FSXLL16.64
2,FGDLZ3.57
2,FSHXBX128.16
2,FGSZY11.92
2,FNXYCHL42.23
2,FTJS019.62
2,L1EFC230387_FSHXXA17_S345_L004.43
2,FSXLVLS18.6
2,FeceHuNa150112_FDME220052263-1a.30
2,FXJKS5.127
2,FGXGL90_FDME220052145-1a.29
2,FXJKS22.178
2,FNMHLBE6.57
2,FYNLJ68.122
2,FSHXBX131.74
2,FHNFQ48.47
2,FGSZY8.55
2,M1DZ10.45
2,FSHXHZ21.51
2,FZJJHD2.33
2,FBJ7.39
2,FSCPS36.31
2,FCQTY073_FDME220051150-1a.42
2,FSHHK14.15
2,FJXSRPY15.44
2,FSHXXA44hun.78
2,FSHXBX103.83
1,FSHXHZ22.18
2,FGSYC68.52
2,FGSYC77.16
2,FBJ19.18
2,FCQTY049_FDME220051134-1a.91
2,FGSYC44.66
2,FSHXBX165.43
2,FSXLVWS2hun.63
1,FFJLY11_FDME220051248-1a.10
2,FHuBWH10.29
1,FHuNHHMY6.165
1,FNXYCHL9.66
1,FSCPS43.38
1,FZJTZ41.8
2,FAHBZ27_FDME220050707-1a.68
2,FTJBH57.44
2,FSHCM56.10
2,FSHCM26.1
1,L1EFC230371_FSHXBX56_S329_L004.53
1,L1EFC230268_FXJCJ27_S152_L002.35
2,FSHXXA16.32
1,FGDLZ39.103
1,FZJTZ2.47
2,FQHXN6.83
1,FXJYN18.17
2,FGXGL105.21
2,FHNXY33.37
1,FQHXN54.110
2,FHLJZD11.24
2,FSXTY29hun.39
2,FTJBH93.92
2,FGSYC45.75
1,FHuNHHMY49.52
2,FeceGuXi150116.79
2,FXJSW24.61
1,FeceHuNa150119.2
1,FSHXBX49.13
1,FHNXY28.58
2,FSHXBX53.77
2,FSHXHZ12.11
2,M2CF14.15
2,FGXGL108.52
2,FSXLVLS21.25
2,FJSNT72.76
1,FNMHHHHT36.70
2,FSCPS37.38
2,FJSWX97.72
2,FSHXHZ25.37
2,FSXLL12.24
2,SDHZD12.52
2,FYNLJ37.85
2,FHNXY50.5
2,FQHXN11.17
2,FCQTY078_FDME220051153-1a.59
2,FHLJZD53.29
1,FGXGL39_FDME220052094-1a.52
2,FNMHHHHT33.6
2,FeceHuNa15011_FDME220052259-1a.15
2,FTJBH33.1
2,FGSYC75.54
1,FHLJZD8.124
1,FJSNT39.17
2,FHNXY8.60
2,FCQTY067_FDME220051145-1a.32
2,FZJTZ62.27
1,FJLHD45.37
2,FXJKS43.63
1,FCQTY035_FDME220051127-1a.55
2,FXJKS39.134
1,FHBSJZ12.1
1,FCQTY053_FDME220051136-1a.26
2,FSXLL11.18
1,FSHCM97.100
1,FSHCM42hun.108
2,FAHBZ51_FDME220050728-1a.68
2,FNXYCHL93.75
1,FGZ30M_FDME220052028-1a.87
2,FeceHuBe150119_FDME220052841-1a.50
1,FXJYN33.139
1,FNXYCHL2.70
1,FSCDJY63.16
2,FZJTZ68.63
2,FGXGL79_FDME220052134-1a.74
2,FAHBZ45_FDME220050722-1a.6
1,FJLHD50.33
2,FZJHZD17hun.13
1,FSXLL7.18
2,FeceHuNa150142_FDME220052285-1a.30
2,FSCDJY78.71
1,FQHXN83.38
1,FNXYCHL20.25
2,FXJCJ65.27
2,FJLHD1.48
2,FJXSRPY12.78
1,M1C2.64
2,FSHXBX162.68
2,FZJTZ38.15
1,FSHXBX89.30
2,FGXGL56_FDME220052111-1a.30
1,FSDJN1.79
1,FZJHZD5.80
1,FSHXBX152.15
2,FGSZY57_FDME220051907-1a.17
1,FTJBH64.15
1,FSXLVLS4.26
2,FSHXBX61.64
2,FGXGL104.33
2,FSDJN33.26
2,FNXYCHL69.80
1,FJXSRPY55.34
2,FeceGuXi150110.10
2,FeceHuNa150120_FDME220052269-1a.41
1,FSHXWN8.28
1,FSHHK45.22
2,FHNXY13.3
1,FGSYC20.56
2,FBJ26.35
1,FSXLL13.76
2,FZJTZ52.42
2,FSHXWN15.125
2,FSHXWN4hun.9
1,FHBSJZ51.3
2,FTJBH47.18
2,FSHXWN6.73
2,FHLJYC41.42
2,FSDQZ3.14
2,FSXTY34.61
1,FCQTY061_FDME220051141-1a.72
2,FQHXN8.7
2,FAHBZ22_FDME220050702-1a.77
1,FHLJZD45.8
2,FXJKS4.92
1,FCQJJ3.78
2,L1EFC230272_FXJCJ36_S156_L002.50
2,FSXTY28.39
2,FXJKS49.6
1,FNMHHHHT29.70
1,FSCCD22.49
1,FCQTY070_FDME220051147-1a.60
2,FGSYC14.30
2,FJSNT65.5
2,FSDJN24.49
2,FGSYC17.61
2,FNMHLBE15.58
1,FSCPS10.37
2,FSDLZ15.10
2,L1EFC230277_FXJCJ42_S161_L002.86
2,FSDLZ33.31
2,FCQTY054_FDME220051137-1a.19
2,FSDJN48.73
1,FGDLZ67_FDME220051948-1a.1
2,FGSZY25.11
1,FXJYN7.12
2,FSHXBX9.65
2,FGSZY45.22
2,FQHXN36.20
2,FHBSJZ49_FDME220052240-1a.77
1,FGZ3M_FDME220051970-1a.49
2,FSXTY47.42
2,FHLJYC42_FDME220052691-1a.144
2,FZJJHD1.63
1,FSHHK30_FDME220054499-1a.10
2,FHLJZD31.34
2,FQHXN77hun.37
2,FHBSJZ3.35
2,FTJBH11.36
2,FSXTY13hun.18
2,FGSZY41.64
2,FJLHD3.76
2,FSHXBX33.41
2,FTJBH18.33
1,FNXYCHL17.36
2,M1C4.64
1,FSHXBX158.30
1,FHHMY84.84
2,FCQTY162_FDME220051195-1a.59
2,FSXLVLS17.50
2,FXJSW11.65
1,FTJS021.1
1,FBJ20.8
2,FHLJYC25.81
2,FHNFQ41.49
2,FSHXBX57.18
1,FSXTY44.23
2,FeceHuNa150128_FDME220052275-1a.6
2,FHuBWH12.52
1,FeceHeNa19.83
1,FSXTY24.24
2,FCQTY050_FDME220051135-1a.63
1,FQHXN93.31
2,FSCCD15.47
2,FJLHD23.103
2,FJSWXJ3.41
2,FGSYC86.89
2,FHLJZD41.116
2,FXJWS38.40
2,JSCZD5.101
2,FGXGL45_FDME220052100-1a.15
1,FTJBH74.15
2,FQHXN44.20
2,FSDJN5.43
1,M2CF17.38
2,M1DZ08.19
2,FBJ43.90
1,FJXSRPY11.44
2,FSHXBX150.16
1,L1EFC230337_FJXFC09_S263_L003.34
1,FJSNT64.57
2,FCQTY104_FDME220051175-1a.13
2,FZJTZ12.29
2,FSDJN39.16
1,FHLJYC30.23
2,L1EFC230389_FSHXXA21_S347_L004.60
2,FZJTZ55.82
1,FNXYCHL73.6
2,FSHXBX71.105
2,FSHXWN27.68
2,FSHHK44.38
2,FSXTY49.97
1,FHBSJZ11.66
2,FGDLZ21.100
2,FNXYCHL10.25
2,FSDQZ30.124
1,FCQNA5hun.72
2,FHHMY4.136
1,FSXTY26.19
2,FGSYC33.55
1,FeceHeNa13.84
2,FQHXN53.15
2,FGDLZ30.58
1,FGDLZ68.58
1,FeceHuNa150114_FDME220052265-1a.75
1,FSDQZ15.36
2,FSXTY39.116
2,FQHXN89.132
2,FSHCM47.14
1,FJSNT58.10
2,FXJYN37hun.47
2,FHBSJZ22.14
2,FZJTZ9.23
2,FSXTY11.66
2,FHLJZD51.21
2,FSHCM65.9
2,FJSNT67.132
1,FQHXN78.63
2,FJSNT28.23
2,FZJTZ10.14
2,FHNXY36.130
1,FSXTY51hun.53
2,FSHXBX147.23
2,FAHWH38_FDME220050755-1a.107
2,SDHZD11.38
2,FXJSW6.31
1,FYNLJ36.17
2,FSXTY21.12
2,FJLHD18.4
1,FAHBZ48_FDME220050725-1a.69
2,FSHXBX135hun.1
1,FXJWS22.77
1,FQHXN84.18
2,FTJBH61.13
2,FHNFQ17.1
2,FQHXN27.29
2,FAHWH09.83
NA,FSDLZ24.30
2,FSDLZ53.7
2,FZJTZ54.54
1,SDHZD15.37
2,FGSYC62.19
1,FSCDJY67.141
2,FGSYC85.8
2,FHBSJZ14.11
1,FAHBZ7_FDME220050689-1a.104
2,FHLJYC21.113
1,FeceGuXi150115.17
2,FJSNT35.50
2,FGSZY51.23
1,FAHBZ37_FDME220050714-1a.86
2,FGXGL63_FDME220052118-1a.128
1,FHuBWH23hun.14
2,L1EFC230235_FHLJZD10_S80_L001.4
2,FSXTY54.15
2,FAHWH02.17
2,FNMHHHHT27.116
1,FZJTZ65.89
1,FSXTY7hun.6
2,FGSYC18.46
2,FHNFQ39.85
2,FJLHD14.25
2,FNXYCHL51.22
1,FHLJZD43.43
2,FJXSRPY24.80
2,FHLJYC19.108
1,FCQTY077_FDME220051152-1a.25
2,FNXYCHL60.30
1,FHNXY9.58
2,FTJBH_17.27
2,FQHXN38.18
2,FAHBZ9_FDME220050691-1a.63
1,FSDQZ6.136
1,FSDJN51.11
1,FSHCM48.40
1,FSHXBX171.57
2,FJXSRPYG31.9
2,FBJ42.89
2,FSXLVLS19.78
2,FFJLY53_FDME220051276-1a.32
1,FGXGL40_FDME220052095-1a.48
1,FHuNHHMY76.112
2,FXJSW40.66
1,FNMHHHHT11.116
2,FSHCM58.39
2,FSHXBX14.69
2,FHNXY49.113
2,FSDQZ19.85
2,FGSYC13.78
2,FTJS035.63
2,FSDJN17.23
2,FHuBWH18.28
1,FSCPS69.103
1,FGXGL75_FDME220052130-1a.14
2,FTJBH29hun.16
2,FHNXY22.17
2,FHLJZD54.21
1,FNMHHHHT18.39
1,FJSWXJ32.22
2,FHNXY51.2
2,FSXLVLS25.70
1,FZJTZ28.76
2,FGSZY53_FDME220051904-1a.69
1,L1EFC230327_FTJS0023_S253_L003.32
2,FeceGuXi15012.21
2,FQHXN50.25
1,FHNXY53.13
1,FCQNA9hun.91
1,FCQTY006.1
2,FGXGL49.120
1,FSXLL6.34
2,FSXTY31.12
2,FSHXBX134hun.7
1,FBJ28.114
1,FJSWXJ12.73
2,FGSYC5.11
1,FCQTY039_FDME220051129-2a.16
2,FSXLVWS1hun.24
2,FGD16M_FDME220051998-1a.38
2,FSHCM91.13
2,FJLHD19.22
1,FJNDD1.54
2,L1EFC230252_FXJCJ02_S137_L002.59
2,FGXGL109.67
2,FTJBH53.24
1,FSXTY53.95
2,FAHBZ5_FDME220050687-1a.8
1,FJNDD19_FDME220051236-1a.15
2,FSHXBX88.14
2,FSHCM63.23
2,FSDJN14.67
2,M104R01.45
2,FHLJYC22.107
2,FSHCM54.58
2,FQHXN102.129
2,FSCDJY41hun.30
2,FSDLZ25.67
1,FHLJYC1.60
2,FSDJN62.114
2,FJSWX107.66
1,FSCPS95.79
1,FSHCM96.122
2,FAHBZ28_FDME220050708-1a.9
1,FZJHZD30.30
1,FHuBWH1.25
2,FHLJYC16.25
1,FAHWH06.1
2,FNXYCHL28.1
1,FSHXWN17.33
2,L1EFC230361_FSHXBX31_S319_L004.112
1,FHLJZD1.1
2,FSXLL19.34
2,FCQTY092_FDME220051170-1a.119
2,FJLHD43.15
2,M2CF03.61
2,FYNLJ66.61
2,FXJCJ3.27
1,FFJLY46_FDME220051273-1a.19
1,FZJHZD6.129
1,FHuNHHMY70.15
2,FXJCJ53.34
2,FSHXBX130.102
2,FGXGL60_FDME220052115-1a.57
1,FBJ31.44
2,FJLHD6.14
1,FNXYCHL4hun.70
2,FGSYC25.29
2,FBJ25.107
2,FSCDYJ7.80
2,FAHBZ19.35
2,FJLHD39.123
1,FSHHK12hun.41
2,FNMHLBE23.139
1,FSHXBX163.59
1,FHuNHHMY22.55
1,FCQHC16.63
2,L1EFC230386_FSHXXA15_S344_L004.2
2,FSHXBX70.29
2,FQHXN40.34
1,L1EFC230312_FXJWS44_S238_L003.50
2,FAHBZ15.110
2,FJSNT46.27
2,FNMHHHHT30.66
1,FGDLZ12_FDME220051914-1a.39
2,FYNLJ27.78
1,FCQTY154_FDME220051190-1a.14
1,FNXYCHL55.49
2,FQHXN18.30
2,FNMHHHHT32.18
1,FCQTY048_FDME220051133-1a.96
1,FGSYC72.38
1,FJXSRPY44.112
1,FSHXWN9.82
1,FYNLJ46.50
1,L1EFC230274_FXJCJ39_S158_L002.20
2,FGDLZ25.49
1,FSHCM57.29
1,FSHXBX30.17
2,FQHXN92.58
2,FCQTY060_FDME220051140-1a.75
2,FJXSRPYG19.48
2,FSHXBX65.54
2,FSHXBX66.48
2,FSHXBX123hun.5
1,FGDLZ4_FDME220051908-1a.23
2,FQHXN106.55
2,FZJJH12.91
1,FGDLZ20.30
2,FHNFQ7.77
1,FHLJYC4hun.14
1,FFJLY16.32
2,FZJHZD7hun.59
1,FSHCM49.17
2,FSHCM95.24
1,FNXYCHL31.55
2,L1EFC230318_FTJS0001_S244_L003.106
2,FHNXY27.43
2,FNXYCHL37.79
2,FXJYN41.26
2,FSDLZ23.32
2,L1EFC230334_FJXFC03_S260_L003.50
2,FHNFQ12.97
2,FHLJYC28hun.32
2,FSHXBX80.57
2,FCQTY097_FDME220051172-1a.4
2,FQHXN72hun.112
1,FSDJN49.32
2,FHBSJZ35.80
2,FXJYN9.76
2,FTJBH55.82
2,FSDLZ35.36
1,FBJ50.111
1,FXJKS12.70
2,FTJS031.49
2,L1EFC230259_FXJCJ15_S144_L002.9
1,FSDLZ18.64
2,FHNFQ61hun.81
2,FXJSW17.5
2,FCQTY010.136
2,FHNFQ60hun.10
1,FQHXN47.23
2,FAHBZ29_FDME220050709-1a.65
1,FHNFQ3.64
2,FeceHuNa150140_FDME220052283-1a.44
2,FJSWXJ23.41
2,FSDJN43.72
2,FTJBH65.19
2,FGSYC38.60
1,FGSZY52.86
2,FHLJZD49.92
2,FAHBZ40_FDME220050717-1a.50
2,FHLJYC33_FDME220052682-1a.17
2,FSHCM87.39
2,FHLJZD58.37
2,FSCCD19.36
2,L1EFC230363_FSHXBX41_S321_L004.105
1,FSHHK48_FDME220054515-1a.20
2,FSXLVLS7.59
2,FJSWX102.37
1,FJNDD14_FDME220051231-1a.1
2,FHBSJZ42_FDME220052233-1a.38
1,FNMHHHHT21.82
1,FTJBH78.72
2,FHNXY11.48
2,FHLJZD2.144
1,FSXLL8.42
2,FHLJYC8hun.75
2,FJSNT66.105
1,FSHCM23_FDME220054538-1a.60
2,FNMHLBE2.56
2,L1EFC230286_FXJCJ60_S169_L002.57
2,FGSZY4.62
2,FNXYCHL30.89
1,FeceHeNa8.43
2,FGSYC27.8
2,FHLJDQ12.33
2,FAHBZ23_FDME220050703-1a.29
1,FAHWH07.22
1,FZJTZ31.83
2,FSHXXA49hun.63
1,FGXGL66_FDME220052121-1a.27
2,FSXLVLS16.91
2,FYNDL2.50
2,FHLJZD15.9
1,FSCCD6.82
2,FSHCM15_FDME220054532-1a.24
1,FTJS006.7
2,FSHCM22_FDME220054537-1a.20
2,FGDLZ35.26
1,FJLHD15.70
2,FHLJDQ4.45
1,FJND9_FDME220051201-1a.22
2,FGXGL52_FDME220052107-1a.100
1,FGDLZ59_FDME220051938-1a.34
2,FeceHuNa150137.121
2,FSHXBX21.9
2,FAHBZ34.18
2,FNMHLBE7.192
2,FSHXBX76.76
2,FXJCJ4.57
2,FGDLZ2.33
1,M2CF12.115
2,SDHZD1.55
2,FYNDL21hun.45
2,FAHBZ59_FDME220050734-1a.106
2,FQHXN42.40
1,FSCDJY13.21
2,FNMHHHHT14.9
1,FSXTY60.65
2,FYNLJ48.54
2,FNMHLBE33.19
2,FSHXWN12.78
1,FJSWXJ40.19
2,FHNFQ46.2
1,FJXSRPY49.45
1,FSCPS4.36
1,FHuNHHMY19.29
2,FBJ61.40
1,FFJLY4.68
2,FXJYN31.72
1,FGXGL14_FDME220052069-1a.23
1,FXJCJ17hun.54
2,FGSYC21.20
2,FSDLZ40.23
2,FGXGL88.76
2,FBJ30.65
2,FXJYN1.23
2,FXJYN25.18
2,FXJSW8.105
2,FSDJN26.32
1,FSCPS27.24
1,FeceGuXi150112.27
2,FGXGL103.3
2,FGXGL24_FDME220052079-1a.103
2,FNMHLBE12.110
1,FHuBWH20.1
2,FAHBZ17.29
1,L1EFC230244_FHLJZD35_S87_L001.58
1,FXJYN5.34
2,FTJBH25.78
2,FJLHD53.95
2,FGSYC48.63
2,FGSYC46.69
1,FJSWXJ35.7
2,FGZ42M_FDME220052055-1a.44
2,FHNXY7.157
2,FHBSJZ60_FDME220052251-1a.19
1,FGXGL2_FDME220052057-1a.130
2,L1EFC230383_FSHXXA07_S341_L004.80
1,FNXYCHL45.22
2,FNMHLBE31.36
2,FSHXBX12.146
1,FGDLZ77_FDME220051942-1a.29
2,FYNLJ4.41
2,FBJ67.19
2,FJSNT36.73
2,FQHXN94.13
2,FGZ26M_FDME220052020-1a.52
2,FXJCJ31.16
1,FGSZY37.99
2,FHNXY5.62
1,FHuNHHMY45.43
1,FZJTZ19.22
2,FHNFQ21.22
2,FGXGL51_FDME220052106-1a.97
2,FSXTY42.73
1,FSHXBX126.121
2,FXJWS20.26
2,FHLJYC6.24
2,FSHHK7_FDME220054481-1a.12
1,FSXLVLS3.119
2,FGZ38M_FDME220052048-1a.79
1,FJSWXJ43.60
1,FGDLZ82_FDME220051960-1a.73
1,FGXGL64.19
1,FFJLY32_FDME220051261-1a.66
1,FSHCM93.3
2,L1EFC230255_FXJCJ07_S140_L002.56
1,FSCDJY64.21
1,FSDQZ2.36
2,M2CF08.14
2,FHNFQ13.125
2,FGSYC26.76
2,FZJHZD8.97
2,FGZ28M_FDME220052025-1a.58
1,FSXTY50.71
1,FHNFQ53.76
1,FSHXBX47.59
2,FGSYC23.13
2,M1DZ11.18
2,FSHXHZ3.13
2,FSHXBX155.219
2,FGSZY22.124
2,FZJHZD27hun.48
1,FSXLL10.106
2,FGXGL107.27
1,FHuNHHMY71.74
2,FJSNT21.2
2,FSHXBX108.88
2,FJSNT23.85
1,M2CF06.110
2,FSDJN6.95
2,FHNFQ62hun.20
2,FGSZY2.73
2,FSCDJY57.3
1,FCQNA42.21
2,FHBSJZ33.64
1,FSHCM98.54
2,FSHXBX120.50
2,FTJBH39hun.62
1,FJXSRPY23.85
2,FGSZY16.44
1,FeceHuNa15016.94
2,FSHCM89hun.41
2,FZJJH11.45
2,FSCCD1hun.97
2,FeceHuBe150136_FDME220052850-1a.18
1,FCQTY007.59
2,FAHBZ50.20
2,FNXYCHL67.64
2,FJLHD30.87
2,L1EFC230362_FSHXBX40_S320_L004.62
1,FNMHLBE9hun.92
1,FSHXBX121.117
2,FXJYN11.91
1,SDHZ11.37
2,FGSYC41.32
2,FSXTY8hun.6
2,FSCDJY48.18
2,FXJCJ21.66
2,FXJCJ41.24
2,FQHXN26.79
2,FZJTZ48.9
2,FGXGL68_FDME220052123-1a.89
2,FHuBWH39.14
2,FGSYC59.20
2,FZJTZ11.110
2,FAHBZ53.29
2,FSDJN20.119
2,FHLJZD17.25
1,L1EFC230239_FHLJZD23_S84_L001.89
1,FZJHZD28.29
1,FNXYCHL44.109
2,FSHHK35_FDME220054504-1a.63
2,FAHWH18.18
2,FGSYC9.33
1,FQHXN79.23
1,FSXTY40.10
2,FSDLZ36.9
2,FQHXN112hun.41
1,FGXGL74_FDME220052129-1a.75
2,FQHXN13.21
2,FSDLZ51.40
1,FGSZY23.50
2,FGDLZ61_FDME220051940-1a.21
2,FSXLVLS9.74
2,FHuBWH2.1
2,FSHXBX153.12
2,L1EFC230352_FJXFC43_S310_L004.29
1,FGDLZ69_FDME220051950-1a.52
1,FZJHZ8.13
2,FGSZY50.57
2,FGZ36M_FDME220052036-1a.12
2,FSHXBX23.4
2,FJSWXJ13.22
2,FHLJYC18hun.67
1,FGXGL102.85
2,FTJBH5.90
2,FCQTY001.49
2,FQHXN55.95
1,FHBSJZ52.21
1,FSXLVLS15.26
2,FSHCM100.81
1,FSXLVLS2.99
2,FTJBH32.23
1,FGXGL21_FDME220052076-1a.40
1,FHNXY60.55
2,FGDLZ1.22
2,FCQNA15.21
2,FSHHK4.118
2,FNMHLBE25hun.128
2,FSHXBX4.114
2,FGSYC10.42
1,FNXYCHL64.104
2,FZJTZ40.5
2,FAHBZ12.75
1,FSDJN38.93
2,FHNXY4.35
2,FGZ1M.15
2,FCQNA43.89
2,FSDLZ31.67
1,FHLJYC10.22
1,FHNFQ8.14
2,FSHXWN10.17
1,FHLJYC35_FDME220052684-1a.48
2,FJSNT71.6
2,L1EFC230300_FXJWS27_S226_L003.127
2,FHLJZD19.46
1,L1EFC230338_FJXFC11_S264_L003.14
2,FQHXN52hun.3
2,FSXTY6hun.31
1,FHuBWH36.119
1,L1EFC230348_FJXFC29_S306_L004.71
1,FHuNHHMY13.64
1,FSHHK20hun.23
2,FXJYN34.7
2,FSHXBX20.38
1,FTJBH59.53
2,FGSYC87.55
1,FeceGuXi150113.21
1,FBJ60.37
2,FSDLZ01.46
1,FBJ52.68
1,FXJWS16.107
