tree_group,mag
1,FJSWXJ40.96
1,FNMHHHHT15.153
1,FSHXBX71.147
1,M2CF10.23
1,FGSYC14.42
1,FJNDD15.43
1,FSDJN37.46
2,FXJYN38.30
1,FSDLZ42.101
1,FSHXBX45.99
1,FSHHK44.8
1,FeceHuNa150117_FDME220052266-1a.126
1,SDHZD11.54
1,FSDJN27.18
1,FGXGL23_FDME220052078-1a.30
2,FXJYN32.61
1,FAHWH14.29
2,L1EFC230361_FSHXBX31_S319_L004.10
1,FSHXBX75.48
1,FXJWS18.72
1,M2CF08.70
2,FeceHeNa19.37
1,FHNXY30.29
1,FQHXN93.109
1,FNMHHHHT37.2
1,FJSWX76.2
1,FYNLJ57.69
1,FGDLZ56_FDME220051936-1a.117
1,FJLHD16.29
1,FSCCD6.63
1,FGZ38M_FDME220052048-1a.4
2,FXJKS22.155
1,FGSYC72.40
1,FJSWXJ4.124
1,FXJYN3.55
2,FQHXN69.86
1,L1EFC230300_FXJWS27_S226_L003.84
1,L1EFC230284_FXJCJ58_S167_L002.104
1,FCQNA28.55
2,FQHXN108.74
1,FJSNT25.82
1,FSHHK50_FDME220054517-1a.33
1,FeceHuBe150121_FDME220052842-1a.182
2,FQHXN68.28
1,L1EFC230310_FXJWS40_S236_L003.54
2,FXJSW11.25
1,FeceHuBe150125_FDME220052846-1a.121
1,FHBSJZ46_FDME220052237-1a.35
1,FeceHuNa150114_FDME220052265-1a.79
1,FSHXBX143.86
1,FHNXY1.42
2,FXJKS29.66
1,M1DZ10.24
1,FXJKS33.37
1,FZJTZ2.50
1,FBJ14.64
1,M1DZ12.73
2,FGXGL1_FDME220052056-1a.34
1,FXJSW46.43
1,FQHXN64hun.95
1,FSHXBX79.127
1,M1DZ11.22
2,M1DZ07.43
1,FJSNT58.24
1,FJNDD9_FDME220051226-1a.62
2,FSHXBX139.95
1,FJSWX107.27
1,FSDQZ19.152
1,FJSWXJ30.25
1,FAHBZ17.95
1,FSDQZ46.60
1,FeceHuNa150133_FDME220052276-1a.46
2,FXJKS47.47
1,FXJSW20.87
1,FHBSJZ61_FDME220052252-1a.51
1,FSHXBX166.44
1,FQHXN106.78
1,FeceHeNa20.17
1,SDHZD3.57
1,FGSZY50.56
2,FXJSW14.64
1,FXJYN11.4
1,M2CF04.111
1,M122R01.152
1,FZJTZ25.37
1,FHNXY37.36
2,FXJSW5hun.40
1,FXJSW15.6
1,FHNXY47.58
1,FJND9_FDME220051201-1a.16
2,FGSYC59.19
1,FHLJZD1.70
1,FeceHeNa17.42
1,FQHXN107.54
1,FQHXN78.50
1,FSHXBX108.13
1,FGSYC90.101
1,FGSYC69.35
1,FCQTY060_FDME220051140-1a.5
1,FXJYN19.100
1,FSHXBX65.144
1,FZJTZ65.83
1,FBJ1.37
1,FZJHZ8.116
1,FQHXN61hun.11
1,FZJTZ6.96
1,FSHXHZ8.69
1,FZJTZ14.107
1,FQHXN79.16
1,FHuBWH36.102
1,FGSYC46.43
