tree_group,mag
1,FGZ14I1_FDME220051993-1a.10
1,FXJYN9.135
1,FGDLZ3.17
2,FSHXBX5.33
1,FHLJYC14.81
1,FAHBZ12.32
1,FAHBZ61_FDME220050736-1a.39
1,FHNFQ14.1
1,FSDQZ38.29
2,FGDLZ58.34
1,FSDQZ20.110
1,FHLJYC1.28
1,L1EFC230338_FJXFC11_S264_L003.43
1,FHNFQ31.39
1,FGDLZ28.13
1,FHNXY2.17
1,FNXYCHL14.24
1,FGDLZ66_FDME220051947-1a.20
2,FZJJH13.48
1,FCQTY155_FDME220051191-1a.78
1,FeceHuBe150127_FDME220052847-1a.87
1,FXJSW13.87
2,FZJTZ36.31
1,FSDLZ03.26
1,FCQNA40.64
1,FHuNHHMY29.56
1,FZJHZD21.63
1,FSDQZ24.24
1,HeNJZ4hun.25
2,L1EFC230348_FJXFC29_S306_L004.53
2,FAHBZ20_FDME220050700-1a.149
1,FHuNHHMY64hun.43
2,FJSWXJ40.32
1,FeceHeNa6.38
1,FeceHeNa9.50
1,FGDLZ1.10
1,FZJTZ67.4
1,FGSYC15.14
1,FeceHuNa150140_FDME220052283-1a.39
1,FBJ59.29
2,L1EFC230263_FXJCJ22_S147_L002.31
2,FHBSJZ24.10
1,HeNJZ9hun.10
1,FAHBZ29_FDME220050709-1a.48
2,FSDLZ58.47
2,FNXYCHL48.56
1,FSCPS62.69
1,FNXYCHL15hun.4
1,FXJYN1.96
2,SDJN10hun.10
1,FSHCM95.59
2,FHNFQ2.2
1,FSCPS56.56
1,FHNFQ57.32
2,FNMHLBE3.19
1,FHuNHHMY30.53
2,L1EFC230358_FSHXBX08_S316_L004.27
1,FeceHeNa18.65
1,FGZ37M_FDME220052037-1a.42
1,FNMHHHHT31.29
1,FHNXY9.40
2,FHLJDQ4.27
1,FZJTZ41.31
1,L1EFC230249_FHLJZD48_S134_L002.21
2,FSDLZ51.26
1,FSHHK34_FDME220054503-1a.65
1,FGZ3I1.13
1,FeceHeNa1.81
1,FGXGL32_FDME220052087-1a.47
2,FSDQZ35.129
2,FHLJYC10.19
1,FXJYN8.41
2,FYNLJ56.74
1,FTJBH25.46
2,FSDLZ40.140
2,FCQNA6hun.61
1,FSXTY5hun.6
2,FSHHK33hun.105
1,FSHHK18hun.52
2,FSCDJY64.56
1,FJXSRPYG18.53
1,FeceHuNa150144_FDME220052287-1a.6
2,FZJTZ18.62
2,HuNCS1.36
2,FeceHuBe150112.24
1,FGDLZ51.65
2,FSHHK49_FDME220054516-1a.21
2,FGDLZ24_FDME220051919-1a.129
1,FSDLZ32.2
1,FAHBZ41_FDME220050718-1a.38
2,FXJKS38.54
1,FHNFQ5.50
2,FAHWH17_FDME220050741-1a.135
1,FJXSRPYG19.39
2,FSXLVWS8hun.105
2,FJSWXJ4.149
1,FQHXN28.19
2,FXJSW39.36
1,FHuNHHMY75.58
1,FGZ28I2_FDME220052038-1a.11
1,FNMHLBE26.42
1,FGZ26I2_FDME220052022-1a.18
1,FHNFQ6.50
2,FNXYCHL65.172
2,FNMHLBE18.82
1,L1EFC230323_FTJS0009_S249_L003.13
1,FSDLZ23.22
2,L1EFC230328_FTJS0025_S254_L003.15
2,FJLHD15.39
1,FZJTZ21.120
2,FSCPS81.78
1,FXJSW37.38
1,FSXLL15.25
2,FCQNA43.71
1,FAHWH34_FDME220050751-1a.3
1,L1EFC230347_FJXFC25_S305_L004.54
1,FXJSW14.29
1,FeceHeNa33.84
2,FCQNA19.19
2,L1EFC230259_FXJCJ15_S144_L002.93
2,L1EFC230250_FHLJZD56_S135_L002.26
2,FBJ36.26
2,FTJS032.57
2,FeceHeNa26.32
1,FAHBZ5_FDME220050687-1a.135
1,FSXTY52.57
1,FSHHK11_FDME220054483-1a.81
1,FJSNT19.94
1,FSDQZ28.66
2,FJLHD47.55
1,FGXGL59_FDME220052114-1a.28
2,FCQTY123_FDME220051180-1a.10
1,FSDQZ27.110
2,FTJBH14.6
1,FSDLZ13.19
2,FAHWH20_FDME220050742-1a.91
1,FSDLZ08.128
1,L1EFC230246_FHLJZD42_S89_L001.91
2,FAHBZ27_FDME220050707-1a.5
2,FSDQZ16.25
1,FJSNT15.110
1,FHuNHHMY60.80
1,FBJ21.88
1,FeceHuBe150136_FDME220052850-1a.2
1,FHBSJZ45_FDME220052236-1a.63
1,FZJTZ9.51
1,FeceHuBe150119_FDME220052841-1a.14
1,FGDLZ75_FDME220051955-1a.56
1,FAHWH08.44
2,FTJS035.70
1,FJSNT67.95
1,FJXSRPYG32.75
2,FGZ4M_FDME220051972-1a.89
2,FZJTZ19.47
1,FSCDJY15.96
2,FJXSRPY53.60
2,FYNLJ57.65
1,FJXSRPY55.19
1,FAHBZ17.74
1,FHuNHHMY55.84
1,HNZZ112_FDME220052300-1a.3
1,FCQNA13.34
1,FXJYN7.37
2,FSCPS69.59
2,FHBSJZ34.81
2,FNXYCHL6.63
1,FHNFQ36.21
2,FGZ4I2.11
2,FXJSW7.60
2,FSHCM16_FDME220054533-1a.84
2,FSHXBX76.95
1,FHuNHHMY32.63
1,L1EFC230280_FXJCJ46_S164_L002.61
1,FHNFQ21.133
1,FZJTZ30.22
1,L1EFC230244_FHLJZD35_S87_L001.60
1,FNMHHHHT33.45
1,L1EFC230266_FXJCJ25_S150_L002.20
2,FSHHK30_FDME220054499-1a.20
2,SDHZ16.1
2,FHLJZD21.69
2,FGZ10M_FDME220051987-1a.67
2,FHLJYC5.74
2,FSHHK14.43
2,FNMHHHHT37.85
1,FBJ55.22
2,FZJTZ68.114
1,FZJTZ11.87
2,FJSWX72.25
2,FHuNHHMY83.70
1,FNXYCHL62.1
1,FJLHD33.25
2,FFJLY59_FDME220051278-1a.33
1,FFJLY32_FDME220051261-1a.73
2,FAHWH44_FDME220050761-1a.90
2,FXJSW36.88
1,FJSWXJ22.9
1,FSHCM53.25
1,FGZ40I1_FDME220052052-1a.17
2,FZJZJ3.4
1,FSCDJY93.59
2,FNMHHHHT29.29
2,FZJTZ53.59
1,L1EFC230342_FJXFC16_S268_L003.50
1,FTJBH19.150
2,SDHZ17.17
1,FGDLZ84_FDME220051962-1a.155
2,FGZ34M_FDME220052034-1a.25
2,HNZZ120_FDME220052307-1a.5
2,FGSYC35.16
2,FZJZJ6.4
1,FFJLY64.31
1,FHNFQ53.91
2,FHuBWH24.67
1,FeceHuBe150124_FDME220052845-1a.119
1,FZJTZ34.69
1,FZJTZ40.45
1,FSHCM15_FDME220054532-1a.21
2,SHXXA4hun.23
2,LNSY6.14
1,FSHXBX137.32
2,FXJYN2.77
2,L1EFC230325_FTJS0011_S251_L003.102
1,FHNFQ43.3
2,FHuNHHMY81.67
1,FSDJN25.15
2,FJSNT72.34
2,FeceHuNa150145.28
2,L1EFC230268_FXJCJ27_S152_L002.80
1,FCQTY106_FDME220051177-1a.49
1,FBJ41.13
1,FGZ28I1_FDME220052026-1a.7
1,FSHHK38_FDME220054507-1a.125
1,FSDQZ33.46
2,FGZ29I2_FDME220052039-1a.12
2,L1EFC230386_FSHXXA15_S344_L004.114
1,FHNXY61hun.31
1,FAHBZ52_FDME220050729-1a.59
1,FSHXXA39.50
1,FJXSRPY47.11
2,FSXLVLS12.62
1,FAHWH35_FDME220050752-1a.60
2,FHuNHHMY53.50
1,FAHWH06.41
1,FSCPS50.76
1,FJXSRPYG7.82
1,JLHD2hun.26
2,FHLJYC2.41
1,FSHXXA12.16
2,FZJTZ70.13
2,FXJSW38.16
2,FGSZY3.100
1,FJNDD10_FDME220051227-1a.36
2,FZJTZ66.23
2,FCQTY157_FDME220051193-1a.2
1,FNXYCHL47.47
2,FeceGuXi15011.15
2,FZJTZ56.53
2,FHNXY39.19
1,FSDLZ52.42
1,LNSY4.21
1,FGDLZ77_FDME220051942-1a.27
1,FJSNT46.42
1,FeceHuNa150126.17
1,FNXYCHL56.55
1,FCQTY154_FDME220051190-1a.74
1,FJXSRPY29.39
1,FGDLZ2.29
1,FSCPS89.79
2,FGZ25I1_FDME220052018-1a.14
1,FAHBZ2.70
2,FSHHK41_FDME220054510-1a.10
1,FeceHeNa27.29
1,SDHZ12.2
2,FSCPS37.1
2,L1EFC230350_FJXFC33_S308_L004.65
1,FJXSRPY23.25
1,L1EFC230356_FJXFC54_S314_L004.28
1,FSXLVWS4.87
1,FHNFQ58.22
1,FGZ26I1_FDME220052021-1a.14
1,FGSYC57.93
1,JSCZD6.71
1,FJXSRPYG3.80
1,FSCPS39.93
1,FAHBZ4_FDME220050686-1a.45
2,FGXGL18_FDME220052073-1a.55
1,FSHCM49.3
2,FHNXY12.4
1,FAHWH31.12
2,FHNXY29.87
1,FBJ63.116
1,FJLHD25.77
1,FSCPS10.70
1,FQHXN65.44
2,FSHHK40_FDME220054509-1a.43
2,FSCPS41.46
2,FNXYCHL19.25
1,M115R01.141
1,FJSWXJ25.117
2,FTJBH4.59
1,L1EFC230344_FJXFC20_S302_L004.37
2,FYNLJ36.38
1,FAHWH07.90
1,FSCPS65.46
1,L1EFC230336_FJXFC07_S262_L003.44
1,FCQTY166_FDME220051197-1a.53
1,FZJJH3hun.10
2,FGDLZ33_FDME220051920-1a.13
1,FHNFQ41.46
1,FeceGuXi15019.32
1,FHNFQ49-1.16
2,FAHWH25.2
2,FSXLVLS1.20
1,FFJLY18.38
2,FSHXBX53.12
1,FSHXXA26.118
2,FCQTY141_FDME220051183-1a.44
2,FJLHD9.56
1,FSCPS19.40
2,FGD5I2.3
1,FAHWH24_FDME220050745-1a.37
2,FGZ25I2_FDME220052019-1a.14
1,FJXSRPY35.124
2,FHNFQ37.59
1,FHuNHHMY37.77
2,FZJTZ48.17
1,FJSWXJ5.44
1,CS10.27
2,FJLHD8.92
2,FGSYC1.24
1,FSDLZ24.76
2,L1EFC230272_FXJCJ36_S156_L002.18
1,FHNFQ33.87
1,FHNXY44.33
2,FGXGL75_FDME220052130-1a.103
1,L1EFC230343_FJXFC19_S301_L004.7
1,FeceHeNa4.39
2,FeceHuBe150133_FDME220052849-1a.9
2,FTJBH47.48
1,FFJLY65.27
2,FSCPS6.7
2,FXJSW21.82
1,FNXYCHL13.28
1,FHNFQ1.24
1,FHNFQ29.2
1,FAHBZ32_FDME220050712-1a.19
2,FSCPS45.34
2,FeceHuNa150111_FDME220052262-1a.94
1,L1EFC230335_FJXFC05_S261_L003.31
1,FGXGL24_FDME220052079-1a.11
1,FSDJN40.55
1,FSCPS54.76
1,FSDJN62.5
1,FGXGL99.34
2,FJLHD45.81
2,FHNFQ54.9
1,FJSNT65.11
1,FeceHeNa2.28
1,FCQTY147_FDME220051186-1a.40
1,FeceHuBe150120.21
2,FZJTZ28.58
2,FJSNT64.32
1,FGZ7I2_FDME220051982-1a.11
1,FNMHHHHT32.66
1,FSCDJY33.105
2,BJHD4.7
1,FSHXXA47hun.10
1,FJXSRPY15.80
1,L1EFC230383_FSHXXA07_S341_L004.89
2,FAHWH05.107
2,FSHXWN32.50
1,FZJTZ10.67
1,FSHHK7_FDME220054481-1a.76
1,FJXSRPY54.17
2,FJSNT16.84
2,FGSYC12.38
1,CS9.44
1,FGXGL20_FDME220052075-1a.53
1,FJSNT24.75
2,FSHXHZ8.74
1,FSHXBX61.50
2,FNXYCHL90.114
1,FNXYCHL2.14
2,FGSYC39.8
2,SHXXA6.25
2,FGDLZ85.135
2,FSHXBX60.16
1,FSDJN31.103
1,FHNFQ9.62
1,FHuBWH13.10
2,FSDJN55.51
2,FXJKS41.28
1,FQHXN5.28
2,FSCPS9.29
1,FCQTY149_FDME220051188-1a.53
2,FQHXN47.28
1,FJXSRPY49.39
1,FJND6_FDME220051164-1a.21
1,FSHCM20_FDME220054535-1a.24
2,FSHXBX15.31
1,FCQTY136_FDME220051181-1a.58
1,FSCDJY67.173
1,FAHWH02.64
2,FTJBH49.47
2,FGSYC61.76
1,L1EFC230352_FJXFC43_S310_L004.25
1,FeceGuXi150117.84
1,BJTZ1.7
