tree_group,mag
1,FSXLL9.31
1,FSCDYJ2.72
1,FSDJN58.96
2,FSCDJY15.105
1,FQHXN34.11
2,FFJLY5_FDME220051242-1a.51
2,FFJLY38_FDME220051267-1a.37
2,FHBSJZ25.13
2,FZJTZ5.43
2,FSHXBX136hun.76
2,FGXGL52_FDME220052107-1a.86
2,FGXGL105.32
2,FXJCJ41.16
2,FFJLY2.47
2,FSCDJY64.47
1,FGXGL85_FDME220052140-1a.57
2,FJXSRPY38.125
1,FHBSJZ17.11
2,FGSYC85.74
2,FHNXY31.13
2,FJXSRPY51.54
1,FSDQZ49.39
1,FHuNHHMY30.67
1,FGXGL90_FDME220052145-1a.38
2,FJLHD36.111
1,FQHXN92.14
1,FSXLVWS6.115
1,FSCCD18hun.47
1,FGDLZ60_FDME220051939-1a.46
2,FSHXXA35.61
1,FFJLY58_FDME220051277-1a.45
2,FSDJN8.43
1,FQHXN71.85
2,FHuNHHMY16.46
1,FYNLJ20hun.21
1,FJLHD8.37
2,FJSWX96.133
2,FGZ12M_FDME220051990-1a.51
2,FSXLVLS11.7
2,FCQNA16.23
1,FSHXBX135hun.17
2,FTJBH40.35
2,FHuNHHMY45.25
2,FXJSW39.87
1,FNXYCHL87.75
1,FSHCM62.156
1,FSHCM81.26
1,FGSYC75.12
1,FGSYC31.46
1,FQHXN18.48
1,FGXGL91.60
2,FAHBZ46_FDME220050723-1a.52
1,FSCCD10.51
2,FHuBWH16.32
2,L1EFC230246_FHLJZD42_S89_L001.86
1,FSCCD22.47
1,FSCCD1hun.85
2,FSXTY9.38
2,M1C2.33
2,FHNFQ62hun.63
1,FGXGL11_FDME220052066-1a.64
2,FFJLY47.12
2,FZJHZD18hun.43
2,FeceHeNa17.44
1,FSHXBX145.34
2,FJLHD9.28
2,FYNDL2.36
2,FJXSRPYG4.24
1,FSCPS5.22
1,FSHXHZ17.36
2,FHBSJZ37.28
2,FSDJN46.80
2,FHuBWH30.56
2,FeceGuXi150111.20
2,FTJBH56.11
2,FHNXY43.27
1,L1EFC230252_FXJCJ02_S137_L002.19
2,FGXGL69_FDME220052124-1a.102
2,FBJ32.24
1,FHuNHHMY48.17
1,FHLJZD51.106
1,FSDQZ2.29
1,FNMHHHHT32.87
1,L1EFC230295_FXJWS19_S222_L003.65
2,FCQHC11.30
1,FSHXWN6.75
2,FZJTZ53.114
2,FHuNHHMY24.74
1,FGSYC20.41
2,FHNFQ39.84
2,FZJHZD22.109
2,L1EFC230242_FHLJZD30_S85_L001.1
1,FNXYCHL51.103
2,FBJ10.32
2,FGSYC71.44
1,FBJ5.81
1,FNMHLBE17.74
1,FHNFQ21.4
2,FJSWXJ32.8
1,FSHXHZ23.1
1,FXJYN37hun.37
1,FSHXBX7.35
2,FNXYCHL60.7
2,FFJLY78.12
1,L1EFC230311_FXJWS42_S237_L003.79
2,FGSYC26.105
1,FTJBH74.72
2,FZJHZD30.34
2,FFJLY72_FDME220051238-1a.8
NA,FXJCJ43.54
1,FFJLY56_FDME220051237-1a.11
2,FAHBZ28_FDME220050708-1a.38
1,M2CF11.26
2,FSDLZ18.51
2,FBJ58.9
2,FHBSJZ54_FDME220052245-1a.53
2,FSHXWN13hun.74
2,FHLJZD40.43
2,FNMHLBE32.55
1,FSXTY30.74
2,FXJCJ47.7
2,FAHBZ48_FDME220050725-1a.59
1,FGZ26M_FDME220052020-1a.49
1,FHNXY15.83
2,FYNLJ65.29
1,FSXTY11.43
1,L1EFC230234_FHLJZD07_S79_L001.46
2,FGXGL102.51
2,FGXGL27_FDME220052082-1a.14
2,FJXSRPYG34.22
2,FGXGL109.22
2,L1EFC230371_FSHXBX56_S329_L004.7
2,FSHXHZ10.82
1,FSXLL15.19
1,FJLHD45.109
1,FSHXWN36.50
2,FZJHZD21.81
2,FGXGL61_FDME220052116-1a.97
1,FNMHLBE16.57
2,FHLJZD24.7
2,FSHXXA39.38
1,L1EFC230389_FSHXXA21_S347_L004.8
2,FAHBZ3_FDME220050685-1a.21
2,FHuNHHMY72.3
NA,FSHCM47.93
1,L1EFC230287_FXJCJ63_S170_L002.4
1,FNXYCHL38.35
1,FTJBH84.21
2,FGXGL62_FDME220052117-1a.17
2,FGDLZ5_FDME220051909-1a.27
2,FCQTY050_FDME220051135-1a.19
2,FSCCD16.70
1,L1EFC230395_FSHXXA48_S38_L003.90
2,FGXGL77_FDME220052132-1a.59
1,FJLHD37.100
2,FJLHD39.99
1,L1EFC230306_FXJWS35_S232_L003.14
2,FHuNHHMY29.131
1,FHLJZD2.11
2,FGXGL92.38
1,FSDJN6.60
2,FJSNT35.71
2,FGXGL50_FDME220052105-1a.41
2,FJLHD42.67
2,FJXSRPYG1.48
1,FNXYCHL31.30
2,FGXGL66_FDME220052121-1a.50
2,FJSNT58.68
1,FSHXHZ6.14
2,FNMHLBE13.73
2,FeceHeNa26.71
1,FXJSW44.54
1,FZJTZ38.77
2,FSCPS92.56
2,FHBSJZ49_FDME220052240-1a.25
2,FCQNA2.66
2,FGXGL30_FDME220052085-1a.48
2,L1EFC230254_FXJCJ06_S139_L002.48
2,FNMHHHHT29.14
2,FBJ40.64
1,FGXGL22_FDME220052077-1a.30
1,FBJ43.87
2,FSHXHZ25.46
2,FGSYC92.17
1,FGSYC35.27
2,L1EFC230318_FTJS0001_S244_L003.19
2,L1EFC230303_FXJWS32_S229_L003.44
1,FCQTY084_FDME220051155-1a.56
1,FGXGL36_FDME220052091-1a.29
2,FGXGL72_FDME220052127-1a.28
1,FGZ33M_FDME220052033-1a.46
2,FNXYCHL16.112
2,FSHXHZ2.54
2,FNMHHHHT23.56
1,FGDLZ53.8
2,FFJLY17_FDME220051250-1a.47
1,FSCDYJ7.139
2,FXJSW7.48
2,FGDLZ35.75
2,FGXGL73_FDME220052128-1a.99
1,FeceHuBe150121_FDME220052842-1a.172
2,FZJTZ2.103
1,FSHXHZ22.57
1,FHLJZD59.43
1,FXJSW3.116
1,FNXYCHL26.91
2,FJXSRPY45.35
2,FHBSJZ33.14
1,FSHXWN4hun.70
2,FSXTY41hun.23
2,FJXSRPY23.45
2,FGDLZ63_FDME220051944-1a.59
1,FSXLL12.86
2,M2CF21.98
2,FJXSRPY33.63
2,FGDLZ29.87
2,FSCPS16.26
2,FHLJYC34.35
2,FNXYCHL22.28
2,FSDLZ37.11
1,FSCCD17.80
2,FZJTZ70.45
1,FXJSW23.54
1,FeceHuBe150132_FDME220052848-1a.21
2,FCQHC9.49
1,FSHXXA16.90
2,L1EFC230248_FHLJZD47_S91_L001.59
1,FZJTZ42.53
1,FGXGL35_FDME220052090-1a.48
2,FHuNHHMY56.124
2,FNXYCHL73.81
2,FJLHD21.123
1,FNXYCHL66.37
2,FHLJZD18.44
2,FCQJJ1.23
2,FHBSJZ38_FDME220052229-1a.55
2,FFJLY33_FDME220051262-1a.106
2,FJNDD8_FDME220051225-1a.26
1,L1EFC230275_FXJCJ40_S159_L002.47
2,FCQTY069_FDME220051146-1b.41
2,FQHXN54.54
1,L1EFC230387_FSHXXA17_S345_L004.69
2,FHLJZD15.56
2,FTJBH35.39
NA,FGSZY43.62
2,FCQTY009.13
1,FSHXBX4.115
2,FSHXWN16hun_FDME22H000406-1a.84
2,FJXSRPYG14.58
2,FNMHLBE27.80
1,FCQTY064_FDME220051144-1a.65
1,FJLHD23.65
2,FSXTY12hun.6
1,FHNFQ48.101
1,FGSYC89.62
2,FNMHLBE12.23
2,FSHCM87.29
2,FHNFQ19.48
2,FBJ18.56
1,FHLJDQ10.84
2,FSDJN17.18
2,FJSNT66.10
2,FXJYN28.22
2,FZJTZ62.56
2,L1EFC230278_FXJCJ44_S162_L002.29
2,FTJBH48.82
1,L1EFC230235_FHLJZD10_S80_L001.73
1,FHLJYC23.94
2,FGXGL68_FDME220052123-1a.27
2,FAHBZ50.29
2,FSDLZ41.79
1,FYNDL3.57
2,FeceGuXi150115.31
2,FSCDJY78.70
2,FJLHD30.83
1,M119R01.79
1,L1EFC230346_FJXFC22_S304_L004.36
2,FNXYCHL49.81
NA,FXJSW1.59
1,FHNFQ7.58
1,FQHXN40.47
2,FHNXY23.32
2,FSHCM57.118
1,FHLJZD3.25
1,FAHBZ31_FDME220050711-1a.34
1,FSDLZ22.91
2,FGXGL71_FDME220052126-1a.31
2,FJNDD11_FDME220051228-1a.6
2,FSXTY10hun.54
2,FXJWS6hun.7
2,FTJS021.16
2,FZJTZ33.32
1,FNXYCHL27.3
2,FTJBH100.37
1,FCQTY162_FDME220051195-1a.31
2,FSDJN1.108
1,FGDLZ39.66
2,JSCZD11.7
1,FHNFQ3.13
2,FJXSRPY8.61
2,FSHHK38_FDME220054507-1a.28
2,FNMHHHHT37.47
1,FJSWX100.27
1,FGSYC80.22
1,L1EFC230324_FTJS0010_S250_L003.41
1,FNXYCHL90.93
1,FJXSRPY49.64
1,FQHXN4.100
1,FXJSW21.39
2,FSDQZ28.9
2,FZJHZD19.95
1,L1EFC230394_FSHXXA43_S37_L003.58
2,FHBSJZ58.61
2,FSDLZ04.23
2,FHuNHHMY53.17
1,L1EFC230390_FSHXXA28_S33_L003.105
2,L1EFC230256_FXJCJ12_S141_L002.26
2,FSCPS50.64
NA,FSHXWN1.29
1,FNXYCHL35.1
1,SDHZD14.32
1,L1EFC230271_FXJCJ35_S155_L002.14
2,FSCPS33.88
1,FNXYCHL21.119
2,FSHHK9.90
1,FCQTY102_FDME220051174-1a.43
2,FGZ3M_FDME220051970-1a.69
1,FYNLJ9.46
1,FCQTY024_FDME220051120-1a.41
2,FJSNT40.28
1,FSXLVLS4.46
NA,L1EFC230308_FXJWS37_S234_L003.36
2,FJXSRPY39.80
2,FFJLY28.22
1,FSDQZ13.79
1,FJSNT6.42
2,FeceGuXi150112.113
2,FHNXY4.54
1,FGXGL15_FDME220052070-1a.61
2,FSDQZ22.63
2,FNMHLBE35.137
1,FAHWH24_FDME220050745-1a.108
2,L1EFC230259_FXJCJ15_S144_L002.24
1,FBJ31.7
2,FJSNT31.18
2,FSXLL5.43
2,FNXYCHL54.20
1,FNMHHHHT10.35
1,FSCDJY13.82
2,FSDJN11.39
1,FSDLZ56.5
2,FHuNHHMY67.11
1,FHBSJZ7.22
1,FNXYCHL52.110
1,FXJWS30.62
2,FCQHC8.47
1,FGZ2M.38
1,FNMHLBE19.55
1,FSHXXA41hun.58
1,FGXGL89_FDME220052144-1a.22
NA,FXJCJ10.5
2,FSHXWN11hun.10
1,FJLHD38.76
2,FYNLJ36.74
1,M106R01.6
2,FSDLZ51.9
2,FJSNT46.61
1,FGZ25M_FDME220052017-1a.91
1,FJLHD24.32
2,FHuNHHMY70.32
2,FNXYCHL34.37
1,FAHBZ35.22
2,FGZ7M.10
2,FGXGL108.24
2,FFJLY15_FDME220051249-1a.92
2,FGXGL104.58
1,M2CF16.48
2,FeceHeNa16.16
2,FGXGL75_FDME220052130-1a.30
2,FGXGL47_FDME220052102-1a.53
1,FNXYCHL88.40
2,FSCDJY67.108
2,FSXTY50.16
2,FSCPS36.92
2,FFJLY1_FDME220051239-1a.59
2,FGXGL106.80
1,FSHXHZ11.22
2,L1EFC230383_FSHXXA07_S341_L004.50
2,FJXSRPY48.4
2,FAHBZ15.78
1,FSHXBX63.96
1,FNMHHHHT21.93
1,FNXYCHL1.16
2,FZJHZD28.52
1,FJSWXJ25.35
2,FXJWS43.12
2,FHLJZD16.34
2,FFJLY3_FDME220051240-1a.48
2,FTJBH59.41
2,FSHCM48.25
2,FGDLZ52.60
2,FAHBZ58_FDME220050733-1a.4
1,FXJYN4.28
2,FJLHD10.16
2,FXJYN41.27
2,FSDJN23.31
1,FSHXBX88.111
2,FGXGL28_FDME220052083-1a.62
2,FAHWH30_FDME220050748-1a.95
1,FHLJYC3.33
2,FHLJZD58.79
1,FSHXXA19.49
1,FCQTY001.57
1,FNMHHHHT36.43
1,FGXGL29_FDME220052084-1a.90
2,FJXSRPY24.111
2,FZJTZ10.82
1,FGSYC83.39
2,FGXGL9_FDME220052064-1a.50
2,FeceHeNa31.79
2,FHuBWH14.2
1,FHLJYC29.51
2,FCQJJ3.81
2,L1EFC230251_FXJCJ01_S136_L002.59
1,FXJWS13.61
1,FGDLZ18.57
2,FSCDJY92.8
2,FGDLZ31.9
1,FNXYCHL92.59
1,FSHXBX121.75
NA,FQHXN66.34
2,FSCPS61.97
2,FGDLZ16.10
2,FNXYCHL57.12
2,FHLJZD27.109
1,FSXLVWS5.42
2,FHBSJZ43_FDME220052234-1a.49
1,FYNLJ26.37
1,FNXYCHL8.62
2,FGZ9M_FDME220051984-1a.39
1,FCQTY016.48
2,FSCPS27.33
1,FQHXN32.78
2,FeceHeNa11.60
2,FSHCM38.22
2,FJXSRPY12.119
1,FNMHLBE28.30
2,L1EFC230313_FXJWS45_S239_L003.139
2,FGDLZ69_FDME220051950-1a.40
2,L1EFC230340_FJXFC13_S266_L003.67
2,FFJLY43_FDME220051271-1a.41
1,L1EFC230333_FTJS0033_S259_L003.54
2,FSDLZ17.97
1,L1EFC230325_FTJS0011_S251_L003.73
2,FYNLJ68.107
1,FSXLVWS8hun.36
2,FJLHD32.45
2,JSCZD6.21
2,FBJ4.30
NA,FQHXN99.1
2,L1EFC230244_FHLJZD35_S87_L001.16
1,FAHWH29_FDME220050747-1a.90
1,FJXSRPY17.99
1,FXJWS4.104
1,FHLJYC31.72
1,FNXYCHL89.145
2,FFJLY11_FDME220051248-1a.2
1,FTJBH64.52
2,FSHHK2.56
2,FSCCD9.66
1,FHLJYC10.11
1,FeceHuBe15018_FDME220052836-1a.14
1,FXJSW24.80
1,FGXGL21_FDME220052076-1a.1
2,FJSNT30.115
1,FTJBH5.54
2,FJSNT38.72
1,FNXYCHL47.95
1,FJLHD3.34
2,FSDJN4.16
2,FSCPS49.43
1,FSDLZ46.68
1,FNXYCHL48.57
1,FHuNHHMY60.68
NA,FSXTY20.54
1,FGSYC30.30
2,FAHWH21_FDME220050743-1a.48
1,L1EFC230349_FJXFC31_S307_L004.49
1,FNMHHHHT31.69
2,FJXSRPY11.27
1,FSCCD7hun.36
2,FSHXXA38.121
1,FGSYC4.121
2,FHLJZD19.79
1,L1EFC230391_FSHXXA34_S34_L003.46
2,FXJYN28.6
1,FNXYCHL12.97
2,FGXGL7_FDME220052062-1a.76
2,FHLJZD21.76
2,FHuNHHMY57.89
1,BJHD3.4
2,FSDLZ28.10
1,FGXGL42_FDME220052097-1a.60
1,FSHXXA30.35
1,FSHXXA23.54
2,FHLJZD11.26
2,FAHWH35_FDME220050752-1a.120
1,FCQNA4.33
1,FSXTY13hun.52
2,FGZ11M_FDME220051989-1a.41
2,FFJLY75.39
1,FQHXN56.59
2,FHuNHHMY38.87
1,FSDQZ8.68
1,FSHCM56.67
2,FAHBZ61_FDME220050736-1a.24
1,FSCCD23.55
1,FHLJZD43.17
1,FNXYCHL53.55
1,FGSYC44.54
2,FJLHD28.24
2,FJNDD5_FDME220051222-1a.58
2,FHuNHHMY6.90
NA,FQHXN93.12
1,FTJBH27.8
NA,FXJCJ55.1
2,FNXYCHL39.57
NA,FJXSRPY55.100
2,FSXTY3.123
NA,FXJSW20.105
1,FNXYCHL40.10
2,FHBSJZ8.45
2,FFJLY23_FDME220051254-1a.34
2,FSDJN55.33
2,FBJ45.48
2,FHBSJZ36.8
2,FJXSRPY25.38
2,FHuBWH32.19
2,FGSYC78.68
1,FSHXBX53.41
2,FCQHC4.20
2,FCQNA3.55
1,FAHWH15_FDME220050740-1a.74
2,L1EFC230353_FJXFC44_S311_L004.3
2,FSDJN41.4
2,FGSYC57.58
1,FNXYCHL4hun.19
1,FNMHLBE31.79
1,FXJSW2.91
1,FQHXN27.28
1,FeceHuBe150123_FDME220052844-1a.59
2,FHNFQ30.52
2,FGXGL63_FDME220052118-1a.1
2,FNXYCHL15hun.28
1,FHLJZD34.17
2,FFJLY27_FDME220051257-1a.18
1,FHuNHHMY22.75
2,FSDQZ16.76
2,FHNFQ9.20
1,FSDLZ59.117
1,FGXGL2_FDME220052057-1a.147
2,L1EFC230330_FTJS0027_S256_L003.34
2,FNXYCHL67.57
1,FSCDJY57.143
2,FSXLL10.54
1,FJXSRPY21.102
1,L1EFC230233_FHLJZD05_S78_L001.90
1,FSDJN56.60
1,FGSYC91.11
2,FGDLZ62.48
2,FJXSRPY35.49
1,FNXYCHL17.27
2,M2CF17.29
1,FGSYC61.14
2,FAHWH23_FDME220050744-1a.17
1,FHBSJZ61_FDME220052252-1a.45
2,FAHWH18.85
2,FSHXHZ1.44
2,FSDJN7.26
2,FCQNA10.41
2,FQHXN67hun.14
1,FNXYCHL7.35
2,FHBSJZ39_FDME220052230-1a.77
1,FHBSJZ52.69
2,L1EFC230315_FXJWS47_S241_L003.32
1,FBJ22.48
2,FGXGL53_FDME220052108-1a.75
2,FCQNA43.36
1,FHNXY22.96
1,FXJSW9.13
1,FGSYC76.85
1,FJSNT62.25
2,FGXGL87_FDME220052142-1a.51
2,FJSNT45.60
NA,FBJ48.1
1,FGSYC17.2
2,FSHCM72.36
1,FGXGL12_FDME220052067-1a.59
2,FBJ9.64
2,FGDLZ51.57
1,FNMHHHHT16.69
2,FJXSRPY10.81
2,FHBSJZ28.22
2,FHuNHHMY52.50
2,FGXGL31_FDME220052086-1a.22
NA,FXJSW47.42
2,FXJWS17.65
1,FXJWS10.42
2,FJLHD17.98
2,FHBSJZ35.65
2,FAHBZ57_FDME220050732-1a.63
2,FQHXN16.59
2,FSDQZ32.118
2,FSXTY32.70
2,FSDJN40.44
2,FSDJN15.27
NA,FXJSW50.107
1,FNXYCHL36.97
1,L1EFC230392_FSHXXA36_S35_L003.34
2,FSXTY57hun.45
2,FeceHeNa33.49
1,FHNFQ15.10
2,FZJTZ40.104
1,FGDLZ83_FDME220051961-1a.80
1,FSHXBX133hun.64
1,FXJKS10.115
2,FSDQZ15.31
1,FSCCD11.41
2,FGXGL13_FDME220052068-1a.31
1,SDHZD6.56
2,FGD19M_FDME220052006-1a.106
2,FHBSJZ34.134
2,FSDLZ47.55
2,FSHXWN31.18
2,FSHCM91.102
2,L1EFC230410_FSXTY46_S53_L003.68
2,L1EFC230253_FXJCJ05_S138_L002.38
2,FCQHC10.9
2,FeceHuBe15019_FDME220052837-1a.23
1,L1EFC230347_FJXFC25_S305_L004.135
2,FSDQZ47.15
2,FHNXY54.52
1,FNXYCHL41.55
1,FXJWS7.136
NA,FSXTY60.51
1,FNMHLBE26.28
1,L1EFC230258_FXJCJ14_S143_L002.117
2,FGXGL65_FDME220052120-1a.29
NA,L1EFC230273_FXJCJ38_S157_L002.84
1,FSHXBX130.75
1,FHBSJZ41_FDME220052232-1a.71
2,FGXGL59_FDME220052114-1a.70
2,FNMHHHHT44.38
1,FHNXY49.64
2,FSCPS81.59
2,L1EFC230277_FXJCJ42_S161_L002.93
2,FJLHD22.37
2,FBJ60.125
1,FBJ19.8
2,FNXYCHL44.114
2,FHuNHHMY26.49
2,FSXLVLS1.6
2,FTJBH72.3
2,FGSZY14.80
2,FGDLZ8_FDME220051910-1a.101
1,FSHXXA22.60
1,FNXYCHL91.57
1,FHLJYC9.18
2,FFJLY29_FDME220051259-1a.71
2,FBJ21.8
2,FHLJYC6.87
2,FCQJJ2.12
2,FTJBH51.55
2,FJNDD3.25
2,FZJTZ9.21
1,FNXYCHL72.74
2,FHNFQ1.31
2,FCQNA39.39
2,FZJTZ50.71
1,L1EFC230379_FSHXXA03_S337_L004.30
2,FCQNA8.44
1,L1EFC230381_FSHXXA05_S339_L004.16
1,FHuNHHMY34.56
1,FAHWH28_FDME220050746-1a.41
1,L1EFC230291_FXJWS11_S174_L002.51
NA,FSDLZ14.27
2,FNMHLBE15.126
2,FSHXXA26.77
2,L1EFC230309_FXJWS39_S235_L003.59
1,FNXYCHL95.44
2,FNXYCHL62.48
2,FSCDJY61.7
2,FSDLZ48.65
2,FHuNHHMY9.34
2,FGZ10M_FDME220051987-1a.57
1,FGXGL101.52
1,FeceHuBe150124_FDME220052845-1a.68
2,FGXGL49.91
2,FAHBZ26_FDME220050706-1a.101
1,L1EFC230301_FXJWS28_S227_L003.87
2,FXJSW42.12
1,FSDQZ38.46
2,FNXYCHL63.63
2,FZJTZ37.92
1,SDHZD16.19
2,FJXSRPY36.76
2,FZJTZ48.84
2,FFJLY20_FDME220051251-1a.62
2,FFJLY6_FDME220051243-1a.59
2,FGSYC7.107
2,FJLHD5.17
2,FXJYN33.97
2,FGDLZ66_FDME220051947-1a.6
1,FSDLZ02.155
2,FFJLY79.56
2,FHLJZD13.47
2,FGXGL107.52
2,FJXSRPY27.10
1,FSCDJY73.95
1,FGDLZ14.15
2,FSCDJY22.67
2,FeceGuXi150110.122
2,FSCPS95.46
2,FXJCJ19.10
2,FJNDD2_FDME220051219-1a.92
1,FQHXN31.27
1,M2CF15.46
2,FAHWH32_FDME220050750-1a.25
1,FSXTY34.51
2,L1EFC230360_FSHXBX24_S318_L004.10
2,FSCCD12.44
2,FNXYCHL32.17
2,SDHZD2.152
1,FNXYCHL68.34
2,FSDJN32.38
2,FGDLZ67_FDME220051948-1a.91
2,FSCDYJ6.90
1,FBJ42.44
2,FJSWXJ28.102
1,FJLHD52.64
2,FHuBWH15.41
2,L1EFC230388_FSHXXA20_S346_L004.29
1,FSHHK4.49
2,FYNLJ56.77
2,FHuBWH11.52
1,FNXYCHL45.23
2,FSXTY58hun.52
2,FGDLZ64_FDME220051945-1a.37
2,FGSYC15.37
2,FHLJZD32.30
1,FGXGL40_FDME220052095-1a.33
1,FGSYC9.46
1,L1EFC230304_FXJWS33_S230_L003.25
NA,L1EFC230297_FXJWS23_S223_L003.41
1,FHuBWH2.53
NA,FXJYN22.36
1,FSDQZ40.36
1,FGSYC66.18
2,FGDLZ11_FDME220051913-1a.40
1,L1EFC230293_FXJWS14_S176_L002.91
1,FGSYC49.106
2,FZJHZD23.33
1,FQHXN35.20
