tree_group,mag
1,FFJLY11_FDME220051248-1a.16
1,FSHHK2.33
2,FSHXXA18.39
1,FSDJN26.15
1,FZJTZ11.3
2,FXJSW37.103
1,FFJLY27_FDME220051257-1a.49
1,FJXSRPY37.24
1,FSHHK33hun.1
2,FHuBWH6.21
1,FNXYCHL20.55
1,FQHXN14.17
1,FAHBZ5_FDME220050687-1a.73
2,FSHXXA42hun.29
1,FSHCM94hun.115
2,FHLJZD18.68
1,FGSYC1.37
1,FSHHK28_FDME220054497-1a.118
2,FSDQZ25.64
2,FTJS019.31
1,FSHHK10_FDME220054482-1a.64
1,FAHBZ15.67
2,FHLJZD43.13
1,FGXGL86_FDME220052141-1a.93
1,FGSZY7.80
2,FGXGL100.42
2,FJSNT18.26
2,FSDLZ52.43
2,FJSNT19.41
1,FAHBZ6_FDME220050688-1a.1
2,FJSNT60.43
1,FSHHK48_FDME220054515-1a.19
1,FGDLZ35.71
1,FSCPS61.40
1,FHNFQ37.40
1,FHNXY17.61
2,FSDLZ01.111
1,SDHZD16.41
1,FSHXBX80.59
NA,FXJSW2.118
1,L1EFC230334_FJXFC03_S260_L003.2
