tree_group,mag
1,FSXTY26.41
1,FJSWXJ16.71
1,FSXTY25.82
1,FSXTY7hun.20
1,FSDJN26.34
1,FGZ28M_FDME220052025-1a.110
1,FGDLZ8_FDME220051910-1a.13
1,FJXSRPYG14.13
1,FSHXHZ17.22
1,FCQTY064_FDME220051144-1a.27
1,FeceHuBe15017_FDME220052835-1a.21
1,FSCPS92.8
1,FGZ4M_FDME220051972-1a.34
1,FSHHK36_FDME220054505-1a.123
1,FYNLJ46.60
1,SDHZD7.71
1,FSHCM99.129
1,FHNXY62.40
1,FeceHuNa150113_FDME220052264-1a.62
1,FHuBWH29.62
1,FSHXBX19.43
2,FZJHZD11.42
1,FJXSRPYG32.13
1,FSHCM39.117
1,FSHXWN18.37
2,FSCCD10.25
2,FGXGL26_FDME220052081-1a.36
1,FSHCM75.3
1,FSDJN36.122
1,FFJLY59_FDME220051278-1a.41
1,FHBSJZ49_FDME220052240-1a.105
1,L1EFC230255_FXJCJ07_S140_L002.23
1,FHHMY84.18
1,FJSWXJ43.2
1,FYNLJ35.12
2,FJSNT32.17
1,FGSYC49.118
1,FNXYCHL63.19
2,FCQTY026_FDME220051122-1a.30
2,L1EFC230283_FXJCJ52_S166_L002.9
1,FCQNA39.114
1,FeceHeNa4.86
1,FGD18M_FDME220052004-1a.120
1,FSHCM5_FDME220054522-1a.62
2,FSHXHZ25.43
1,FCQTY105_FDME220051176-1a.55
1,FHNXY13.56
1,FJLHD7.54
1,FCQNA19.25
1,FXJSW49.21
1,FHLJYC6.10
1,FHLJYC38_FDME220052687-1a.76
1,FSHHK25_FDME220054495-1a.11
2,FGDLZ47_FDME220051927-1a.27
1,FAHBZ39_FDME220050716-1a.2
1,M1C6.63
1,FHNFQ48.92
1,FCQTY094_FDME220051171-1a.74
1,FCQTY165_FDME220051196-1a.55
1,FCQNA25.92
1,FSHHK42_FDME220054511-1a.48
1,FeceHeNa31.52
1,FCQTY097_FDME220051172-1a.39
1,M2CF21.11
1,FeceHeNa23.70
1,FYNLJ51.87
1,FAHWH45.14
1,FCQNA28.7
1,FJSWX83.18
1,FJSWXJ20.1
1,FSHXHZ12.39
1,FJSWXJ7.22
1,FGSYC51.32
1,SDHZD16.100
1,FGXGL87_FDME220052142-1a.92
1,FAHWH20_FDME220050742-1a.62
1,FNXYCHL69.18
2,FSCCD8hun.96
1,FeceHuBe15011_FDME220052829-1a.52
1,FSXTY23.21
1,FSHXHZ23.21
1,L1EFC230344_FJXFC20_S302_L004.108
1,FTJS017.49
1,FJXSRPYG4.29
1,FJSWX91.38
1,FNXYCHL9.38
2,FCQTY155_FDME220051191-1a.38
1,FJSNT65.3
1,FSHCM3.73
1,FSHCM89hun.37
2,FGXGL46_FDME220052101-1a.15
1,M1C9.10
2,FGXGL11_FDME220052066-1a.21
1,FHNXY21.95
1,FSCDJY98.69
1,FXJCJ16.101
1,FJSNT38.63
1,FCQJJ1.34
1,FXJYN29.111
1,FeceHeNa20.32
1,FGSZY43.29
1,M1DZ11.149
1,FSDJN2.73
1,FJSWXJ5.26
1,FHNXY16.5
1,FCQTY084_FDME220051155-1a.31
2,FXJCJ53.39
1,JSCZD11.35
2,FBJ7.116
2,FHNFQ23.101
1,FNMHLBE8.100
1,L1EFC230331_FTJS0028_S257_L003.74
1,FHNXY17.74
1,FSDJN1.71
1,FBJ11.85
1,FBJ28.107
1,FHuNHHMY61.34
1,FJNDD17_FDME220051234-1a.52
1,FJSWXJ18.68
1,FSDQZ5.54
1,FeceHuNa150112_FDME220052263-1a.7
1,L1EFC230381_FSHXXA05_S339_L004.53
1,FeceHeNa11.10
1,FSDQZ39.120
1,FHNFQ12.27
1,FJSNT30.147
1,FHBSJZ4.76
2,FHuNHHMY78.51
1,FSHCM21_FDME220054536-1a.36
1,FGZ27M_FDME220052023-1a.27
1,FSXLVLS12.68
1,FSHXBX18.53
1,FJXSRPY15.7
2,FCQTY104_FDME220051175-1a.56
1,FNXYCHL67.11
1,FSDLZ29.41
2,JSCZD12.85
1,FBJ55.12
1,FJSNT23.94
1,FHuNHHMY76.42
2,FSHHK10_FDME220054482-1a.66
1,FSXTY27.39
