tree_group,mag
1,FZJHZD26.56
2,FXJKS47.55
2,M1C8.20
1,FeceHeNa4.40
1,FSHXHZ21.94
2,M2CF07.38
1,FCQTY102_FDME220051174-1a.63
2,M1C3.11
2,FXJKS14.6
2,FXJKS5.56
2,FXJSW44.55
2,M1DZ05.55
2,L1EFC230341_FJXFC14_S267_L003.89
2,M123F01.42
1,FZJTZ69.44
1,FSHHK15hun.29
2,FHNXY37.127
1,FGZ12M_FDME220051990-1a.50
1,FGXGL90_FDME220052145-1a.22
1,FGDLZ77_FDME220051942-1a.47
1,FNMHHHHT18.85
1,FGSZY46.73
2,FXJKS6.112
1,L1EFC230354_FJXFC47_S312_L004.21
2,M124R01.104
2,FYNLJ22hun.117
1,FSXLVLS25.97
2,FXJKS22.113
1,FNMHLBE8.52
1,FSHHK30_FDME220054499-1a.37
1,FTJBH62hun.10
2,M122R01.70
1,FGSZY21.42
2,FHuNHHMY83.78
2,L1EFC230236_FHLJZD14_S81_L001.120
2,FXJYN40.11
1,FGDLZ49.18
2,M1DZ08.56
2,FXJSW17.162
2,FHNXY44.50
2,FHNXY21.19
2,FYNLJ66.78
2,FXJKS42.58
1,L1EFC230344_FJXFC20_S302_L004.71
2,FHNXY17.63
2,FQHXN96.62
