tree_group,mag
1,FHNXY38.117
1,FeceHuNa150117_FDME220052266-1a.68
1,FGSZY57_FDME220051907-1a.20
2,FXJSW22.151
2,FJLHD29.32
2,FSDQZ35.22
2,FJXSRPY37.36
1,FYNDL10hun.112
1,FZJTZ23.39
2,FSDJN51.75
2,FGSZY30.16
2,FSCDJY69.5
1,FXJKS12.83
2,L1EFC230236_FHLJZD14_S81_L001.37
2,FSHXBX120.6
2,FGSZY33.46
2,FJLHD33.98
1,FXJSW17.62
2,FGDLZ49.66
2,FSDJN12.72
1,FQHXN97.106
2,FHNXY7.121
1,L1EFC230325_FTJS0011_S251_L003.100
1,FSHXBX167.47
2,L1EFC230344_FJXFC20_S302_L004.67
2,FeceGuXi15015.77
2,FGSZY36.23
2,FGXGL10_FDME220052065-1a.1
1,M214F02.39
1,M202F01.98
2,FSCPS11.237
2,FGSZY51.133
2,FNXYCHL41.105
2,FXJSW7.139
2,FJLHD21.82
2,FHuNHHMY77.37
1,FQHXN68.43
1,FNMHLBE4.13
2,FeceGuXi15013.144
2,FQHXN61hun.88
1,FQHXN69.60
2,FCQTY092_FDME220051170-1a.99
1,FSHXBX88.23
2,L1EFC230285_FXJCJ59_S168_L002.70
2,FHuNHHMY58.16
2,FeceGuXi150117.16
1,L1EFC230286_FXJCJ60_S169_L002.66
1,FXJKS3.91
1,FQHXN99.29
1,FAHBZ17.132
1,FXJCJ43.16
1,FXJKS42.60
2,FSHXBX108.72
2,FZJTZ22.112
2,FGSZY21.54
1,FGSZY3.15
2,FSDLZ59.13
2,FNXYCHL24.33
2,L1EFC230247_FHLJZD44_S90_L001.136
2,FSHXBX70.109
2,FXJKS11.192
1,FGSYC45.20
1,FXJKS22.22
2,FSHXBX155.76
2,FSCDJY31.76
2,FGSZY27.91
2,FGSZY23.54
2,FGSZY34.81
2,FJSWXJ21.82
2,FNMHLBE7.38
1,M1C7.29
2,FHNFQ2.59
2,FYNLJ52.87
1,FGSYC12.41
2,L1EFC230341_FJXFC14_S267_L003.106
1,L1EFC230319_FTJS0003_S245_L003.81
1,L1EFC230302_FXJWS31_S228_L003.35
2,M105F01.99
1,FNMHLBE32.100
1,FZJTZ65.21
1,FSHXBX98.108
2,FXJSW13.51
2,FHLJYC5.59
1,FXJSW32hun.36
1,FHNFQ13.119
2,M1C12.18
2,FZJTZ68.127
2,FYNLJ46.114
1,FXJYN36.110
2,FNMHLBE31.121
2,FHHMY4.29
2,M1C5.90
1,FCQNA15.81
2,FSHXBX71.73
2,FeceHeNa8.62
1,FHLJZD28.63
2,FCQTY155_FDME220051191-1a.131
1,FeceHuNa15017.123
2,FAHBZ5_FDME220050687-1a.16
2,FGSZY13.38
2,FNMHLBE20.18
2,FSCDJY22.117
2,FZJTZ69.23
2,FGSZY53_FDME220051904-1a.33
1,FSHXBX76.94
2,FGDLZ54.115
2,FAHBZ43.158
1,FQHXN86.104
2,FNMHLBE14.56
2,L1EFC230372_FSHXBX62_S330_L004.91
2,FeceHeNa7.98
1,FSHXBX12.88
2,FJXSRPY22.34
1,FAHBZ20_FDME220050700-1a.178
1,FeceHuNa150114_FDME220052265-1a.73
2,M101R01.3
2,FGDLZ56_FDME220051936-1a.72
2,L1EFC230313_FXJWS45_S239_L003.132
2,FeceHuBe15017_FDME220052835-1a.49
1,FXJKS37.23
2,FJSWX85.57
2,FXJYN29.55
2,FSCPS57.27
1,FSHXBX60.43
