tree_group,mag
1,FAHBZ8_FDME220050690-1a.36
2,FJNDD6_FDME220051223-1a.53
1,FBJ50.18
1,FHLJZD50.53
1,FSCDJY48.2
1,FeceHuNa15016.9
2,FJSWX81.24
1,FSXTY20.4
1,FHLJYC8hun.62
1,FHBSJZ57_FDME220052248-1a.94
2,FJXSRPY33.31
1,FTJBH_17.17
2,FCQTY091_FDME220051169-1a.36
2,FSDQZ32.65
1,FNXYCHL3hun.6
2,FSHHK38_FDME220054507-1a.119
1,FeceHuBe150127_FDME220052847-1a.25
1,FHNXY20.125
2,FSDQZ36.27
1,FNXYCHL24.158
1,FXJYN1.55
1,FSXLVLS15.86
2,FGDLZ50_FDME220051930-1a.100
1,FJLHD15.90
1,FSHXHZ15.83
1,FZJTZ11.122
1,FZJHZD6.100
2,FeceHuBe150125_FDME220052846-1a.104
1,FSHXBX138.48
1,FGSYC46.27
2,FGXGL75_FDME220052130-1a.51
2,FQHXN84.65
1,FHuNHHMY34.54
2,FJSNT23.87
1,FeceHuBe150111.25
1,FSHXBX90.13
1,FeceHuBe150112.29
2,FSHHK2.53
1,FGSYC77.64
1,L1EFC230300_FXJWS27_S226_L003.109
2,FGDLZ81_FDME220051959-1a.24
2,FHuNHHMY47.2
2,FJXSRPYG4.75
1,FGSZY25.72
2,FSHCM90.25
2,FHNXY3.10
1,FTJBH76.51
2,FNXYCHL71.99
1,FHNFQ57.73
1,FSHCM85.31
1,FAHBZ17.120
1,FAHBZ18_FDME220050698-1a.54
1,FSHCM17_FDME220054534-1a.10
1,FNXYCHL59.14
1,FSHXHZ11.105
2,FSCPS41.86
2,FNXYCHL69.82
2,M1C1.32
1,FSDLZ12.139
2,FCQTY042_FDME220051130-1a.22
1,FYNLJ40.55
2,FBJ28.21
2,FCQTY089_FDME220051168-1a.11
1,FNMHHHHT45.18
1,FHNFQ29.8
1,FYNLJ48.85
1,FAHBZ52_FDME220050729-1a.8
2,FJLHD9.6
2,FJLHD55.10
2,FSDJN50.62
1,FQHXN98.4
1,FHNXY31.73
1,L1EFC230312_FXJWS44_S238_L003.61
2,FGDLZ73.26
1,L1EFC230255_FXJCJ07_S140_L002.11
2,FJXSRPY39.50
1,FXJKS50.115
2,FGDLZ83_FDME220051961-1a.141
2,FZJTZ8.83
2,FNXYCHL49.118
1,FZJTZ53.37
2,FGXGL11_FDME220052066-1a.69
2,FGDLZ55_FDME220051935-1a.27
1,FSHXBX157.113
2,FSHCM97.27
1,L1EFC230254_FXJCJ06_S139_L002.27
1,FHLJZD26.34
1,FSHXBX75.11
2,FNMHHHHT19.89
1,FXJKS43.117
2,FSCPS16.75
1,FBJ2.74
2,FJNDD16_FDME220051233-1a.87
1,FHNXY35.21
1,FZJHZD9hun.74
2,FCQNA32.18
1,FGSZY2.50
2,FJXSRPY47.10
2,FJXSRPY30.71
1,FSHXBX61.36
2,FJLHD28.28
1,FJSWX87.11
1,FAHBZ48_FDME220050725-1a.64
1,FSDQZ28.10
2,FJLHD44.109
2,FGDLZ51.82
1,FAHBZ34.77
1,M2CF19.112
2,FGDLZ64_FDME220051945-1a.111
2,FSHCM58.65
2,FGDLZ30.10
2,FFJLY47.5
1,L1EFC230388_FSHXXA20_S346_L004.22
1,FSXLVWS3hun.13
1,FGSYC12.95
2,FCQHC7.9
1,FQHXN101.27
1,FSCDJY33.67
1,FXJSW49.27
1,FSCDJY73.7
2,FHLJZD19.7
2,FHBSJZ42_FDME220052233-1a.82
1,FGSYC58.101
2,FJSNT4.4
1,M1C17.17
1,FSHXHZ24.111
2,FJSNT32.11
2,M2CF18.45
1,FCQTY166_FDME220051197-1a.47
1,FQHXN52hun.134
1,FAHBZ2.42
2,FHuNHHMY43.141
1,FSHCM84.68
1,FSXTY1hun.45
1,FHLJZD6.79
1,FZJTZ48.42
1,FAHWH44_FDME220050761-1a.54
2,FGSYC78.66
2,FJXSRPYG32.73
1,FSHXBX135hun.55
2,FGDLZ67_FDME220051948-1a.65
1,FHLJZD31.93
2,FSHXWN21.47
1,FNXYCHL64.10
2,FJXSRPY36.43
1,M2CF10.30
1,FNMHHHHT11.85
1,FGXGL8_FDME220052063-1a.15
1,FJLHD45.44
1,FSDLZ19.49
2,FJSWXJ2.172
2,FCQTY064_FDME220051144-1a.24
1,FXJKS2.114
1,FSXLVLS25.107
2,FGXGL16_FDME220052071-1a.11
1,FXJKS20.35
1,L1EFC230324_FTJS0010_S250_L003.4
2,FCQTY084_FDME220051155-1a.124
1,FNMHLBE14.15
1,FHBSJZ38_FDME220052229-1a.14
2,FAHWH21_FDME220050743-1a.42
2,FCQTY104_FDME220051175-1a.57
2,FGSZY22.15
1,FSHXBX67.28
1,FGSYC10.22
2,FSHCM13_FDME220054530-1a.40
1,FXJYN32.90
1,FXJSW2.104
2,FGDLZ77_FDME220051942-1a.4
1,FJLHD33.61
1,M1DZ09.13
1,FJSWX98.47
1,FGSYC39.36
1,FHNFQ35.107
2,FGXGL24_FDME220052079-1a.25
2,FJNDD1.17
2,SDHZD14.6
1,FCQTY061_FDME220051141-1a.32
1,FNMHHHHT20.83
2,FHLJYC29.91
1,FSHXBX139.21
1,FSDJN56.40
1,FSXLVLS9.69
2,FNMHHHHT27.88
1,FXJKS3.106
2,FHNFQ52.44
2,FSHCM51.72
2,FCQNA14.72
2,FAHBZ44_FDME220050721-1a.60
2,FNXYCHL26.58
2,FCQTY077_FDME220051152-1a.36
2,FCQTY092_FDME220051170-1a.103
1,FSHXBX60.13
1,FXJWS6hun.81
1,FCQTY014.60
2,FHuNHHMY1.17
1,FSXTY6hun.15
2,FGXGL101.16
1,FHLJZD46.5
1,FSDQZ48.68
1,FSDJN41.63
2,L1EFC230393_FSHXXA37_S36_L003.89
2,FHLJYC19.1
1,FTJBH86hun.41
2,FHLJYC23.81
1,FHLJZD41.123
1,FSDLZ30.35
1,FFJLY46_FDME220051273-1a.22
2,FSXTY33hun.6
2,FSCCD9.55
1,FZJTZ70.35
2,FAHWH16.16
1,FJSWX88.1
1,FeceHuNa150136.64
1,FGSYC59.24
1,FTJBH14.43
1,FNXYCHL54.14
1,FXJYN31.67
1,FHBSJZ30.15
1,FSHXBX158.59
1,FYNLJ46.22
1,FNMHLBE16.15
1,FSDLZ53.63
2,FJSNT14.29
1,FJSWX85.39
2,FGXGL51_FDME220052106-1a.34
2,FHuNHHMY2hun.35
1,FHLJYC2.67
2,FJSWX96.48
1,FQHXN8.16
2,FCQNA6hun.76
2,FHuNHHMY80.11
1,M1DZ04.55
1,FSHXHZ12.2
2,FJXSRPY37.104
1,FSDQZ23.19
2,FCQNA3.6
1,L1EFC230327_FTJS0023_S253_L003.65
1,FZJTZ34.107
2,FNXYCHL12.84
1,FSHXBX18.13
1,FSDQZ21.9
2,FCQNA5hun.81
2,FZJTZ26.130
1,FXJSW8.15
1,FHLJYC13.8
1,FXJKS38.77
1,FHNFQ33.14
1,FTJBH2.87
2,FJSWXJ1.66
2,FYNDL2.45
2,FJNDD2_FDME220051219-1a.61
1,FXJYN21.77
2,FGDLZ54.3
1,FBJ4.67
2,FSDJN20.37
2,FJNDD12_FDME220051229-1a.107
2,FCQJJ2.2
2,FGSZY16.30
1,FXJSW17.82
2,FNMHLBE25hun.20
1,FJSWX101.30
1,FSDQZ35.102
1,M1DZ07.24
1,FGZ4M_FDME220051972-1a.148
1,FSHXBX80.11
2,FYNDL7.34
1,FSCDJY92.33
1,FXJSW40.44
1,FNMHHHHT12.53
1,FCQTY067_FDME220051145-1a.13
2,FJXSRPY38.19
1,FJXSRPY55.14
2,L1EFC230233_FHLJZD05_S78_L001.83
1,L1EFC230299_FXJWS26_S225_L003.28
1,FGSYC3.16
2,FGXGL45_FDME220052100-1a.40
2,FGXGL70_FDME220052125-1a.26
1,FNXYCHL51.43
1,FSDQZ27.34
2,FHHMY17.24
1,FYNLJ27.71
1,FeceHuNa150119.27
2,FHuNHHMY10.62
1,FQHXN94.69
1,FAHBZ41_FDME220050718-1a.19
2,FGDLZ78_FDME220051943-1a.14
2,FJSNT19.31
2,FJSNT21.126
2,FJXSRPY35.48
2,FSCPS4.25
1,FTJBH5.61
1,FQHXN73.45
2,FSCPS36.30
1,M1DZ03.25
1,FAHBZ53.17
1,FTJBH62hun.78
1,SDHZD3.38
2,FBJ67.63
1,FTJS015.46
1,FGXGL43_FDME220052098-1a.107
1,FGSYC50.46
2,FSXTY19.50
1,FJSWX104.16
2,FHLJZD55.80
1,FNMHLBE31.195
1,FGSZY19.42
2,FXJYN18.18
1,FHLJYC18hun.7
1,FHBSJZ54_FDME220052245-1a.22
2,FHuNHHMY83.112
2,FAHWH23_FDME220050744-1a.18
1,FXJKS35.168
1,FHBSJZ39_FDME220052230-1a.64
1,M123F01.83
2,FJLHD18.69
1,FZJTZ14.114
1,FSHXBX174.77
1,FSDQZ26.85
2,FAHBZ40_FDME220050717-1a.25
2,FHNXY5.20
1,FHLJZD15.14
1,L1EFC230386_FSHXXA15_S344_L004.90
2,FJSNT63.37
2,FJSNT46.73
1,FHLJZD53.73
2,FGZ11M_FDME220051989-1a.70
2,FGXGL6_FDME220052061-1a.144
1,FeceHuNa150114_FDME220052265-1a.104
1,FSXTY53.67
2,FSCCD8hun.18
1,FNMHHHHT15.114
1,L1EFC230302_FXJWS31_S228_L003.64
2,FHuNHHMY13.17
1,FXJKS36.182
2,FGDLZ2.15
2,FGXGL74_FDME220052129-1a.3
2,FXJYN8.21
2,FSXLVLS14.66
2,FHNXY24.99
2,FQHXN35.139
1,FNMHHHHT18.65
2,FSHHK34_FDME220054503-1a.58
2,FSCPS65.36
2,FSCDJY69.156
1,FNXYCHL46.15
1,FYNLJ35.46
1,FHNFQ55.7
1,FHNFQ50.93
1,FAHBZ46_FDME220050723-1a.27
2,FGXGL20_FDME220052075-1a.7
1,FXJSW5hun.102
1,FZJTZ68.74
2,FJXSRPYG1.45
2,FHNFQ48.85
2,FSCDJY13.36
1,FXJKS33.7
1,FSHXHZ13.114
1,FTJBH39hun.75
1,FSHXBX161.84
1,FHLJZD40.16
2,FSDQZ30.95
1,FSHCM65.26
1,FAHBZ59_FDME220050734-1a.42
1,FGSYC65.33
1,FQHXN45.24
1,FAHWH05.83
1,FeceHuNa150137.54
2,FNXYCHL63.100
1,FNMHLBE28.68
2,FNXYCHL67.22
1,FZJHZD3hun.84
1,FGSZY10.33
2,FZJTZ69.1
1,FHLJYC39_FDME220052688-1a.79
2,FSCDJY49.127
1,FHNFQ6.11
1,FTJBH17.121
1,FeceHuNa150126.8
1,FJSWXJ21.52
2,FJSNT3.18
2,FJXSRPY24.1
2,FHuNHHMY60.87
2,FJXSRPYG19.64
1,FAHBZ33_FDME220050713-1a.101
1,FAHBZ60_FDME220050735-1a.23
1,FSDJN39.60
2,FAHWH24_FDME220050745-1a.2
1,FGSYC6.15
1,FJLHD36.134
1,M122R01.34
2,FXJWS13.48
2,FHLJZD21.117
1,FXJSW16.20
2,FGDLZ39.4
1,FSHXHZ20.9
2,FHLJZD54.82
1,FSHXBX131.33
2,FFJLY43_FDME220051271-1a.78
1,FXJWS18.8
1,FHNFQ13.53
2,FGDLZ36.30
1,FSDJN51.20
2,FNMHLBE35.33
1,FJSWX100.53
2,FJNDD4_FDME220051221-1a.12
1,FSXTY47.38
1,FCQTY050_FDME220051135-1a.25
2,FHLJZD16.117
2,FQHXN85.3
1,FSXTY42.49
1,FHBSJZ11.75
2,FGDLZ1.70
1,FNMHLBE34hun.73
1,FHLJYC40.52
2,FTJBH35.33
2,FSHHK37_FDME220054506-1a.45
2,FSXLVLS16.6
2,FSHCM98.36
1,FXJYN10hun.41
2,FHLJZD11.71
2,FSHXHZ4.81
1,FXJCJ34.49
2,FGXGL3_FDME220052058-1a.21
2,FGZ10M_FDME220051987-1a.74
1,FZJTZ52.30
2,M106R01.1
2,FZJTZ4.92
2,FSHCM70.66
1,FGSYC7.128
2,FSHCM12_FDME220054529-1a.15
2,FYNLJ71.37
2,FSXLVLS3.58
2,FSHCM26.5
1,L1EFC230287_FXJCJ63_S170_L002.82
2,FJXSRPY45.91
2,L1EFC230248_FHLJZD47_S91_L001.47
2,FJSWXJ3.54
1,FJSWX80.65
1,FQHXN61hun.113
2,FGDLZ15_FDME220051915-1a.162
1,FSHXBX70.89
1,FQHXN11.76
2,FHuNHHMY46.26
1,FXJSW42.72
2,FHHMY63.13
1,FNMHHHHT41.110
1,FZJTZ37.58
2,FGDLZ31.60
1,FSDJN36.47
1,M214F02.104
1,FYNLJ76.67
2,FCQTY141_FDME220051183-1a.2
2,FXJYN33.30
1,FSHXBX88.77
2,FQHXN102.11
1,FXJSW21.3
1,L1EFC230361_FSHXBX31_S319_L004.67
1,FNXYCHL53.125
1,FeceHuBe150132_FDME220052848-1a.76
2,FHuNHHMY70.81
2,FJXSRPY27.107
1,FYNLJ41.10
1,FSHXWN14.44
2,FGXGL40_FDME220052095-1a.32
2,FSHHK44.29
1,FNXYCHL48.30
2,FAHBZ12.93
2,FGDLZ33_FDME220051920-1a.15
1,FXJSW11.11
1,FSHXBX134hun.72
1,FQHXN96.6
1,FSHXBX79.128
1,FBJ65.16
1,FCQTY062_FDME220051142-1a.27
1,FZJTZ2.101
1,FSHXXA19.46
1,SDHZ11.22
1,FXJKS9.37
2,FJNDD11_FDME220051228-1a.61
1,FSCPS94.11
1,FGSYC23.56
1,FJSNT15.89
1,FJLHD42.34
1,FQHXN30.39
2,FGSYC66.21
2,FGXGL30_FDME220052085-1a.21
1,FSDLZ17.154
2,FZJTZ50.7
1,L1EFC230389_FSHXXA21_S347_L004.14
1,FZJTZ55.15
1,FSDQZ33.92
2,FYNLJ36.18
1,FSXTY41hun.4
1,FAHWH30_FDME220050748-1a.41
1,FGSYC32.9
1,FGSYC42.6
2,FCQTY009.52
1,FSDQZ29.181
2,FJLHD37.153
2,FGZ27M_FDME220052023-1a.33
2,L1EFC230340_FJXFC13_S266_L003.70
1,FSHXHZ1.70
1,FSDLZ49.47
2,FHuNHHMY29.123
1,FSDQZ38.183
1,FGSYC44.2
2,FSHCM57.13
1,FXJKS11.121
1,FJSWXJ24hun.53
1,FSHXBX98.98
1,FXJKS5.115
2,FXJKS19.61
1,FAHWH41_FDME220050758-1a.34
2,FJSNT66.54
1,FSHXBX141.25
2,FHBSJZ46_FDME220052237-1a.50
1,FSHXBX166.133
2,FJSNT65.14
1,FZJTZ54.76
1,FHNFQ47.55
1,FNXYCHL60.22
1,FGZ5M.27
1,FCQTY155_FDME220051191-1a.52
2,FQHXN16.50
2,FCQTY073_FDME220051150-1a.65
1,FeceHuBe150119_FDME220052841-1a.51
1,FXJKS39.131
1,FHNXY22.48
2,FSCDJY22.9
1,FJSNT72.77
1,FJLHD53.32
2,FSDLZ58.100
2,FHuNHHMY61.55
1,FHNFQ30.24
1,FHLJYC42_FDME220052691-1a.32
2,FHLJZD24.10
2,FGDLZ10_FDME220051912-1a.44
1,FHNFQ53.72
1,FHuBWH29.78
1,FHLJYC25.4
1,FNMHLBE32.16
2,FJSNT58.23
1,FFJLY78.101
1,FHNXY19.47
1,M2CF01.14
1,FSXTY13hun.75
1,FSXTY2hun.56
1,FTJBH47.14
2,FGZ26M_FDME220052020-1a.77
2,FJXSRPY17.87
1,FHNXY29.13
1,M1C12.3
1,FGSYC89.47
1,FAHBZ47_FDME220050724-1a.38
2,FGXGL41_FDME220052096-1a.4
1,FHLJYC33_FDME220052682-1a.53
1,L1EFC230347_FJXFC25_S305_L004.104
1,FHNFQ54.18
1,L1EFC230268_FXJCJ27_S152_L002.92
2,FJSNT25.33
2,FSCPS45.11
1,FXJKS23.102
2,FeceHuBe15017_FDME220052835-1a.98
1,FXJYN3.132
2,FQHXN1.76
1,FGSYC34.40
1,FGSZY3.74
1,L1EFC230247_FHLJZD44_S90_L001.14
1,FQHXN90.83
2,FGDLZ3.7
1,FHLJYC15.155
1,FSDLZ44.149
1,FXJKS51.113
2,FNMHHHHT10.25
2,FFJLY9_FDME220051246-1a.45
1,FSDLZ20.6
1,FNMHLBE30.14
1,FSDJN23.95
1,FAHBZ3_FDME220050685-1a.9
1,FCQTY024_FDME220051120-1a.65
2,FGXGL32_FDME220052087-1a.180
2,FJXSRPY54.113
1,L1EFC230368_FSHXBX52_S326_L004.29
2,FSHCM80.52
2,FSDJN44.3
1,FGZ42M_FDME220052055-1a.102
1,FSHXBX151hun.58
