tree_group,mag
1,SDHZ19.8
1,TJHX1.47
1,FGZ4I2.20
1,SDZB4.8
1,FGD21I2_FDME220052012-1a.14
1,SHMX1_FDME220054475-1a.23
1,HuNDA1.7
2,FJSWXJ42.17
2,HeNJZ9hun.6
1,FZJHZ14.25
1,FGZ30I2_FDME220052040-1a.13
1,FGZ8I1_FDME220051983-1a.8
1,FZJZJ4.11
2,FGZ15I2_FDME220051997-1a.10
1,FCQHC8.99
1,HeNWX1hun.3
1,NMGHHHT1hun.13
2,SHXXY2.28
1,FNXYCHL11hun.55
1,BJHD1.19
1,SHXXA6.16
2,CS10.25
1,FGZ15I1_FDME220051996-1a.2
2,BJHD2.26
1,HLJDQ2.28
2,SHSJ1_FDME220054474-1a.4
1,SDZB5.12
1,TJDG9.10
1,FSHHK3_FDME220054479-1a.56
1,SHXXY1hun.26
2,LNSY1.13
1,SDZC2.3
1,FXJYN3.97
1,FJND10_FDME220051202-1a.11
