tree_group,mag
1,FSDQZ43.120
2,FGSZY42.7
1,L1EFC230364_FSHXBX42_S322_L004.42
2,FeceHeNa2.45
2,FZJTZ36.66
2,FHLJYC2.39
1,FHNXY19.66
2,FGDLZ1.51
2,FBJ69.20
1,FSDQZ31.96
1,FSHCM3.16
2,FZJTZ54.52
2,FSHCM86hun.81
2,FSHCM13_FDME220054530-1a.132
2,FCQTY085_FDME220051156-1a.85
1,M1C9.110
1,FSDJN46.10
2,FZJTZ21.103
2,FSDJN19.77
1,FSDQZ27.14
1,FXJSW5hun.18
1,FSDLZ07.123
1,SDHZD13.28
2,FNXYCHL65.56
1,FAHBZ5_FDME220050687-1a.28
1,FSDQZ19.166
1,FCQNA25.74
2,FJSWX87.20
2,FSHHK14.74
2,FJSNT67.27
2,FGDLZ2.26
1,FSCPS69.112
2,FSCCD6.29
1,FHNXY37.99
1,FSDJN36.76
2,FGXGL23_FDME220052078-1a.132
1,FHNXY48.41
1,FXJKS42.125
1,FGDLZ76_FDME220051956-1a.76
2,FGXGL16_FDME220052071-1a.136
1,FSHXBX43.88
1,FZJTZ26.28
1,FGSZY8.83
1,FSCDJY69.36
2,FSDQZ21.165
1,FHNXY58.19
2,FNXYCHL56.177
1,FSDLZ25.36
2,FSCPS4.55
2,FeceHeNa5.103
2,FAHBZ60_FDME220050735-1a.61
2,FZJTZ24.24
1,L1EFC230267_FXJCJ26_S151_L002.35
