tree_group,mag
1,FNMHHHHT32.43
1,FSXTY14.26
1,FeceHeNa5.23
1,L1EFC230264_FXJCJ23_S148_L002.19
2,FHLJYC24hun.9
2,FGSYC39.40
NA,FSHXBX45.83
2,FSDLZ57.119
1,FCQTY031_FDME220051125-1a.76
1,FHLJDQ10.116
2,FNMHLBE6.39
1,FBJ44.32
1,FeceHuBe150121_FDME220052842-1a.127
1,FSHCM6_FDME220054523-1a.37
1,FSDJN20.115
1,FFJLY10_FDME220051247-1a.70
2,FeceHuNa150112_FDME220052263-1a.27
2,FXJKS19.156
2,FSHXBX155.183
1,FSXTY39.79
1,FHuNHHMY13.95
1,L1EFC230361_FSHXBX31_S319_L004.45
1,FSHCM90.40
2,FXJWS13.33
2,FSHXBX157.117
1,FSHXBX12.11
1,FBJ53.22
1,FHLJZD43.115
1,FeceHuNa150124_FDME220052272-1a.80
1,FTJS020.79
1,FTJS016.75
1,FTJBH46.48
1,FCQTY050_FDME220051135-1a.48
1,FSDQZ36.105
1,FHLJYC30.84
1,FHLJYC19.86
1,FSHXBX126.45
1,FJXSRPY17.101
2,FNXYCHL45.100
1,FCQTY010.89
1,FBJ2.12
1,FHuNHHMY3.53
1,FGZ26M_FDME220052020-1a.27
2,FYNDL21hun.94
1,FNMHHHHT33.26
1,FSXLVLS4.56
1,FHLJYC4hun.63
1,FGDLZ19_FDME220051917-1a.43
NA,FSHXBX33.36
1,FJXSRPYG14.2
1,FGSZY25.27
1,FeceHuBe150125_FDME220052846-1a.166
1,FHNXY3.70
1,FGDLZ33_FDME220051920-1a.9
1,FHLJYC37_FDME220052686-1a.60
2,FSCCD22.20
1,FNXYCHL5.52
1,FSHXWN17.4
1,FHNXY29.29
1,FJXSRPY11.48
1,FHNXY12.29
1,FNMHHHHT31.52
1,FHLJDQ12.78
2,FSDJN1.103
1,FSHXWN32.38
1,FHNFQ56.58
1,FBJ7.123
1,FHLJZD41.77
