tree_group,mag
1,FXJWS20.29
1,FNMHHHHT27.17
1,FSHXWN16hun_FDME22H000406-1a.43
1,L1EFC230364_FSHXBX42_S322_L004.78
2,FSHXBX43.18
1,FHLJZD59.29
1,FSHXBX111.98
1,FXJKS2.93
1,FHNFQ21.14
1,FXJSW15.120
1,FTJBH27.74
1,FXJYN4.60
2,FQHXN30.77
1,FSHXBX27.79
1,FSDJN28.79
1,FHBSJZ14.22
1,FHNXY7.92
1,FNMHLBE20.56
1,L1EFC230309_FXJWS39_S235_L003.94
1,FJLHD5.9
1,FXJKS43.17
1,FSXLVLS3.77
1,FGSYC57.81
1,FeceHuBe150121_FDME220052842-1a.139
1,FeceHuNa15012_FDME220052260-1a.70
1,FSHXBX167.100
1,FHBSJZ7.48
1,FHNFQ31.36
1,FGXGL66_FDME220052121-1a.39
1,FGXGL89_FDME220052144-1a.61
1,FQHXN96.93
1,FGXGL43_FDME220052098-1a.51
1,FSDQZ31.53
1,L1EFC230304_FXJWS33_S230_L003.79
1,FAHBZ56.34
1,FSHXBX133hun.60
1,FXJKS39.47
1,FXJWS48.45
1,FNMHLBE23.138
1,FXJSW17.152
1,FSHXBX132hun.55
1,FSDLZ06.26
2,FNXYCHL51.122
1,FXJCJ50.18
2,FSCCD17.19
1,FNXYCHL52.70
1,FSDLZ19.97
1,L1EFC230312_FXJWS44_S238_L003.5
1,L1EFC230301_FXJWS28_S227_L003.79
1,FNMHLBE22.32
1,FBJ2.56
1,FXJKS34.18
1,FXJKS17.35
2,FSDQZ21.99
1,FGXGL62_FDME220052117-1a.1
1,FAHBZ60_FDME220050735-1a.147
1,FQHXN76.43
1,FXJWS16.16
1,FSXTY63.14
1,FSDLZ45.45
1,FXJSW49.11
