tree_group,mag
1,FGXGL84_FDME220052139-1a.66
1,FGDLZ58.92
1,FSHXBX157.37
NA,FQHXN68.90
1,FSHXHZ13.120
1,FAHBZ23_FDME220050703-1a.15
1,FNMHHHHT17.108
3,FeceHuNa150112_FDME220052263-1a.84
3,FHNFQ56.71
3,FSXTY2hun.28
3,FXJCJ4.74
3,FSDLZ53.40
3,FSXTY59.98
3,FHNXY8.94
1,FSDLZ40.101
3,FSHXBX108.70
3,FSHCM93.34
3,FQHXN1.51
3,FYNLJ46.155
1,FCQNA9hun.200
1,FAHBZ36.104
1,FJSNT64.75
3,FSHXBX75.25
3,FHNXY49.19
1,FYNDL28hun.178
1,FJXSRPY54.126
3,FSHXHZ24.72
1,FGDLZ48.7
1,FHLJYC5.57
1,FGSYC76.70
1,FBJ60.106
3,FSHCM94hun.12
3,FJLHD7.37
1,FSDLZ49.101
1,FHHMY4.98
1,FGXGL34_FDME220052089-1a.130
1,SDHZD11.74
1,FCQTY060_FDME220051140-1a.34
3,FeceHuBe150122_FDME220052843-1a.68
3,FSDQZ39.80
1,FZJTZ22.34
1,FZJTZ35.3
3,FCQTY092_FDME220051170-1a.28
1,L1EFC230325_FTJS0011_S251_L003.157
3,FSHCM42hun.118
1,FCQTY166_FDME220051197-1a.12
1,FSHCM98.31
1,FSHXBX130.118
1,FXJYN18.80
3,FNMHHHHT11.104
3,FSHXHZ20.91
3,FAHBZ56.118
1,FSDLZ57.4
1,FeceHeNa26.93
3,FBJ69.91
3,M1C1.70
1,FHuNHHMY24.1
3,FJXSRPY17.82
1,FGDLZ54.73
1,FNXYCHL5.91
3,FSCDJY38.36
3,FJXSRPY37.50
1,FGDLZ78_FDME220051943-1a.53
1,FHuNHHMY13.68
1,FCQTY147_FDME220051186-1a.10
1,FSDLZ07.17
3,L1EFC230364_FSHXBX42_S322_L004.63
1,L1EFC230363_FSHXBX41_S321_L004.103
1,L1EFC230285_FXJCJ59_S168_L002.48
NA,M2CF01.5
1,FTJBH51.30
NA,FXJKS37.41
1,FJXSRPY38.45
1,FGXGL49.56
1,FQHXN14.62
3,FSDLZ50.32
3,FHNXY9.53
3,FJLHD21.58
3,FCQNA25.16
3,FZJTZ24.25
3,FJNDD12_FDME220051229-1a.29
3,FXJKS19.13
3,M2CF12.106
1,FHLJYC38_FDME220052687-1a.112
3,FSHXBX71.85
1,L1EFC230319_FTJS0003_S245_L003.59
3,FSXTY1hun.113
3,FSXLVWS8hun.96
1,FHNXY19.11
3,FHNFQ12.13
1,FHuNHHMY43.53
NA,FQHXN69.51
1,FGSZY48.140
1,FHLJZD45.41
1,FJSNT21.147
3,FHNXY57.14
1,FGXGL53_FDME220052108-1a.40
1,FXJKS35.44
1,FSDLZ56.111
1,L1EFC230334_FJXFC03_S260_L003.45
1,FSHCM83.87
3,FSHCM90.20
3,FSHXBX148.17
3,L1EFC230369_FSHXBX54_S327_L004.88
3,FHNFQ20.60
1,FXJCJ31.96
3,FSHCM57.148
1,FJLHD43.70
1,FHNFQ16.93
3,M1C9.73
1,L1EFC230344_FJXFC20_S302_L004.144
3,FSHXBX80.52
3,FJSNT32.116
1,FSHCM21_FDME220054536-1a.114
1,FSHXXA38.31
1,FZJTZ8.37
1,FHNXY47.117
1,FGXGL43_FDME220052098-1a.77
3,FXJCJ29.109
3,FSDJN6.132
