tree_group,mag
1,FSHCM57.22
1,FSHCM55hun.17
1,FHLJZD8.18
1,FeceGuXi15013.93
1,FSXTY39.21
1,FHuNHHMY81.65
1,L1EFC230351_FJXFC35_S309_L004.100
1,FZJTZ57.69
1,FSDJN60.77
1,FGXGL24_FDME220052079-1a.14
1,FNMHLBE7.158
1,FHLJYC29.135
1,FHuNHHMY20.26
1,FHuNHHMY13.82
2,FJXSRPY54.6
1,FGDLZ2.2
1,FHNXY57.116
1,FGDLZ1.71
1,FHLJZD43.66
2,FSHXHZ12.22
1,FJXSRPY30.5
1,L1EFC230341_FJXFC14_S267_L003.57
1,FGDLZ36.75
1,FSHCM70.23
1,FGDLZ48.6
1,FSDLZ50.91
1,FHLJZD53.25
2,FSDQZ42.146
1,FSCDJY69.51
1,FZJTZ69.11
1,JSCZD7.88
1,FGDLZ3.51
1,FGDLZ83_FDME220051961-1a.137
1,FeceHuBe150125_FDME220052846-1a.94
1,FJSNT21.163
1,FCQTY144_FDME220051184-1a.52
1,FSHXBX148.105
1,FHNFQ2.91
1,FGDLZ58.51
1,FGXGL1_FDME220052056-1a.153
2,FSDLZ58.29
1,FSCPS56.109
