tree_group,mag
1,FSXLVLS14.59
1,FXJCJ65.28
1,FeceHeNa16.48
1,FHNXY34.114
1,FGDLZ15_FDME220051915-1a.65
1,FGZ3M_FDME220051970-1a.120
2,FHuNHHMY16.80
1,FGDLZ14.41
1,FCQNA16.72
2,FSXTY32.85
1,FSCPS62.80
1,FSCDJY69.84
1,FSCPS8.45
2,FNMHHHHT10.75
1,FGSYC92.30
2,FGD17M_FDME220052001-1a.94
1,FGXGL87_FDME220052142-1a.78
1,FGDLZ34.26
1,L1EFC230278_FXJCJ44_S162_L002.32
1,FSDLZ11.113
1,FZJHZD16hun.15
2,FJND12_FDME220051204-1a.10
2,FSHXWN6.2
1,L1EFC230358_FSHXBX08_S316_L004.3
2,FJXSRPY39.1
1,FSCPS12.83
1,FSDLZ21.102
2,FSHXWN18.68
1,FSHHK18hun.3
2,FJXSRPY38.32
1,FSXTY1hun.6
1,FSDLZ40.137
1,L1EFC230301_FXJWS28_S227_L003.58
1,FGSYC8.32
