tree_group,mag
1,NMGHHHT2hun.28
1,HeNJZ3.4
1,BJHD1.10
1,HuNCS1.15
1,FZJJH4hun.21
1,FGD19I2_FDME220052008-1a.3
1,FSDJN25.10
2,FXJCJ9.20
1,HeNJZ4hun.38
1,L1EFC230263_FXJCJ22_S147_L002.7
1,SHSJ1_FDME220054474-1a.3
1,JLHD2hun.22
1,HuNDA1.2
1,JXNC2.6
2,FZJHZ13.45
1,FeceHuBe15012_FDME220052830-1a.6
1,SDHZ25.1
1,FJND13.6
1,FZJJH6.19
1,SDWF1.9
1,FeceHuNa150144_FDME220052287-1a.49
1,BJCP2.6
1,FAHBZ55.5
1,M207F01.19
1,FJND6_FDME220051164-1a.42
1,NMGCF1hun.7
1,FZJJHD3.19
1,SHXXA6.32
1,FJXM1_FDME220051158-1a.23
1,FJND21.21
1,HNZZ120_FDME220052307-1a.11
1,HeBSJZ1.15
2,LNSY2.8
1,FSCDJY68.32
2,FJND2_FDME220051160-1a.14
2,FGD6I1.5
1,BJHD9.5
1,FHNFQ49-1.20
2,LNSY3.1
2,FJFZ2_FDME220051166-1a.20
2,FGZ31I2_FDME220052041-1a.1
1,FGD5I2.10
2,FGZ39I1_FDME220052049-1a.3
1,NMGWLCB1hun.28
1,FJND24_FDME220051215-1a.23
1,BJSJS1.5
1,SDHZ15.16
2,FGDLZ41_FDME220051924-1a.65
2,FJND10_FDME220051202-1a.8
1,FHBSJZ50_FDME220052241-1a.1
1,FYNDL14.8
2,FJND23_FDME220051214-1a.27
1,FSXTY55.3
1,HeNJZ6.3
1,HuBJM2.10
1,SDHZ2.29
2,FZJJH14.25
1,FGD23I2_FDME220052015-1a.6
1,SDHZ5.20
2,FGSZY1.12
1,FGZ5I1_FDME220051975-1a.8
1,LNSY1.17
1,FYNDL15.3
2,BJCY2.13
1,SDZB5.10
1,SDHZ14.29
1,JSZJ4.5
1,BJHD8.11
