tree_group,mag
1,FZJTZ52.16
1,FHLJZD49.9
1,FHLJZD21.144
1,L1EFC230236_FHLJZD14_S81_L001.113
2,M1DZ04.57
1,FSDQZ35.130
1,FAHBZ53.6
2,FSDQZ27.133
2,FAHWH09.91
1,FSCPS31.105
2,FTJBH30.89
1,L1EFC230239_FHLJZD23_S84_L001.132
1,FNMHLBE12.137
2,FSDJN60.51
1,FNXYCHL56.180
1,FJSWXJ1.78
2,M2CF05.59
1,FXJSW50.41
2,FYNLJ76.80
2,FYNLJ35.91
1,M2CF10.62
2,M1C1.79
1,FJSNT27.50
1,FHNFQ2.83
1,FYNLJ66.76
1,FSCPS57.44
1,FGDLZ2.22
1,FSDLZ25.13
2,FYNLJ27.57
2,FYNLJ51.117
1,FHNFQ50.46
1,FeceHeNa1.8
2,FQHXN93.133
1,FHNXY38.37
1,FSHCM93.146
1,FJSWXJ42.85
2,FXJSW32hun.144
1,FJSWXJ43.33
2,FZJTZ54.12
1,FHHMY63.150
1,FNXYCHL44.116
1,FGSYC90.146
1,FZJTZ69.33
1,FZJTZ30.52
2,FQHXN112hun.53
1,FGXGL51_FDME220052106-1a.71
1,FCQTY145_FDME220051185-1a.87
2,SDHZD1.31
1,FGDLZ3.43
1,FXJKS33.60
2,FQHXN96.38
2,M1C6.11
1,FSHHK14.114
2,M2CF07.41
1,FSDJN12.184
2,FSCPS11.167
1,FJSWXJ6.59
2,FSHHK35_FDME220054504-1a.3
2,FYNLJ71.33
1,FSDQZ42.37
1,FHHMY17.17
2,M1C12.13
2,FHNXY19.49
1,FSCDJY69.112
1,FNMHLBE14.37
2,M2CF14.18
1,FGZ15M_FDME220051995-1a.91
2,M1DZ12.27
1,FGSZY45.59
1,FeceHuBe150133_FDME220052849-1a.39
1,FSDLZ12.37
1,FHNXY44.71
1,FGXGL69_FDME220052124-1a.96
1,FCQNA15.39
1,FGXGL45_FDME220052100-1a.4
1,FTJBH19.23
1,FCQTY157_FDME220051193-1a.67
1,FSDLZ09.98
2,FGZ2M.72
1,FSDQZ33.21
1,FYNLJ74.46
1,L1EFC230355_FJXFC53_S313_L004.94
2,FYNLJ52.64
1,FJSWXJ38.36
2,FGSZY48.114
1,FSHHK41_FDME220054510-1a.32
1,FCQTY022_FDME220051119-1a.12
1,FSCPS36.21
1,FGXGL24_FDME220052079-1a.33
2,FYNLJ57.16
1,FSDLZ42.102
2,M1DZ05.95
1,FGDLZ1.7
2,FXJKS4.125
2,M1DZ10.32
2,FYNLJ56.46
2,M1DZ11.2
2,FNMHLBE22.22
2,M1C10.4
2,FXJKS22.127
2,FYNLJ40.12
1,FSHXBX142.10
2,FQHXN76.21
1,FXJSW22.190
1,FHNXY42.81
2,FYNLJ58.71
2,M1C13.58
2,FXJCJ21.55
1,FSHXHZ15.67
1,FSHHK26.12
2,FQHXN52hun.96
