tree_group,mag
1,FGXGL108.23
2,FFJLY37_FDME220051266-1a.39
2,FFJLY30_FDME220051260-1a.44
1,FGXGL109.31
2,FJXSRPY23.27
1,FGXGL106.64
2,FGXGL68_FDME220052123-1a.35
2,FGXGL102.124
1,FAHWH34_FDME220050751-1a.83
2,FJSNT29.54
2,FJNDD16_FDME220051233-1a.89
2,FGXGL83_FDME220052138-1a.30
2,FGDLZ52.46
2,FGXGL7_FDME220052062-1a.82
2,FCQHC4.29
2,FFJLY71.47
2,FGDLZ61_FDME220051940-1a.138
2,FSHXHZ2.12
2,FHuBWH15.50
2,FJLHD31.49
2,FJSWXJ29.56
2,FJNDD2_FDME220051219-1a.8
1,FGXGL104.30
2,FHuBWH18.1
2,FHuNHHMY29.44
2,FSHHK26.26
1,FGXGL107.2
2,FGXGL31_FDME220052086-1a.70
1,JSZJ2.28
2,FHuNHHMY76.32
2,FJNDD17_FDME220051234-1a.58
2,FJXSRPY55.127
2,FCQTY073_FDME220051150-1a.77
2,FSDQZ37.37
2,FGXGL66_FDME220052121-1a.38
2,FSHCM41hun.35
2,FHBSJZ40_FDME220052231-1a.46
2,FSHHK34_FDME220054503-1a.55
2,FSCDJY41hun.55
2,FJSNT55.80
2,FSHHK48_FDME220054515-1a.72
2,FHHMY73.27
2,L1EFC230249_FHLJZD48_S134_L002.6
