tree_group,mag
1,FSHXBX28.76
1,FQHXN60hun.81
2,FSCDJY22.14
2,FHuNHHMY80.29
1,FSDLZ11.36
1,FSDLZ02.51
2,FGXGL61_FDME220052116-1a.104
2,FSDQZ42.159
2,FeceHuBe150119_FDME220052841-1a.83
1,FSHXHZ9.66
1,FYNLJ22hun.155
1,FGSZY12.44
2,FGXGL60_FDME220052115-1a.9
2,FZJTZ13.75
1,FHNFQ50.37
1,FSHCM62.69
2,FTJBH49.149
2,FSHCM55hun.41
2,FXJSW8.86
1,FGSYC16.18
2,FSDJN39.22
1,FSXLVWS7hun.80
1,FSHCM39.130
1,FSHXBX80.99
2,FeceHuBe150122_FDME220052843-1a.64
2,FJLHD38.83
2,FXJKS10.188
1,FNMHLBE25hun.108
1,FAHBZ10_FDME220050692-1a.110
1,FeceHuNa15011_FDME220052259-1a.106
2,FJLHD23.106
1,FJLHD32.23
1,FSDJN31.21
2,FCQTY166_FDME220051197-1a.18
1,FSXLL17.41
2,FGDLZ39.88
2,FHLJYC42_FDME220052691-1a.25
1,FYNLJ37.34
1,FHNXY57.10
NA,FSHXBX23.7
1,FeceHuBe150132_FDME220052848-1a.34
1,FGSZY42.51
2,FeceHuBe150121_FDME220052842-1a.2
2,FJSNT24.51
1,FNXYCHL65.108
1,FSDJN36.61
1,FSXLVWS8hun.45
2,FJSWX107.20
2,FAHBZ42_FDME220050719-1a.49
1,FGSZY9.25
2,FFJLY10_FDME220051247-1a.134
2,FeceHuNa15017.4
2,L1EFC230351_FJXFC35_S309_L004.9
2,FJLHD53.40
1,FHLJYC2.7
