tree_group,mag
1,M203F02.30
2,FCQNA19.8
1,FXJCJ16.111
2,FHNXY12.16
1,FeceHuNa150143.51
1,FSHXXA12.26
2,FeceHuBe15015_FDME220052833-1a.27
1,FZJTZ41.40
2,M129R01.50
2,FHuNHHMY9.57
1,FGXGL9_FDME220052064-1a.29
2,FNXYCHL10.37
2,FSDQZ20.104
2,FeceHeNa8.105
2,FSCPS4.110
1,FSHXXA29.39
1,FHBSJZ24.69
2,FHuNHHMY56.107
1,FHLJZD58.24
2,FJXSRPY38.56
2,FQHXN38.28
1,L1EFC230366_FSHXBX48_S324_L004.59
1,FZJHZD2hun.24
1,FHuNHHMY22.68
1,FSHCM83.68
1,FNMHHHHT23.43
2,FSHCM77hun.68
2,FSDQZ43.65
2,FSHXBX112.2
1,FSXTY31.36
2,FZJTZ19.50
1,FHuNHHMY34.21
2,FQHXN70hun.122
1,FAHBZ50.42
2,FSXTY49.62
1,FJSNT72.51
2,FSCPS3.98
1,FHuBWH34.30
2,FSXLL7.2
1,FSXTY32.103
1,FSCCD19.68
1,FCQTY006.48
2,FSDJN32.84
1,FHNFQ7.23
1,FSHXBX111.87
2,FBJ19.76
1,FCQTY050_FDME220051135-1a.34
2,FQHXN11.61
1,FZJHZD18hun.67
1,FSHXBX124.2
1,FNXYCHL89.94
2,FHuNHHMY7.45
2,FZJTZ32.73
2,FZJHZD30.50
2,FCQTY097_FDME220051172-1a.57
1,FSHHK25_FDME220054495-1a.81
2,FSHCM56.42
1,L1EFC230254_FXJCJ06_S139_L002.12
1,L1EFC230347_FJXFC25_S305_L004.143
2,FSHXBX169.69
2,FQHXN107.84
2,FGSYC89.55
2,FHLJYC18hun.82
1,FYNLJ70.15
1,FSHXWN24.72
1,FNXYCHL13.37
2,L1EFC230358_FSHXBX08_S316_L004.8
2,FHBSJZ61_FDME220052252-1a.50
2,FGSYC15.1
2,FSDLZ24.61
2,FSDQZ11.68
2,FBJ14.48
1,FeceHuNa150141_FDME220052284-1a.15
1,FCQTY089_FDME220051168-1a.58
1,FTJBH37.39
1,FSHXWN25.30
1,FSHXBX25.22
2,FTJBH73.9
1,FSCDJY53.10
1,FCQTY101_FDME220051173-1a.66
1,FHBSJZ47_FDME220052238-1a.16
2,FQHXN52hun.107
1,FXJYN4.45
1,FGZ29M_FDME220052027-1a.45
1,FNMHLBE8.76
1,FGSZY24.45
2,FSHCM85.35
2,FZJHZD26.35
1,FSHCM88hun.21
1,FNXYCHL35.73
1,FZJTZ63.56
1,FGDLZ55_FDME220051935-1a.84
2,FGXGL66_FDME220052121-1a.51
1,FeceGuXi15016.6
2,L1EFC230294_FXJWS15_S177_L002.56
2,FJXSRPY29.75
1,FGDLZ74.28
1,FSCCD8hun.65
2,L1EFC230360_FSHXBX24_S318_L004.3
2,FTJBH17.30
2,FJSWX91.55
1,FeceHuNa150144_FDME220052287-1a.22
2,FGXGL22_FDME220052077-1a.44
2,FXJSW12.67
1,FSCDYJ2.42
1,FSHXWN4hun.108
1,FHuNHHMY38.65
2,FXJCJ41.67
1,FSXTY17.91
1,FHLJDQ6.14
1,FJXSRPY15.86
1,FSCCD1hun.27
1,FQHXN80.37
1,FJSWX74.57
1,FGSYC7.37
2,FSXLVLS19.25
2,FNMHHHHT30.53
1,FSHCM21_FDME220054536-1a.65
1,L1EFC230292_FXJWS12_S175_L002.67
1,FHLJYC3.42
1,FJND9_FDME220051201-1a.51
2,FGXGL71_FDME220052126-1a.76
1,FHNFQ54.63
1,FSXTY23.11
1,FHuNHHMY61.46
1,FSHXWN3.49
2,FQHXN69.50
1,FCQNA28.34
2,FSDLZ51.16
2,FGXGL74_FDME220052129-1a.100
1,FNMHHHHT14.41
1,FSHCM63.73
1,L1EFC230380_FSHXXA04_S338_L004.11
2,FXJWS4.109
1,FXJKS46.68
1,FHLJYC34.53
2,FJLHD3.21
1,FFJLY77.104
2,FXJYN5.81
1,FCQTY047_FDME220051132-1a.81
1,L1EFC230367_FSHXBX51_S325_L004.62
2,FSDJN14.33
2,FSCDJY69.78
1,FXJYN22.6
2,FSHXBX161.32
1,M123F01.50
1,FGDLZ42.38
1,FQHXN18.10
2,FSXLL2.22
2,FAHBZ58_FDME220050733-1a.36
1,FSDQZ17.61
2,FNMHLBE33.81
1,FSHCM49.33
1,FGDLZ12_FDME220051914-1a.50
2,FHLJYC40.95
2,FXJSW40.9
1,FSHXBX144.43
2,FeceHeNa12.20
1,FeceHuBe150117_FDME220052839-1a.50
2,FSHCM3.22
1,FZJTZ44.49
1,FJXSRPY55.2
2,FJLHD9.35
2,FSDLZ02.65
2,FHNXY62.49
2,FTJS015.36
1,FNMHLBE1.85
1,FSHHK48_FDME220054515-1a.16
1,FGD18M_FDME220052004-1a.50
1,FCQTY007.103
1,FSHXWN16hun_FDME22H000406-1a.61
1,FNMHHHHT28.15
2,FGSYC35.15
2,FSDJN7.6
1,FJSNT5.71
2,L1EFC230301_FXJWS28_S227_L003.63
2,FSCCD4.110
2,FeceHuNa150114_FDME220052265-1a.58
2,SDHZD7.43
1,FAHWH36_FDME220050753-1a.77
1,FFJLY5_FDME220051242-1a.31
2,FJXSRPYG3.77
1,FNMHHHHT7hun.23
1,FSHXWN33.29
2,FHBSJZ58.8
2,FHuBWH8.30
1,FXJYN36.80
1,FHuNHHMY15.73
1,FJSWX103.45
1,L1EFC230379_FSHXXA03_S337_L004.81
2,FJSWXJ38.113
1,FTJBH61.47
1,FGSYC47.8
2,FHuNHHMY1.70
1,FeceHeNa20.1
2,FYNLJ66.20
1,FNMHHHHT22.69
2,FSHXBX138.45
2,FCQTY155_FDME220051191-1a.41
1,FTJBH72.53
1,FHuNHHMY32.71
1,SDHZD16.53
2,FeceHeNa25.43
2,L1EFC230310_FXJWS40_S236_L003.81
2,FFJLY9_FDME220051246-1a.52
2,FHNXY14.46
2,FCQNA4.37
1,FSHHK17hun.70
1,FXJSW41.44
1,FNMHHHHT44.62
1,FYNDL6.20
2,FGSYC51.58
1,FCQTY108_FDME220051178-1a.29
1,FSCPS8.15
1,FGDLZ48.19
1,FHLJZD1.21
1,FJNDD19_FDME220051236-1a.29
2,FFJLY58_FDME220051277-1a.48
2,FGZ27M_FDME220052023-1a.11
2,FHNXY40.16
1,FSDJN33.49
1,FGDLZ20.38
1,FFJLY27_FDME220051257-1a.55
2,L1EFC230330_FTJS0027_S256_L003.75
2,FHNXY47.44
1,FSCDJY63.103
2,FXJSW7.104
2,FBJ66.51
2,FSCDJY61.23
2,FGXGL60_FDME220052115-1a.36
1,FeceGuXi150116.57
1,FHNXY46.80
2,FSXLVLS18.27
2,FXJYN31.44
1,FBJ4.6
2,FQHXN68.127
2,FJXSRPY13.68
1,FeceHeNa31.58
2,FJSNT55.13
2,FSHXHZ3.38
1,FGZ2M.81
1,FGXGL97.69
2,L1EFC230345_FJXFC21_S303_L004.38
1,FSXLVLS20.82
2,FJLHD36.84
1,FSHXBX30.13
1,FSCPS22.49
1,L1EFC230335_FJXFC05_S261_L003.58
1,FFJLY26_FDME220051256-1a.26
1,FAHWH17_FDME220050741-1a.59
1,FJLHD14.3
1,FSHCM53.6
2,FAHWH42_FDME220050759-1a.3
1,FSHXWN17.48
1,FSXTY26.18
1,FHLJYC10.39
2,FSCPS95.16
2,FCQTY033_FDME220051126-1a.62
2,FSHXBX129.70
1,L1EFC230267_FXJCJ26_S151_L002.28
1,FHuBWH33.22
2,FNMHHHHT45.22
2,FZJHZD16hun.59
1,FSCDJY94.120
1,FTJBH32.32
2,FJSWXJ30.36
1,FXJCJ65.44
1,FHBSJZ16.64
2,L1EFC230354_FJXFC47_S312_L004.15
1,FTJBH40.26
2,FSXLVLS13.19
1,FYNDL27hun.19
2,FZJTZ56.25
2,FHBSJZ40_FDME220052231-1a.35
1,FTJBH50.53
1,FSHHK41_FDME220054510-1a.65
1,FSCDJY98.7
2,FSDQZ47.65
1,FAHWH19.8
1,FZJHZD17hun.27
1,FBJ16.70
1,BJCY3.17
1,L1EFC230265_FXJCJ24_S149_L002.62
1,L1EFC230315_FXJWS47_S241_L003.36
2,FAHBZ19.42
1,FJSWXJ3.15
1,FJSWX97.17
2,FSDLZ13.54
2,FAHBZ9_FDME220050691-1a.48
2,FGSZY12.32
2,FGSYC66.11
2,FSHXWN18.69
2,FJSWX108.79
2,FCQTY106_FDME220051177-1a.1
2,FJSWXJ14.4
1,FZJHZD28.14
2,FGXGL12_FDME220052067-1a.9
2,FTJBH83.18
1,FTJS020.110
1,FSCCD22.25
2,FGSYC62.1
2,FSXLVLS12.75
1,L1EFC230268_FXJCJ27_S152_L002.70
2,FYNLJ69.91
2,FZJHZD15.23
1,FSHHK10_FDME220054482-1a.7
1,FZJTZ51.77
1,FHLJDQ5.27
2,FAHWH08.3
1,FZJHZD24.25
1,FSHXWN36.17
1,FSHXXA45.7
1,FJXSRPYG34.82
2,FeceHuNa150119.20
2,FSXLVWS5.10
2,FJSWXJ24hun.1
1,FNXYCHL19.44
1,FXJCJ30.54
2,FHNFQ30.111
1,FGXGL15_FDME220052070-1a.68
2,FSDLZ16.50
1,FGDLZ62.89
1,FSXTY24.11
2,FHBSJZ60_FDME220052251-1a.44
1,FZJJHD2.52
2,FTJBH2.24
1,FHLJZD54.53
2,FSCPS69.120
2,FXJWS16.52
2,FGXGL2_FDME220052057-1a.51
1,FZJHZD14.3
1,FBJ57.20
2,FNXYCHL1.64
2,FGDLZ81_FDME220051959-1a.4
1,FHNFQ6.99
2,FSDLZ26.71
1,FZJTZ34.21
1,FCQTY140_FDME220051182-1a.5
1,FFJLY40_FDME220051269-1a.41
2,FeceHuNa150134_FDME220052277-1a.53
1,FSXLL11.51
2,FHBSJZ35.45
2,FQHXN32.12
2,FCQNA32.57
2,FTJBH57.39
2,FSHCM20_FDME220054535-1a.40
1,FSCDJY50.56
2,FSCPS11.230
2,FGSZY42.20
2,FXJKS34.122
1,FeceHuBe15018_FDME220052836-1a.2
2,L1EFC230346_FJXFC22_S304_L004.22
1,FJSNT27.97
2,FNXYCHL64.4
2,FSCPS31.10
2,FSHXXA27.51
1,FNXYCHL44.108
1,FNXYCHL45.12
1,FQHXN10.71
2,FJSNT15.104
2,FSDLZ17.84
1,FSDLZ36.4
2,FXJSW24.96
2,FGSZY39.60
2,FSHXBX145.72
2,FHuBWH29.87
1,FNXYCHL72.118
1,FCQTY036_FDME220051128-1a.3
1,FSHXBX172.41
1,FCQNA10.64
2,FJSWXJ29.62
1,FNXYCHL88.33
2,FeceHeNa5.63
2,FJNDD4_FDME220051221-1a.20
1,FHuNHHMY72.31
1,FSHCM6_FDME220054523-1a.54
1,JSCZD11.77
1,FSHHK29_FDME220054498-1a.93
1,FSHCM9_FDME220054526-1a.124
1,FHLJYC37_FDME220052686-1a.82
1,FGD16M_FDME220051998-1a.22
2,FNMHHHHT13.58
2,FCQTY054_FDME220051137-1a.55
1,FGSYC78.57
1,FBJ28.62
2,L1EFC230410_FSXTY46_S53_L003.61
2,FSDJN37.82
2,FSHXBX141.24
2,FGDLZ66_FDME220051947-1a.42
1,FSDLZ60.16
1,FeceGuXi150111.76
1,FSHXXA19.66
1,FJSNT32.74
1,L1EFC230311_FXJWS42_S237_L003.33
1,FCQNA26hun.36
2,FXJSW37.44
1,FXJWS17.54
1,FAHBZ61_FDME220050736-1a.17
1,FSCPS25.77
1,FSHXXA33.36
1,FHBSJZ45_FDME220052236-1a.99
1,FZJTZ33.33
2,FAHBZ34.25
1,L1EFC230373_FSHXBX64_S331_L004.57
1,FJSWXJ18.69
1,FJSNT35.66
1,FHuNHHMY67.31
2,FGXGL58_FDME220052113-1a.6
2,FNXYCHL47.82
1,FXJYN7.43
1,FFJLY8_FDME220051245-1a.37
1,FTJBH18.17
1,FXJYN10hun.99
1,FTJBH82.47
1,FNMHHHHT19.45
1,FJXSRPY27.96
1,FGSZY32.43
2,FSDLZ05.38
1,FeceHuNa150120_FDME220052269-1a.107
2,FJNDD11_FDME220051228-1a.83
2,FBJ52.11
1,FXJCJ55.101
2,FHBSJZ54_FDME220052245-1a.49
2,FHNXY7.127
2,FSXTY11.58
1,FFJLY18.13
2,FCQTY109_FDME220051179-1a.5
1,FJSNT39.47
1,FZJTZ1.13
1,L1EFC230296_FXJWS21_S300_L004.37
1,FJNDD17_FDME220051234-1a.62
1,FJXSRPYG14.38
2,FSXTY58hun.72
1,FQHXN35.86
2,FSHXBX156.36
2,FTJS032.13
1,FCQNA17.53
2,FSDQZ14.27
2,FGZ12M_FDME220051990-1a.67
2,FSHXWN20.26
2,FSHXXA41hun.31
1,FAHWH18.10
2,L1EFC230304_FXJWS33_S230_L003.15
1,FSDJN35.111
1,FTJBH14.32
1,FSXLL5.22
2,FHLJZD40.45
1,FHNXY10.37
1,FXJCJ3.34
1,FJXSRPY24.92
2,FSDLZ39.61
2,L1EFC230287_FXJCJ63_S170_L002.52
2,FNXYCHL42.59
1,FGZ34M_FDME220052034-1a.83
1,FJSWXJ35.13
1,FFJLY21_FDME220051252-1a.34
1,FHuNHHMY26.61
1,FHuNHHMY75.16
1,FSXLL19.17
1,FSHXWN19.47
1,FHuBWH7.22
1,FSCPS94.28
2,FeceHeNa11.13
2,FNMHLBE17.53
1,FHBSJZ14.13
1,FGXGL70_FDME220052125-1a.32
1,FXJWS50.28
1,FXJWS43.59
1,FSXTY27.2
2,FQHXN56.114
2,FZJTZ6.112
2,FSHXBX165.17
1,FGDLZ41_FDME220051924-1a.40
2,FHNXY21.35
1,L1EFC230263_FXJCJ22_S147_L002.52
2,FSDLZ19.50
1,FSXTY6hun.70
1,FCQNA16.87
1,FZJHZD22.59
2,L1EFC230322_FTJS0008_S248_L003.55
2,FSHXHZ17.45
2,FCQTY070_FDME220051147-1a.15
2,FSHCM97.59
1,FAHBZ8_FDME220050690-1a.34
1,FHBSJZ42_FDME220052233-1a.27
2,FFJLY29_FDME220051259-1a.41
1,FSXLL12.60
1,L1EFC230233_FHLJZD05_S78_L001.29
2,FJXSRPYG32.31
2,L1EFC230376_FSHXBX69_S334_L004.33
2,FeceHeNa13.20
2,FJLHD38.128
1,L1EFC230309_FXJWS39_S235_L003.82
1,FGSYC28.55
2,FGZ25M_FDME220052017-1a.95
2,FJSWXJ25.81
2,FBJ63.91
2,FSCDJY41hun.3
2,FSHXBX60.36
2,FHLJZD11.29
2,FGXGL18_FDME220052073-1a.37
1,FJSNT66.97
1,FNMHHHHT42.30
2,FZJTZ40.28
1,FNXYCHL92.73
1,L1EFC230308_FXJWS37_S234_L003.59
1,FHHMY5.34
1,FGDLZ22_FDME220051918-1a.32
1,FSDJN15.24
1,FYNDL20hun.30
1,FCQNA2.32
2,FTJBH53.40
1,FGDLZ4_FDME220051908-1a.63
1,FSHCM67.48
1,L1EFC230242_FHLJZD30_S85_L001.66
2,FNMHHHHT21.31
2,FSDLZ11.8
2,FAHBZ60_FDME220050735-1a.12
1,L1EFC230362_FSHXBX40_S320_L004.15
2,FHNFQ40.87
2,FSDJN40.32
2,FGXGL33_FDME220052088-1a.47
2,L1EFC230353_FJXFC44_S311_L004.36
1,FCQHC8.51
2,FSCPS56.72
1,FeceHuNa15016.14
2,FGSZY52.37
2,FZJTZ21.121
1,FGXGL39_FDME220052094-1a.24
2,FSCPS50.13
1,FJSNT58.49
2,FTJBH91.10
1,FFJLY39_FDME220051268-1a.77
1,FSDQZ9.5
2,FXJSW8.33
2,FJSNT6.11
1,FGDLZ63_FDME220051944-1a.17
1,FJSWXJ26hun.26
1,FJSNT61.28
2,FZJHZD1hun.14
1,FBJ44.130
1,FZJJH11.22
2,FHNXY5.41
1,FSHXWN34hun_FDME22H000409-1a.26
2,FGXGL72_FDME220052127-1a.78
1,FGSYC85.68
2,SDHZD12.28
1,FGZ9M_FDME220051984-1a.35
2,FSDQZ33.17
1,FJSNT9.34
2,FTJS035.8
1,FSHXXA39.40
1,FHLJZD57.25
2,FJXSRPY39.111
1,FGXGL90_FDME220052145-1a.82
1,FJSNT19.50
2,FSHXBX53.35
2,FFJLY22.25
2,FZJTZ46.26
2,FSDJN2.33
2,FGSYC12.94
1,FHNFQ23.47
1,L1EFC230251_FXJCJ01_S136_L002.20
1,FZJTZ35.93
2,FHNFQ11.45
1,FGSZY53_FDME220051904-1a.24
1,FGSYC10.9
2,FSDLZ33.81
1,M2CF21.33
2,FSHCM87.32
2,FGDLZ53.43
1,M1C4.52
1,FHLJYC33_FDME220052682-1a.41
2,FSCPS39.64
2,FTJS022.25
1,FSHXBX45.102
2,FBJ20.99
1,FXJCJ57.22
2,FSHXBX57.168
2,FSHHK34_FDME220054503-1a.64
2,FGZ6M_FDME220051977-1a.44
1,FJSWXJ13.59
1,FAHBZ17.114
2,FeceHuBe15011_FDME220052829-1a.36
1,FSHCM95.58
1,M2CF20.61
1,FCQTY035_FDME220051127-1a.27
1,FeceHuNa150145.10
1,FJSWXJ17.56
1,FSCPS24.47
1,FCQNA23hun.1
1,FHuBWH30.46
1,FSDJN62.34
2,FGXGL73_FDME220052128-1a.59
1,FGSYC39.35
2,FFJLY28.4
2,FBJ35.42
1,FGXGL91.25
2,FTJBH33.77
1,FTJBH59.82
1,FCQTY159_FDME220051194-1a.49
2,FHBSJZ2.20
1,FGXGL95.67
1,FAHBZ54.30
2,FNXYCHL71.91
1,FSXTY63.46
2,FSXTY42.38
1,FJLHD31.55
1,FSCCD18hun.26
1,FGXGL30_FDME220052085-1a.32
1,JSCZD12.83
2,FGZ7M.86
2,FJXSRPY54.3
2,FGXGL85_FDME220052140-1a.63
1,FSXTY25.25
2,FHLJYC35_FDME220052684-1a.66
2,L1EFC230361_FSHXBX31_S319_L004.40
1,FCQNA8.13
1,FSXLL13.86
2,FTJBH5.59
1,FJLHD2.47
2,FeceHuBe150133_FDME220052849-1a.79
1,FHBSJZ26.27
1,FHBSJZ22.38
1,FCQTY156_FDME220051192-1a.38
2,FZJTZ4.44
1,FSDJN24.47
2,FAHBZ40_FDME220050717-1a.92
1,FQHXN4.28
1,FSHXBX47.42
2,FZJTZ31.43
2,FHBSJZ39_FDME220052230-1a.18
2,FSCDJY76.87
1,FSXTY38.42
1,FCQTY042_FDME220051130-1a.27
2,L1EFC230305_FXJWS34_S231_L003.53
1,SDHZD4.56
2,FJXSRPY47.60
1,FAHWH13_FDME220050739-1a.41
2,FSXTY3.86
1,FNXYCHL52.123
1,FJSNT29.68
1,FBJ25.63
1,FJNDD3.26
2,FGXGL28_FDME220052083-1a.106
2,FZJHZD7hun.71
2,FHNFQ58.47
1,FSCDJY12.34
1,FJXSRPYG31.47
2,FSCDYJ6.15
1,FHBSJZ4.48
1,FHLJZD46.27
1,FHuBWH20.7
1,FAHWH23_FDME220050744-1a.110
2,FSHXBX23.42
2,FJLHD7.66
2,FSHHK37_FDME220054506-1a.30
2,FNXYCHL36.91
1,FHNFQ46.34
2,FGXGL83_FDME220052138-1a.50
2,FJSWXJ8.40
2,FGDLZ13.60
2,FXJYN29.120
1,FBJ54.63
2,FJSWX84.19
2,FAHBZ27_FDME220050707-1a.52
2,FJXSRPY10.15
1,M1C10.90
1,FHNFQ12.48
2,FQHXN22.160
2,FNXYCHL37.41
2,FCQTY060_FDME220051140-1a.2
2,FFJLY79.92
1,FJLHD10.76
2,FQHXN74.88
1,FCQNA6hun.96
1,FCQTY152_FDME220051189-1a.46
2,FJXSRPYG4.70
2,FSXLL6.21
2,FBJ45.31
1,FNMHHHHT36.109
1,FSHXWN7.43
2,FZJTZ47.18
2,FSCPS89.87
2,FNMHLBE4.52
2,FHuBWH18.3
2,FSHXBX50.28
1,FGSYC84.37
2,FGSZY56.54
2,FZJTZ16hun.72
2,FBJ10.23
2,FCQTY024_FDME220051120-1a.42
1,FSXTY53.37
2,FSHHK39_FDME220054508-1a.85
1,FJLHD47.57
2,FSXLVLS9.36
2,FGSYC16.10
2,FYNLJ58.99
1,FHNFQ60hun.96
2,FHNXY20.74
2,FZJTZ14.32
2,FCQTY149_FDME220051188-1a.44
1,FSHXBX37.38
1,FSCPS5.105
1,FBJ15.27
2,FQHXN55.41
2,FGSYC13.61
2,FHNXY51.29
2,FSDLZ59.30
1,FSHCM5_FDME220054522-1a.11
1,FAHWH11.26
1,FJXSRPY23.18
1,FSDQZ1.8
2,FSXTY12hun.75
2,FGSYC17.46
1,FGZ10M_FDME220051987-1a.60
2,FAHWH33.51
1,FNMHLBE6.59
1,WH4_FDME220052854-1a.20
1,FFJLY2.7
2,FXJKS45.55
1,FHLJZD13.19
2,SDHZ11.49
1,FSHCM98.26
2,FQHXN72hun.58
2,FSDJN45.8
2,FGZ37M_FDME220052037-1a.116
2,FSDQZ22.15
1,FHLJYC31.46
1,FSHXWN9.24
1,FHNXY29.55
1,FSXLVLS6.72
2,FSHXHZ24.94
2,FSHXXA14.56
1,FSHXHZ4.95
2,FJXSRPYG19.107
1,FXJKS7.46
1,FCQTY048_FDME220051133-1a.2
1,FSDLZ14.45
1,FJSWXJ37.37
2,FSHXBX70.40
1,FGDLZ82_FDME220051960-1a.45
2,FHuBWH28.65
2,FHLJYC19.71
2,FQHXN42.17
1,FHNFQ22.41
1,FGSYC90.71
2,FGZ15M_FDME220051995-1a.74
1,FCQTY012.27
2,FGDLZ29.93
2,FSDLZ27.60
2,FHBSJZ55.31
2,FSCDJY57.22
1,FCQNA3.41
1,FSHXXA35.31
2,FSHXBX88.65
1,FZJHZD12.36
1,FJSNT31.111
2,FSDJN19.51
1,FSXLVLS7.45
1,FSDQZ13.172
2,FSDJN43.62
2,FXJWS30.30
1,FNXYCHL66.70
2,FHLJYC39_FDME220052688-1a.55
1,FCQTY053_FDME220051136-1a.16
1,FAHWH16.72
1,FHuBWH39.21
1,FGXGL13_FDME220052068-1a.70
1,FJSNT33.80
2,FHBSJZ13.40
1,FSXLVLS14.51
1,FSHHK43.32
2,FTJBH41.40
1,FJSNT46.21
2,FSHCM58.47
1,FJNDD9_FDME220051226-1a.54
2,FCQTY049_FDME220051134-1a.33
1,FSDQZ10.58
2,L1EFC230395_FSHXXA48_S38_L003.12
2,FGSYC8.64
1,FJSWX92.23
2,FXJCJ29.24
2,FSHXBX162.44
2,FGDLZ47_FDME220051927-1a.36
2,FNXYCHL93.5
1,FSHXHZ5.53
1,FJSWXJ16.52
2,FSHXHZ18.28
1,FHuNHHMY6.75
2,FSCDJY48.74
2,FNMHHHHT32.12
1,FSDJN18.83
1,FYNDL13.42
1,FHBSJZ19.59
2,FAHBZ49_FDME220050727-1a.33
2,FGXGL77_FDME220052132-1a.73
2,FYNLJ34.42
2,FAHBZ47_FDME220050724-1a.68
2,FBJ31.23
1,FSDQZ19.108
1,L1EFC230390_FSHXXA28_S33_L003.75
1,FSXLL15.33
2,FJNDD6_FDME220051223-1a.44
2,FTJBH35.25
1,FAHWH32_FDME220050750-1a.69
2,FHBSJZ10.19
1,FSCDJY73.47
1,FGSZY26.75
2,FSDQZ8.56
2,FGZ5M.16
2,FHuBWH6.28
1,FGDLZ11_FDME220051913-1a.41
2,FQHXN34.22
2,FeceHeNa16.68
2,FCQJJ1.91
2,FGXGL100.48
1,FSDQZ48.83
1,FHLJDQ4.30
2,FCQTY105_FDME220051176-1a.54
2,FSDQZ23.51
2,FGXGL84_FDME220052139-1a.44
2,FTJBH78.54
1,FJXSRPY44.47
2,M106R01.87
1,FCQTY094_FDME220051171-1a.65
2,FNMHHHHT12.1
1,FZJTZ38.55
1,FHNXY27.2
2,FQHXN50.57
2,FSXTY34.35
1,FHNXY58.88
1,M206F01.16
1,FQHXN40.53
1,FSDLZ37.17
1,FSXLL9.73
1,FGZ28M_FDME220052025-1a.86
1,FCQTY162_FDME220051195-1a.6
1,FGSYC80.112
1,FJSNT24.54
1,FXJYN12.32
1,FCQNA22hun.28
1,FSHXBX39.6
1,FeceHeNa2.83
2,FTJBH4.38
2,FZJTZ60.18
1,FHuBWH5.38
2,FFJLY15_FDME220051249-1a.42
1,FSXTY7hun.1
1,L1EFC230334_FJXFC03_S260_L003.72
2,FXJYN32.66
1,FJLHD26.24
1,FSHCM75.139
1,FSXTY13hun.31
2,FJLHD30.79
1,FHLJYC4hun.94
1,FAHWH05.81
2,FGSYC21.38
1,FSCCD9.78
2,FSHCM55hun.108
2,FTJBH74.61
1,FHLJYC9.58
1,FHLJYC24hun.32
1,FHuBWH10.1
1,FSHXBX135hun.24
2,L1EFC230324_FTJS0010_S250_L003.15
2,FGSYC83.63
1,FHuNHHMY66.13
2,FSXLVLS16.17
1,FCQHC11.4
2,FYNLJ37.37
2,FAHWH39_FDME220050756-1a.30
2,FHNXY24.34
1,FCQJJ3.69
2,FGSYC45.65
1,FGXGL29_FDME220052084-1a.97
2,L1EFC230258_FXJCJ14_S143_L002.146
1,FGZ30M_FDME220052028-1a.75
1,FJLHD27.17
1,FSHXWN35.16
2,FTJBH76.7
1,FeceHeNa9.47
1,FAHBZ1_FDME220050683-1a.31
1,FHBSJZ59_FDME220052250-1a.30
1,HuNCS3.17
1,FSHXWN21.75
2,FSHXBX65.154
2,FSHHK44.41
1,FHuNHHMY36.34
1,FGXGL8_FDME220052063-1a.77
2,FSXTY30.37
2,L1EFC230273_FXJCJ38_S157_L002.88
2,FSDJN39.85
2,FAHBZ30_FDME220050710-1a.40
2,FHuBWH32.27
1,FZJJHD1.53
2,SDHZD13.103
2,FGSZY14.67
2,FJSNT21.145
1,FSDLZ21.66
2,FTJBH84.94
2,FCQNA5hun.9
2,FHBSJZ44_FDME220052235-1a.55
2,FSXLVLS17.39
1,FGXGL19_FDME220052074-1a.32
1,FSHXWN37hun_FDME22H000410-1a.11
1,FJSWX85.35
1,FHLJYC20.23
1,L1EFC230340_FJXFC13_S266_L003.69
1,FeceHuBe15013_FDME220052831-1a.51
1,FSHCM96.3
2,FQHXN113.26
1,FFJLY59_FDME220051278-1a.37
1,FAHBZ28_FDME220050708-1a.46
1,FHuBWH27.8
1,FAHWH30_FDME220050748-1a.58
1,FCQTY021_FDME220051118-1a.38
2,FTJBH31.37
1,L1EFC230357_FJXFC55_S315_L004.6
1,FYNDL23hun.47
2,FSHCM93.113
1,FFJLY47.59
1,FJNDD2_FDME220051219-1a.82
2,FFJLY53_FDME220051276-1a.38
1,FBJ58.14
2,FSHCM44hun.8
2,FHLJYC6.60
2,FSXTY57hun.68
1,FeceHuNa150140_FDME220052283-1a.63
2,FJXSRPYG1.8
1,FSCPS49.18
1,FHBSJZ56_FDME220052247-1a.70
2,FGSZY25.35
2,FGSYC55.25
2,FNMHHHHT10.21
1,FHuNHHMY53.66
2,FGSYC33.77
2,FSDLZ30.64
2,FJXSRPY45.20
1,FZJTZ57.72
1,FAHBZ39_FDME220050716-1a.23
1,FSDJN27.45
1,FXJSW50.64
1,FHBSJZ25.40
2,FeceHuNa15017.149
1,FFJLY6_FDME220051243-1a.79
2,FJNDD5_FDME220051222-1a.16
1,FSXLVLS10.36
2,FTJBH15.54
2,FHNFQ53.13
2,FGSYC14.28
1,FJNDD8_FDME220051225-1a.27
2,FJXSRPY48.43
1,FGXGL21_FDME220052076-1a.15
2,FCQTY039_FDME220051129-2a.40
2,FSDJN12.70
1,FJSNT8.58
2,FHNXY59.20
1,FNXYCHL54.30
1,FGSYC49.102
1,FCQNA13.40
2,FSHHK15hun.50
1,FXJSW46.87
1,FSHCM59.79
1,FSCCD17.74
1,FXJYN9.92
2,FNMHLBE25hun.61
2,FSDJN46.45
2,FGSYC44.73
2,FCQTY076_FDME220051151-1a.38
1,FHLJYC7.88
1,FFJLY38_FDME220051267-1a.68
2,FHLJZD27.61
1,FAHBZ45_FDME220050722-1a.23
2,FGXGL94.33
1,FJSNT25.99
1,FGXGL24_FDME220052079-1a.55
1,FJXSRPYG9.41
2,FSHCM80.91
1,FGDLZ24_FDME220051919-1a.58
2,FHuNHHMY74.64
1,FJLHD4.45
2,FHNFQ48.11
2,FGXGL10_FDME220052065-1a.34
1,FSHXBX61.54
2,FSXTY47.27
1,FSHCM84.5
2,FAHBZ21_FDME220050701-1a.33
1,FSHHK5hun.38
2,FHLJYC14.35
2,FQHXN44.24
1,FYNLJ35.68
2,FSXTY15.80
2,FGXGL88.73
1,FSXTY60.68
1,FHLJZD26.107
2,FeceHuNa150122.77
2,FZJTZ20.91
2,FXJWS20.17
1,FGSYC48.56
