tree_group,mag
1,FHLJYC42_FDME220052691-1a.123
1,FHNXY60.122
1,FSHXBX167.135
1,FGDLZ81_FDME220051959-1a.126
2,FSDJN51.118
1,FSHXBX106.10
2,FHLJZD28.43
2,FSHXBX169.42
1,FSDQZ39.122
1,FHNXY47.99
1,FSHXBX120.44
1,FGDLZ56_FDME220051936-1a.44
1,FXJYN29.16
2,FSHXBX71.136
2,FSDJN12.94
1,FXJSW32hun.27
2,FSCPS4.31
2,FSXTY51hun.86
NA,FAHBZ17.31
1,M105F01.127
1,FXJKS10.123
1,FHLJYC5.95
2,FeceHeNa7.18
1,FQHXN61hun.17
1,FQHXN68.141
1,FCQNA25.97
1,FJLHD16.121
1,FSHCM90.78
2,FeceHuNa15012_FDME220052260-1a.117
2,FJSNT30.183
1,FHLJDQ10.85
2,FJSWXJ21.100
1,FSXTY42.54
1,FGDLZ83_FDME220051961-1a.45
2,FHLJZD8.26
1,FHNXY37.112
2,FeceHuBe150121_FDME220052842-1a.31
1,FNMHLBE7.32
1,FXJSW10.161
1,FJSNT20.122
2,FTJBH25.88
1,FHNXY48.108
1,FJLHD53.90
2,FSHHK28_FDME220054497-1a.82
1,FSHXBX148.150
1,FGZ2M.34
1,FXJKS51.151
1,FQHXN109.116
1,M1DZ11.76
