tree_group,mag
1,FSCDJY15.104
2,FeceHuBe150123_FDME220052844-1a.21
1,FSDQZ21.163
1,FSXLVLS13.136
1,SDHZD1.64
1,FNMHLBE26.105
1,FHNXY41.86
1,FQHXN101.37
1,FSXLVLS3.46
2,FQHXN90.54
1,FQHXN7.16
1,FZJTZ5.60
2,FNMHLBE9hun.6
1,FXJSW19.10
2,FNMHLBE14.99
1,FQHXN46.14
1,FXJSW9.12
1,FZJTZ60.81
1,FSCDJY67.23
1,FCQNA14.31
2,FeceGuXi150117.67
1,FSXLVLS1.108
1,FHNFQ16.68
2,FSDQZ19.73
1,FSDQZ13.58
1,FAHBZ14.19
NA,FSDLZ57.11
1,FSXLVLS2.53
2,L1EFC230347_FJXFC25_S305_L004.33
2,FSXLVWS6.22
1,FSHCM51.88
1,FXJSW7.157
1,L1EFC230277_FXJCJ42_S161_L002.78
1,FSDJN51.97
1,FSHCM62.126
2,FSDQZ24.34
1,FHLJYC4hun.60
1,FSDQZ43.103
1,FXJCJ41.55
1,FHNFQ22.53
2,FQHXN92.87
