tree_group,mag
1,FQHXN102.32
1,FCQNA43.70
1,FHBSJZ2.45
1,FAHBZ35.28
1,FNXYCHL22.31
1,FHBSJZ28.25
1,FSXTY8hun.26
1,FZJTZ31.73
1,FSHCM14_FDME220054531-1a.38
1,FXJKS29.13
2,FGDLZ66_FDME220051947-1a.24
1,FSDJN8.7
1,FHBSJZ59_FDME220052250-1a.47
2,FJSNT28.57
1,FHuNHHMY32.61
1,FSXLL13.14
1,FNXYCHL40.38
1,FGDLZ5_FDME220051909-1a.77
1,FJXSRPY21.113
2,FZJTZ57.44
1,FHBSJZ41_FDME220052232-1a.3
2,FSHXBX142.52
1,FSHXHZ22.5
1,FHuNHHMY72.37
1,FGXGL89_FDME220052144-1a.3
2,FXJYN37hun.67
1,FSXTY15.59
1,FJSNT18.57
1,FHLJYC35_FDME220052684-1a.89
1,FHLJZD11.17
1,FSHXXA39.64
1,FNXYCHL52.84
1,FHLJYC3.89
1,FSHXHZ23.8
1,FNXYCHL31.34
2,FSHXWN4hun.17
1,FNXYCHL69.97
1,FHBSJZ33.33
1,FJNDD6_FDME220051223-1a.36
1,FJXSRPY26.15
1,FYNLJ9.39
1,FSHHK5hun.74
1,FZJTZ38.65
1,M2CF06.7
2,FeceHuNa150140_FDME220052283-1a.56
1,FGDLZ8_FDME220051910-1a.87
1,FSHXWN13hun.69
2,FGZ10M_FDME220051987-1a.64
1,FNXYCHL92.72
2,FJSNT38.43
1,FGXGL22_FDME220052077-1a.38
1,FHLJZD40.21
1,FHBSJZ36.12
1,M206F01.51
1,FJSWX99.62
2,FHBSJZ14.49
1,FAHWH30_FDME220050748-1a.38
2,FGXGL9_FDME220052064-1a.36
1,FHuNHHMY48.26
2,FGSZY33.84
1,FSHCM58.108
1,FSHXHZ7.25
2,FJSWXJ25.88
1,FSHCM31.100
1,FHLJZD34.58
1,FJXSRPY46.97
2,FSHXBX108.54
1,FHuNHHMY59.33
2,FHLJZD32.39
1,FZJTZ10.21
2,FSDJN50.58
1,FCQHC8.50
1,FHBSJZ47_FDME220052238-1a.3
1,FHBSJZ25.51
1,FHLJYC30.86
1,FBJ40.1
1,FSCPS81.126
2,FQHXN51hun.10
1,FJLHD26.41
1,FFJLY29_FDME220051259-1a.39
1,FGXGL29_FDME220052084-1a.50
1,FNXYCHL23.21
1,FAHWH39_FDME220050756-1a.69
1,FGDLZ72_FDME220051953-1a.36
1,FCQJJ4.85
1,FHLJZD27.40
1,FHuNHHMY67.92
1,FCQTY062_FDME220051142-1a.23
1,FSHXXA41hun.41
1,FGXGL44_FDME220052099-1a.55
1,L1EFC230238_FHLJZD22_S83_L001.19
1,FQHXN19.20
1,L1EFC230390_FSHXXA28_S33_L003.108
1,FSCDJY45.1
1,FSHCM38.70
1,FJNDD13_FDME220051230-1a.49
2,FGSZY34.91
1,FJLHD33.92
2,FSHXWN11hun.35
2,FHLJYC31.39
2,FSXLL12.14
1,FNXYCHL10.50
1,FFJLY33_FDME220051262-1a.10
1,FSHCM63.70
2,FCQNA23hun.17
1,FSCDJY63.73
1,FSCPS95.73
2,FJLHD50.66
2,L1EFC230258_FXJCJ14_S143_L002.53
2,FZJHZD22.48
1,FSHXBX159.52
1,FJXSRPY38.11
2,FSHXWN24.58
1,FHLJYC6.40
1,FJXSRPY49.2
2,FSHXBX133hun.30
1,FAHBZ13.37
2,FGSZY36.100
1,FBJ18.57
1,FZJHZD3hun.105
1,FFJLY28.16
2,FSHXHZ6.27
1,FHuNHHMY64hun.51
2,FSHXXA44hun.6
2,FZJTZ50.49
1,FHLJZD21.51
1,FGXGL18_FDME220052073-1a.27
2,FSXTY54.37
2,FSHHK11_FDME220054483-1a.36
1,FGSYC35.4
1,FHuNHHMY9.41
1,FSXTY21.20
1,FGXGL95.61
2,FXJKS11.118
1,FJXSRPY8.11
1,FTJBH31.33
1,FZJTZ37.49
2,FHNXY32.31
1,FNXYCHL35.38
1,FNXYCHL58.74
1,FFJLY20_FDME220051251-1a.72
1,FYNLJ50.22
1,FGSYC17.51
1,FSHCM4hun.106
1,FJLHD35.60
2,FGZ25M_FDME220052017-1a.85
2,FHNFQ32.89
1,FHuNHHMY22.4
1,FeceHeNa9.38
1,FHuNHHMY30.84
1,FNXYCHL12.111
2,FHLJYC36_FDME220052685-1a.2
1,FGXGL62_FDME220052117-1a.53
1,FSHHK6.60
1,L1EFC230382_FSHXXA06_S340_L004.21
1,FAHWH20_FDME220050742-1a.18
1,FNXYCHL34.54
1,FeceHeNa7.106
1,FHLJYC34.43
1,FHuNHHMY26.53
1,FTJBH74.107
1,FCQTY014.47
2,FSHXXA25.4
1,FNMHHHHT28.28
1,FGSYC6.6
1,FGDLZ15_FDME220051915-1a.26
2,FXJWS17.37
1,FQHXN63hun.44
1,FGDLZ4_FDME220051908-1a.12
1,FHLJZD24.73
1,FHuNHHMY56.19
1,FNXYCHL8.42
1,FGXGL102.74
2,FGSZY27.71
1,FGXGL78_FDME220052133-1a.17
1,FJLHD45.8
1,FSCDJY92.31
1,FNXYCHL63.20
1,FJXSRPY44.50
1,FJXSRPY33.165
1,FJSWXJ30.4
1,FHNXY23.20
1,FJSWX96.81
2,FBJ10.26
1,FBJ7.75
1,FSDJN29.20
1,FSHXWN31.17
1,FSXLL14.33
1,FHuNHHMY7.65
2,FSDJN1.27
2,FQHXN4.41
1,FHLJZD46.62
1,FeceHeNa23.32
2,FNXYCHL43.1
2,FSDLZ14.82
1,FHLJZD39.87
1,FGXGL6_FDME220052061-1a.96
1,FeceHuBe150123_FDME220052844-1a.96
1,FGXGL21_FDME220052076-1a.47
2,FGXGL11_FDME220052066-1a.14
1,FGZ37M_FDME220052037-1a.16
1,FZJTZ48.64
1,L1EFC230356_FJXFC54_S314_L004.45
1,FGXGL74_FDME220052129-1a.27
1,FFJLY15_FDME220051249-1a.83
1,FGXGL61_FDME220052116-1a.140
1,FGDLZ25.30
1,L1EFC230339_FJXFC12_S265_L003.138
1,FJND9_FDME220051201-1a.69
2,FBJ54.22
2,FHuNHHMY60.48
2,FQHXN24.24
1,FFJLY27_FDME220051257-1a.14
2,FSDLZ47.90
2,L1EFC230326_FTJS0013_S252_L003.38
1,FQHXN2.8
1,L1EFC230278_FXJCJ44_S162_L002.66
1,FGXGL13_FDME220052068-1a.52
1,FSXTY2hun.14
2,FQHXN22.105
2,FHNXY4.32
2,FHLJZD51.59
1,FQHXN31.79
1,FNXYCHL59.70
1,FNMHLBE35.13
1,FSXLVLS6.1
1,FGZ34M_FDME220052034-1a.63
1,FGXGL16_FDME220052071-1a.29
1,FeceHeNa16.76
1,FeceGuXi150114.6
1,FFJLY75.54
1,FNXYCHL90.43
1,L1EFC230287_FXJCJ63_S170_L002.30
1,FSHXBX135hun.34
2,FBJ3.48
2,FGSYC92.29
2,FJSWXJ39.17
1,FSDLZ40.37
1,FSDJN33.32
1,FSCCD17.41
2,FGDLZ11_FDME220051913-1a.2
2,FBJ43.99
1,FHuNHHMY10.124
1,FeceHuNa150122.66
2,FGSZY29.78
1,FSDQZ6.2
1,FFJLY56_FDME220051237-1a.38
1,FGXGL47_FDME220052102-1a.19
2,FNXYCHL73.106
1,FJLHD36.8
1,FGDLZ48.42
1,FHuNHHMY83.59
1,FGSYC7.112
2,FXJCJ54.58
1,FHuNHHMY13.105
2,FSHXBX143.46
1,FZJTZ9.24
1,FNXYCHL57.60
1,FHuNHHMY20.44
1,FJXSRPY11.103
1,FAHWH28_FDME220050746-1a.70
2,FHuNHHMY6.104
1,FSCCD8hun.99
1,FYNLJ69.17
1,FFJLY5_FDME220051242-1a.80
2,FNXYCHL1.74
1,L1EFC230246_FHLJZD42_S89_L001.46
1,FJSWX91.37
2,FNMHLBE19.61
1,FGXGL67_FDME220052122-1a.9
2,FHNFQ18.67
2,FSXTY32.30
2,FQHXN5.45
1,FZJTZ58.47
1,FSHXBX132hun.66
1,FJXSRPYG14.55
1,FJLHD17.62
1,FYNLJ48.10
1,FJLHD22.57
1,FJSWXJ16.67
1,FeceGuXi15019.8
1,FFJLY58_FDME220051277-1a.73
1,FeceHeNa25.44
1,FGSYC9.37
1,FJSNT55.10
2,FSHXBX14.36
1,FSDQZ33.48
1,FGXGL77_FDME220052132-1a.17
1,FGXGL36_FDME220052091-1a.12
1,FJXSRPYG18.58
1,FJLHD30.21
2,FNXYCHL49.26
1,FSCCD3.110
1,FJXSRPYG3.48
1,FGZ3M_FDME220051970-1a.45
1,FSXLL9.81
1,FFJLY3_FDME220051240-1a.89
1,FHuNHHMY16.70
1,FJXSRPY53.69
1,FQHXN15.48
1,FNXYCHL87.77
1,FGXGL43_FDME220052098-1a.91
1,FSCDJY15.24
1,FGDLZ21.28
2,FZJHZD30.76
1,FJLHD34.98
1,FFJLY39_FDME220051268-1a.14
1,L1EFC230233_FHLJZD05_S78_L001.50
1,FNXYCHL16.111
1,FSXLVLS1.81
1,FFJLY23_FDME220051254-1a.52
1,FJXSRPY51.37
